# MATERIA - UP5_6
# Geometria originale di studio. Unita mm. Non CAD del produttore.
v 0.0000 514.8000 0.0000
v -162.6405 499.0583 0.0000
v -140.8508 499.0583 82.2769
v 0.0000 514.8000 0.0000
v -140.8508 499.0583 82.2769
v -81.3202 499.0583 142.5078
v 0.0000 514.8000 0.0000
v -81.3202 499.0583 142.5078
v -0.0000 499.0583 164.5539
v 0.0000 514.8000 0.0000
v -0.0000 499.0583 164.5539
v 81.3202 499.0583 142.5078
v 0.0000 514.8000 0.0000
v 81.3202 499.0583 142.5078
v 140.8508 499.0583 82.2769
v 0.0000 514.8000 0.0000
v 140.8508 499.0583 82.2769
v 162.6405 499.0583 0.0000
v 0.0000 514.8000 0.0000
v 162.6405 499.0583 0.0000
v 140.8508 499.0583 -82.2769
v 0.0000 514.8000 0.0000
v 140.8508 499.0583 -82.2769
v 81.3202 499.0583 -142.5078
v 0.0000 514.8000 0.0000
v 81.3202 499.0583 -142.5078
v 0.0000 499.0583 -164.5539
v 0.0000 514.8000 0.0000
v 0.0000 499.0583 -164.5539
v -81.3202 499.0583 -142.5078
v 0.0000 514.8000 0.0000
v -81.3202 499.0583 -142.5078
v -140.8508 499.0583 -82.2769
v 0.0000 514.8000 0.0000
v -140.8508 499.0583 -82.2769
v -162.6405 499.0583 -0.0000
v -140.8508 499.0583 82.2769
v -162.6405 499.0583 0.0000
v -260.2583 454.2297 152.0280
v -162.6405 499.0583 0.0000
v -300.5204 454.2297 0.0000
v -260.2583 454.2297 152.0280
v -81.3202 499.0583 142.5078
v -140.8508 499.0583 82.2769
v -150.2602 454.2297 263.3202
v -140.8508 499.0583 82.2769
v -260.2583 454.2297 152.0280
v -150.2602 454.2297 263.3202
v -0.0000 499.0583 164.5539
v -81.3202 499.0583 142.5078
v -0.0000 454.2297 304.0559
v -81.3202 499.0583 142.5078
v -150.2602 454.2297 263.3202
v -0.0000 454.2297 304.0559
v 81.3202 499.0583 142.5078
v -0.0000 499.0583 164.5539
v 150.2602 454.2297 263.3202
v -0.0000 499.0583 164.5539
v -0.0000 454.2297 304.0559
v 150.2602 454.2297 263.3202
v 140.8508 499.0583 82.2769
v 81.3202 499.0583 142.5078
v 260.2583 454.2297 152.0280
v 81.3202 499.0583 142.5078
v 150.2602 454.2297 263.3202
v 260.2583 454.2297 152.0280
v 162.6405 499.0583 0.0000
v 140.8508 499.0583 82.2769
v 300.5204 454.2297 0.0000
v 140.8508 499.0583 82.2769
v 260.2583 454.2297 152.0280
v 300.5204 454.2297 0.0000
v 140.8508 499.0583 -82.2769
v 162.6405 499.0583 0.0000
v 260.2583 454.2297 -152.0280
v 162.6405 499.0583 0.0000
v 300.5204 454.2297 0.0000
v 260.2583 454.2297 -152.0280
v 81.3202 499.0583 -142.5078
v 140.8508 499.0583 -82.2769
v 150.2602 454.2297 -263.3202
v 140.8508 499.0583 -82.2769
v 260.2583 454.2297 -152.0280
v 150.2602 454.2297 -263.3202
v 0.0000 499.0583 -164.5539
v 81.3202 499.0583 -142.5078
v 0.0000 454.2297 -304.0559
v 81.3202 499.0583 -142.5078
v 150.2602 454.2297 -263.3202
v 0.0000 454.2297 -304.0559
v -81.3202 499.0583 -142.5078
v 0.0000 499.0583 -164.5539
v -150.2602 454.2297 -263.3202
v 0.0000 499.0583 -164.5539
v 0.0000 454.2297 -304.0559
v -150.2602 454.2297 -263.3202
v -140.8508 499.0583 -82.2769
v -81.3202 499.0583 -142.5078
v -260.2583 454.2297 -152.0280
v -81.3202 499.0583 -142.5078
v -150.2602 454.2297 -263.3202
v -260.2583 454.2297 -152.0280
v -162.6405 499.0583 -0.0000
v -140.8508 499.0583 -82.2769
v -300.5204 454.2297 -0.0000
v -140.8508 499.0583 -82.2769
v -260.2583 454.2297 -152.0280
v -300.5204 454.2297 -0.0000
v -260.2583 454.2297 152.0280
v -300.5204 454.2297 0.0000
v -340.0438 387.1389 198.6341
v -300.5204 454.2297 0.0000
v -392.6488 387.1389 0.0000
v -340.0438 387.1389 198.6341
v -150.2602 454.2297 263.3202
v -260.2583 454.2297 152.0280
v -196.3244 387.1389 344.0443
v -260.2583 454.2297 152.0280
v -340.0438 387.1389 198.6341
v -196.3244 387.1389 344.0443
v -0.0000 454.2297 304.0559
v -150.2602 454.2297 263.3202
v -0.0000 387.1389 397.2682
v -150.2602 454.2297 263.3202
v -196.3244 387.1389 344.0443
v -0.0000 387.1389 397.2682
v 150.2602 454.2297 263.3202
v -0.0000 454.2297 304.0559
v 196.3244 387.1389 344.0443
v -0.0000 454.2297 304.0559
v -0.0000 387.1389 397.2682
v 196.3244 387.1389 344.0443
v 260.2583 454.2297 152.0280
v 150.2602 454.2297 263.3202
v 340.0438 387.1389 198.6341
v 150.2602 454.2297 263.3202
v 196.3244 387.1389 344.0443
v 340.0438 387.1389 198.6341
v 300.5204 454.2297 0.0000
v 260.2583 454.2297 152.0280
v 392.6488 387.1389 0.0000
v 260.2583 454.2297 152.0280
v 340.0438 387.1389 198.6341
v 392.6488 387.1389 0.0000
v 260.2583 454.2297 -152.0280
v 300.5204 454.2297 0.0000
v 340.0438 387.1389 -198.6341
v 300.5204 454.2297 0.0000
v 392.6488 387.1389 0.0000
v 340.0438 387.1389 -198.6341
v 150.2602 454.2297 -263.3202
v 260.2583 454.2297 -152.0280
v 196.3244 387.1389 -344.0443
v 260.2583 454.2297 -152.0280
v 340.0438 387.1389 -198.6341
v 196.3244 387.1389 -344.0443
v 0.0000 454.2297 -304.0559
v 150.2602 454.2297 -263.3202
v 0.0000 387.1389 -397.2682
v 150.2602 454.2297 -263.3202
v 196.3244 387.1389 -344.0443
v 0.0000 387.1389 -397.2682
v -150.2602 454.2297 -263.3202
v 0.0000 454.2297 -304.0559
v -196.3244 387.1389 -344.0443
v 0.0000 454.2297 -304.0559
v 0.0000 387.1389 -397.2682
v -196.3244 387.1389 -344.0443
v -260.2583 454.2297 -152.0280
v -150.2602 454.2297 -263.3202
v -340.0438 387.1389 -198.6341
v -150.2602 454.2297 -263.3202
v -196.3244 387.1389 -344.0443
v -340.0438 387.1389 -198.6341
v -300.5204 454.2297 -0.0000
v -260.2583 454.2297 -152.0280
v -392.6488 387.1389 -0.0000
v -260.2583 454.2297 -152.0280
v -340.0438 387.1389 -198.6341
v -392.6488 387.1389 -0.0000
v -340.0438 387.1389 198.6341
v -392.6488 387.1389 0.0000
v -368.0608 308.0000 215.0000
v -392.6488 387.1389 0.0000
v -425.0000 308.0000 0.0000
v -368.0608 308.0000 215.0000
v -196.3244 387.1389 344.0443
v -340.0438 387.1389 198.6341
v -212.5000 308.0000 372.3909
v -340.0438 387.1389 198.6341
v -368.0608 308.0000 215.0000
v -212.5000 308.0000 372.3909
v -0.0000 387.1389 397.2682
v -196.3244 387.1389 344.0443
v -0.0000 308.0000 430.0000
v -196.3244 387.1389 344.0443
v -212.5000 308.0000 372.3909
v -0.0000 308.0000 430.0000
v 196.3244 387.1389 344.0443
v -0.0000 387.1389 397.2682
v 212.5000 308.0000 372.3909
v -0.0000 387.1389 397.2682
v -0.0000 308.0000 430.0000
v 212.5000 308.0000 372.3909
v 340.0438 387.1389 198.6341
v 196.3244 387.1389 344.0443
v 368.0608 308.0000 215.0000
v 196.3244 387.1389 344.0443
v 212.5000 308.0000 372.3909
v 368.0608 308.0000 215.0000
v 392.6488 387.1389 0.0000
v 340.0438 387.1389 198.6341
v 425.0000 308.0000 0.0000
v 340.0438 387.1389 198.6341
v 368.0608 308.0000 215.0000
v 425.0000 308.0000 0.0000
v 340.0438 387.1389 -198.6341
v 392.6488 387.1389 0.0000
v 368.0608 308.0000 -215.0000
v 392.6488 387.1389 0.0000
v 425.0000 308.0000 0.0000
v 368.0608 308.0000 -215.0000
v 196.3244 387.1389 -344.0443
v 340.0438 387.1389 -198.6341
v 212.5000 308.0000 -372.3909
v 340.0438 387.1389 -198.6341
v 368.0608 308.0000 -215.0000
v 212.5000 308.0000 -372.3909
v 0.0000 387.1389 -397.2682
v 196.3244 387.1389 -344.0443
v 0.0000 308.0000 -430.0000
v 196.3244 387.1389 -344.0443
v 212.5000 308.0000 -372.3909
v 0.0000 308.0000 -430.0000
v -196.3244 387.1389 -344.0443
v 0.0000 387.1389 -397.2682
v -212.5000 308.0000 -372.3909
v 0.0000 387.1389 -397.2682
v 0.0000 308.0000 -430.0000
v -212.5000 308.0000 -372.3909
v -340.0438 387.1389 -198.6341
v -196.3244 387.1389 -344.0443
v -368.0608 308.0000 -215.0000
v -196.3244 387.1389 -344.0443
v -212.5000 308.0000 -372.3909
v -368.0608 308.0000 -215.0000
v -392.6488 387.1389 -0.0000
v -340.0438 387.1389 -198.6341
v -425.0000 308.0000 -0.0000
v -340.0438 387.1389 -198.6341
v -368.0608 308.0000 -215.0000
v -425.0000 308.0000 -0.0000
v -368.0608 308.0000 215.0000
v -425.0000 308.0000 0.0000
v -340.0438 228.8611 198.6341
v -425.0000 308.0000 0.0000
v -392.6488 228.8611 0.0000
v -340.0438 228.8611 198.6341
v -212.5000 308.0000 372.3909
v -368.0608 308.0000 215.0000
v -196.3244 228.8611 344.0443
v -368.0608 308.0000 215.0000
v -340.0438 228.8611 198.6341
v -196.3244 228.8611 344.0443
v -0.0000 308.0000 430.0000
v -212.5000 308.0000 372.3909
v -0.0000 228.8611 397.2682
v -212.5000 308.0000 372.3909
v -196.3244 228.8611 344.0443
v -0.0000 228.8611 397.2682
v 212.5000 308.0000 372.3909
v -0.0000 308.0000 430.0000
v 196.3244 228.8611 344.0443
v -0.0000 308.0000 430.0000
v -0.0000 228.8611 397.2682
v 196.3244 228.8611 344.0443
v 368.0608 308.0000 215.0000
v 212.5000 308.0000 372.3909
v 340.0438 228.8611 198.6341
v 212.5000 308.0000 372.3909
v 196.3244 228.8611 344.0443
v 340.0438 228.8611 198.6341
v 425.0000 308.0000 0.0000
v 368.0608 308.0000 215.0000
v 392.6488 228.8611 0.0000
v 368.0608 308.0000 215.0000
v 340.0438 228.8611 198.6341
v 392.6488 228.8611 0.0000
v 368.0608 308.0000 -215.0000
v 425.0000 308.0000 0.0000
v 340.0438 228.8611 -198.6341
v 425.0000 308.0000 0.0000
v 392.6488 228.8611 0.0000
v 340.0438 228.8611 -198.6341
v 212.5000 308.0000 -372.3909
v 368.0608 308.0000 -215.0000
v 196.3244 228.8611 -344.0443
v 368.0608 308.0000 -215.0000
v 340.0438 228.8611 -198.6341
v 196.3244 228.8611 -344.0443
v 0.0000 308.0000 -430.0000
v 212.5000 308.0000 -372.3909
v 0.0000 228.8611 -397.2682
v 212.5000 308.0000 -372.3909
v 196.3244 228.8611 -344.0443
v 0.0000 228.8611 -397.2682
v -212.5000 308.0000 -372.3909
v 0.0000 308.0000 -430.0000
v -196.3244 228.8611 -344.0443
v 0.0000 308.0000 -430.0000
v 0.0000 228.8611 -397.2682
v -196.3244 228.8611 -344.0443
v -368.0608 308.0000 -215.0000
v -212.5000 308.0000 -372.3909
v -340.0438 228.8611 -198.6341
v -212.5000 308.0000 -372.3909
v -196.3244 228.8611 -344.0443
v -340.0438 228.8611 -198.6341
v -425.0000 308.0000 -0.0000
v -368.0608 308.0000 -215.0000
v -392.6488 228.8611 -0.0000
v -368.0608 308.0000 -215.0000
v -340.0438 228.8611 -198.6341
v -392.6488 228.8611 -0.0000
v -340.0438 228.8611 198.6341
v -392.6488 228.8611 0.0000
v -260.2583 161.7703 152.0280
v -392.6488 228.8611 0.0000
v -300.5204 161.7703 0.0000
v -260.2583 161.7703 152.0280
v -196.3244 228.8611 344.0443
v -340.0438 228.8611 198.6341
v -150.2602 161.7703 263.3202
v -340.0438 228.8611 198.6341
v -260.2583 161.7703 152.0280
v -150.2602 161.7703 263.3202
v -0.0000 228.8611 397.2682
v -196.3244 228.8611 344.0443
v -0.0000 161.7703 304.0559
v -196.3244 228.8611 344.0443
v -150.2602 161.7703 263.3202
v -0.0000 161.7703 304.0559
v 196.3244 228.8611 344.0443
v -0.0000 228.8611 397.2682
v 150.2602 161.7703 263.3202
v -0.0000 228.8611 397.2682
v -0.0000 161.7703 304.0559
v 150.2602 161.7703 263.3202
v 340.0438 228.8611 198.6341
v 196.3244 228.8611 344.0443
v 260.2583 161.7703 152.0280
v 196.3244 228.8611 344.0443
v 150.2602 161.7703 263.3202
v 260.2583 161.7703 152.0280
v 392.6488 228.8611 0.0000
v 340.0438 228.8611 198.6341
v 300.5204 161.7703 0.0000
v 340.0438 228.8611 198.6341
v 260.2583 161.7703 152.0280
v 300.5204 161.7703 0.0000
v 340.0438 228.8611 -198.6341
v 392.6488 228.8611 0.0000
v 260.2583 161.7703 -152.0280
v 392.6488 228.8611 0.0000
v 300.5204 161.7703 0.0000
v 260.2583 161.7703 -152.0280
v 196.3244 228.8611 -344.0443
v 340.0438 228.8611 -198.6341
v 150.2602 161.7703 -263.3202
v 340.0438 228.8611 -198.6341
v 260.2583 161.7703 -152.0280
v 150.2602 161.7703 -263.3202
v 0.0000 228.8611 -397.2682
v 196.3244 228.8611 -344.0443
v 0.0000 161.7703 -304.0559
v 196.3244 228.8611 -344.0443
v 150.2602 161.7703 -263.3202
v 0.0000 161.7703 -304.0559
v -196.3244 228.8611 -344.0443
v 0.0000 228.8611 -397.2682
v -150.2602 161.7703 -263.3202
v 0.0000 228.8611 -397.2682
v 0.0000 161.7703 -304.0559
v -150.2602 161.7703 -263.3202
v -340.0438 228.8611 -198.6341
v -196.3244 228.8611 -344.0443
v -260.2583 161.7703 -152.0280
v -196.3244 228.8611 -344.0443
v -150.2602 161.7703 -263.3202
v -260.2583 161.7703 -152.0280
v -392.6488 228.8611 -0.0000
v -340.0438 228.8611 -198.6341
v -300.5204 161.7703 -0.0000
v -340.0438 228.8611 -198.6341
v -260.2583 161.7703 -152.0280
v -300.5204 161.7703 -0.0000
v -260.2583 161.7703 152.0280
v -300.5204 161.7703 0.0000
v -140.8508 116.9417 82.2769
v -300.5204 161.7703 0.0000
v -162.6405 116.9417 0.0000
v -140.8508 116.9417 82.2769
v -150.2602 161.7703 263.3202
v -260.2583 161.7703 152.0280
v -81.3202 116.9417 142.5078
v -260.2583 161.7703 152.0280
v -140.8508 116.9417 82.2769
v -81.3202 116.9417 142.5078
v -0.0000 161.7703 304.0559
v -150.2602 161.7703 263.3202
v -0.0000 116.9417 164.5539
v -150.2602 161.7703 263.3202
v -81.3202 116.9417 142.5078
v -0.0000 116.9417 164.5539
v 150.2602 161.7703 263.3202
v -0.0000 161.7703 304.0559
v 81.3202 116.9417 142.5078
v -0.0000 161.7703 304.0559
v -0.0000 116.9417 164.5539
v 81.3202 116.9417 142.5078
v 260.2583 161.7703 152.0280
v 150.2602 161.7703 263.3202
v 140.8508 116.9417 82.2769
v 150.2602 161.7703 263.3202
v 81.3202 116.9417 142.5078
v 140.8508 116.9417 82.2769
v 300.5204 161.7703 0.0000
v 260.2583 161.7703 152.0280
v 162.6405 116.9417 0.0000
v 260.2583 161.7703 152.0280
v 140.8508 116.9417 82.2769
v 162.6405 116.9417 0.0000
v 260.2583 161.7703 -152.0280
v 300.5204 161.7703 0.0000
v 140.8508 116.9417 -82.2769
v 300.5204 161.7703 0.0000
v 162.6405 116.9417 0.0000
v 140.8508 116.9417 -82.2769
v 150.2602 161.7703 -263.3202
v 260.2583 161.7703 -152.0280
v 81.3202 116.9417 -142.5078
v 260.2583 161.7703 -152.0280
v 140.8508 116.9417 -82.2769
v 81.3202 116.9417 -142.5078
v 0.0000 161.7703 -304.0559
v 150.2602 161.7703 -263.3202
v 0.0000 116.9417 -164.5539
v 150.2602 161.7703 -263.3202
v 81.3202 116.9417 -142.5078
v 0.0000 116.9417 -164.5539
v -150.2602 161.7703 -263.3202
v 0.0000 161.7703 -304.0559
v -81.3202 116.9417 -142.5078
v 0.0000 161.7703 -304.0559
v 0.0000 116.9417 -164.5539
v -81.3202 116.9417 -142.5078
v -260.2583 161.7703 -152.0280
v -150.2602 161.7703 -263.3202
v -140.8508 116.9417 -82.2769
v -150.2602 161.7703 -263.3202
v -81.3202 116.9417 -142.5078
v -140.8508 116.9417 -82.2769
v -300.5204 161.7703 -0.0000
v -260.2583 161.7703 -152.0280
v -162.6405 116.9417 -0.0000
v -260.2583 161.7703 -152.0280
v -140.8508 116.9417 -82.2769
v -162.6405 116.9417 -0.0000
v -140.8508 116.9417 82.2769
v -162.6405 116.9417 0.0000
v -0.0000 101.2000 0.0000
v -81.3202 116.9417 142.5078
v -140.8508 116.9417 82.2769
v -0.0000 101.2000 0.0000
v -0.0000 116.9417 164.5539
v -81.3202 116.9417 142.5078
v -0.0000 101.2000 0.0000
v 81.3202 116.9417 142.5078
v -0.0000 116.9417 164.5539
v 0.0000 101.2000 0.0000
v 140.8508 116.9417 82.2769
v 81.3202 116.9417 142.5078
v 0.0000 101.2000 0.0000
v 162.6405 116.9417 0.0000
v 140.8508 116.9417 82.2769
v 0.0000 101.2000 0.0000
v 140.8508 116.9417 -82.2769
v 162.6405 116.9417 0.0000
v 0.0000 101.2000 -0.0000
v 81.3202 116.9417 -142.5078
v 140.8508 116.9417 -82.2769
v 0.0000 101.2000 -0.0000
v 0.0000 116.9417 -164.5539
v 81.3202 116.9417 -142.5078
v 0.0000 101.2000 -0.0000
v -81.3202 116.9417 -142.5078
v 0.0000 116.9417 -164.5539
v -0.0000 101.2000 -0.0000
v -140.8508 116.9417 -82.2769
v -81.3202 116.9417 -142.5078
v -0.0000 101.2000 -0.0000
v -162.6405 116.9417 -0.0000
v -140.8508 116.9417 -82.2769
v -0.0000 101.2000 -0.0000
v 0.0000 875.6000 172.0000
v -134.9916 855.8391 172.0000
v -116.9061 855.8391 213.1385
v 0.0000 875.6000 172.0000
v -116.9061 855.8391 213.1385
v -67.4958 855.8391 243.2539
v 0.0000 875.6000 172.0000
v -67.4958 855.8391 243.2539
v -0.0000 855.8391 254.2769
v 0.0000 875.6000 172.0000
v -0.0000 855.8391 254.2769
v 67.4958 855.8391 243.2539
v 0.0000 875.6000 172.0000
v 67.4958 855.8391 243.2539
v 116.9061 855.8391 213.1385
v 0.0000 875.6000 172.0000
v 116.9061 855.8391 213.1385
v 134.9916 855.8391 172.0000
v 0.0000 875.6000 172.0000
v 134.9916 855.8391 172.0000
v 116.9061 855.8391 130.8615
v 0.0000 875.6000 172.0000
v 116.9061 855.8391 130.8615
v 67.4958 855.8391 100.7461
v 0.0000 875.6000 172.0000
v 67.4958 855.8391 100.7461
v 0.0000 855.8391 89.7231
v 0.0000 875.6000 172.0000
v 0.0000 855.8391 89.7231
v -67.4958 855.8391 100.7461
v 0.0000 875.6000 172.0000
v -67.4958 855.8391 100.7461
v -116.9061 855.8391 130.8615
v 0.0000 875.6000 172.0000
v -116.9061 855.8391 130.8615
v -134.9916 855.8391 172.0000
v -116.9061 855.8391 213.1385
v -134.9916 855.8391 172.0000
v -216.0144 799.5649 248.0140
v -134.9916 855.8391 172.0000
v -249.4319 799.5649 172.0000
v -216.0144 799.5649 248.0140
v -67.4958 855.8391 243.2539
v -116.9061 855.8391 213.1385
v -124.7160 799.5649 303.6601
v -116.9061 855.8391 213.1385
v -216.0144 799.5649 248.0140
v -124.7160 799.5649 303.6601
v -0.0000 855.8391 254.2769
v -67.4958 855.8391 243.2539
v -0.0000 799.5649 324.0280
v -67.4958 855.8391 243.2539
v -124.7160 799.5649 303.6601
v -0.0000 799.5649 324.0280
v 67.4958 855.8391 243.2539
v -0.0000 855.8391 254.2769
v 124.7160 799.5649 303.6601
v -0.0000 855.8391 254.2769
v -0.0000 799.5649 324.0280
v 124.7160 799.5649 303.6601
v 116.9061 855.8391 213.1385
v 67.4958 855.8391 243.2539
v 216.0144 799.5649 248.0140
v 67.4958 855.8391 243.2539
v 124.7160 799.5649 303.6601
v 216.0144 799.5649 248.0140
v 134.9916 855.8391 172.0000
v 116.9061 855.8391 213.1385
v 249.4319 799.5649 172.0000
v 116.9061 855.8391 213.1385
v 216.0144 799.5649 248.0140
v 249.4319 799.5649 172.0000
v 116.9061 855.8391 130.8615
v 134.9916 855.8391 172.0000
v 216.0144 799.5649 95.9860
v 134.9916 855.8391 172.0000
v 249.4319 799.5649 172.0000
v 216.0144 799.5649 95.9860
v 67.4958 855.8391 100.7461
v 116.9061 855.8391 130.8615
v 124.7160 799.5649 40.3399
v 116.9061 855.8391 130.8615
v 216.0144 799.5649 95.9860
v 124.7160 799.5649 40.3399
v 0.0000 855.8391 89.7231
v 67.4958 855.8391 100.7461
v 0.0000 799.5649 19.9720
v 67.4958 855.8391 100.7461
v 124.7160 799.5649 40.3399
v 0.0000 799.5649 19.9720
v -67.4958 855.8391 100.7461
v 0.0000 855.8391 89.7231
v -124.7160 799.5649 40.3399
v 0.0000 855.8391 89.7231
v 0.0000 799.5649 19.9720
v -124.7160 799.5649 40.3399
v -116.9061 855.8391 130.8615
v -67.4958 855.8391 100.7461
v -216.0144 799.5649 95.9860
v -67.4958 855.8391 100.7461
v -124.7160 799.5649 40.3399
v -216.0144 799.5649 95.9860
v -134.9916 855.8391 172.0000
v -116.9061 855.8391 130.8615
v -249.4319 799.5649 172.0000
v -116.9061 855.8391 130.8615
v -216.0144 799.5649 95.9860
v -249.4319 799.5649 172.0000
v -216.0144 799.5649 248.0140
v -249.4319 799.5649 172.0000
v -282.2364 715.3446 271.3170
v -249.4319 799.5649 172.0000
v -325.8985 715.3446 172.0000
v -282.2364 715.3446 271.3170
v -124.7160 799.5649 303.6601
v -216.0144 799.5649 248.0140
v -162.9492 715.3446 344.0222
v -216.0144 799.5649 248.0140
v -282.2364 715.3446 271.3170
v -162.9492 715.3446 344.0222
v -0.0000 799.5649 324.0280
v -124.7160 799.5649 303.6601
v -0.0000 715.3446 370.6341
v -124.7160 799.5649 303.6601
v -162.9492 715.3446 344.0222
v -0.0000 715.3446 370.6341
v 124.7160 799.5649 303.6601
v -0.0000 799.5649 324.0280
v 162.9492 715.3446 344.0222
v -0.0000 799.5649 324.0280
v -0.0000 715.3446 370.6341
v 162.9492 715.3446 344.0222
v 216.0144 799.5649 248.0140
v 124.7160 799.5649 303.6601
v 282.2364 715.3446 271.3170
v 124.7160 799.5649 303.6601
v 162.9492 715.3446 344.0222
v 282.2364 715.3446 271.3170
v 249.4319 799.5649 172.0000
v 216.0144 799.5649 248.0140
v 325.8985 715.3446 172.0000
v 216.0144 799.5649 248.0140
v 282.2364 715.3446 271.3170
v 325.8985 715.3446 172.0000
v 216.0144 799.5649 95.9860
v 249.4319 799.5649 172.0000
v 282.2364 715.3446 72.6830
v 249.4319 799.5649 172.0000
v 325.8985 715.3446 172.0000
v 282.2364 715.3446 72.6830
v 124.7160 799.5649 40.3399
v 216.0144 799.5649 95.9860
v 162.9492 715.3446 -0.0222
v 216.0144 799.5649 95.9860
v 282.2364 715.3446 72.6830
v 162.9492 715.3446 -0.0222
v 0.0000 799.5649 19.9720
v 124.7160 799.5649 40.3399
v 0.0000 715.3446 -26.6341
v 124.7160 799.5649 40.3399
v 162.9492 715.3446 -0.0222
v 0.0000 715.3446 -26.6341
v -124.7160 799.5649 40.3399
v 0.0000 799.5649 19.9720
v -162.9492 715.3446 -0.0222
v 0.0000 799.5649 19.9720
v 0.0000 715.3446 -26.6341
v -162.9492 715.3446 -0.0222
v -216.0144 799.5649 95.9860
v -124.7160 799.5649 40.3399
v -282.2364 715.3446 72.6830
v -124.7160 799.5649 40.3399
v -162.9492 715.3446 -0.0222
v -282.2364 715.3446 72.6830
v -249.4319 799.5649 172.0000
v -216.0144 799.5649 95.9860
v -325.8985 715.3446 172.0000
v -216.0144 799.5649 95.9860
v -282.2364 715.3446 72.6830
v -325.8985 715.3446 172.0000
v -282.2364 715.3446 271.3170
v -325.8985 715.3446 172.0000
v -305.4905 616.0000 279.5000
v -325.8985 715.3446 172.0000
v -352.7500 616.0000 172.0000
v -305.4905 616.0000 279.5000
v -162.9492 715.3446 344.0222
v -282.2364 715.3446 271.3170
v -176.3750 616.0000 358.1955
v -282.2364 715.3446 271.3170
v -305.4905 616.0000 279.5000
v -176.3750 616.0000 358.1955
v -0.0000 715.3446 370.6341
v -162.9492 715.3446 344.0222
v -0.0000 616.0000 387.0000
v -162.9492 715.3446 344.0222
v -176.3750 616.0000 358.1955
v -0.0000 616.0000 387.0000
v 162.9492 715.3446 344.0222
v -0.0000 715.3446 370.6341
v 176.3750 616.0000 358.1955
v -0.0000 715.3446 370.6341
v -0.0000 616.0000 387.0000
v 176.3750 616.0000 358.1955
v 282.2364 715.3446 271.3170
v 162.9492 715.3446 344.0222
v 305.4905 616.0000 279.5000
v 162.9492 715.3446 344.0222
v 176.3750 616.0000 358.1955
v 305.4905 616.0000 279.5000
v 325.8985 715.3446 172.0000
v 282.2364 715.3446 271.3170
v 352.7500 616.0000 172.0000
v 282.2364 715.3446 271.3170
v 305.4905 616.0000 279.5000
v 352.7500 616.0000 172.0000
v 282.2364 715.3446 72.6830
v 325.8985 715.3446 172.0000
v 305.4905 616.0000 64.5000
v 325.8985 715.3446 172.0000
v 352.7500 616.0000 172.0000
v 305.4905 616.0000 64.5000
v 162.9492 715.3446 -0.0222
v 282.2364 715.3446 72.6830
v 176.3750 616.0000 -14.1955
v 282.2364 715.3446 72.6830
v 305.4905 616.0000 64.5000
v 176.3750 616.0000 -14.1955
v 0.0000 715.3446 -26.6341
v 162.9492 715.3446 -0.0222
v 0.0000 616.0000 -43.0000
v 162.9492 715.3446 -0.0222
v 176.3750 616.0000 -14.1955
v 0.0000 616.0000 -43.0000
v -162.9492 715.3446 -0.0222
v 0.0000 715.3446 -26.6341
v -176.3750 616.0000 -14.1955
v 0.0000 715.3446 -26.6341
v 0.0000 616.0000 -43.0000
v -176.3750 616.0000 -14.1955
v -282.2364 715.3446 72.6830
v -162.9492 715.3446 -0.0222
v -305.4905 616.0000 64.5000
v -162.9492 715.3446 -0.0222
v -176.3750 616.0000 -14.1955
v -305.4905 616.0000 64.5000
v -325.8985 715.3446 172.0000
v -282.2364 715.3446 72.6830
v -352.7500 616.0000 172.0000
v -282.2364 715.3446 72.6830
v -305.4905 616.0000 64.5000
v -352.7500 616.0000 172.0000
v -305.4905 616.0000 279.5000
v -352.7500 616.0000 172.0000
v -282.2364 516.6554 271.3170
v -352.7500 616.0000 172.0000
v -325.8985 516.6554 172.0000
v -282.2364 516.6554 271.3170
v -176.3750 616.0000 358.1955
v -305.4905 616.0000 279.5000
v -162.9492 516.6554 344.0222
v -305.4905 616.0000 279.5000
v -282.2364 516.6554 271.3170
v -162.9492 516.6554 344.0222
v -0.0000 616.0000 387.0000
v -176.3750 616.0000 358.1955
v -0.0000 516.6554 370.6341
v -176.3750 616.0000 358.1955
v -162.9492 516.6554 344.0222
v -0.0000 516.6554 370.6341
v 176.3750 616.0000 358.1955
v -0.0000 616.0000 387.0000
v 162.9492 516.6554 344.0222
v -0.0000 616.0000 387.0000
v -0.0000 516.6554 370.6341
v 162.9492 516.6554 344.0222
v 305.4905 616.0000 279.5000
v 176.3750 616.0000 358.1955
v 282.2364 516.6554 271.3170
v 176.3750 616.0000 358.1955
v 162.9492 516.6554 344.0222
v 282.2364 516.6554 271.3170
v 352.7500 616.0000 172.0000
v 305.4905 616.0000 279.5000
v 325.8985 516.6554 172.0000
v 305.4905 616.0000 279.5000
v 282.2364 516.6554 271.3170
v 325.8985 516.6554 172.0000
v 305.4905 616.0000 64.5000
v 352.7500 616.0000 172.0000
v 282.2364 516.6554 72.6830
v 352.7500 616.0000 172.0000
v 325.8985 516.6554 172.0000
v 282.2364 516.6554 72.6830
v 176.3750 616.0000 -14.1955
v 305.4905 616.0000 64.5000
v 162.9492 516.6554 -0.0222
v 305.4905 616.0000 64.5000
v 282.2364 516.6554 72.6830
v 162.9492 516.6554 -0.0222
v 0.0000 616.0000 -43.0000
v 176.3750 616.0000 -14.1955
v 0.0000 516.6554 -26.6341
v 176.3750 616.0000 -14.1955
v 162.9492 516.6554 -0.0222
v 0.0000 516.6554 -26.6341
v -176.3750 616.0000 -14.1955
v 0.0000 616.0000 -43.0000
v -162.9492 516.6554 -0.0222
v 0.0000 616.0000 -43.0000
v 0.0000 516.6554 -26.6341
v -162.9492 516.6554 -0.0222
v -305.4905 616.0000 64.5000
v -176.3750 616.0000 -14.1955
v -282.2364 516.6554 72.6830
v -176.3750 616.0000 -14.1955
v -162.9492 516.6554 -0.0222
v -282.2364 516.6554 72.6830
v -352.7500 616.0000 172.0000
v -305.4905 616.0000 64.5000
v -325.8985 516.6554 172.0000
v -305.4905 616.0000 64.5000
v -282.2364 516.6554 72.6830
v -325.8985 516.6554 172.0000
v -282.2364 516.6554 271.3170
v -325.8985 516.6554 172.0000
v -216.0144 432.4351 248.0140
v -325.8985 516.6554 172.0000
v -249.4319 432.4351 172.0000
v -216.0144 432.4351 248.0140
v -162.9492 516.6554 344.0222
v -282.2364 516.6554 271.3170
v -124.7160 432.4351 303.6601
v -282.2364 516.6554 271.3170
v -216.0144 432.4351 248.0140
v -124.7160 432.4351 303.6601
v -0.0000 516.6554 370.6341
v -162.9492 516.6554 344.0222
v -0.0000 432.4351 324.0280
v -162.9492 516.6554 344.0222
v -124.7160 432.4351 303.6601
v -0.0000 432.4351 324.0280
v 162.9492 516.6554 344.0222
v -0.0000 516.6554 370.6341
v 124.7160 432.4351 303.6601
v -0.0000 516.6554 370.6341
v -0.0000 432.4351 324.0280
v 124.7160 432.4351 303.6601
v 282.2364 516.6554 271.3170
v 162.9492 516.6554 344.0222
v 216.0144 432.4351 248.0140
v 162.9492 516.6554 344.0222
v 124.7160 432.4351 303.6601
v 216.0144 432.4351 248.0140
v 325.8985 516.6554 172.0000
v 282.2364 516.6554 271.3170
v 249.4319 432.4351 172.0000
v 282.2364 516.6554 271.3170
v 216.0144 432.4351 248.0140
v 249.4319 432.4351 172.0000
v 282.2364 516.6554 72.6830
v 325.8985 516.6554 172.0000
v 216.0144 432.4351 95.9860
v 325.8985 516.6554 172.0000
v 249.4319 432.4351 172.0000
v 216.0144 432.4351 95.9860
v 162.9492 516.6554 -0.0222
v 282.2364 516.6554 72.6830
v 124.7160 432.4351 40.3399
v 282.2364 516.6554 72.6830
v 216.0144 432.4351 95.9860
v 124.7160 432.4351 40.3399
v 0.0000 516.6554 -26.6341
v 162.9492 516.6554 -0.0222
v 0.0000 432.4351 19.9720
v 162.9492 516.6554 -0.0222
v 124.7160 432.4351 40.3399
v 0.0000 432.4351 19.9720
v -162.9492 516.6554 -0.0222
v 0.0000 516.6554 -26.6341
v -124.7160 432.4351 40.3399
v 0.0000 516.6554 -26.6341
v 0.0000 432.4351 19.9720
v -124.7160 432.4351 40.3399
v -282.2364 516.6554 72.6830
v -162.9492 516.6554 -0.0222
v -216.0144 432.4351 95.9860
v -162.9492 516.6554 -0.0222
v -124.7160 432.4351 40.3399
v -216.0144 432.4351 95.9860
v -325.8985 516.6554 172.0000
v -282.2364 516.6554 72.6830
v -249.4319 432.4351 172.0000
v -282.2364 516.6554 72.6830
v -216.0144 432.4351 95.9860
v -249.4319 432.4351 172.0000
v -216.0144 432.4351 248.0140
v -249.4319 432.4351 172.0000
v -116.9061 376.1609 213.1385
v -249.4319 432.4351 172.0000
v -134.9916 376.1609 172.0000
v -116.9061 376.1609 213.1385
v -124.7160 432.4351 303.6601
v -216.0144 432.4351 248.0140
v -67.4958 376.1609 243.2539
v -216.0144 432.4351 248.0140
v -116.9061 376.1609 213.1385
v -67.4958 376.1609 243.2539
v -0.0000 432.4351 324.0280
v -124.7160 432.4351 303.6601
v -0.0000 376.1609 254.2769
v -124.7160 432.4351 303.6601
v -67.4958 376.1609 243.2539
v -0.0000 376.1609 254.2769
v 124.7160 432.4351 303.6601
v -0.0000 432.4351 324.0280
v 67.4958 376.1609 243.2539
v -0.0000 432.4351 324.0280
v -0.0000 376.1609 254.2769
v 67.4958 376.1609 243.2539
v 216.0144 432.4351 248.0140
v 124.7160 432.4351 303.6601
v 116.9061 376.1609 213.1385
v 124.7160 432.4351 303.6601
v 67.4958 376.1609 243.2539
v 116.9061 376.1609 213.1385
v 249.4319 432.4351 172.0000
v 216.0144 432.4351 248.0140
v 134.9916 376.1609 172.0000
v 216.0144 432.4351 248.0140
v 116.9061 376.1609 213.1385
v 134.9916 376.1609 172.0000
v 216.0144 432.4351 95.9860
v 249.4319 432.4351 172.0000
v 116.9061 376.1609 130.8615
v 249.4319 432.4351 172.0000
v 134.9916 376.1609 172.0000
v 116.9061 376.1609 130.8615
v 124.7160 432.4351 40.3399
v 216.0144 432.4351 95.9860
v 67.4958 376.1609 100.7461
v 216.0144 432.4351 95.9860
v 116.9061 376.1609 130.8615
v 67.4958 376.1609 100.7461
v 0.0000 432.4351 19.9720
v 124.7160 432.4351 40.3399
v 0.0000 376.1609 89.7231
v 124.7160 432.4351 40.3399
v 67.4958 376.1609 100.7461
v 0.0000 376.1609 89.7231
v -124.7160 432.4351 40.3399
v 0.0000 432.4351 19.9720
v -67.4958 376.1609 100.7461
v 0.0000 432.4351 19.9720
v 0.0000 376.1609 89.7231
v -67.4958 376.1609 100.7461
v -216.0144 432.4351 95.9860
v -124.7160 432.4351 40.3399
v -116.9061 376.1609 130.8615
v -124.7160 432.4351 40.3399
v -67.4958 376.1609 100.7461
v -116.9061 376.1609 130.8615
v -249.4319 432.4351 172.0000
v -216.0144 432.4351 95.9860
v -134.9916 376.1609 172.0000
v -216.0144 432.4351 95.9860
v -116.9061 376.1609 130.8615
v -134.9916 376.1609 172.0000
v -116.9061 376.1609 213.1385
v -134.9916 376.1609 172.0000
v -0.0000 356.4000 172.0000
v -67.4958 376.1609 243.2539
v -116.9061 376.1609 213.1385
v -0.0000 356.4000 172.0000
v -0.0000 376.1609 254.2769
v -67.4958 376.1609 243.2539
v -0.0000 356.4000 172.0000
v 67.4958 376.1609 243.2539
v -0.0000 376.1609 254.2769
v 0.0000 356.4000 172.0000
v 116.9061 376.1609 213.1385
v 67.4958 376.1609 243.2539
v 0.0000 356.4000 172.0000
v 134.9916 376.1609 172.0000
v 116.9061 376.1609 213.1385
v 0.0000 356.4000 172.0000
v 116.9061 376.1609 130.8615
v 134.9916 376.1609 172.0000
v 0.0000 356.4000 172.0000
v 67.4958 376.1609 100.7461
v 116.9061 376.1609 130.8615
v 0.0000 356.4000 172.0000
v 0.0000 376.1609 89.7231
v 67.4958 376.1609 100.7461
v 0.0000 356.4000 172.0000
v -67.4958 376.1609 100.7461
v 0.0000 376.1609 89.7231
v -0.0000 356.4000 172.0000
v -116.9061 376.1609 130.8615
v -67.4958 376.1609 100.7461
v -0.0000 356.4000 172.0000
v -134.9916 376.1609 172.0000
v -116.9061 376.1609 130.8615
v -0.0000 356.4000 172.0000
v -297.5000 673.2000 -103.2000
v -346.2921 658.1281 -103.2000
v -339.7552 658.1281 -50.5428
v -297.5000 673.2000 -103.2000
v -339.7552 658.1281 -50.5428
v -321.8961 658.1281 -11.9950
v -297.5000 673.2000 -103.2000
v -321.8961 658.1281 -11.9950
v -297.5000 658.1281 2.1145
v -297.5000 673.2000 -103.2000
v -297.5000 658.1281 2.1145
v -273.1039 658.1281 -11.9950
v -297.5000 673.2000 -103.2000
v -273.1039 658.1281 -11.9950
v -255.2448 658.1281 -50.5428
v -297.5000 673.2000 -103.2000
v -255.2448 658.1281 -50.5428
v -248.7079 658.1281 -103.2000
v -297.5000 673.2000 -103.2000
v -248.7079 658.1281 -103.2000
v -255.2448 658.1281 -155.8572
v -297.5000 673.2000 -103.2000
v -255.2448 658.1281 -155.8572
v -273.1039 658.1281 -194.4050
v -297.5000 673.2000 -103.2000
v -273.1039 658.1281 -194.4050
v -297.5000 658.1281 -208.5145
v -297.5000 673.2000 -103.2000
v -297.5000 658.1281 -208.5145
v -321.8961 658.1281 -194.4050
v -297.5000 673.2000 -103.2000
v -321.8961 658.1281 -194.4050
v -339.7552 658.1281 -155.8572
v -297.5000 673.2000 -103.2000
v -339.7552 658.1281 -155.8572
v -346.2921 658.1281 -103.2000
v -339.7552 658.1281 -50.5428
v -346.2921 658.1281 -103.2000
v -375.5775 615.2071 -5.9021
v -346.2921 658.1281 -103.2000
v -387.6561 615.2071 -103.2000
v -375.5775 615.2071 -5.9021
v -321.8961 658.1281 -11.9950
v -339.7552 658.1281 -50.5428
v -342.5781 615.2071 65.3249
v -339.7552 658.1281 -50.5428
v -375.5775 615.2071 -5.9021
v -342.5781 615.2071 65.3249
v -297.5000 658.1281 2.1145
v -321.8961 658.1281 -11.9950
v -297.5000 615.2071 91.3958
v -321.8961 658.1281 -11.9950
v -342.5781 615.2071 65.3249
v -297.5000 615.2071 91.3958
v -273.1039 658.1281 -11.9950
v -297.5000 658.1281 2.1145
v -252.4219 615.2071 65.3249
v -297.5000 658.1281 2.1145
v -297.5000 615.2071 91.3958
v -252.4219 615.2071 65.3249
v -255.2448 658.1281 -50.5428
v -273.1039 658.1281 -11.9950
v -219.4225 615.2071 -5.9021
v -273.1039 658.1281 -11.9950
v -252.4219 615.2071 65.3249
v -219.4225 615.2071 -5.9021
v -248.7079 658.1281 -103.2000
v -255.2448 658.1281 -50.5428
v -207.3439 615.2071 -103.2000
v -255.2448 658.1281 -50.5428
v -219.4225 615.2071 -5.9021
v -207.3439 615.2071 -103.2000
v -255.2448 658.1281 -155.8572
v -248.7079 658.1281 -103.2000
v -219.4225 615.2071 -200.4979
v -248.7079 658.1281 -103.2000
v -207.3439 615.2071 -103.2000
v -219.4225 615.2071 -200.4979
v -273.1039 658.1281 -194.4050
v -255.2448 658.1281 -155.8572
v -252.4219 615.2071 -271.7249
v -255.2448 658.1281 -155.8572
v -219.4225 615.2071 -200.4979
v -252.4219 615.2071 -271.7249
v -297.5000 658.1281 -208.5145
v -273.1039 658.1281 -194.4050
v -297.5000 615.2071 -297.7958
v -273.1039 658.1281 -194.4050
v -252.4219 615.2071 -271.7249
v -297.5000 615.2071 -297.7958
v -321.8961 658.1281 -194.4050
v -297.5000 658.1281 -208.5145
v -342.5781 615.2071 -271.7249
v -297.5000 658.1281 -208.5145
v -297.5000 615.2071 -297.7958
v -342.5781 615.2071 -271.7249
v -339.7552 658.1281 -155.8572
v -321.8961 658.1281 -194.4050
v -375.5775 615.2071 -200.4979
v -321.8961 658.1281 -194.4050
v -342.5781 615.2071 -271.7249
v -375.5775 615.2071 -200.4979
v -346.2921 658.1281 -103.2000
v -339.7552 658.1281 -155.8572
v -387.6561 615.2071 -103.2000
v -339.7552 658.1281 -155.8572
v -375.5775 615.2071 -200.4979
v -387.6561 615.2071 -103.2000
v -375.5775 615.2071 -5.9021
v -387.6561 615.2071 -103.2000
v -399.5131 550.9713 23.9258
v -387.6561 615.2071 -103.2000
v -415.2946 550.9713 -103.2000
v -399.5131 550.9713 23.9258
v -342.5781 615.2071 65.3249
v -375.5775 615.2071 -5.9021
v -356.3973 550.9713 116.9884
v -375.5775 615.2071 -5.9021
v -399.5131 550.9713 23.9258
v -356.3973 550.9713 116.9884
v -297.5000 615.2071 91.3958
v -342.5781 615.2071 65.3249
v -297.5000 550.9713 151.0516
v -342.5781 615.2071 65.3249
v -356.3973 550.9713 116.9884
v -297.5000 550.9713 151.0516
v -252.4219 615.2071 65.3249
v -297.5000 615.2071 91.3958
v -238.6027 550.9713 116.9884
v -297.5000 615.2071 91.3958
v -297.5000 550.9713 151.0516
v -238.6027 550.9713 116.9884
v -219.4225 615.2071 -5.9021
v -252.4219 615.2071 65.3249
v -195.4869 550.9713 23.9258
v -252.4219 615.2071 65.3249
v -238.6027 550.9713 116.9884
v -195.4869 550.9713 23.9258
v -207.3439 615.2071 -103.2000
v -219.4225 615.2071 -5.9021
v -179.7054 550.9713 -103.2000
v -219.4225 615.2071 -5.9021
v -195.4869 550.9713 23.9258
v -179.7054 550.9713 -103.2000
v -219.4225 615.2071 -200.4979
v -207.3439 615.2071 -103.2000
v -195.4869 550.9713 -230.3258
v -207.3439 615.2071 -103.2000
v -179.7054 550.9713 -103.2000
v -195.4869 550.9713 -230.3258
v -252.4219 615.2071 -271.7249
v -219.4225 615.2071 -200.4979
v -238.6027 550.9713 -323.3884
v -219.4225 615.2071 -200.4979
v -195.4869 550.9713 -230.3258
v -238.6027 550.9713 -323.3884
v -297.5000 615.2071 -297.7958
v -252.4219 615.2071 -271.7249
v -297.5000 550.9713 -357.4516
v -252.4219 615.2071 -271.7249
v -238.6027 550.9713 -323.3884
v -297.5000 550.9713 -357.4516
v -342.5781 615.2071 -271.7249
v -297.5000 615.2071 -297.7958
v -356.3973 550.9713 -323.3884
v -297.5000 615.2071 -297.7958
v -297.5000 550.9713 -357.4516
v -356.3973 550.9713 -323.3884
v -375.5775 615.2071 -200.4979
v -342.5781 615.2071 -271.7249
v -399.5131 550.9713 -230.3258
v -342.5781 615.2071 -271.7249
v -356.3973 550.9713 -323.3884
v -399.5131 550.9713 -230.3258
v -387.6561 615.2071 -103.2000
v -375.5775 615.2071 -200.4979
v -415.2946 550.9713 -103.2000
v -375.5775 615.2071 -200.4979
v -399.5131 550.9713 -230.3258
v -415.2946 550.9713 -103.2000
v -399.5131 550.9713 23.9258
v -415.2946 550.9713 -103.2000
v -407.9182 475.2000 34.4000
v -415.2946 550.9713 -103.2000
v -425.0000 475.2000 -103.2000
v -407.9182 475.2000 34.4000
v -356.3973 550.9713 116.9884
v -399.5131 550.9713 23.9258
v -361.2500 475.2000 135.1302
v -399.5131 550.9713 23.9258
v -407.9182 475.2000 34.4000
v -361.2500 475.2000 135.1302
v -297.5000 550.9713 151.0516
v -356.3973 550.9713 116.9884
v -297.5000 475.2000 172.0000
v -356.3973 550.9713 116.9884
v -361.2500 475.2000 135.1302
v -297.5000 475.2000 172.0000
v -238.6027 550.9713 116.9884
v -297.5000 550.9713 151.0516
v -233.7500 475.2000 135.1302
v -297.5000 550.9713 151.0516
v -297.5000 475.2000 172.0000
v -233.7500 475.2000 135.1302
v -195.4869 550.9713 23.9258
v -238.6027 550.9713 116.9884
v -187.0818 475.2000 34.4000
v -238.6027 550.9713 116.9884
v -233.7500 475.2000 135.1302
v -187.0818 475.2000 34.4000
v -179.7054 550.9713 -103.2000
v -195.4869 550.9713 23.9258
v -170.0000 475.2000 -103.2000
v -195.4869 550.9713 23.9258
v -187.0818 475.2000 34.4000
v -170.0000 475.2000 -103.2000
v -195.4869 550.9713 -230.3258
v -179.7054 550.9713 -103.2000
v -187.0818 475.2000 -240.8000
v -179.7054 550.9713 -103.2000
v -170.0000 475.2000 -103.2000
v -187.0818 475.2000 -240.8000
v -238.6027 550.9713 -323.3884
v -195.4869 550.9713 -230.3258
v -233.7500 475.2000 -341.5302
v -195.4869 550.9713 -230.3258
v -187.0818 475.2000 -240.8000
v -233.7500 475.2000 -341.5302
v -297.5000 550.9713 -357.4516
v -238.6027 550.9713 -323.3884
v -297.5000 475.2000 -378.4000
v -238.6027 550.9713 -323.3884
v -233.7500 475.2000 -341.5302
v -297.5000 475.2000 -378.4000
v -356.3973 550.9713 -323.3884
v -297.5000 550.9713 -357.4516
v -361.2500 475.2000 -341.5302
v -297.5000 550.9713 -357.4516
v -297.5000 475.2000 -378.4000
v -361.2500 475.2000 -341.5302
v -399.5131 550.9713 -230.3258
v -356.3973 550.9713 -323.3884
v -407.9182 475.2000 -240.8000
v -356.3973 550.9713 -323.3884
v -361.2500 475.2000 -341.5302
v -407.9182 475.2000 -240.8000
v -415.2946 550.9713 -103.2000
v -399.5131 550.9713 -230.3258
v -425.0000 475.2000 -103.2000
v -399.5131 550.9713 -230.3258
v -407.9182 475.2000 -240.8000
v -425.0000 475.2000 -103.2000
v -407.9182 475.2000 34.4000
v -425.0000 475.2000 -103.2000
v -399.5131 399.4287 23.9258
v -425.0000 475.2000 -103.2000
v -415.2946 399.4287 -103.2000
v -399.5131 399.4287 23.9258
v -361.2500 475.2000 135.1302
v -407.9182 475.2000 34.4000
v -356.3973 399.4287 116.9884
v -407.9182 475.2000 34.4000
v -399.5131 399.4287 23.9258
v -356.3973 399.4287 116.9884
v -297.5000 475.2000 172.0000
v -361.2500 475.2000 135.1302
v -297.5000 399.4287 151.0516
v -361.2500 475.2000 135.1302
v -356.3973 399.4287 116.9884
v -297.5000 399.4287 151.0516
v -233.7500 475.2000 135.1302
v -297.5000 475.2000 172.0000
v -238.6027 399.4287 116.9884
v -297.5000 475.2000 172.0000
v -297.5000 399.4287 151.0516
v -238.6027 399.4287 116.9884
v -187.0818 475.2000 34.4000
v -233.7500 475.2000 135.1302
v -195.4869 399.4287 23.9258
v -233.7500 475.2000 135.1302
v -238.6027 399.4287 116.9884
v -195.4869 399.4287 23.9258
v -170.0000 475.2000 -103.2000
v -187.0818 475.2000 34.4000
v -179.7054 399.4287 -103.2000
v -187.0818 475.2000 34.4000
v -195.4869 399.4287 23.9258
v -179.7054 399.4287 -103.2000
v -187.0818 475.2000 -240.8000
v -170.0000 475.2000 -103.2000
v -195.4869 399.4287 -230.3258
v -170.0000 475.2000 -103.2000
v -179.7054 399.4287 -103.2000
v -195.4869 399.4287 -230.3258
v -233.7500 475.2000 -341.5302
v -187.0818 475.2000 -240.8000
v -238.6027 399.4287 -323.3884
v -187.0818 475.2000 -240.8000
v -195.4869 399.4287 -230.3258
v -238.6027 399.4287 -323.3884
v -297.5000 475.2000 -378.4000
v -233.7500 475.2000 -341.5302
v -297.5000 399.4287 -357.4516
v -233.7500 475.2000 -341.5302
v -238.6027 399.4287 -323.3884
v -297.5000 399.4287 -357.4516
v -361.2500 475.2000 -341.5302
v -297.5000 475.2000 -378.4000
v -356.3973 399.4287 -323.3884
v -297.5000 475.2000 -378.4000
v -297.5000 399.4287 -357.4516
v -356.3973 399.4287 -323.3884
v -407.9182 475.2000 -240.8000
v -361.2500 475.2000 -341.5302
v -399.5131 399.4287 -230.3258
v -361.2500 475.2000 -341.5302
v -356.3973 399.4287 -323.3884
v -399.5131 399.4287 -230.3258
v -425.0000 475.2000 -103.2000
v -407.9182 475.2000 -240.8000
v -415.2946 399.4287 -103.2000
v -407.9182 475.2000 -240.8000
v -399.5131 399.4287 -230.3258
v -415.2946 399.4287 -103.2000
v -399.5131 399.4287 23.9258
v -415.2946 399.4287 -103.2000
v -375.5775 335.1929 -5.9021
v -415.2946 399.4287 -103.2000
v -387.6561 335.1929 -103.2000
v -375.5775 335.1929 -5.9021
v -356.3973 399.4287 116.9884
v -399.5131 399.4287 23.9258
v -342.5781 335.1929 65.3249
v -399.5131 399.4287 23.9258
v -375.5775 335.1929 -5.9021
v -342.5781 335.1929 65.3249
v -297.5000 399.4287 151.0516
v -356.3973 399.4287 116.9884
v -297.5000 335.1929 91.3958
v -356.3973 399.4287 116.9884
v -342.5781 335.1929 65.3249
v -297.5000 335.1929 91.3958
v -238.6027 399.4287 116.9884
v -297.5000 399.4287 151.0516
v -252.4219 335.1929 65.3249
v -297.5000 399.4287 151.0516
v -297.5000 335.1929 91.3958
v -252.4219 335.1929 65.3249
v -195.4869 399.4287 23.9258
v -238.6027 399.4287 116.9884
v -219.4225 335.1929 -5.9021
v -238.6027 399.4287 116.9884
v -252.4219 335.1929 65.3249
v -219.4225 335.1929 -5.9021
v -179.7054 399.4287 -103.2000
v -195.4869 399.4287 23.9258
v -207.3439 335.1929 -103.2000
v -195.4869 399.4287 23.9258
v -219.4225 335.1929 -5.9021
v -207.3439 335.1929 -103.2000
v -195.4869 399.4287 -230.3258
v -179.7054 399.4287 -103.2000
v -219.4225 335.1929 -200.4979
v -179.7054 399.4287 -103.2000
v -207.3439 335.1929 -103.2000
v -219.4225 335.1929 -200.4979
v -238.6027 399.4287 -323.3884
v -195.4869 399.4287 -230.3258
v -252.4219 335.1929 -271.7249
v -195.4869 399.4287 -230.3258
v -219.4225 335.1929 -200.4979
v -252.4219 335.1929 -271.7249
v -297.5000 399.4287 -357.4516
v -238.6027 399.4287 -323.3884
v -297.5000 335.1929 -297.7958
v -238.6027 399.4287 -323.3884
v -252.4219 335.1929 -271.7249
v -297.5000 335.1929 -297.7958
v -356.3973 399.4287 -323.3884
v -297.5000 399.4287 -357.4516
v -342.5781 335.1929 -271.7249
v -297.5000 399.4287 -357.4516
v -297.5000 335.1929 -297.7958
v -342.5781 335.1929 -271.7249
v -399.5131 399.4287 -230.3258
v -356.3973 399.4287 -323.3884
v -375.5775 335.1929 -200.4979
v -356.3973 399.4287 -323.3884
v -342.5781 335.1929 -271.7249
v -375.5775 335.1929 -200.4979
v -415.2946 399.4287 -103.2000
v -399.5131 399.4287 -230.3258
v -387.6561 335.1929 -103.2000
v -399.5131 399.4287 -230.3258
v -375.5775 335.1929 -200.4979
v -387.6561 335.1929 -103.2000
v -375.5775 335.1929 -5.9021
v -387.6561 335.1929 -103.2000
v -339.7552 292.2719 -50.5428
v -387.6561 335.1929 -103.2000
v -346.2921 292.2719 -103.2000
v -339.7552 292.2719 -50.5428
v -342.5781 335.1929 65.3249
v -375.5775 335.1929 -5.9021
v -321.8961 292.2719 -11.9950
v -375.5775 335.1929 -5.9021
v -339.7552 292.2719 -50.5428
v -321.8961 292.2719 -11.9950
v -297.5000 335.1929 91.3958
v -342.5781 335.1929 65.3249
v -297.5000 292.2719 2.1145
v -342.5781 335.1929 65.3249
v -321.8961 292.2719 -11.9950
v -297.5000 292.2719 2.1145
v -252.4219 335.1929 65.3249
v -297.5000 335.1929 91.3958
v -273.1039 292.2719 -11.9950
v -297.5000 335.1929 91.3958
v -297.5000 292.2719 2.1145
v -273.1039 292.2719 -11.9950
v -219.4225 335.1929 -5.9021
v -252.4219 335.1929 65.3249
v -255.2448 292.2719 -50.5428
v -252.4219 335.1929 65.3249
v -273.1039 292.2719 -11.9950
v -255.2448 292.2719 -50.5428
v -207.3439 335.1929 -103.2000
v -219.4225 335.1929 -5.9021
v -248.7079 292.2719 -103.2000
v -219.4225 335.1929 -5.9021
v -255.2448 292.2719 -50.5428
v -248.7079 292.2719 -103.2000
v -219.4225 335.1929 -200.4979
v -207.3439 335.1929 -103.2000
v -255.2448 292.2719 -155.8572
v -207.3439 335.1929 -103.2000
v -248.7079 292.2719 -103.2000
v -255.2448 292.2719 -155.8572
v -252.4219 335.1929 -271.7249
v -219.4225 335.1929 -200.4979
v -273.1039 292.2719 -194.4050
v -219.4225 335.1929 -200.4979
v -255.2448 292.2719 -155.8572
v -273.1039 292.2719 -194.4050
v -297.5000 335.1929 -297.7958
v -252.4219 335.1929 -271.7249
v -297.5000 292.2719 -208.5145
v -252.4219 335.1929 -271.7249
v -273.1039 292.2719 -194.4050
v -297.5000 292.2719 -208.5145
v -342.5781 335.1929 -271.7249
v -297.5000 335.1929 -297.7958
v -321.8961 292.2719 -194.4050
v -297.5000 335.1929 -297.7958
v -297.5000 292.2719 -208.5145
v -321.8961 292.2719 -194.4050
v -375.5775 335.1929 -200.4979
v -342.5781 335.1929 -271.7249
v -339.7552 292.2719 -155.8572
v -342.5781 335.1929 -271.7249
v -321.8961 292.2719 -194.4050
v -339.7552 292.2719 -155.8572
v -387.6561 335.1929 -103.2000
v -375.5775 335.1929 -200.4979
v -346.2921 292.2719 -103.2000
v -375.5775 335.1929 -200.4979
v -339.7552 292.2719 -155.8572
v -346.2921 292.2719 -103.2000
v -339.7552 292.2719 -50.5428
v -346.2921 292.2719 -103.2000
v -297.5000 277.2000 -103.2000
v -321.8961 292.2719 -11.9950
v -339.7552 292.2719 -50.5428
v -297.5000 277.2000 -103.2000
v -297.5000 292.2719 2.1145
v -321.8961 292.2719 -11.9950
v -297.5000 277.2000 -103.2000
v -273.1039 292.2719 -11.9950
v -297.5000 292.2719 2.1145
v -297.5000 277.2000 -103.2000
v -255.2448 292.2719 -50.5428
v -273.1039 292.2719 -11.9950
v -297.5000 277.2000 -103.2000
v -248.7079 292.2719 -103.2000
v -255.2448 292.2719 -50.5428
v -297.5000 277.2000 -103.2000
v -255.2448 292.2719 -155.8572
v -248.7079 292.2719 -103.2000
v -297.5000 277.2000 -103.2000
v -273.1039 292.2719 -194.4050
v -255.2448 292.2719 -155.8572
v -297.5000 277.2000 -103.2000
v -297.5000 292.2719 -208.5145
v -273.1039 292.2719 -194.4050
v -297.5000 277.2000 -103.2000
v -321.8961 292.2719 -194.4050
v -297.5000 292.2719 -208.5145
v -297.5000 277.2000 -103.2000
v -339.7552 292.2719 -155.8572
v -321.8961 292.2719 -194.4050
v -297.5000 277.2000 -103.2000
v -346.2921 292.2719 -103.2000
v -339.7552 292.2719 -155.8572
v -297.5000 277.2000 -103.2000
v 297.5000 673.2000 -103.2000
v 248.7079 658.1281 -103.2000
v 255.2448 658.1281 -50.5428
v 297.5000 673.2000 -103.2000
v 255.2448 658.1281 -50.5428
v 273.1039 658.1281 -11.9950
v 297.5000 673.2000 -103.2000
v 273.1039 658.1281 -11.9950
v 297.5000 658.1281 2.1145
v 297.5000 673.2000 -103.2000
v 297.5000 658.1281 2.1145
v 321.8961 658.1281 -11.9950
v 297.5000 673.2000 -103.2000
v 321.8961 658.1281 -11.9950
v 339.7552 658.1281 -50.5428
v 297.5000 673.2000 -103.2000
v 339.7552 658.1281 -50.5428
v 346.2921 658.1281 -103.2000
v 297.5000 673.2000 -103.2000
v 346.2921 658.1281 -103.2000
v 339.7552 658.1281 -155.8572
v 297.5000 673.2000 -103.2000
v 339.7552 658.1281 -155.8572
v 321.8961 658.1281 -194.4050
v 297.5000 673.2000 -103.2000
v 321.8961 658.1281 -194.4050
v 297.5000 658.1281 -208.5145
v 297.5000 673.2000 -103.2000
v 297.5000 658.1281 -208.5145
v 273.1039 658.1281 -194.4050
v 297.5000 673.2000 -103.2000
v 273.1039 658.1281 -194.4050
v 255.2448 658.1281 -155.8572
v 297.5000 673.2000 -103.2000
v 255.2448 658.1281 -155.8572
v 248.7079 658.1281 -103.2000
v 255.2448 658.1281 -50.5428
v 248.7079 658.1281 -103.2000
v 219.4225 615.2071 -5.9021
v 248.7079 658.1281 -103.2000
v 207.3439 615.2071 -103.2000
v 219.4225 615.2071 -5.9021
v 273.1039 658.1281 -11.9950
v 255.2448 658.1281 -50.5428
v 252.4219 615.2071 65.3249
v 255.2448 658.1281 -50.5428
v 219.4225 615.2071 -5.9021
v 252.4219 615.2071 65.3249
v 297.5000 658.1281 2.1145
v 273.1039 658.1281 -11.9950
v 297.5000 615.2071 91.3958
v 273.1039 658.1281 -11.9950
v 252.4219 615.2071 65.3249
v 297.5000 615.2071 91.3958
v 321.8961 658.1281 -11.9950
v 297.5000 658.1281 2.1145
v 342.5781 615.2071 65.3249
v 297.5000 658.1281 2.1145
v 297.5000 615.2071 91.3958
v 342.5781 615.2071 65.3249
v 339.7552 658.1281 -50.5428
v 321.8961 658.1281 -11.9950
v 375.5775 615.2071 -5.9021
v 321.8961 658.1281 -11.9950
v 342.5781 615.2071 65.3249
v 375.5775 615.2071 -5.9021
v 346.2921 658.1281 -103.2000
v 339.7552 658.1281 -50.5428
v 387.6561 615.2071 -103.2000
v 339.7552 658.1281 -50.5428
v 375.5775 615.2071 -5.9021
v 387.6561 615.2071 -103.2000
v 339.7552 658.1281 -155.8572
v 346.2921 658.1281 -103.2000
v 375.5775 615.2071 -200.4979
v 346.2921 658.1281 -103.2000
v 387.6561 615.2071 -103.2000
v 375.5775 615.2071 -200.4979
v 321.8961 658.1281 -194.4050
v 339.7552 658.1281 -155.8572
v 342.5781 615.2071 -271.7249
v 339.7552 658.1281 -155.8572
v 375.5775 615.2071 -200.4979
v 342.5781 615.2071 -271.7249
v 297.5000 658.1281 -208.5145
v 321.8961 658.1281 -194.4050
v 297.5000 615.2071 -297.7958
v 321.8961 658.1281 -194.4050
v 342.5781 615.2071 -271.7249
v 297.5000 615.2071 -297.7958
v 273.1039 658.1281 -194.4050
v 297.5000 658.1281 -208.5145
v 252.4219 615.2071 -271.7249
v 297.5000 658.1281 -208.5145
v 297.5000 615.2071 -297.7958
v 252.4219 615.2071 -271.7249
v 255.2448 658.1281 -155.8572
v 273.1039 658.1281 -194.4050
v 219.4225 615.2071 -200.4979
v 273.1039 658.1281 -194.4050
v 252.4219 615.2071 -271.7249
v 219.4225 615.2071 -200.4979
v 248.7079 658.1281 -103.2000
v 255.2448 658.1281 -155.8572
v 207.3439 615.2071 -103.2000
v 255.2448 658.1281 -155.8572
v 219.4225 615.2071 -200.4979
v 207.3439 615.2071 -103.2000
v 219.4225 615.2071 -5.9021
v 207.3439 615.2071 -103.2000
v 195.4869 550.9713 23.9258
v 207.3439 615.2071 -103.2000
v 179.7054 550.9713 -103.2000
v 195.4869 550.9713 23.9258
v 252.4219 615.2071 65.3249
v 219.4225 615.2071 -5.9021
v 238.6027 550.9713 116.9884
v 219.4225 615.2071 -5.9021
v 195.4869 550.9713 23.9258
v 238.6027 550.9713 116.9884
v 297.5000 615.2071 91.3958
v 252.4219 615.2071 65.3249
v 297.5000 550.9713 151.0516
v 252.4219 615.2071 65.3249
v 238.6027 550.9713 116.9884
v 297.5000 550.9713 151.0516
v 342.5781 615.2071 65.3249
v 297.5000 615.2071 91.3958
v 356.3973 550.9713 116.9884
v 297.5000 615.2071 91.3958
v 297.5000 550.9713 151.0516
v 356.3973 550.9713 116.9884
v 375.5775 615.2071 -5.9021
v 342.5781 615.2071 65.3249
v 399.5131 550.9713 23.9258
v 342.5781 615.2071 65.3249
v 356.3973 550.9713 116.9884
v 399.5131 550.9713 23.9258
v 387.6561 615.2071 -103.2000
v 375.5775 615.2071 -5.9021
v 415.2946 550.9713 -103.2000
v 375.5775 615.2071 -5.9021
v 399.5131 550.9713 23.9258
v 415.2946 550.9713 -103.2000
v 375.5775 615.2071 -200.4979
v 387.6561 615.2071 -103.2000
v 399.5131 550.9713 -230.3258
v 387.6561 615.2071 -103.2000
v 415.2946 550.9713 -103.2000
v 399.5131 550.9713 -230.3258
v 342.5781 615.2071 -271.7249
v 375.5775 615.2071 -200.4979
v 356.3973 550.9713 -323.3884
v 375.5775 615.2071 -200.4979
v 399.5131 550.9713 -230.3258
v 356.3973 550.9713 -323.3884
v 297.5000 615.2071 -297.7958
v 342.5781 615.2071 -271.7249
v 297.5000 550.9713 -357.4516
v 342.5781 615.2071 -271.7249
v 356.3973 550.9713 -323.3884
v 297.5000 550.9713 -357.4516
v 252.4219 615.2071 -271.7249
v 297.5000 615.2071 -297.7958
v 238.6027 550.9713 -323.3884
v 297.5000 615.2071 -297.7958
v 297.5000 550.9713 -357.4516
v 238.6027 550.9713 -323.3884
v 219.4225 615.2071 -200.4979
v 252.4219 615.2071 -271.7249
v 195.4869 550.9713 -230.3258
v 252.4219 615.2071 -271.7249
v 238.6027 550.9713 -323.3884
v 195.4869 550.9713 -230.3258
v 207.3439 615.2071 -103.2000
v 219.4225 615.2071 -200.4979
v 179.7054 550.9713 -103.2000
v 219.4225 615.2071 -200.4979
v 195.4869 550.9713 -230.3258
v 179.7054 550.9713 -103.2000
v 195.4869 550.9713 23.9258
v 179.7054 550.9713 -103.2000
v 187.0818 475.2000 34.4000
v 179.7054 550.9713 -103.2000
v 170.0000 475.2000 -103.2000
v 187.0818 475.2000 34.4000
v 238.6027 550.9713 116.9884
v 195.4869 550.9713 23.9258
v 233.7500 475.2000 135.1302
v 195.4869 550.9713 23.9258
v 187.0818 475.2000 34.4000
v 233.7500 475.2000 135.1302
v 297.5000 550.9713 151.0516
v 238.6027 550.9713 116.9884
v 297.5000 475.2000 172.0000
v 238.6027 550.9713 116.9884
v 233.7500 475.2000 135.1302
v 297.5000 475.2000 172.0000
v 356.3973 550.9713 116.9884
v 297.5000 550.9713 151.0516
v 361.2500 475.2000 135.1302
v 297.5000 550.9713 151.0516
v 297.5000 475.2000 172.0000
v 361.2500 475.2000 135.1302
v 399.5131 550.9713 23.9258
v 356.3973 550.9713 116.9884
v 407.9182 475.2000 34.4000
v 356.3973 550.9713 116.9884
v 361.2500 475.2000 135.1302
v 407.9182 475.2000 34.4000
v 415.2946 550.9713 -103.2000
v 399.5131 550.9713 23.9258
v 425.0000 475.2000 -103.2000
v 399.5131 550.9713 23.9258
v 407.9182 475.2000 34.4000
v 425.0000 475.2000 -103.2000
v 399.5131 550.9713 -230.3258
v 415.2946 550.9713 -103.2000
v 407.9182 475.2000 -240.8000
v 415.2946 550.9713 -103.2000
v 425.0000 475.2000 -103.2000
v 407.9182 475.2000 -240.8000
v 356.3973 550.9713 -323.3884
v 399.5131 550.9713 -230.3258
v 361.2500 475.2000 -341.5302
v 399.5131 550.9713 -230.3258
v 407.9182 475.2000 -240.8000
v 361.2500 475.2000 -341.5302
v 297.5000 550.9713 -357.4516
v 356.3973 550.9713 -323.3884
v 297.5000 475.2000 -378.4000
v 356.3973 550.9713 -323.3884
v 361.2500 475.2000 -341.5302
v 297.5000 475.2000 -378.4000
v 238.6027 550.9713 -323.3884
v 297.5000 550.9713 -357.4516
v 233.7500 475.2000 -341.5302
v 297.5000 550.9713 -357.4516
v 297.5000 475.2000 -378.4000
v 233.7500 475.2000 -341.5302
v 195.4869 550.9713 -230.3258
v 238.6027 550.9713 -323.3884
v 187.0818 475.2000 -240.8000
v 238.6027 550.9713 -323.3884
v 233.7500 475.2000 -341.5302
v 187.0818 475.2000 -240.8000
v 179.7054 550.9713 -103.2000
v 195.4869 550.9713 -230.3258
v 170.0000 475.2000 -103.2000
v 195.4869 550.9713 -230.3258
v 187.0818 475.2000 -240.8000
v 170.0000 475.2000 -103.2000
v 187.0818 475.2000 34.4000
v 170.0000 475.2000 -103.2000
v 195.4869 399.4287 23.9258
v 170.0000 475.2000 -103.2000
v 179.7054 399.4287 -103.2000
v 195.4869 399.4287 23.9258
v 233.7500 475.2000 135.1302
v 187.0818 475.2000 34.4000
v 238.6027 399.4287 116.9884
v 187.0818 475.2000 34.4000
v 195.4869 399.4287 23.9258
v 238.6027 399.4287 116.9884
v 297.5000 475.2000 172.0000
v 233.7500 475.2000 135.1302
v 297.5000 399.4287 151.0516
v 233.7500 475.2000 135.1302
v 238.6027 399.4287 116.9884
v 297.5000 399.4287 151.0516
v 361.2500 475.2000 135.1302
v 297.5000 475.2000 172.0000
v 356.3973 399.4287 116.9884
v 297.5000 475.2000 172.0000
v 297.5000 399.4287 151.0516
v 356.3973 399.4287 116.9884
v 407.9182 475.2000 34.4000
v 361.2500 475.2000 135.1302
v 399.5131 399.4287 23.9258
v 361.2500 475.2000 135.1302
v 356.3973 399.4287 116.9884
v 399.5131 399.4287 23.9258
v 425.0000 475.2000 -103.2000
v 407.9182 475.2000 34.4000
v 415.2946 399.4287 -103.2000
v 407.9182 475.2000 34.4000
v 399.5131 399.4287 23.9258
v 415.2946 399.4287 -103.2000
v 407.9182 475.2000 -240.8000
v 425.0000 475.2000 -103.2000
v 399.5131 399.4287 -230.3258
v 425.0000 475.2000 -103.2000
v 415.2946 399.4287 -103.2000
v 399.5131 399.4287 -230.3258
v 361.2500 475.2000 -341.5302
v 407.9182 475.2000 -240.8000
v 356.3973 399.4287 -323.3884
v 407.9182 475.2000 -240.8000
v 399.5131 399.4287 -230.3258
v 356.3973 399.4287 -323.3884
v 297.5000 475.2000 -378.4000
v 361.2500 475.2000 -341.5302
v 297.5000 399.4287 -357.4516
v 361.2500 475.2000 -341.5302
v 356.3973 399.4287 -323.3884
v 297.5000 399.4287 -357.4516
v 233.7500 475.2000 -341.5302
v 297.5000 475.2000 -378.4000
v 238.6027 399.4287 -323.3884
v 297.5000 475.2000 -378.4000
v 297.5000 399.4287 -357.4516
v 238.6027 399.4287 -323.3884
v 187.0818 475.2000 -240.8000
v 233.7500 475.2000 -341.5302
v 195.4869 399.4287 -230.3258
v 233.7500 475.2000 -341.5302
v 238.6027 399.4287 -323.3884
v 195.4869 399.4287 -230.3258
v 170.0000 475.2000 -103.2000
v 187.0818 475.2000 -240.8000
v 179.7054 399.4287 -103.2000
v 187.0818 475.2000 -240.8000
v 195.4869 399.4287 -230.3258
v 179.7054 399.4287 -103.2000
v 195.4869 399.4287 23.9258
v 179.7054 399.4287 -103.2000
v 219.4225 335.1929 -5.9021
v 179.7054 399.4287 -103.2000
v 207.3439 335.1929 -103.2000
v 219.4225 335.1929 -5.9021
v 238.6027 399.4287 116.9884
v 195.4869 399.4287 23.9258
v 252.4219 335.1929 65.3249
v 195.4869 399.4287 23.9258
v 219.4225 335.1929 -5.9021
v 252.4219 335.1929 65.3249
v 297.5000 399.4287 151.0516
v 238.6027 399.4287 116.9884
v 297.5000 335.1929 91.3958
v 238.6027 399.4287 116.9884
v 252.4219 335.1929 65.3249
v 297.5000 335.1929 91.3958
v 356.3973 399.4287 116.9884
v 297.5000 399.4287 151.0516
v 342.5781 335.1929 65.3249
v 297.5000 399.4287 151.0516
v 297.5000 335.1929 91.3958
v 342.5781 335.1929 65.3249
v 399.5131 399.4287 23.9258
v 356.3973 399.4287 116.9884
v 375.5775 335.1929 -5.9021
v 356.3973 399.4287 116.9884
v 342.5781 335.1929 65.3249
v 375.5775 335.1929 -5.9021
v 415.2946 399.4287 -103.2000
v 399.5131 399.4287 23.9258
v 387.6561 335.1929 -103.2000
v 399.5131 399.4287 23.9258
v 375.5775 335.1929 -5.9021
v 387.6561 335.1929 -103.2000
v 399.5131 399.4287 -230.3258
v 415.2946 399.4287 -103.2000
v 375.5775 335.1929 -200.4979
v 415.2946 399.4287 -103.2000
v 387.6561 335.1929 -103.2000
v 375.5775 335.1929 -200.4979
v 356.3973 399.4287 -323.3884
v 399.5131 399.4287 -230.3258
v 342.5781 335.1929 -271.7249
v 399.5131 399.4287 -230.3258
v 375.5775 335.1929 -200.4979
v 342.5781 335.1929 -271.7249
v 297.5000 399.4287 -357.4516
v 356.3973 399.4287 -323.3884
v 297.5000 335.1929 -297.7958
v 356.3973 399.4287 -323.3884
v 342.5781 335.1929 -271.7249
v 297.5000 335.1929 -297.7958
v 238.6027 399.4287 -323.3884
v 297.5000 399.4287 -357.4516
v 252.4219 335.1929 -271.7249
v 297.5000 399.4287 -357.4516
v 297.5000 335.1929 -297.7958
v 252.4219 335.1929 -271.7249
v 195.4869 399.4287 -230.3258
v 238.6027 399.4287 -323.3884
v 219.4225 335.1929 -200.4979
v 238.6027 399.4287 -323.3884
v 252.4219 335.1929 -271.7249
v 219.4225 335.1929 -200.4979
v 179.7054 399.4287 -103.2000
v 195.4869 399.4287 -230.3258
v 207.3439 335.1929 -103.2000
v 195.4869 399.4287 -230.3258
v 219.4225 335.1929 -200.4979
v 207.3439 335.1929 -103.2000
v 219.4225 335.1929 -5.9021
v 207.3439 335.1929 -103.2000
v 255.2448 292.2719 -50.5428
v 207.3439 335.1929 -103.2000
v 248.7079 292.2719 -103.2000
v 255.2448 292.2719 -50.5428
v 252.4219 335.1929 65.3249
v 219.4225 335.1929 -5.9021
v 273.1039 292.2719 -11.9950
v 219.4225 335.1929 -5.9021
v 255.2448 292.2719 -50.5428
v 273.1039 292.2719 -11.9950
v 297.5000 335.1929 91.3958
v 252.4219 335.1929 65.3249
v 297.5000 292.2719 2.1145
v 252.4219 335.1929 65.3249
v 273.1039 292.2719 -11.9950
v 297.5000 292.2719 2.1145
v 342.5781 335.1929 65.3249
v 297.5000 335.1929 91.3958
v 321.8961 292.2719 -11.9950
v 297.5000 335.1929 91.3958
v 297.5000 292.2719 2.1145
v 321.8961 292.2719 -11.9950
v 375.5775 335.1929 -5.9021
v 342.5781 335.1929 65.3249
v 339.7552 292.2719 -50.5428
v 342.5781 335.1929 65.3249
v 321.8961 292.2719 -11.9950
v 339.7552 292.2719 -50.5428
v 387.6561 335.1929 -103.2000
v 375.5775 335.1929 -5.9021
v 346.2921 292.2719 -103.2000
v 375.5775 335.1929 -5.9021
v 339.7552 292.2719 -50.5428
v 346.2921 292.2719 -103.2000
v 375.5775 335.1929 -200.4979
v 387.6561 335.1929 -103.2000
v 339.7552 292.2719 -155.8572
v 387.6561 335.1929 -103.2000
v 346.2921 292.2719 -103.2000
v 339.7552 292.2719 -155.8572
v 342.5781 335.1929 -271.7249
v 375.5775 335.1929 -200.4979
v 321.8961 292.2719 -194.4050
v 375.5775 335.1929 -200.4979
v 339.7552 292.2719 -155.8572
v 321.8961 292.2719 -194.4050
v 297.5000 335.1929 -297.7958
v 342.5781 335.1929 -271.7249
v 297.5000 292.2719 -208.5145
v 342.5781 335.1929 -271.7249
v 321.8961 292.2719 -194.4050
v 297.5000 292.2719 -208.5145
v 252.4219 335.1929 -271.7249
v 297.5000 335.1929 -297.7958
v 273.1039 292.2719 -194.4050
v 297.5000 335.1929 -297.7958
v 297.5000 292.2719 -208.5145
v 273.1039 292.2719 -194.4050
v 219.4225 335.1929 -200.4979
v 252.4219 335.1929 -271.7249
v 255.2448 292.2719 -155.8572
v 252.4219 335.1929 -271.7249
v 273.1039 292.2719 -194.4050
v 255.2448 292.2719 -155.8572
v 207.3439 335.1929 -103.2000
v 219.4225 335.1929 -200.4979
v 248.7079 292.2719 -103.2000
v 219.4225 335.1929 -200.4979
v 255.2448 292.2719 -155.8572
v 248.7079 292.2719 -103.2000
v 255.2448 292.2719 -50.5428
v 248.7079 292.2719 -103.2000
v 297.5000 277.2000 -103.2000
v 273.1039 292.2719 -11.9950
v 255.2448 292.2719 -50.5428
v 297.5000 277.2000 -103.2000
v 297.5000 292.2719 2.1145
v 273.1039 292.2719 -11.9950
v 297.5000 277.2000 -103.2000
v 321.8961 292.2719 -11.9950
v 297.5000 292.2719 2.1145
v 297.5000 277.2000 -103.2000
v 339.7552 292.2719 -50.5428
v 321.8961 292.2719 -11.9950
v 297.5000 277.2000 -103.2000
v 346.2921 292.2719 -103.2000
v 339.7552 292.2719 -50.5428
v 297.5000 277.2000 -103.2000
v 339.7552 292.2719 -155.8572
v 346.2921 292.2719 -103.2000
v 297.5000 277.2000 -103.2000
v 321.8961 292.2719 -194.4050
v 339.7552 292.2719 -155.8572
v 297.5000 277.2000 -103.2000
v 297.5000 292.2719 -208.5145
v 321.8961 292.2719 -194.4050
v 297.5000 277.2000 -103.2000
v 273.1039 292.2719 -194.4050
v 297.5000 292.2719 -208.5145
v 297.5000 277.2000 -103.2000
v 255.2448 292.2719 -155.8572
v 273.1039 292.2719 -194.4050
v 297.5000 277.2000 -103.2000
v 248.7079 292.2719 -103.2000
v 255.2448 292.2719 -155.8572
v 297.5000 277.2000 -103.2000
v 578.0000 382.5000 -430.0000
v 504.8118 367.9420 -430.0000
v 514.6172 367.9420 -393.4059
v 578.0000 382.5000 -430.0000
v 514.6172 367.9420 -393.4059
v 541.4059 367.9420 -366.6172
v 578.0000 382.5000 -430.0000
v 541.4059 367.9420 -366.6172
v 578.0000 367.9420 -356.8118
v 578.0000 382.5000 -430.0000
v 578.0000 367.9420 -356.8118
v 614.5941 367.9420 -366.6172
v 578.0000 382.5000 -430.0000
v 614.5941 367.9420 -366.6172
v 641.3828 367.9420 -393.4059
v 578.0000 382.5000 -430.0000
v 641.3828 367.9420 -393.4059
v 651.1882 367.9420 -430.0000
v 578.0000 382.5000 -430.0000
v 651.1882 367.9420 -430.0000
v 641.3828 367.9420 -466.5941
v 578.0000 382.5000 -430.0000
v 641.3828 367.9420 -466.5941
v 614.5941 367.9420 -493.3828
v 578.0000 382.5000 -430.0000
v 614.5941 367.9420 -493.3828
v 578.0000 367.9420 -503.1882
v 578.0000 382.5000 -430.0000
v 578.0000 367.9420 -503.1882
v 541.4059 367.9420 -493.3828
v 578.0000 382.5000 -430.0000
v 541.4059 367.9420 -493.3828
v 514.6172 367.9420 -466.5941
v 578.0000 382.5000 -430.0000
v 514.6172 367.9420 -466.5941
v 504.8118 367.9420 -430.0000
v 514.6172 367.9420 -393.4059
v 504.8118 367.9420 -430.0000
v 460.8838 326.4842 -362.3829
v 504.8118 367.9420 -430.0000
v 442.7658 326.4842 -430.0000
v 460.8838 326.4842 -362.3829
v 541.4059 367.9420 -366.6172
v 514.6172 367.9420 -393.4059
v 510.3829 326.4842 -312.8838
v 514.6172 367.9420 -393.4059
v 460.8838 326.4842 -362.3829
v 510.3829 326.4842 -312.8838
v 578.0000 367.9420 -356.8118
v 541.4059 367.9420 -366.6172
v 578.0000 326.4842 -294.7658
v 541.4059 367.9420 -366.6172
v 510.3829 326.4842 -312.8838
v 578.0000 326.4842 -294.7658
v 614.5941 367.9420 -366.6172
v 578.0000 367.9420 -356.8118
v 645.6171 326.4842 -312.8838
v 578.0000 367.9420 -356.8118
v 578.0000 326.4842 -294.7658
v 645.6171 326.4842 -312.8838
v 641.3828 367.9420 -393.4059
v 614.5941 367.9420 -366.6172
v 695.1162 326.4842 -362.3829
v 614.5941 367.9420 -366.6172
v 645.6171 326.4842 -312.8838
v 695.1162 326.4842 -362.3829
v 651.1882 367.9420 -430.0000
v 641.3828 367.9420 -393.4059
v 713.2342 326.4842 -430.0000
v 641.3828 367.9420 -393.4059
v 695.1162 326.4842 -362.3829
v 713.2342 326.4842 -430.0000
v 641.3828 367.9420 -466.5941
v 651.1882 367.9420 -430.0000
v 695.1162 326.4842 -497.6171
v 651.1882 367.9420 -430.0000
v 713.2342 326.4842 -430.0000
v 695.1162 326.4842 -497.6171
v 614.5941 367.9420 -493.3828
v 641.3828 367.9420 -466.5941
v 645.6171 326.4842 -547.1162
v 641.3828 367.9420 -466.5941
v 695.1162 326.4842 -497.6171
v 645.6171 326.4842 -547.1162
v 578.0000 367.9420 -503.1882
v 614.5941 367.9420 -493.3828
v 578.0000 326.4842 -565.2342
v 614.5941 367.9420 -493.3828
v 645.6171 326.4842 -547.1162
v 578.0000 326.4842 -565.2342
v 541.4059 367.9420 -493.3828
v 578.0000 367.9420 -503.1882
v 510.3829 326.4842 -547.1162
v 578.0000 367.9420 -503.1882
v 578.0000 326.4842 -565.2342
v 510.3829 326.4842 -547.1162
v 514.6172 367.9420 -466.5941
v 541.4059 367.9420 -493.3828
v 460.8838 326.4842 -497.6171
v 541.4059 367.9420 -493.3828
v 510.3829 326.4842 -547.1162
v 460.8838 326.4842 -497.6171
v 504.8118 367.9420 -430.0000
v 514.6172 367.9420 -466.5941
v 442.7658 326.4842 -430.0000
v 514.6172 367.9420 -466.5941
v 460.8838 326.4842 -497.6171
v 442.7658 326.4842 -430.0000
v 460.8838 326.4842 -362.3829
v 442.7658 326.4842 -430.0000
v 424.9803 264.4382 -341.6540
v 442.7658 326.4842 -430.0000
v 401.3080 264.4382 -430.0000
v 424.9803 264.4382 -341.6540
v 510.3829 326.4842 -312.8838
v 460.8838 326.4842 -362.3829
v 489.6540 264.4382 -276.9803
v 460.8838 326.4842 -362.3829
v 424.9803 264.4382 -341.6540
v 489.6540 264.4382 -276.9803
v 578.0000 326.4842 -294.7658
v 510.3829 326.4842 -312.8838
v 578.0000 264.4382 -253.3080
v 510.3829 326.4842 -312.8838
v 489.6540 264.4382 -276.9803
v 578.0000 264.4382 -253.3080
v 645.6171 326.4842 -312.8838
v 578.0000 326.4842 -294.7658
v 666.3460 264.4382 -276.9803
v 578.0000 326.4842 -294.7658
v 578.0000 264.4382 -253.3080
v 666.3460 264.4382 -276.9803
v 695.1162 326.4842 -362.3829
v 645.6171 326.4842 -312.8838
v 731.0197 264.4382 -341.6540
v 645.6171 326.4842 -312.8838
v 666.3460 264.4382 -276.9803
v 731.0197 264.4382 -341.6540
v 713.2342 326.4842 -430.0000
v 695.1162 326.4842 -362.3829
v 754.6920 264.4382 -430.0000
v 695.1162 326.4842 -362.3829
v 731.0197 264.4382 -341.6540
v 754.6920 264.4382 -430.0000
v 695.1162 326.4842 -497.6171
v 713.2342 326.4842 -430.0000
v 731.0197 264.4382 -518.3460
v 713.2342 326.4842 -430.0000
v 754.6920 264.4382 -430.0000
v 731.0197 264.4382 -518.3460
v 645.6171 326.4842 -547.1162
v 695.1162 326.4842 -497.6171
v 666.3460 264.4382 -583.0197
v 695.1162 326.4842 -497.6171
v 731.0197 264.4382 -518.3460
v 666.3460 264.4382 -583.0197
v 578.0000 326.4842 -565.2342
v 645.6171 326.4842 -547.1162
v 578.0000 264.4382 -606.6920
v 645.6171 326.4842 -547.1162
v 666.3460 264.4382 -583.0197
v 578.0000 264.4382 -606.6920
v 510.3829 326.4842 -547.1162
v 578.0000 326.4842 -565.2342
v 489.6540 264.4382 -583.0197
v 578.0000 326.4842 -565.2342
v 578.0000 264.4382 -606.6920
v 489.6540 264.4382 -583.0197
v 460.8838 326.4842 -497.6171
v 510.3829 326.4842 -547.1162
v 424.9803 264.4382 -518.3460
v 510.3829 326.4842 -547.1162
v 489.6540 264.4382 -583.0197
v 424.9803 264.4382 -518.3460
v 442.7658 326.4842 -430.0000
v 460.8838 326.4842 -497.6171
v 401.3080 264.4382 -430.0000
v 460.8838 326.4842 -497.6171
v 424.9803 264.4382 -518.3460
v 401.3080 264.4382 -430.0000
v 424.9803 264.4382 -341.6540
v 401.3080 264.4382 -430.0000
v 412.3726 191.2500 -334.3750
v 401.3080 264.4382 -430.0000
v 386.7500 191.2500 -430.0000
v 412.3726 191.2500 -334.3750
v 489.6540 264.4382 -276.9803
v 424.9803 264.4382 -341.6540
v 482.3750 191.2500 -264.3726
v 424.9803 264.4382 -341.6540
v 412.3726 191.2500 -334.3750
v 482.3750 191.2500 -264.3726
v 578.0000 264.4382 -253.3080
v 489.6540 264.4382 -276.9803
v 578.0000 191.2500 -238.7500
v 489.6540 264.4382 -276.9803
v 482.3750 191.2500 -264.3726
v 578.0000 191.2500 -238.7500
v 666.3460 264.4382 -276.9803
v 578.0000 264.4382 -253.3080
v 673.6250 191.2500 -264.3726
v 578.0000 264.4382 -253.3080
v 578.0000 191.2500 -238.7500
v 673.6250 191.2500 -264.3726
v 731.0197 264.4382 -341.6540
v 666.3460 264.4382 -276.9803
v 743.6274 191.2500 -334.3750
v 666.3460 264.4382 -276.9803
v 673.6250 191.2500 -264.3726
v 743.6274 191.2500 -334.3750
v 754.6920 264.4382 -430.0000
v 731.0197 264.4382 -341.6540
v 769.2500 191.2500 -430.0000
v 731.0197 264.4382 -341.6540
v 743.6274 191.2500 -334.3750
v 769.2500 191.2500 -430.0000
v 731.0197 264.4382 -518.3460
v 754.6920 264.4382 -430.0000
v 743.6274 191.2500 -525.6250
v 754.6920 264.4382 -430.0000
v 769.2500 191.2500 -430.0000
v 743.6274 191.2500 -525.6250
v 666.3460 264.4382 -583.0197
v 731.0197 264.4382 -518.3460
v 673.6250 191.2500 -595.6274
v 731.0197 264.4382 -518.3460
v 743.6274 191.2500 -525.6250
v 673.6250 191.2500 -595.6274
v 578.0000 264.4382 -606.6920
v 666.3460 264.4382 -583.0197
v 578.0000 191.2500 -621.2500
v 666.3460 264.4382 -583.0197
v 673.6250 191.2500 -595.6274
v 578.0000 191.2500 -621.2500
v 489.6540 264.4382 -583.0197
v 578.0000 264.4382 -606.6920
v 482.3750 191.2500 -595.6274
v 578.0000 264.4382 -606.6920
v 578.0000 191.2500 -621.2500
v 482.3750 191.2500 -595.6274
v 424.9803 264.4382 -518.3460
v 489.6540 264.4382 -583.0197
v 412.3726 191.2500 -525.6250
v 489.6540 264.4382 -583.0197
v 482.3750 191.2500 -595.6274
v 412.3726 191.2500 -525.6250
v 401.3080 264.4382 -430.0000
v 424.9803 264.4382 -518.3460
v 386.7500 191.2500 -430.0000
v 424.9803 264.4382 -518.3460
v 412.3726 191.2500 -525.6250
v 386.7500 191.2500 -430.0000
v 412.3726 191.2500 -334.3750
v 386.7500 191.2500 -430.0000
v 424.9803 118.0618 -341.6540
v 386.7500 191.2500 -430.0000
v 401.3080 118.0618 -430.0000
v 424.9803 118.0618 -341.6540
v 482.3750 191.2500 -264.3726
v 412.3726 191.2500 -334.3750
v 489.6540 118.0618 -276.9803
v 412.3726 191.2500 -334.3750
v 424.9803 118.0618 -341.6540
v 489.6540 118.0618 -276.9803
v 578.0000 191.2500 -238.7500
v 482.3750 191.2500 -264.3726
v 578.0000 118.0618 -253.3080
v 482.3750 191.2500 -264.3726
v 489.6540 118.0618 -276.9803
v 578.0000 118.0618 -253.3080
v 673.6250 191.2500 -264.3726
v 578.0000 191.2500 -238.7500
v 666.3460 118.0618 -276.9803
v 578.0000 191.2500 -238.7500
v 578.0000 118.0618 -253.3080
v 666.3460 118.0618 -276.9803
v 743.6274 191.2500 -334.3750
v 673.6250 191.2500 -264.3726
v 731.0197 118.0618 -341.6540
v 673.6250 191.2500 -264.3726
v 666.3460 118.0618 -276.9803
v 731.0197 118.0618 -341.6540
v 769.2500 191.2500 -430.0000
v 743.6274 191.2500 -334.3750
v 754.6920 118.0618 -430.0000
v 743.6274 191.2500 -334.3750
v 731.0197 118.0618 -341.6540
v 754.6920 118.0618 -430.0000
v 743.6274 191.2500 -525.6250
v 769.2500 191.2500 -430.0000
v 731.0197 118.0618 -518.3460
v 769.2500 191.2500 -430.0000
v 754.6920 118.0618 -430.0000
v 731.0197 118.0618 -518.3460
v 673.6250 191.2500 -595.6274
v 743.6274 191.2500 -525.6250
v 666.3460 118.0618 -583.0197
v 743.6274 191.2500 -525.6250
v 731.0197 118.0618 -518.3460
v 666.3460 118.0618 -583.0197
v 578.0000 191.2500 -621.2500
v 673.6250 191.2500 -595.6274
v 578.0000 118.0618 -606.6920
v 673.6250 191.2500 -595.6274
v 666.3460 118.0618 -583.0197
v 578.0000 118.0618 -606.6920
v 482.3750 191.2500 -595.6274
v 578.0000 191.2500 -621.2500
v 489.6540 118.0618 -583.0197
v 578.0000 191.2500 -621.2500
v 578.0000 118.0618 -606.6920
v 489.6540 118.0618 -583.0197
v 412.3726 191.2500 -525.6250
v 482.3750 191.2500 -595.6274
v 424.9803 118.0618 -518.3460
v 482.3750 191.2500 -595.6274
v 489.6540 118.0618 -583.0197
v 424.9803 118.0618 -518.3460
v 386.7500 191.2500 -430.0000
v 412.3726 191.2500 -525.6250
v 401.3080 118.0618 -430.0000
v 412.3726 191.2500 -525.6250
v 424.9803 118.0618 -518.3460
v 401.3080 118.0618 -430.0000
v 424.9803 118.0618 -341.6540
v 401.3080 118.0618 -430.0000
v 460.8838 56.0158 -362.3829
v 401.3080 118.0618 -430.0000
v 442.7658 56.0158 -430.0000
v 460.8838 56.0158 -362.3829
v 489.6540 118.0618 -276.9803
v 424.9803 118.0618 -341.6540
v 510.3829 56.0158 -312.8838
v 424.9803 118.0618 -341.6540
v 460.8838 56.0158 -362.3829
v 510.3829 56.0158 -312.8838
v 578.0000 118.0618 -253.3080
v 489.6540 118.0618 -276.9803
v 578.0000 56.0158 -294.7658
v 489.6540 118.0618 -276.9803
v 510.3829 56.0158 -312.8838
v 578.0000 56.0158 -294.7658
v 666.3460 118.0618 -276.9803
v 578.0000 118.0618 -253.3080
v 645.6171 56.0158 -312.8838
v 578.0000 118.0618 -253.3080
v 578.0000 56.0158 -294.7658
v 645.6171 56.0158 -312.8838
v 731.0197 118.0618 -341.6540
v 666.3460 118.0618 -276.9803
v 695.1162 56.0158 -362.3829
v 666.3460 118.0618 -276.9803
v 645.6171 56.0158 -312.8838
v 695.1162 56.0158 -362.3829
v 754.6920 118.0618 -430.0000
v 731.0197 118.0618 -341.6540
v 713.2342 56.0158 -430.0000
v 731.0197 118.0618 -341.6540
v 695.1162 56.0158 -362.3829
v 713.2342 56.0158 -430.0000
v 731.0197 118.0618 -518.3460
v 754.6920 118.0618 -430.0000
v 695.1162 56.0158 -497.6171
v 754.6920 118.0618 -430.0000
v 713.2342 56.0158 -430.0000
v 695.1162 56.0158 -497.6171
v 666.3460 118.0618 -583.0197
v 731.0197 118.0618 -518.3460
v 645.6171 56.0158 -547.1162
v 731.0197 118.0618 -518.3460
v 695.1162 56.0158 -497.6171
v 645.6171 56.0158 -547.1162
v 578.0000 118.0618 -606.6920
v 666.3460 118.0618 -583.0197
v 578.0000 56.0158 -565.2342
v 666.3460 118.0618 -583.0197
v 645.6171 56.0158 -547.1162
v 578.0000 56.0158 -565.2342
v 489.6540 118.0618 -583.0197
v 578.0000 118.0618 -606.6920
v 510.3829 56.0158 -547.1162
v 578.0000 118.0618 -606.6920
v 578.0000 56.0158 -565.2342
v 510.3829 56.0158 -547.1162
v 424.9803 118.0618 -518.3460
v 489.6540 118.0618 -583.0197
v 460.8838 56.0158 -497.6171
v 489.6540 118.0618 -583.0197
v 510.3829 56.0158 -547.1162
v 460.8838 56.0158 -497.6171
v 401.3080 118.0618 -430.0000
v 424.9803 118.0618 -518.3460
v 442.7658 56.0158 -430.0000
v 424.9803 118.0618 -518.3460
v 460.8838 56.0158 -497.6171
v 442.7658 56.0158 -430.0000
v 460.8838 56.0158 -362.3829
v 442.7658 56.0158 -430.0000
v 514.6172 14.5580 -393.4059
v 442.7658 56.0158 -430.0000
v 504.8118 14.5580 -430.0000
v 514.6172 14.5580 -393.4059
v 510.3829 56.0158 -312.8838
v 460.8838 56.0158 -362.3829
v 541.4059 14.5580 -366.6172
v 460.8838 56.0158 -362.3829
v 514.6172 14.5580 -393.4059
v 541.4059 14.5580 -366.6172
v 578.0000 56.0158 -294.7658
v 510.3829 56.0158 -312.8838
v 578.0000 14.5580 -356.8118
v 510.3829 56.0158 -312.8838
v 541.4059 14.5580 -366.6172
v 578.0000 14.5580 -356.8118
v 645.6171 56.0158 -312.8838
v 578.0000 56.0158 -294.7658
v 614.5941 14.5580 -366.6172
v 578.0000 56.0158 -294.7658
v 578.0000 14.5580 -356.8118
v 614.5941 14.5580 -366.6172
v 695.1162 56.0158 -362.3829
v 645.6171 56.0158 -312.8838
v 641.3828 14.5580 -393.4059
v 645.6171 56.0158 -312.8838
v 614.5941 14.5580 -366.6172
v 641.3828 14.5580 -393.4059
v 713.2342 56.0158 -430.0000
v 695.1162 56.0158 -362.3829
v 651.1882 14.5580 -430.0000
v 695.1162 56.0158 -362.3829
v 641.3828 14.5580 -393.4059
v 651.1882 14.5580 -430.0000
v 695.1162 56.0158 -497.6171
v 713.2342 56.0158 -430.0000
v 641.3828 14.5580 -466.5941
v 713.2342 56.0158 -430.0000
v 651.1882 14.5580 -430.0000
v 641.3828 14.5580 -466.5941
v 645.6171 56.0158 -547.1162
v 695.1162 56.0158 -497.6171
v 614.5941 14.5580 -493.3828
v 695.1162 56.0158 -497.6171
v 641.3828 14.5580 -466.5941
v 614.5941 14.5580 -493.3828
v 578.0000 56.0158 -565.2342
v 645.6171 56.0158 -547.1162
v 578.0000 14.5580 -503.1882
v 645.6171 56.0158 -547.1162
v 614.5941 14.5580 -493.3828
v 578.0000 14.5580 -503.1882
v 510.3829 56.0158 -547.1162
v 578.0000 56.0158 -565.2342
v 541.4059 14.5580 -493.3828
v 578.0000 56.0158 -565.2342
v 578.0000 14.5580 -503.1882
v 541.4059 14.5580 -493.3828
v 460.8838 56.0158 -497.6171
v 510.3829 56.0158 -547.1162
v 514.6172 14.5580 -466.5941
v 510.3829 56.0158 -547.1162
v 541.4059 14.5580 -493.3828
v 514.6172 14.5580 -466.5941
v 442.7658 56.0158 -430.0000
v 460.8838 56.0158 -497.6171
v 504.8118 14.5580 -430.0000
v 460.8838 56.0158 -497.6171
v 514.6172 14.5580 -466.5941
v 504.8118 14.5580 -430.0000
v 514.6172 14.5580 -393.4059
v 504.8118 14.5580 -430.0000
v 578.0000 0.0000 -430.0000
v 541.4059 14.5580 -366.6172
v 514.6172 14.5580 -393.4059
v 578.0000 0.0000 -430.0000
v 578.0000 14.5580 -356.8118
v 541.4059 14.5580 -366.6172
v 578.0000 0.0000 -430.0000
v 614.5941 14.5580 -366.6172
v 578.0000 14.5580 -356.8118
v 578.0000 0.0000 -430.0000
v 641.3828 14.5580 -393.4059
v 614.5941 14.5580 -366.6172
v 578.0000 0.0000 -430.0000
v 651.1882 14.5580 -430.0000
v 641.3828 14.5580 -393.4059
v 578.0000 0.0000 -430.0000
v 641.3828 14.5580 -466.5941
v 651.1882 14.5580 -430.0000
v 578.0000 0.0000 -430.0000
v 614.5941 14.5580 -493.3828
v 641.3828 14.5580 -466.5941
v 578.0000 0.0000 -430.0000
v 578.0000 14.5580 -503.1882
v 614.5941 14.5580 -493.3828
v 578.0000 0.0000 -430.0000
v 541.4059 14.5580 -493.3828
v 578.0000 14.5580 -503.1882
v 578.0000 0.0000 -430.0000
v 514.6172 14.5580 -466.5941
v 541.4059 14.5580 -493.3828
v 578.0000 0.0000 -430.0000
v 504.8118 14.5580 -430.0000
v 514.6172 14.5580 -466.5941
v 578.0000 0.0000 -430.0000
v 369.1029 176.9802 1.4346
v 388.9562 150.7254 -31.7980
v 367.3015 179.3503 -1.2370
v 388.9562 150.7254 -31.7980
v 387.3005 152.9057 -34.7143
v 367.3015 179.3503 -1.2370
v 367.3015 179.3503 -1.2370
v 387.3005 152.9057 -34.7143
v 363.6985 178.3701 -2.6716
v 387.3005 152.9057 -34.7143
v 383.6678 151.9642 -36.0989
v 363.6985 178.3701 -2.6716
v 363.6985 178.3701 -2.6716
v 383.6678 151.9642 -36.0989
v 361.8971 175.0198 -1.4346
v 383.6678 151.9642 -36.0989
v 381.6908 148.8424 -34.5672
v 361.8971 175.0198 -1.4346
v 361.8971 175.0198 -1.4346
v 381.6908 148.8424 -34.5672
v 363.6985 172.6497 1.2370
v 381.6908 148.8424 -34.5672
v 383.3465 146.6621 -31.6509
v 363.6985 172.6497 1.2370
v 363.6985 172.6497 1.2370
v 383.3465 146.6621 -31.6509
v 367.3015 173.6299 2.6716
v 383.3465 146.6621 -31.6509
v 386.9792 147.6036 -30.2663
v 367.3015 173.6299 2.6716
v 367.3015 173.6299 2.6716
v 386.9792 147.6036 -30.2663
v 369.1029 176.9802 1.4346
v 386.9792 147.6036 -30.2663
v 388.9562 150.7254 -31.7980
v 369.1029 176.9802 1.4346
v 388.9562 150.7254 -31.7980
v 408.2234 121.9886 -63.2327
v 387.3005 152.9057 -34.7143
v 408.2234 121.9886 -63.2327
v 406.6038 124.1155 -66.2081
v 387.3005 152.9057 -34.7143
v 387.3005 152.9057 -34.7143
v 406.6038 124.1155 -66.2081
v 383.6678 151.9642 -36.0989
v 406.6038 124.1155 -66.2081
v 402.9637 123.1849 -67.5807
v 383.6678 151.9642 -36.0989
v 383.6678 151.9642 -36.0989
v 402.9637 123.1849 -67.5807
v 381.6908 148.8424 -34.5672
v 402.9637 123.1849 -67.5807
v 400.9432 120.1274 -65.9778
v 381.6908 148.8424 -34.5672
v 381.6908 148.8424 -34.5672
v 400.9432 120.1274 -65.9778
v 383.3465 146.6621 -31.6509
v 400.9432 120.1274 -65.9778
v 402.5628 118.0005 -63.0024
v 383.3465 146.6621 -31.6509
v 383.3465 146.6621 -31.6509
v 402.5628 118.0005 -63.0024
v 386.9792 147.6036 -30.2663
v 402.5628 118.0005 -63.0024
v 406.2029 118.9310 -61.6299
v 386.9792 147.6036 -30.2663
v 386.9792 147.6036 -30.2663
v 406.2029 118.9310 -61.6299
v 388.9562 150.7254 -31.7980
v 406.2029 118.9310 -61.6299
v 408.2234 121.9886 -63.2327
v 388.9562 150.7254 -31.7980
v 408.2234 121.9886 -63.2327
v 427.5265 93.4977 -94.8013
v 406.6038 124.1155 -66.2081
v 427.5265 93.4977 -94.8013
v 425.8547 95.7009 -97.6911
v 406.6038 124.1155 -66.2081
v 406.6038 124.1155 -66.2081
v 425.8547 95.7009 -97.6911
v 402.9637 123.1849 -67.5807
v 425.8547 95.7009 -97.6911
v 422.2253 94.7548 -99.0811
v 402.9637 123.1849 -67.5807
v 402.9637 123.1849 -67.5807
v 422.2253 94.7548 -99.0811
v 400.9432 120.1274 -65.9778
v 422.2253 94.7548 -99.0811
v 420.2676 91.6055 -97.5813
v 400.9432 120.1274 -65.9778
v 400.9432 120.1274 -65.9778
v 420.2676 91.6055 -97.5813
v 402.5628 118.0005 -63.0024
v 420.2676 91.6055 -97.5813
v 421.9394 89.4023 -94.6914
v 402.5628 118.0005 -63.0024
v 402.5628 118.0005 -63.0024
v 421.9394 89.4023 -94.6914
v 406.2029 118.9310 -61.6299
v 421.9394 89.4023 -94.6914
v 425.5688 90.3485 -93.3014
v 406.2029 118.9310 -61.6299
v 406.2029 118.9310 -61.6299
v 425.5688 90.3485 -93.3014
v 408.2234 121.9886 -63.2327
v 425.5688 90.3485 -93.3014
v 427.5265 93.4977 -94.8013
v 408.2234 121.9886 -63.2327
v 427.5265 93.4977 -94.8013
v 447.4723 68.1308 -128.4421
v 425.8547 95.7009 -97.6911
v 447.4723 68.1308 -128.4421
v 445.6290 70.5483 -131.0417
v 425.8547 95.7009 -97.6911
v 425.8547 95.7009 -97.6911
v 445.6290 70.5483 -131.0417
v 422.2253 94.7548 -99.0811
v 445.6290 70.5483 -131.0417
v 442.0346 69.5584 -132.4910
v 422.2253 94.7548 -99.0811
v 422.2253 94.7548 -99.0811
v 442.0346 69.5584 -132.4910
v 420.2676 91.6055 -97.5813
v 442.0346 69.5584 -132.4910
v 440.2835 66.1510 -131.3406
v 420.2676 91.6055 -97.5813
v 420.2676 91.6055 -97.5813
v 440.2835 66.1510 -131.3406
v 421.9394 89.4023 -94.6914
v 440.2835 66.1510 -131.3406
v 442.1268 63.7335 -128.7410
v 421.9394 89.4023 -94.6914
v 421.9394 89.4023 -94.6914
v 442.1268 63.7335 -128.7410
v 425.5688 90.3485 -93.3014
v 442.1268 63.7335 -128.7410
v 445.7212 64.7234 -127.2918
v 425.5688 90.3485 -93.3014
v 425.5688 90.3485 -93.3014
v 445.7212 64.7234 -127.2918
v 427.5265 93.4977 -94.8013
v 445.7212 64.7234 -127.2918
v 447.4723 68.1308 -128.4421
v 427.5265 93.4977 -94.8013
v 447.4723 68.1308 -128.4421
v 468.4041 50.8589 -166.0902
v 445.6290 70.5483 -131.0417
v 468.4041 50.8589 -166.0902
v 466.1766 53.5806 -167.9958
v 445.6290 70.5483 -131.0417
v 445.6290 70.5483 -131.0417
v 466.1766 53.5806 -167.9958
v 442.0346 69.5584 -132.4910
v 466.1766 53.5806 -167.9958
v 462.6606 52.5286 -169.5867
v 442.0346 69.5584 -132.4910
v 442.0346 69.5584 -132.4910
v 462.6606 52.5286 -169.5867
v 440.2835 66.1510 -131.3406
v 462.6606 52.5286 -169.5867
v 461.3720 48.7550 -169.2721
v 440.2835 66.1510 -131.3406
v 440.2835 66.1510 -131.3406
v 461.3720 48.7550 -169.2721
v 442.1268 63.7335 -128.7410
v 461.3720 48.7550 -169.2721
v 463.5994 46.0333 -167.3665
v 442.1268 63.7335 -128.7410
v 442.1268 63.7335 -128.7410
v 463.5994 46.0333 -167.3665
v 445.7212 64.7234 -127.2918
v 463.5994 46.0333 -167.3665
v 467.1154 47.0853 -165.7756
v 445.7212 64.7234 -127.2918
v 445.7212 64.7234 -127.2918
v 467.1154 47.0853 -165.7756
v 447.4723 68.1308 -128.4421
v 467.1154 47.0853 -165.7756
v 468.4041 50.8589 -166.0902
v 447.4723 68.1308 -128.4421
v 468.4041 50.8589 -166.0902
v 489.0949 49.7095 -207.2982
v 466.1766 53.5806 -167.9958
v 489.0949 49.7095 -207.2982
v 486.3005 52.4642 -208.0750
v 466.1766 53.5806 -167.9958
v 466.1766 53.5806 -167.9958
v 486.3005 52.4642 -208.0750
v 462.6606 52.5286 -169.5867
v 486.3005 52.4642 -208.0750
v 482.9002 51.4055 -209.8963
v 462.6606 52.5286 -169.5867
v 462.6606 52.5286 -169.5867
v 482.9002 51.4055 -209.8963
v 461.3720 48.7550 -169.2721
v 482.9002 51.4055 -209.8963
v 482.2943 47.5921 -210.9408
v 461.3720 48.7550 -169.2721
v 461.3720 48.7550 -169.2721
v 482.2943 47.5921 -210.9408
v 463.5994 46.0333 -167.3665
v 482.2943 47.5921 -210.9408
v 485.0887 44.8375 -210.1640
v 463.5994 46.0333 -167.3665
v 463.5994 46.0333 -167.3665
v 485.0887 44.8375 -210.1640
v 467.1154 47.0853 -165.7756
v 485.0887 44.8375 -210.1640
v 488.4890 45.8962 -208.3427
v 467.1154 47.0853 -165.7756
v 467.1154 47.0853 -165.7756
v 488.4890 45.8962 -208.3427
v 468.4041 50.8589 -166.0902
v 488.4890 45.8962 -208.3427
v 489.0949 49.7095 -207.2982
v 468.4041 50.8589 -166.0902
v 489.0949 49.7095 -207.2982
v 507.2722 64.3756 -247.4312
v 486.3005 52.4642 -208.0750
v 507.2722 64.3756 -247.4312
v 504.1602 66.8873 -247.5099
v 486.3005 52.4642 -208.0750
v 486.3005 52.4642 -208.0750
v 504.1602 66.8873 -247.5099
v 482.9002 51.4055 -209.8963
v 504.1602 66.8873 -247.5099
v 500.8247 65.8782 -249.4736
v 482.9002 51.4055 -209.8963
v 482.9002 51.4055 -209.8963
v 500.8247 65.8782 -249.4736
v 482.2943 47.5921 -210.9408
v 500.8247 65.8782 -249.4736
v 500.6013 62.3573 -251.3587
v 482.2943 47.5921 -210.9408
v 482.2943 47.5921 -210.9408
v 500.6013 62.3573 -251.3587
v 485.0887 44.8375 -210.1640
v 500.6013 62.3573 -251.3587
v 503.7133 59.8456 -251.2800
v 485.0887 44.8375 -210.1640
v 485.0887 44.8375 -210.1640
v 503.7133 59.8456 -251.2800
v 488.4890 45.8962 -208.3427
v 503.7133 59.8456 -251.2800
v 507.0488 60.8547 -249.3162
v 488.4890 45.8962 -208.3427
v 488.4890 45.8962 -208.3427
v 507.0488 60.8547 -249.3162
v 489.0949 49.7095 -207.2982
v 507.0488 60.8547 -249.3162
v 507.2722 64.3756 -247.4312
v 489.0949 49.7095 -207.2982
v 507.2722 64.3756 -247.4312
v 523.1557 87.0082 -284.9615
v 504.1602 66.8873 -247.5099
v 523.1557 87.0082 -284.9615
v 519.9075 89.3300 -284.7196
v 504.1602 66.8873 -247.5099
v 504.1602 66.8873 -247.5099
v 519.9075 89.3300 -284.7196
v 500.8247 65.8782 -249.4736
v 519.9075 89.3300 -284.7196
v 516.5999 88.3597 -286.7488
v 500.8247 65.8782 -249.4736
v 500.8247 65.8782 -249.4736
v 516.5999 88.3597 -286.7488
v 500.6013 62.3573 -251.3587
v 516.5999 88.3597 -286.7488
v 516.5403 85.0674 -289.0199
v 500.6013 62.3573 -251.3587
v 500.6013 62.3573 -251.3587
v 516.5403 85.0674 -289.0199
v 503.7133 59.8456 -251.2800
v 516.5403 85.0674 -289.0199
v 519.7885 82.7456 -289.2618
v 503.7133 59.8456 -251.2800
v 503.7133 59.8456 -251.2800
v 519.7885 82.7456 -289.2618
v 507.0488 60.8547 -249.3162
v 519.7885 82.7456 -289.2618
v 523.0962 83.7160 -287.2326
v 507.0488 60.8547 -249.3162
v 507.0488 60.8547 -249.3162
v 523.0962 83.7160 -287.2326
v 507.2722 64.3756 -247.4312
v 523.0962 83.7160 -287.2326
v 523.1557 87.0082 -284.9615
v 507.2722 64.3756 -247.4312
v 523.1557 87.0082 -284.9615
v 537.7367 113.1819 -320.7676
v 519.9075 89.3300 -284.7196
v 537.7367 113.1819 -320.7676
v 534.4335 115.4061 -320.3909
v 519.9075 89.3300 -284.7196
v 519.9075 89.3300 -284.7196
v 534.4335 115.4061 -320.3909
v 516.5999 88.3597 -286.7488
v 534.4335 115.4061 -320.3909
v 531.1371 114.4557 -322.4476
v 516.5999 88.3597 -286.7488
v 516.5999 88.3597 -286.7488
v 531.1371 114.4557 -322.4476
v 516.5403 85.0674 -289.0199
v 531.1371 114.4557 -322.4476
v 531.1438 111.2810 -324.8811
v 516.5403 85.0674 -289.0199
v 516.5403 85.0674 -289.0199
v 531.1438 111.2810 -324.8811
v 519.7885 82.7456 -289.2618
v 531.1438 111.2810 -324.8811
v 534.4470 109.0568 -325.2578
v 519.7885 82.7456 -289.2618
v 519.7885 82.7456 -289.2618
v 534.4470 109.0568 -325.2578
v 523.0962 83.7160 -287.2326
v 534.4470 109.0568 -325.2578
v 537.7434 110.0073 -323.2010
v 523.0962 83.7160 -287.2326
v 523.0962 83.7160 -287.2326
v 537.7434 110.0073 -323.2010
v 523.1557 87.0082 -284.9615
v 537.7434 110.0073 -323.2010
v 537.7367 113.1819 -320.7676
v 523.1557 87.0082 -284.9615
v 537.7367 113.1819 -320.7676
v 551.8224 140.5889 -355.8896
v 534.4335 115.4061 -320.3909
v 551.8224 140.5889 -355.8896
v 548.5103 142.7958 -355.4906
v 534.4335 115.4061 -320.3909
v 534.4335 115.4061 -320.3909
v 548.5103 142.7958 -355.4906
v 531.1371 114.4557 -322.4476
v 548.5103 142.7958 -355.4906
v 545.2156 141.8489 -357.5519
v 531.1371 114.4557 -322.4476
v 531.1371 114.4557 -322.4476
v 545.2156 141.8489 -357.5519
v 531.1438 111.2810 -324.8811
v 545.2156 141.8489 -357.5519
v 545.2332 138.6950 -360.0122
v 531.1438 111.2810 -324.8811
v 531.1438 111.2810 -324.8811
v 545.2332 138.6950 -360.0122
v 534.4470 109.0568 -325.2578
v 545.2332 138.6950 -360.0122
v 548.5453 136.4881 -360.4112
v 534.4470 109.0568 -325.2578
v 534.4470 109.0568 -325.2578
v 548.5453 136.4881 -360.4112
v 537.7434 110.0073 -323.2010
v 548.5453 136.4881 -360.4112
v 551.8399 137.4350 -358.3499
v 537.7434 110.0073 -323.2010
v 537.7434 110.0073 -323.2010
v 551.8399 137.4350 -358.3499
v 537.7367 113.1819 -320.7676
v 551.8399 137.4350 -358.3499
v 551.8224 140.5889 -355.8896
v 537.7367 113.1819 -320.7676
v 551.8224 140.5889 -355.8896
v 566.1027 167.5690 -391.2950
v 548.5103 142.7958 -355.4906
v 566.1027 167.5690 -391.2950
v 562.8226 169.8359 -390.9753
v 548.5103 142.7958 -355.4906
v 548.5103 142.7958 -355.4906
v 562.8226 169.8359 -390.9753
v 545.2156 141.8489 -357.5519
v 562.8226 169.8359 -390.9753
v 559.5214 168.8768 -393.0204
v 545.2156 141.8489 -357.5519
v 545.2156 141.8489 -357.5519
v 559.5214 168.8768 -393.0204
v 545.2332 138.6950 -360.0122
v 559.5214 168.8768 -393.0204
v 559.5004 165.6507 -395.3851
v 545.2332 138.6950 -360.0122
v 545.2332 138.6950 -360.0122
v 559.5004 165.6507 -395.3851
v 548.5453 136.4881 -360.4112
v 559.5004 165.6507 -395.3851
v 562.7805 163.3837 -395.7048
v 548.5453 136.4881 -360.4112
v 548.5453 136.4881 -360.4112
v 562.7805 163.3837 -395.7048
v 551.8399 137.4350 -358.3499
v 562.7805 163.3837 -395.7048
v 566.0816 164.3429 -393.6597
v 551.8399 137.4350 -358.3499
v 551.8399 137.4350 -358.3499
v 566.0816 164.3429 -393.6597
v 551.8224 140.5889 -355.8896
v 566.0816 164.3429 -393.6597
v 566.1027 167.5690 -391.2950
v 551.8224 140.5889 -355.8896
v 566.1027 167.5690 -391.2950
v 581.3199 192.2391 -428.0001
v 562.8226 169.8359 -390.9753
v 581.3199 192.2391 -428.0001
v 578.1318 194.6529 -427.9017
v 562.8226 169.8359 -390.9753
v 562.8226 169.8359 -390.9753
v 578.1318 194.6529 -427.9017
v 559.5214 168.8768 -393.0204
v 578.1318 194.6529 -427.9017
v 574.8119 193.6638 -429.9016
v 559.5214 168.8768 -393.0204
v 559.5214 168.8768 -393.0204
v 574.8119 193.6638 -429.9016
v 559.5004 165.6507 -395.3851
v 574.8119 193.6638 -429.9016
v 574.6801 190.2609 -431.9999
v 559.5004 165.6507 -395.3851
v 559.5004 165.6507 -395.3851
v 574.6801 190.2609 -431.9999
v 562.7805 163.3837 -395.7048
v 574.6801 190.2609 -431.9999
v 577.8682 187.8471 -432.0983
v 562.7805 163.3837 -395.7048
v 562.7805 163.3837 -395.7048
v 577.8682 187.8471 -432.0983
v 566.0816 164.3429 -393.6597
v 577.8682 187.8471 -432.0983
v 581.1881 188.8362 -430.0984
v 566.0816 164.3429 -393.6597
v 566.0816 164.3429 -393.6597
v 581.1881 188.8362 -430.0984
v 566.1027 167.5690 -391.2950
v 581.1881 188.8362 -430.0984
v 581.3199 192.2391 -428.0001
v 566.1027 167.5690 -391.2950
f 1 2 3
f 4 5 6
f 7 8 9
f 10 11 12
f 13 14 15
f 16 17 18
f 19 20 21
f 22 23 24
f 25 26 27
f 28 29 30
f 31 32 33
f 34 35 36
f 37 38 39
f 40 41 42
f 43 44 45
f 46 47 48
f 49 50 51
f 52 53 54
f 55 56 57
f 58 59 60
f 61 62 63
f 64 65 66
f 67 68 69
f 70 71 72
f 73 74 75
f 76 77 78
f 79 80 81
f 82 83 84
f 85 86 87
f 88 89 90
f 91 92 93
f 94 95 96
f 97 98 99
f 100 101 102
f 103 104 105
f 106 107 108
f 109 110 111
f 112 113 114
f 115 116 117
f 118 119 120
f 121 122 123
f 124 125 126
f 127 128 129
f 130 131 132
f 133 134 135
f 136 137 138
f 139 140 141
f 142 143 144
f 145 146 147
f 148 149 150
f 151 152 153
f 154 155 156
f 157 158 159
f 160 161 162
f 163 164 165
f 166 167 168
f 169 170 171
f 172 173 174
f 175 176 177
f 178 179 180
f 181 182 183
f 184 185 186
f 187 188 189
f 190 191 192
f 193 194 195
f 196 197 198
f 199 200 201
f 202 203 204
f 205 206 207
f 208 209 210
f 211 212 213
f 214 215 216
f 217 218 219
f 220 221 222
f 223 224 225
f 226 227 228
f 229 230 231
f 232 233 234
f 235 236 237
f 238 239 240
f 241 242 243
f 244 245 246
f 247 248 249
f 250 251 252
f 253 254 255
f 256 257 258
f 259 260 261
f 262 263 264
f 265 266 267
f 268 269 270
f 271 272 273
f 274 275 276
f 277 278 279
f 280 281 282
f 283 284 285
f 286 287 288
f 289 290 291
f 292 293 294
f 295 296 297
f 298 299 300
f 301 302 303
f 304 305 306
f 307 308 309
f 310 311 312
f 313 314 315
f 316 317 318
f 319 320 321
f 322 323 324
f 325 326 327
f 328 329 330
f 331 332 333
f 334 335 336
f 337 338 339
f 340 341 342
f 343 344 345
f 346 347 348
f 349 350 351
f 352 353 354
f 355 356 357
f 358 359 360
f 361 362 363
f 364 365 366
f 367 368 369
f 370 371 372
f 373 374 375
f 376 377 378
f 379 380 381
f 382 383 384
f 385 386 387
f 388 389 390
f 391 392 393
f 394 395 396
f 397 398 399
f 400 401 402
f 403 404 405
f 406 407 408
f 409 410 411
f 412 413 414
f 415 416 417
f 418 419 420
f 421 422 423
f 424 425 426
f 427 428 429
f 430 431 432
f 433 434 435
f 436 437 438
f 439 440 441
f 442 443 444
f 445 446 447
f 448 449 450
f 451 452 453
f 454 455 456
f 457 458 459
f 460 461 462
f 463 464 465
f 466 467 468
f 469 470 471
f 472 473 474
f 475 476 477
f 478 479 480
f 481 482 483
f 484 485 486
f 487 488 489
f 490 491 492
f 493 494 495
f 496 497 498
f 499 500 501
f 502 503 504
f 505 506 507
f 508 509 510
f 511 512 513
f 514 515 516
f 517 518 519
f 520 521 522
f 523 524 525
f 526 527 528
f 529 530 531
f 532 533 534
f 535 536 537
f 538 539 540
f 541 542 543
f 544 545 546
f 547 548 549
f 550 551 552
f 553 554 555
f 556 557 558
f 559 560 561
f 562 563 564
f 565 566 567
f 568 569 570
f 571 572 573
f 574 575 576
f 577 578 579
f 580 581 582
f 583 584 585
f 586 587 588
f 589 590 591
f 592 593 594
f 595 596 597
f 598 599 600
f 601 602 603
f 604 605 606
f 607 608 609
f 610 611 612
f 613 614 615
f 616 617 618
f 619 620 621
f 622 623 624
f 625 626 627
f 628 629 630
f 631 632 633
f 634 635 636
f 637 638 639
f 640 641 642
f 643 644 645
f 646 647 648
f 649 650 651
f 652 653 654
f 655 656 657
f 658 659 660
f 661 662 663
f 664 665 666
f 667 668 669
f 670 671 672
f 673 674 675
f 676 677 678
f 679 680 681
f 682 683 684
f 685 686 687
f 688 689 690
f 691 692 693
f 694 695 696
f 697 698 699
f 700 701 702
f 703 704 705
f 706 707 708
f 709 710 711
f 712 713 714
f 715 716 717
f 718 719 720
f 721 722 723
f 724 725 726
f 727 728 729
f 730 731 732
f 733 734 735
f 736 737 738
f 739 740 741
f 742 743 744
f 745 746 747
f 748 749 750
f 751 752 753
f 754 755 756
f 757 758 759
f 760 761 762
f 763 764 765
f 766 767 768
f 769 770 771
f 772 773 774
f 775 776 777
f 778 779 780
f 781 782 783
f 784 785 786
f 787 788 789
f 790 791 792
f 793 794 795
f 796 797 798
f 799 800 801
f 802 803 804
f 805 806 807
f 808 809 810
f 811 812 813
f 814 815 816
f 817 818 819
f 820 821 822
f 823 824 825
f 826 827 828
f 829 830 831
f 832 833 834
f 835 836 837
f 838 839 840
f 841 842 843
f 844 845 846
f 847 848 849
f 850 851 852
f 853 854 855
f 856 857 858
f 859 860 861
f 862 863 864
f 865 866 867
f 868 869 870
f 871 872 873
f 874 875 876
f 877 878 879
f 880 881 882
f 883 884 885
f 886 887 888
f 889 890 891
f 892 893 894
f 895 896 897
f 898 899 900
f 901 902 903
f 904 905 906
f 907 908 909
f 910 911 912
f 913 914 915
f 916 917 918
f 919 920 921
f 922 923 924
f 925 926 927
f 928 929 930
f 931 932 933
f 934 935 936
f 937 938 939
f 940 941 942
f 943 944 945
f 946 947 948
f 949 950 951
f 952 953 954
f 955 956 957
f 958 959 960
f 961 962 963
f 964 965 966
f 967 968 969
f 970 971 972
f 973 974 975
f 976 977 978
f 979 980 981
f 982 983 984
f 985 986 987
f 988 989 990
f 991 992 993
f 994 995 996
f 997 998 999
f 1000 1001 1002
f 1003 1004 1005
f 1006 1007 1008
f 1009 1010 1011
f 1012 1013 1014
f 1015 1016 1017
f 1018 1019 1020
f 1021 1022 1023
f 1024 1025 1026
f 1027 1028 1029
f 1030 1031 1032
f 1033 1034 1035
f 1036 1037 1038
f 1039 1040 1041
f 1042 1043 1044
f 1045 1046 1047
f 1048 1049 1050
f 1051 1052 1053
f 1054 1055 1056
f 1057 1058 1059
f 1060 1061 1062
f 1063 1064 1065
f 1066 1067 1068
f 1069 1070 1071
f 1072 1073 1074
f 1075 1076 1077
f 1078 1079 1080
f 1081 1082 1083
f 1084 1085 1086
f 1087 1088 1089
f 1090 1091 1092
f 1093 1094 1095
f 1096 1097 1098
f 1099 1100 1101
f 1102 1103 1104
f 1105 1106 1107
f 1108 1109 1110
f 1111 1112 1113
f 1114 1115 1116
f 1117 1118 1119
f 1120 1121 1122
f 1123 1124 1125
f 1126 1127 1128
f 1129 1130 1131
f 1132 1133 1134
f 1135 1136 1137
f 1138 1139 1140
f 1141 1142 1143
f 1144 1145 1146
f 1147 1148 1149
f 1150 1151 1152
f 1153 1154 1155
f 1156 1157 1158
f 1159 1160 1161
f 1162 1163 1164
f 1165 1166 1167
f 1168 1169 1170
f 1171 1172 1173
f 1174 1175 1176
f 1177 1178 1179
f 1180 1181 1182
f 1183 1184 1185
f 1186 1187 1188
f 1189 1190 1191
f 1192 1193 1194
f 1195 1196 1197
f 1198 1199 1200
f 1201 1202 1203
f 1204 1205 1206
f 1207 1208 1209
f 1210 1211 1212
f 1213 1214 1215
f 1216 1217 1218
f 1219 1220 1221
f 1222 1223 1224
f 1225 1226 1227
f 1228 1229 1230
f 1231 1232 1233
f 1234 1235 1236
f 1237 1238 1239
f 1240 1241 1242
f 1243 1244 1245
f 1246 1247 1248
f 1249 1250 1251
f 1252 1253 1254
f 1255 1256 1257
f 1258 1259 1260
f 1261 1262 1263
f 1264 1265 1266
f 1267 1268 1269
f 1270 1271 1272
f 1273 1274 1275
f 1276 1277 1278
f 1279 1280 1281
f 1282 1283 1284
f 1285 1286 1287
f 1288 1289 1290
f 1291 1292 1293
f 1294 1295 1296
f 1297 1298 1299
f 1300 1301 1302
f 1303 1304 1305
f 1306 1307 1308
f 1309 1310 1311
f 1312 1313 1314
f 1315 1316 1317
f 1318 1319 1320
f 1321 1322 1323
f 1324 1325 1326
f 1327 1328 1329
f 1330 1331 1332
f 1333 1334 1335
f 1336 1337 1338
f 1339 1340 1341
f 1342 1343 1344
f 1345 1346 1347
f 1348 1349 1350
f 1351 1352 1353
f 1354 1355 1356
f 1357 1358 1359
f 1360 1361 1362
f 1363 1364 1365
f 1366 1367 1368
f 1369 1370 1371
f 1372 1373 1374
f 1375 1376 1377
f 1378 1379 1380
f 1381 1382 1383
f 1384 1385 1386
f 1387 1388 1389
f 1390 1391 1392
f 1393 1394 1395
f 1396 1397 1398
f 1399 1400 1401
f 1402 1403 1404
f 1405 1406 1407
f 1408 1409 1410
f 1411 1412 1413
f 1414 1415 1416
f 1417 1418 1419
f 1420 1421 1422
f 1423 1424 1425
f 1426 1427 1428
f 1429 1430 1431
f 1432 1433 1434
f 1435 1436 1437
f 1438 1439 1440
f 1441 1442 1443
f 1444 1445 1446
f 1447 1448 1449
f 1450 1451 1452
f 1453 1454 1455
f 1456 1457 1458
f 1459 1460 1461
f 1462 1463 1464
f 1465 1466 1467
f 1468 1469 1470
f 1471 1472 1473
f 1474 1475 1476
f 1477 1478 1479
f 1480 1481 1482
f 1483 1484 1485
f 1486 1487 1488
f 1489 1490 1491
f 1492 1493 1494
f 1495 1496 1497
f 1498 1499 1500
f 1501 1502 1503
f 1504 1505 1506
f 1507 1508 1509
f 1510 1511 1512
f 1513 1514 1515
f 1516 1517 1518
f 1519 1520 1521
f 1522 1523 1524
f 1525 1526 1527
f 1528 1529 1530
f 1531 1532 1533
f 1534 1535 1536
f 1537 1538 1539
f 1540 1541 1542
f 1543 1544 1545
f 1546 1547 1548
f 1549 1550 1551
f 1552 1553 1554
f 1555 1556 1557
f 1558 1559 1560
f 1561 1562 1563
f 1564 1565 1566
f 1567 1568 1569
f 1570 1571 1572
f 1573 1574 1575
f 1576 1577 1578
f 1579 1580 1581
f 1582 1583 1584
f 1585 1586 1587
f 1588 1589 1590
f 1591 1592 1593
f 1594 1595 1596
f 1597 1598 1599
f 1600 1601 1602
f 1603 1604 1605
f 1606 1607 1608
f 1609 1610 1611
f 1612 1613 1614
f 1615 1616 1617
f 1618 1619 1620
f 1621 1622 1623
f 1624 1625 1626
f 1627 1628 1629
f 1630 1631 1632
f 1633 1634 1635
f 1636 1637 1638
f 1639 1640 1641
f 1642 1643 1644
f 1645 1646 1647
f 1648 1649 1650
f 1651 1652 1653
f 1654 1655 1656
f 1657 1658 1659
f 1660 1661 1662
f 1663 1664 1665
f 1666 1667 1668
f 1669 1670 1671
f 1672 1673 1674
f 1675 1676 1677
f 1678 1679 1680
f 1681 1682 1683
f 1684 1685 1686
f 1687 1688 1689
f 1690 1691 1692
f 1693 1694 1695
f 1696 1697 1698
f 1699 1700 1701
f 1702 1703 1704
f 1705 1706 1707
f 1708 1709 1710
f 1711 1712 1713
f 1714 1715 1716
f 1717 1718 1719
f 1720 1721 1722
f 1723 1724 1725
f 1726 1727 1728
f 1729 1730 1731
f 1732 1733 1734
f 1735 1736 1737
f 1738 1739 1740
f 1741 1742 1743
f 1744 1745 1746
f 1747 1748 1749
f 1750 1751 1752
f 1753 1754 1755
f 1756 1757 1758
f 1759 1760 1761
f 1762 1763 1764
f 1765 1766 1767
f 1768 1769 1770
f 1771 1772 1773
f 1774 1775 1776
f 1777 1778 1779
f 1780 1781 1782
f 1783 1784 1785
f 1786 1787 1788
f 1789 1790 1791
f 1792 1793 1794
f 1795 1796 1797
f 1798 1799 1800
f 1801 1802 1803
f 1804 1805 1806
f 1807 1808 1809
f 1810 1811 1812
f 1813 1814 1815
f 1816 1817 1818
f 1819 1820 1821
f 1822 1823 1824
f 1825 1826 1827
f 1828 1829 1830
f 1831 1832 1833
f 1834 1835 1836
f 1837 1838 1839
f 1840 1841 1842
f 1843 1844 1845
f 1846 1847 1848
f 1849 1850 1851
f 1852 1853 1854
f 1855 1856 1857
f 1858 1859 1860
f 1861 1862 1863
f 1864 1865 1866
f 1867 1868 1869
f 1870 1871 1872
f 1873 1874 1875
f 1876 1877 1878
f 1879 1880 1881
f 1882 1883 1884
f 1885 1886 1887
f 1888 1889 1890
f 1891 1892 1893
f 1894 1895 1896
f 1897 1898 1899
f 1900 1901 1902
f 1903 1904 1905
f 1906 1907 1908
f 1909 1910 1911
f 1912 1913 1914
f 1915 1916 1917
f 1918 1919 1920
f 1921 1922 1923
f 1924 1925 1926
f 1927 1928 1929
f 1930 1931 1932
f 1933 1934 1935
f 1936 1937 1938
f 1939 1940 1941
f 1942 1943 1944
f 1945 1946 1947
f 1948 1949 1950
f 1951 1952 1953
f 1954 1955 1956
f 1957 1958 1959
f 1960 1961 1962
f 1963 1964 1965
f 1966 1967 1968
f 1969 1970 1971
f 1972 1973 1974
f 1975 1976 1977
f 1978 1979 1980
f 1981 1982 1983
f 1984 1985 1986
f 1987 1988 1989
f 1990 1991 1992
f 1993 1994 1995
f 1996 1997 1998
f 1999 2000 2001
f 2002 2003 2004
f 2005 2006 2007
f 2008 2009 2010
f 2011 2012 2013
f 2014 2015 2016
f 2017 2018 2019
f 2020 2021 2022
f 2023 2024 2025
f 2026 2027 2028
f 2029 2030 2031
f 2032 2033 2034
f 2035 2036 2037
f 2038 2039 2040
f 2041 2042 2043
f 2044 2045 2046
f 2047 2048 2049
f 2050 2051 2052
f 2053 2054 2055
f 2056 2057 2058
f 2059 2060 2061
f 2062 2063 2064
f 2065 2066 2067
f 2068 2069 2070
f 2071 2072 2073
f 2074 2075 2076
f 2077 2078 2079
f 2080 2081 2082
f 2083 2084 2085
f 2086 2087 2088
f 2089 2090 2091
f 2092 2093 2094
f 2095 2096 2097
f 2098 2099 2100
f 2101 2102 2103
f 2104 2105 2106
f 2107 2108 2109
f 2110 2111 2112
f 2113 2114 2115
f 2116 2117 2118
f 2119 2120 2121
f 2122 2123 2124
f 2125 2126 2127
f 2128 2129 2130
f 2131 2132 2133
f 2134 2135 2136
f 2137 2138 2139
f 2140 2141 2142
f 2143 2144 2145
f 2146 2147 2148
f 2149 2150 2151
f 2152 2153 2154
f 2155 2156 2157
f 2158 2159 2160
f 2161 2162 2163
f 2164 2165 2166
f 2167 2168 2169
f 2170 2171 2172
f 2173 2174 2175
f 2176 2177 2178
f 2179 2180 2181
f 2182 2183 2184
f 2185 2186 2187
f 2188 2189 2190
f 2191 2192 2193
f 2194 2195 2196
f 2197 2198 2199
f 2200 2201 2202
f 2203 2204 2205
f 2206 2207 2208
f 2209 2210 2211
f 2212 2213 2214
f 2215 2216 2217
f 2218 2219 2220
f 2221 2222 2223
f 2224 2225 2226
f 2227 2228 2229
f 2230 2231 2232
f 2233 2234 2235
f 2236 2237 2238
f 2239 2240 2241
f 2242 2243 2244
f 2245 2246 2247
f 2248 2249 2250
f 2251 2252 2253
f 2254 2255 2256
f 2257 2258 2259
f 2260 2261 2262
f 2263 2264 2265
f 2266 2267 2268
f 2269 2270 2271
f 2272 2273 2274
f 2275 2276 2277
f 2278 2279 2280
f 2281 2282 2283
f 2284 2285 2286
f 2287 2288 2289
f 2290 2291 2292
f 2293 2294 2295
f 2296 2297 2298
f 2299 2300 2301
f 2302 2303 2304
f 2305 2306 2307
f 2308 2309 2310
f 2311 2312 2313
f 2314 2315 2316
f 2317 2318 2319
f 2320 2321 2322
f 2323 2324 2325
f 2326 2327 2328
f 2329 2330 2331
f 2332 2333 2334
f 2335 2336 2337
f 2338 2339 2340
f 2341 2342 2343
f 2344 2345 2346
f 2347 2348 2349
f 2350 2351 2352
f 2353 2354 2355
f 2356 2357 2358
f 2359 2360 2361
f 2362 2363 2364
f 2365 2366 2367
f 2368 2369 2370
f 2371 2372 2373
f 2374 2375 2376
f 2377 2378 2379
f 2380 2381 2382
f 2383 2384 2385
f 2386 2387 2388
f 2389 2390 2391
f 2392 2393 2394
f 2395 2396 2397
f 2398 2399 2400
f 2401 2402 2403
f 2404 2405 2406
f 2407 2408 2409
f 2410 2411 2412
f 2413 2414 2415
f 2416 2417 2418
f 2419 2420 2421
f 2422 2423 2424
f 2425 2426 2427
f 2428 2429 2430
f 2431 2432 2433
f 2434 2435 2436
f 2437 2438 2439
f 2440 2441 2442
f 2443 2444 2445
f 2446 2447 2448
f 2449 2450 2451
f 2452 2453 2454
f 2455 2456 2457
f 2458 2459 2460
f 2461 2462 2463
f 2464 2465 2466
f 2467 2468 2469
f 2470 2471 2472
f 2473 2474 2475
f 2476 2477 2478
f 2479 2480 2481
f 2482 2483 2484
f 2485 2486 2487
f 2488 2489 2490
f 2491 2492 2493
f 2494 2495 2496
f 2497 2498 2499
f 2500 2501 2502
f 2503 2504 2505
f 2506 2507 2508
f 2509 2510 2511
f 2512 2513 2514
f 2515 2516 2517
f 2518 2519 2520
f 2521 2522 2523
f 2524 2525 2526
f 2527 2528 2529
f 2530 2531 2532
f 2533 2534 2535
f 2536 2537 2538
f 2539 2540 2541
f 2542 2543 2544
f 2545 2546 2547
f 2548 2549 2550
f 2551 2552 2553
f 2554 2555 2556
f 2557 2558 2559
f 2560 2561 2562
f 2563 2564 2565
f 2566 2567 2568
f 2569 2570 2571
f 2572 2573 2574
f 2575 2576 2577
f 2578 2579 2580
f 2581 2582 2583
f 2584 2585 2586
f 2587 2588 2589
f 2590 2591 2592
f 2593 2594 2595
f 2596 2597 2598
f 2599 2600 2601
f 2602 2603 2604
f 2605 2606 2607
f 2608 2609 2610
f 2611 2612 2613
f 2614 2615 2616
f 2617 2618 2619
f 2620 2621 2622
f 2623 2624 2625
f 2626 2627 2628
f 2629 2630 2631
f 2632 2633 2634
f 2635 2636 2637
f 2638 2639 2640
f 2641 2642 2643
f 2644 2645 2646
f 2647 2648 2649
f 2650 2651 2652
f 2653 2654 2655
f 2656 2657 2658
f 2659 2660 2661
f 2662 2663 2664
f 2665 2666 2667
f 2668 2669 2670
f 2671 2672 2673
f 2674 2675 2676
f 2677 2678 2679
f 2680 2681 2682
f 2683 2684 2685
f 2686 2687 2688
f 2689 2690 2691
f 2692 2693 2694
f 2695 2696 2697
f 2698 2699 2700
f 2701 2702 2703
f 2704 2705 2706
f 2707 2708 2709
f 2710 2711 2712
f 2713 2714 2715
f 2716 2717 2718
f 2719 2720 2721
f 2722 2723 2724
f 2725 2726 2727
f 2728 2729 2730
f 2731 2732 2733
f 2734 2735 2736
f 2737 2738 2739
f 2740 2741 2742
f 2743 2744 2745
f 2746 2747 2748
f 2749 2750 2751
f 2752 2753 2754
f 2755 2756 2757
f 2758 2759 2760
f 2761 2762 2763
f 2764 2765 2766
f 2767 2768 2769
f 2770 2771 2772
f 2773 2774 2775
f 2776 2777 2778
f 2779 2780 2781
f 2782 2783 2784
f 2785 2786 2787
f 2788 2789 2790
f 2791 2792 2793
f 2794 2795 2796
f 2797 2798 2799
f 2800 2801 2802
f 2803 2804 2805
f 2806 2807 2808
f 2809 2810 2811
f 2812 2813 2814
f 2815 2816 2817
f 2818 2819 2820
f 2821 2822 2823
f 2824 2825 2826
f 2827 2828 2829
f 2830 2831 2832
f 2833 2834 2835
f 2836 2837 2838
f 2839 2840 2841
f 2842 2843 2844
f 2845 2846 2847
f 2848 2849 2850
f 2851 2852 2853
f 2854 2855 2856
f 2857 2858 2859
f 2860 2861 2862
f 2863 2864 2865
f 2866 2867 2868
f 2869 2870 2871
f 2872 2873 2874
f 2875 2876 2877
f 2878 2879 2880
f 2881 2882 2883
f 2884 2885 2886
f 2887 2888 2889
f 2890 2891 2892
f 2893 2894 2895
f 2896 2897 2898
f 2899 2900 2901
f 2902 2903 2904
f 2905 2906 2907
f 2908 2909 2910
f 2911 2912 2913
f 2914 2915 2916
f 2917 2918 2919
f 2920 2921 2922
f 2923 2924 2925
f 2926 2927 2928
f 2929 2930 2931
f 2932 2933 2934
f 2935 2936 2937
f 2938 2939 2940
f 2941 2942 2943
f 2944 2945 2946
f 2947 2948 2949
f 2950 2951 2952
