# MATERIA - Pratone
# Geometria originale di studio. Unita mm. Non CAD del produttore.
v 700.0000 231.0000 700.0000
v 700.0000 0.0000 700.0000
v 700.0000 231.0000 -700.0000
v 700.0000 0.0000 700.0000
v 700.0000 0.0000 -700.0000
v 700.0000 231.0000 -700.0000
v -700.0000 231.0000 -700.0000
v -700.0000 0.0000 -700.0000
v -700.0000 231.0000 700.0000
v -700.0000 0.0000 -700.0000
v -700.0000 0.0000 700.0000
v -700.0000 231.0000 700.0000
v -700.0000 231.0000 -700.0000
v -700.0000 231.0000 700.0000
v 700.0000 231.0000 -700.0000
v -700.0000 231.0000 700.0000
v 700.0000 231.0000 700.0000
v 700.0000 231.0000 -700.0000
v -700.0000 0.0000 700.0000
v -700.0000 0.0000 -700.0000
v 700.0000 0.0000 700.0000
v -700.0000 0.0000 -700.0000
v 700.0000 0.0000 -700.0000
v 700.0000 0.0000 700.0000
v -700.0000 231.0000 700.0000
v -700.0000 0.0000 700.0000
v 700.0000 231.0000 700.0000
v -700.0000 0.0000 700.0000
v 700.0000 0.0000 700.0000
v 700.0000 231.0000 700.0000
v 700.0000 231.0000 -700.0000
v 700.0000 0.0000 -700.0000
v -700.0000 231.0000 -700.0000
v 700.0000 0.0000 -700.0000
v -700.0000 0.0000 -700.0000
v -700.0000 231.0000 -700.0000
v -586.0000 231.0000 -630.0000
v -586.0000 291.0148 -630.5731
v -608.0000 231.0003 -591.8949
v -586.0000 291.0148 -630.5731
v -608.0000 291.5860 -592.4723
v -608.0000 231.0003 -591.8949
v -608.0000 231.0003 -591.8949
v -608.0000 291.5860 -592.4723
v -652.0000 231.0003 -591.8949
v -608.0000 291.5860 -592.4723
v -652.0000 291.5860 -592.4723
v -652.0000 231.0003 -591.8949
v -652.0000 231.0003 -591.8949
v -652.0000 291.5860 -592.4723
v -674.0000 231.0000 -630.0000
v -652.0000 291.5860 -592.4723
v -674.0000 291.0148 -630.5731
v -674.0000 231.0000 -630.0000
v -674.0000 231.0000 -630.0000
v -674.0000 291.0148 -630.5731
v -652.0000 230.9997 -668.1051
v -674.0000 291.0148 -630.5731
v -652.0000 290.4435 -668.6740
v -652.0000 230.9997 -668.1051
v -652.0000 230.9997 -668.1051
v -652.0000 290.4435 -668.6740
v -608.0000 230.9997 -668.1051
v -652.0000 290.4435 -668.6740
v -608.0000 290.4435 -668.6740
v -608.0000 230.9997 -668.1051
v -608.0000 230.9997 -668.1051
v -608.0000 290.4435 -668.6740
v -586.0000 231.0000 -630.0000
v -608.0000 290.4435 -668.6740
v -586.0000 291.0148 -630.5731
v -586.0000 231.0000 -630.0000
v -586.0000 291.0148 -630.5731
v -586.0000 351.0280 -631.2032
v -608.0000 291.5860 -592.4723
v -586.0000 351.0280 -631.2032
v -608.0000 351.0915 -593.0981
v -608.0000 291.5860 -592.4723
v -608.0000 291.5860 -592.4723
v -608.0000 351.0915 -593.0981
v -652.0000 291.5860 -592.4723
v -608.0000 351.0915 -593.0981
v -652.0000 351.0915 -593.0981
v -652.0000 291.5860 -592.4723
v -652.0000 291.5860 -592.4723
v -652.0000 351.0915 -593.0981
v -674.0000 291.0148 -630.5731
v -652.0000 351.0915 -593.0981
v -674.0000 351.0280 -631.2032
v -674.0000 291.0148 -630.5731
v -674.0000 291.0148 -630.5731
v -674.0000 351.0280 -631.2032
v -652.0000 290.4435 -668.6740
v -674.0000 351.0280 -631.2032
v -652.0000 350.9645 -669.3083
v -652.0000 290.4435 -668.6740
v -652.0000 290.4435 -668.6740
v -652.0000 350.9645 -669.3083
v -608.0000 290.4435 -668.6740
v -652.0000 350.9645 -669.3083
v -608.0000 350.9645 -669.3083
v -608.0000 290.4435 -668.6740
v -608.0000 290.4435 -668.6740
v -608.0000 350.9645 -669.3083
v -586.0000 291.0148 -630.5731
v -608.0000 350.9645 -669.3083
v -586.0000 351.0280 -631.2032
v -586.0000 291.0148 -630.5731
v -586.0000 351.0280 -631.2032
v -586.0000 411.0405 -630.4895
v -608.0000 351.0915 -593.0981
v -586.0000 411.0405 -630.4895
v -608.0000 410.0513 -592.3972
v -608.0000 351.0915 -593.0981
v -608.0000 351.0915 -593.0981
v -608.0000 410.0513 -592.3972
v -652.0000 351.0915 -593.0981
v -608.0000 410.0513 -592.3972
v -652.0000 410.0513 -592.3972
v -652.0000 351.0915 -593.0981
v -652.0000 351.0915 -593.0981
v -652.0000 410.0513 -592.3972
v -674.0000 351.0280 -631.2032
v -652.0000 410.0513 -592.3972
v -674.0000 411.0405 -630.4895
v -674.0000 351.0280 -631.2032
v -674.0000 351.0280 -631.2032
v -674.0000 411.0405 -630.4895
v -652.0000 350.9645 -669.3083
v -674.0000 411.0405 -630.4895
v -652.0000 412.0297 -668.5818
v -652.0000 350.9645 -669.3083
v -652.0000 350.9645 -669.3083
v -652.0000 412.0297 -668.5818
v -608.0000 350.9645 -669.3083
v -652.0000 412.0297 -668.5818
v -608.0000 412.0297 -668.5818
v -608.0000 350.9645 -669.3083
v -608.0000 350.9645 -669.3083
v -608.0000 412.0297 -668.5818
v -586.0000 351.0280 -631.2032
v -608.0000 412.0297 -668.5818
v -586.0000 411.0405 -630.4895
v -586.0000 351.0280 -631.2032
v -586.0000 411.0405 -630.4895
v -586.0000 471.0092 -628.1909
v -608.0000 410.0513 -592.3972
v -586.0000 471.0092 -628.1909
v -608.0000 469.1655 -590.1304
v -608.0000 410.0513 -592.3972
v -608.0000 410.0513 -592.3972
v -608.0000 469.1655 -590.1304
v -652.0000 410.0513 -592.3972
v -608.0000 469.1655 -590.1304
v -652.0000 469.1655 -590.1304
v -652.0000 410.0513 -592.3972
v -652.0000 410.0513 -592.3972
v -652.0000 469.1655 -590.1304
v -674.0000 411.0405 -630.4895
v -652.0000 469.1655 -590.1304
v -674.0000 471.0092 -628.1909
v -674.0000 411.0405 -630.4895
v -674.0000 411.0405 -630.4895
v -674.0000 471.0092 -628.1909
v -652.0000 412.0297 -668.5818
v -674.0000 471.0092 -628.1909
v -652.0000 472.8528 -666.2514
v -652.0000 412.0297 -668.5818
v -652.0000 412.0297 -668.5818
v -652.0000 472.8528 -666.2514
v -608.0000 412.0297 -668.5818
v -652.0000 472.8528 -666.2514
v -608.0000 472.8528 -666.2514
v -608.0000 412.0297 -668.5818
v -608.0000 412.0297 -668.5818
v -608.0000 472.8528 -666.2514
v -586.0000 411.0405 -630.4895
v -608.0000 472.8528 -666.2514
v -586.0000 471.0092 -628.1909
v -586.0000 411.0405 -630.4895
v -586.0000 471.0092 -628.1909
v -586.0000 530.9396 -624.8903
v -608.0000 469.1655 -590.1304
v -586.0000 530.9396 -624.8903
v -608.0000 528.6355 -586.8549
v -608.0000 469.1655 -590.1304
v -608.0000 469.1655 -590.1304
v -608.0000 528.6355 -586.8549
v -652.0000 469.1655 -590.1304
v -608.0000 528.6355 -586.8549
v -652.0000 528.6355 -586.8549
v -652.0000 469.1655 -590.1304
v -652.0000 469.1655 -590.1304
v -652.0000 528.6355 -586.8549
v -674.0000 471.0092 -628.1909
v -652.0000 528.6355 -586.8549
v -674.0000 530.9396 -624.8903
v -674.0000 471.0092 -628.1909
v -674.0000 471.0092 -628.1909
v -674.0000 530.9396 -624.8903
v -652.0000 472.8528 -666.2514
v -674.0000 530.9396 -624.8903
v -652.0000 533.2437 -662.9256
v -652.0000 472.8528 -666.2514
v -652.0000 472.8528 -666.2514
v -652.0000 533.2437 -662.9256
v -608.0000 472.8528 -666.2514
v -652.0000 533.2437 -662.9256
v -608.0000 533.2437 -662.9256
v -608.0000 472.8528 -666.2514
v -608.0000 472.8528 -666.2514
v -608.0000 533.2437 -662.9256
v -586.0000 471.0092 -628.1909
v -608.0000 533.2437 -662.9256
v -586.0000 530.9396 -624.8903
v -586.0000 471.0092 -628.1909
v -586.0000 530.9396 -624.8903
v -586.0000 590.8324 -621.0303
v -608.0000 528.6355 -586.8549
v -586.0000 590.8324 -621.0303
v -608.0000 588.2581 -583.0123
v -608.0000 528.6355 -586.8549
v -608.0000 528.6355 -586.8549
v -608.0000 588.2581 -583.0123
v -652.0000 528.6355 -586.8549
v -608.0000 588.2581 -583.0123
v -652.0000 588.2581 -583.0123
v -652.0000 528.6355 -586.8549
v -652.0000 528.6355 -586.8549
v -652.0000 588.2581 -583.0123
v -674.0000 530.9396 -624.8903
v -652.0000 588.2581 -583.0123
v -674.0000 590.8324 -621.0303
v -674.0000 530.9396 -624.8903
v -674.0000 530.9396 -624.8903
v -674.0000 590.8324 -621.0303
v -652.0000 533.2437 -662.9256
v -674.0000 590.8324 -621.0303
v -652.0000 593.4067 -659.0484
v -652.0000 533.2437 -662.9256
v -652.0000 533.2437 -662.9256
v -652.0000 593.4067 -659.0484
v -608.0000 533.2437 -662.9256
v -652.0000 593.4067 -659.0484
v -608.0000 593.4067 -659.0484
v -608.0000 533.2437 -662.9256
v -608.0000 533.2437 -662.9256
v -608.0000 593.4067 -659.0484
v -586.0000 530.9396 -624.8903
v -608.0000 593.4067 -659.0484
v -586.0000 590.8324 -621.0303
v -586.0000 530.9396 -624.8903
v -586.0000 590.8324 -621.0303
v -586.0000 650.7053 -616.8376
v -608.0000 588.2581 -583.0123
v -586.0000 650.7053 -616.8376
v -608.0000 647.9705 -578.8308
v -608.0000 588.2581 -583.0123
v -608.0000 588.2581 -583.0123
v -608.0000 647.9705 -578.8308
v -652.0000 588.2581 -583.0123
v -608.0000 647.9705 -578.8308
v -652.0000 647.9705 -578.8308
v -652.0000 588.2581 -583.0123
v -652.0000 588.2581 -583.0123
v -652.0000 647.9705 -578.8308
v -674.0000 590.8324 -621.0303
v -652.0000 647.9705 -578.8308
v -674.0000 650.7053 -616.8376
v -674.0000 590.8324 -621.0303
v -674.0000 590.8324 -621.0303
v -674.0000 650.7053 -616.8376
v -652.0000 593.4067 -659.0484
v -674.0000 650.7053 -616.8376
v -652.0000 653.4401 -654.8445
v -652.0000 593.4067 -659.0484
v -652.0000 593.4067 -659.0484
v -652.0000 653.4401 -654.8445
v -608.0000 593.4067 -659.0484
v -652.0000 653.4401 -654.8445
v -608.0000 653.4401 -654.8445
v -608.0000 593.4067 -659.0484
v -608.0000 593.4067 -659.0484
v -608.0000 653.4401 -654.8445
v -586.0000 590.8324 -621.0303
v -608.0000 653.4401 -654.8445
v -586.0000 650.7053 -616.8376
v -586.0000 590.8324 -621.0303
v -586.0000 650.7053 -616.8376
v -586.0000 710.5628 -612.4547
v -608.0000 647.9705 -578.8308
v -586.0000 710.5628 -612.4547
v -608.0000 707.7430 -574.4540
v -608.0000 647.9705 -578.8308
v -608.0000 647.9705 -578.8308
v -608.0000 707.7430 -574.4540
v -652.0000 647.9705 -578.8308
v -608.0000 707.7430 -574.4540
v -652.0000 707.7430 -574.4540
v -652.0000 647.9705 -578.8308
v -652.0000 647.9705 -578.8308
v -652.0000 707.7430 -574.4540
v -674.0000 650.7053 -616.8376
v -652.0000 707.7430 -574.4540
v -674.0000 710.5628 -612.4547
v -674.0000 650.7053 -616.8376
v -674.0000 650.7053 -616.8376
v -674.0000 710.5628 -612.4547
v -652.0000 653.4401 -654.8445
v -674.0000 710.5628 -612.4547
v -652.0000 713.3826 -650.4553
v -652.0000 653.4401 -654.8445
v -652.0000 653.4401 -654.8445
v -652.0000 713.3826 -650.4553
v -608.0000 653.4401 -654.8445
v -652.0000 713.3826 -650.4553
v -608.0000 713.3826 -650.4553
v -608.0000 653.4401 -654.8445
v -608.0000 653.4401 -654.8445
v -608.0000 713.3826 -650.4553
v -586.0000 650.7053 -616.8376
v -608.0000 713.3826 -650.4553
v -586.0000 710.5628 -612.4547
v -586.0000 650.7053 -616.8376
v -586.0000 710.5628 -612.4547
v -586.0000 770.4152 -607.9864
v -608.0000 707.7430 -574.4540
v -586.0000 770.4152 -607.9864
v -608.0000 767.5708 -569.9875
v -608.0000 707.7430 -574.4540
v -608.0000 707.7430 -574.4540
v -608.0000 767.5708 -569.9875
v -652.0000 707.7430 -574.4540
v -608.0000 767.5708 -569.9875
v -652.0000 767.5708 -569.9875
v -652.0000 707.7430 -574.4540
v -652.0000 707.7430 -574.4540
v -652.0000 767.5708 -569.9875
v -674.0000 710.5628 -612.4547
v -652.0000 767.5708 -569.9875
v -674.0000 770.4152 -607.9864
v -674.0000 710.5628 -612.4547
v -674.0000 710.5628 -612.4547
v -674.0000 770.4152 -607.9864
v -652.0000 713.3826 -650.4553
v -674.0000 770.4152 -607.9864
v -652.0000 773.2596 -645.9852
v -652.0000 713.3826 -650.4553
v -652.0000 713.3826 -650.4553
v -652.0000 773.2596 -645.9852
v -608.0000 713.3826 -650.4553
v -652.0000 773.2596 -645.9852
v -608.0000 773.2596 -645.9852
v -608.0000 713.3826 -650.4553
v -608.0000 713.3826 -650.4553
v -608.0000 773.2596 -645.9852
v -586.0000 710.5628 -612.4547
v -608.0000 773.2596 -645.9852
v -586.0000 770.4152 -607.9864
v -586.0000 710.5628 -612.4547
v -586.0000 770.4152 -607.9864
v -586.0000 830.2672 -603.5239
v -608.0000 767.5708 -569.9875
v -586.0000 830.2672 -603.5239
v -608.0000 827.4547 -565.5227
v -608.0000 767.5708 -569.9875
v -608.0000 767.5708 -569.9875
v -608.0000 827.4547 -565.5227
v -652.0000 767.5708 -569.9875
v -608.0000 827.4547 -565.5227
v -652.0000 827.4547 -565.5227
v -652.0000 767.5708 -569.9875
v -652.0000 767.5708 -569.9875
v -652.0000 827.4547 -565.5227
v -674.0000 770.4152 -607.9864
v -652.0000 827.4547 -565.5227
v -674.0000 830.2672 -603.5239
v -674.0000 770.4152 -607.9864
v -674.0000 770.4152 -607.9864
v -674.0000 830.2672 -603.5239
v -652.0000 773.2596 -645.9852
v -674.0000 830.2672 -603.5239
v -652.0000 833.0796 -641.5250
v -652.0000 773.2596 -645.9852
v -652.0000 773.2596 -645.9852
v -652.0000 833.0796 -641.5250
v -608.0000 773.2596 -645.9852
v -652.0000 833.0796 -641.5250
v -608.0000 833.0796 -641.5250
v -608.0000 773.2596 -645.9852
v -608.0000 773.2596 -645.9852
v -608.0000 833.0796 -641.5250
v -586.0000 770.4152 -607.9864
v -608.0000 833.0796 -641.5250
v -586.0000 830.2672 -603.5239
v -586.0000 770.4152 -607.9864
v -586.0000 830.2672 -603.5239
v -586.0000 890.1275 -599.1588
v -608.0000 827.4547 -565.5227
v -586.0000 890.1275 -599.1588
v -608.0000 887.4087 -561.1508
v -608.0000 827.4547 -565.5227
v -608.0000 827.4547 -565.5227
v -608.0000 887.4087 -561.1508
v -652.0000 827.4547 -565.5227
v -608.0000 887.4087 -561.1508
v -652.0000 887.4087 -561.1508
v -652.0000 827.4547 -565.5227
v -652.0000 827.4547 -565.5227
v -652.0000 887.4087 -561.1508
v -674.0000 830.2672 -603.5239
v -652.0000 887.4087 -561.1508
v -674.0000 890.1275 -599.1588
v -674.0000 830.2672 -603.5239
v -674.0000 830.2672 -603.5239
v -674.0000 890.1275 -599.1588
v -652.0000 833.0796 -641.5250
v -674.0000 890.1275 -599.1588
v -652.0000 892.8464 -637.1669
v -652.0000 833.0796 -641.5250
v -652.0000 833.0796 -641.5250
v -652.0000 892.8464 -637.1669
v -608.0000 833.0796 -641.5250
v -652.0000 892.8464 -637.1669
v -608.0000 892.8464 -637.1669
v -608.0000 833.0796 -641.5250
v -608.0000 833.0796 -641.5250
v -608.0000 892.8464 -637.1669
v -586.0000 830.2672 -603.5239
v -608.0000 892.8464 -637.1669
v -586.0000 890.1275 -599.1588
v -586.0000 830.2672 -603.5239
v -586.0000 890.1275 -599.1588
v -586.0000 950.0000 -595.0000
v -608.0000 887.4087 -561.1508
v -586.0000 950.0000 -595.0000
v -608.0000 947.4530 -556.9801
v -608.0000 887.4087 -561.1508
v -608.0000 887.4087 -561.1508
v -608.0000 947.4530 -556.9801
v -652.0000 887.4087 -561.1508
v -608.0000 947.4530 -556.9801
v -652.0000 947.4530 -556.9801
v -652.0000 887.4087 -561.1508
v -652.0000 887.4087 -561.1508
v -652.0000 947.4530 -556.9801
v -674.0000 890.1275 -599.1588
v -652.0000 947.4530 -556.9801
v -674.0000 950.0000 -595.0000
v -674.0000 890.1275 -599.1588
v -674.0000 890.1275 -599.1588
v -674.0000 950.0000 -595.0000
v -652.0000 892.8464 -637.1669
v -674.0000 950.0000 -595.0000
v -652.0000 952.5470 -633.0199
v -652.0000 892.8464 -637.1669
v -652.0000 892.8464 -637.1669
v -652.0000 952.5470 -633.0199
v -608.0000 892.8464 -637.1669
v -652.0000 952.5470 -633.0199
v -608.0000 952.5470 -633.0199
v -608.0000 892.8464 -637.1669
v -608.0000 892.8464 -637.1669
v -608.0000 952.5470 -633.0199
v -586.0000 890.1275 -599.1588
v -608.0000 952.5470 -633.0199
v -586.0000 950.0000 -595.0000
v -586.0000 890.1275 -599.1588
v -630.0000 231.0002 -334.0000
v -630.4846 291.3712 -334.3111
v -668.1051 230.9998 -356.0000
v -630.4846 291.3712 -334.3111
v -668.5855 290.7123 -356.3084
v -668.1051 230.9998 -356.0000
v -668.1051 230.9998 -356.0000
v -668.5855 290.7123 -356.3084
v -668.1051 230.9996 -400.0000
v -668.5855 290.7123 -356.3084
v -668.5833 290.3559 -400.3070
v -668.1051 230.9996 -400.0000
v -668.1051 230.9996 -400.0000
v -668.5833 290.3559 -400.3070
v -630.0000 230.9998 -422.0000
v -668.5833 290.3559 -400.3070
v -630.4800 290.6584 -422.3082
v -630.0000 230.9998 -422.0000
v -630.0000 230.9998 -422.0000
v -630.4800 290.6584 -422.3082
v -591.8949 231.0002 -400.0000
v -630.4800 290.6584 -422.3082
v -592.3791 291.3173 -400.3109
v -591.8949 231.0002 -400.0000
v -591.8949 231.0002 -400.0000
v -592.3791 291.3173 -400.3109
v -591.8949 231.0004 -356.0000
v -592.3791 291.3173 -400.3109
v -592.3813 291.6736 -356.3123
v -591.8949 231.0004 -356.0000
v -591.8949 231.0004 -356.0000
v -592.3813 291.6736 -356.3123
v -630.0000 231.0002 -334.0000
v -592.3813 291.6736 -356.3123
v -630.4846 291.3712 -334.3111
v -630.0000 231.0002 -334.0000
v -630.4846 291.3712 -334.3111
v -631.0125 351.0676 -334.6501
v -668.5855 290.7123 -356.3084
v -631.0125 351.0676 -334.6501
v -669.1176 350.9944 -356.6501
v -668.5855 290.7123 -356.3084
v -668.5855 290.7123 -356.3084
v -669.1176 350.9944 -356.6501
v -668.5833 290.3559 -400.3070
v -669.1176 350.9944 -356.6501
v -669.1175 350.9547 -400.6501
v -668.5833 290.3559 -400.3070
v -668.5833 290.3559 -400.3070
v -669.1175 350.9547 -400.6501
v -630.4800 290.6584 -422.3082
v -669.1175 350.9547 -400.6501
v -631.0125 350.9884 -422.6501
v -630.4800 290.6584 -422.3082
v -630.4800 290.6584 -422.3082
v -631.0125 350.9884 -422.6501
v -592.3791 291.3173 -400.3109
v -631.0125 350.9884 -422.6501
v -592.9073 351.0616 -400.6501
v -592.3791 291.3173 -400.3109
v -592.3791 291.3173 -400.3109
v -592.9073 351.0616 -400.6501
v -592.3813 291.6736 -356.3123
v -592.9073 351.0616 -400.6501
v -592.9074 351.1012 -356.6501
v -592.3813 291.6736 -356.3123
v -592.3813 291.6736 -356.3123
v -592.9074 351.1012 -356.6501
v -630.4846 291.3712 -334.3111
v -592.9074 351.1012 -356.6501
v -631.0125 351.0676 -334.6501
v -630.4846 291.3712 -334.3111
v -631.0125 351.0676 -334.6501
v -630.4186 410.4233 -334.2688
v -669.1176 350.9944 -356.6501
v -630.4186 410.4233 -334.2688
v -668.5113 411.5643 -356.2608
v -669.1176 350.9944 -356.6501
v -669.1176 350.9944 -356.6501
v -668.5113 411.5643 -356.2608
v -669.1175 350.9547 -400.6501
v -668.5113 411.5643 -356.2608
v -668.5046 412.1814 -400.2565
v -669.1175 350.9547 -400.6501
v -669.1175 350.9547 -400.6501
v -668.5046 412.1814 -400.2565
v -631.0125 350.9884 -422.6501
v -668.5046 412.1814 -400.2565
v -630.4052 411.6576 -422.2602
v -631.0125 350.9884 -422.6501
v -631.0125 350.9884 -422.6501
v -630.4052 411.6576 -422.2602
v -592.9073 351.0616 -400.6501
v -630.4052 411.6576 -422.2602
v -592.3125 410.5166 -400.2682
v -592.9073 351.0616 -400.6501
v -592.9073 351.0616 -400.6501
v -592.3125 410.5166 -400.2682
v -592.9074 351.1012 -356.6501
v -592.3125 410.5166 -400.2682
v -592.3193 409.8995 -356.2725
v -592.9074 351.1012 -356.6501
v -592.9074 351.1012 -356.6501
v -592.3193 409.8995 -356.2725
v -631.0125 351.0676 -334.6501
v -592.3193 409.8995 -356.2725
v -630.4186 410.4233 -334.2688
v -631.0125 351.0676 -334.6501
v -630.4186 410.4233 -334.2688
v -628.5012 469.8589 -333.0376
v -668.5113 411.5643 -356.2608
v -628.5012 469.8589 -333.0376
v -666.5629 471.9854 -355.0098
v -668.5113 411.5643 -356.2608
v -668.5113 411.5643 -356.2608
v -666.5629 471.9854 -355.0098
v -668.5046 412.1814 -400.2565
v -666.5629 471.9854 -355.0098
v -666.5395 473.1356 -398.9948
v -668.5046 412.1814 -400.2565
v -668.5046 412.1814 -400.2565
v -666.5395 473.1356 -398.9948
v -630.4052 411.6576 -422.2602
v -666.5395 473.1356 -398.9948
v -628.4543 472.1594 -421.0075
v -630.4052 411.6576 -422.2602
v -630.4052 411.6576 -422.2602
v -628.4543 472.1594 -421.0075
v -592.3125 410.5166 -400.2682
v -628.4543 472.1594 -421.0075
v -590.3925 470.0329 -399.0353
v -592.3125 410.5166 -400.2682
v -592.3125 410.5166 -400.2682
v -590.3925 470.0329 -399.0353
v -592.3193 409.8995 -356.2725
v -590.3925 470.0329 -399.0353
v -590.4159 468.8827 -355.0504
v -592.3193 409.8995 -356.2725
v -592.3193 409.8995 -356.2725
v -590.4159 468.8827 -355.0504
v -630.4186 410.4233 -334.2688
v -590.4159 468.8827 -355.0504
v -628.5012 469.8589 -333.0376
v -630.4186 410.4233 -334.2688
v -628.5012 469.8589 -333.0376
v -625.7369 529.5021 -331.2627
v -666.5629 471.9854 -355.0098
v -625.7369 529.5021 -331.2627
v -663.7744 532.1597 -353.2192
v -666.5629 471.9854 -355.0098
v -666.5629 471.9854 -355.0098
v -663.7744 532.1597 -353.2192
v -666.5395 473.1356 -398.9948
v -663.7744 532.1597 -353.2192
v -663.7377 533.5972 -397.1957
v -666.5395 473.1356 -398.9948
v -666.5395 473.1356 -398.9948
v -663.7377 533.5972 -397.1957
v -628.4543 472.1594 -421.0075
v -663.7377 533.5972 -397.1957
v -625.6637 532.3771 -419.2157
v -628.4543 472.1594 -421.0075
v -628.4543 472.1594 -421.0075
v -625.6637 532.3771 -419.2157
v -590.3925 470.0329 -399.0353
v -625.6637 532.3771 -419.2157
v -587.6262 529.7195 -397.2591
v -590.3925 470.0329 -399.0353
v -590.3925 470.0329 -399.0353
v -587.6262 529.7195 -397.2591
v -590.4159 468.8827 -355.0504
v -587.6262 529.7195 -397.2591
v -587.6628 528.2820 -353.2826
v -590.4159 468.8827 -355.0504
v -590.4159 468.8827 -355.0504
v -587.6628 528.2820 -353.2826
v -628.5012 469.8589 -333.0376
v -587.6628 528.2820 -353.2826
v -625.7369 529.5021 -331.2627
v -628.5012 469.8589 -333.0376
v -625.7369 529.5021 -331.2627
v -622.4980 589.2263 -329.1830
v -663.7744 532.1597 -353.2192
v -622.4980 589.2263 -329.1830
v -660.5186 592.1956 -351.1288
v -663.7744 532.1597 -353.2192
v -663.7744 532.1597 -353.2192
v -660.5186 592.1956 -351.1288
v -663.7377 533.5972 -397.1957
v -660.5186 592.1956 -351.1288
v -660.4729 593.8016 -395.0994
v -663.7377 533.5972 -397.1957
v -663.7377 533.5972 -397.1957
v -660.4729 593.8016 -395.0994
v -625.6637 532.3771 -419.2157
v -660.4729 593.8016 -395.0994
v -622.4066 592.4385 -417.1243
v -625.6637 532.3771 -419.2157
v -625.6637 532.3771 -419.2157
v -622.4066 592.4385 -417.1243
v -587.6262 529.7195 -397.2591
v -622.4066 592.4385 -417.1243
v -584.3860 589.4692 -395.1786
v -587.6262 529.7195 -397.2591
v -587.6262 529.7195 -397.2591
v -584.3860 589.4692 -395.1786
v -587.6628 528.2820 -353.2826
v -584.3860 589.4692 -395.1786
v -584.4317 587.8632 -351.2079
v -587.6628 528.2820 -353.2826
v -587.6628 528.2820 -353.2826
v -584.4317 587.8632 -351.2079
v -625.7369 529.5021 -331.2627
v -584.4317 587.8632 -351.2079
v -622.4980 589.2263 -329.1830
v -625.7369 529.5021 -331.2627
v -622.4980 589.2263 -329.1830
v -618.9759 648.9991 -326.9215
v -660.5186 592.1956 -351.1288
v -618.9759 648.9991 -326.9215
v -656.9856 652.1534 -348.8603
v -660.5186 592.1956 -351.1288
v -660.5186 592.1956 -351.1288
v -656.9856 652.1534 -348.8603
v -660.4729 593.8016 -395.0994
v -656.9856 652.1534 -348.8603
v -656.9340 653.8596 -392.8271
v -660.4729 593.8016 -395.0994
v -660.4729 593.8016 -395.0994
v -656.9340 653.8596 -392.8271
v -622.4066 592.4385 -417.1243
v -656.9340 653.8596 -392.8271
v -618.8727 652.4114 -414.8552
v -622.4066 592.4385 -417.1243
v -622.4066 592.4385 -417.1243
v -618.8727 652.4114 -414.8552
v -584.3860 589.4692 -395.1786
v -618.8727 652.4114 -414.8552
v -580.8629 649.2571 -392.9165
v -584.3860 589.4692 -395.1786
v -584.3860 589.4692 -395.1786
v -580.8629 649.2571 -392.9165
v -584.4317 587.8632 -351.2079
v -580.8629 649.2571 -392.9165
v -580.9146 647.5510 -348.9496
v -584.4317 587.8632 -351.2079
v -584.4317 587.8632 -351.2079
v -580.9146 647.5510 -348.9496
v -622.4980 589.2263 -329.1830
v -580.9146 647.5510 -348.9496
v -618.9759 648.9991 -326.9215
v -622.4980 589.2263 -329.1830
v -618.9759 648.9991 -326.9215
v -615.2910 708.8036 -324.5554
v -656.9856 652.1534 -348.8603
v -615.2910 708.8036 -324.5554
v -653.2947 712.0560 -346.4903
v -656.9856 652.1534 -348.8603
v -656.9856 652.1534 -348.8603
v -653.2947 712.0560 -346.4903
v -656.9340 653.8596 -392.8271
v -653.2947 712.0560 -346.4903
v -653.2398 713.8152 -390.4551
v -656.9340 653.8596 -392.8271
v -656.9340 653.8596 -392.8271
v -653.2398 713.8152 -390.4551
v -618.8727 652.4114 -414.8552
v -653.2398 713.8152 -390.4551
v -615.1813 712.3221 -412.4850
v -618.8727 652.4114 -414.8552
v -618.8727 652.4114 -414.8552
v -615.1813 712.3221 -412.4850
v -580.8629 649.2571 -392.9165
v -615.1813 712.3221 -412.4850
v -577.1776 709.0696 -390.5501
v -580.8629 649.2571 -392.9165
v -580.8629 649.2571 -392.9165
v -577.1776 709.0696 -390.5501
v -580.9146 647.5510 -348.9496
v -577.1776 709.0696 -390.5501
v -577.2324 707.3104 -346.5853
v -580.9146 647.5510 -348.9496
v -580.9146 647.5510 -348.9496
v -577.2324 707.3104 -346.5853
v -618.9759 648.9991 -326.9215
v -577.2324 707.3104 -346.5853
v -615.2910 708.8036 -324.5554
v -618.9759 648.9991 -326.9215
v -615.2910 708.8036 -324.5554
v -611.5320 768.6406 -322.1418
v -653.2947 712.0560 -346.4903
v -611.5320 768.6406 -322.1418
v -649.5339 771.9214 -344.0756
v -653.2947 712.0560 -346.4903
v -653.2947 712.0560 -346.4903
v -649.5339 771.9214 -344.0756
v -653.2398 713.8152 -390.4551
v -649.5339 771.9214 -344.0756
v -649.4781 773.6960 -388.0397
v -653.2398 713.8152 -390.4551
v -653.2398 713.8152 -390.4551
v -649.4781 773.6960 -388.0397
v -615.1813 712.3221 -412.4850
v -649.4781 773.6960 -388.0397
v -611.4203 772.1898 -410.0702
v -615.1813 712.3221 -412.4850
v -615.1813 712.3221 -412.4850
v -611.4203 772.1898 -410.0702
v -577.1776 709.0696 -390.5501
v -611.4203 772.1898 -410.0702
v -573.4184 768.9090 -388.1364
v -577.1776 709.0696 -390.5501
v -577.1776 709.0696 -390.5501
v -573.4184 768.9090 -388.1364
v -577.2324 707.3104 -346.5853
v -573.4184 768.9090 -388.1364
v -573.4742 767.1344 -344.1722
v -577.2324 707.3104 -346.5853
v -577.2324 707.3104 -346.5853
v -573.4742 767.1344 -344.1722
v -615.2910 708.8036 -324.5554
v -573.4742 767.1344 -344.1722
v -611.5320 768.6406 -322.1418
v -615.2910 708.8036 -324.5554
v -611.5320 768.6406 -322.1418
v -607.7756 828.5125 -319.7299
v -649.5339 771.9214 -344.0756
v -607.7756 828.5125 -319.7299
v -645.7799 831.7564 -341.6652
v -649.5339 771.9214 -344.0756
v -649.5339 771.9214 -344.0756
v -645.7799 831.7564 -341.6652
v -649.4781 773.6960 -388.0397
v -645.7799 831.7564 -341.6652
v -645.7253 833.5110 -385.6301
v -649.4781 773.6960 -388.0397
v -649.4781 773.6960 -388.0397
v -645.7253 833.5110 -385.6301
v -611.4203 772.1898 -410.0702
v -645.7253 833.5110 -385.6301
v -607.6666 832.0218 -407.6599
v -611.4203 772.1898 -410.0702
v -611.4203 772.1898 -410.0702
v -607.6666 832.0218 -407.6599
v -573.4184 768.9090 -388.1364
v -607.6666 832.0218 -407.6599
v -569.6623 828.7778 -385.7246
v -573.4184 768.9090 -388.1364
v -573.4184 768.9090 -388.1364
v -569.6623 828.7778 -385.7246
v -573.4742 767.1344 -344.1722
v -569.6623 828.7778 -385.7246
v -569.7169 827.0232 -341.7596
v -573.4742 767.1344 -344.1722
v -573.4742 767.1344 -344.1722
v -569.7169 827.0232 -341.7596
v -611.5320 768.6406 -322.1418
v -569.7169 827.0232 -341.7596
v -607.7756 828.5125 -319.7299
v -611.5320 768.6406 -322.1418
v -607.7756 828.5125 -319.7299
v -604.0991 888.4313 -317.3692
v -645.7799 831.7564 -341.6652
v -604.0991 888.4313 -317.3692
v -642.1099 891.5672 -339.3087
v -645.7799 831.7564 -341.6652
v -645.7799 831.7564 -341.6652
v -642.1099 891.5672 -339.3087
v -645.7253 833.5110 -385.6301
v -642.1099 891.5672 -339.3087
v -642.0589 893.2635 -383.2759
v -645.7253 833.5110 -385.6301
v -645.7253 833.5110 -385.6301
v -642.0589 893.2635 -383.2759
v -607.6666 832.0218 -407.6599
v -642.0589 893.2635 -383.2759
v -603.9971 891.8238 -405.3037
v -607.6666 832.0218 -407.6599
v -607.6666 832.0218 -407.6599
v -603.9971 891.8238 -405.3037
v -569.6623 828.7778 -385.7246
v -603.9971 891.8238 -405.3037
v -565.9862 888.6878 -383.3642
v -569.6623 828.7778 -385.7246
v -569.6623 828.7778 -385.7246
v -565.9862 888.6878 -383.3642
v -569.7169 827.0232 -341.7596
v -565.9862 888.6878 -383.3642
v -566.0372 886.9916 -339.3970
v -569.7169 827.0232 -341.7596
v -569.7169 827.0232 -341.7596
v -566.0372 886.9916 -339.3970
v -607.7756 828.5125 -319.7299
v -566.0372 886.9916 -339.3970
v -604.0991 888.4313 -317.3692
v -607.7756 828.5125 -319.7299
v -604.0991 888.4313 -317.3692
v -600.5933 948.4109 -315.1181
v -642.1099 891.5672 -339.3087
v -600.5933 948.4109 -315.1181
v -638.6157 951.3487 -337.0650
v -642.1099 891.5672 -339.3087
v -642.1099 891.5672 -339.3087
v -638.6157 951.3487 -337.0650
v -642.0589 893.2635 -383.2759
v -638.6157 951.3487 -337.0650
v -638.5709 952.9377 -381.0363
v -642.0589 893.2635 -383.2759
v -642.0589 893.2635 -383.2759
v -638.5709 952.9377 -381.0363
v -603.9971 891.8238 -405.3037
v -638.5709 952.9377 -381.0363
v -600.5038 951.5891 -403.0607
v -603.9971 891.8238 -405.3037
v -603.9971 891.8238 -405.3037
v -600.5038 951.5891 -403.0607
v -565.9862 888.6878 -383.3642
v -600.5038 951.5891 -403.0607
v -562.4814 948.6513 -381.1138
v -565.9862 888.6878 -383.3642
v -565.9862 888.6878 -383.3642
v -562.4814 948.6513 -381.1138
v -566.0372 886.9916 -339.3970
v -562.4814 948.6513 -381.1138
v -562.5261 947.0623 -337.1425
v -566.0372 886.9916 -339.3970
v -566.0372 886.9916 -339.3970
v -562.5261 947.0623 -337.1425
v -604.0991 888.4313 -317.3692
v -562.5261 947.0623 -337.1425
v -600.5933 948.4109 -315.1181
v -604.0991 888.4313 -317.3692
v -630.0000 230.9998 -82.0000
v -630.5193 290.7403 -81.7623
v -668.1051 230.9996 -104.0000
v -630.5193 290.7403 -81.7623
v -668.6218 290.3581 -103.7635
v -668.1051 230.9996 -104.0000
v -668.1051 230.9996 -104.0000
v -668.6218 290.3581 -103.7635
v -668.1051 230.9998 -148.0000
v -668.6218 290.3581 -103.7635
v -668.6237 290.6326 -147.7627
v -668.1051 230.9998 -148.0000
v -668.1051 230.9998 -148.0000
v -668.6237 290.6326 -147.7627
v -630.0000 231.0002 -170.0000
v -668.6237 290.6326 -147.7627
v -630.5230 291.2892 -169.7606
v -630.0000 231.0002 -170.0000
v -630.0000 231.0002 -170.0000
v -630.5230 291.2892 -169.7606
v -591.8949 231.0004 -148.0000
v -630.5230 291.2892 -169.7606
v -592.4205 291.6714 -147.7594
v -591.8949 231.0004 -148.0000
v -591.8949 231.0004 -148.0000
v -592.4205 291.6714 -147.7594
v -591.8949 231.0002 -104.0000
v -592.4205 291.6714 -147.7594
v -592.4186 291.3969 -103.7603
v -591.8949 231.0002 -104.0000
v -591.8949 231.0002 -104.0000
v -592.4186 291.3969 -103.7603
v -630.0000 230.9998 -82.0000
v -592.4186 291.3969 -103.7603
v -630.5193 290.7403 -81.7623
v -630.0000 230.9998 -82.0000
v -630.5193 290.7403 -81.7623
v -631.0941 350.9975 -81.4993
v -668.6218 290.3581 -103.7635
v -631.0941 350.9975 -81.4993
v -669.1992 350.9550 -103.4993
v -668.6218 290.3581 -103.7635
v -668.6218 290.3581 -103.7635
v -669.1992 350.9550 -103.4993
v -668.6237 290.6326 -147.7627
v -669.1992 350.9550 -103.4993
v -669.1992 350.9855 -147.4993
v -668.6237 290.6326 -147.7627
v -668.6237 290.6326 -147.7627
v -669.1992 350.9855 -147.4993
v -630.5230 291.2892 -169.7606
v -669.1992 350.9855 -147.4993
v -631.0941 351.0585 -169.4993
v -630.5230 291.2892 -169.7606
v -630.5230 291.2892 -169.7606
v -631.0941 351.0585 -169.4993
v -592.4205 291.6714 -147.7594
v -631.0941 351.0585 -169.4993
v -592.9890 351.1010 -147.4993
v -592.4205 291.6714 -147.7594
v -592.4205 291.6714 -147.7594
v -592.9890 351.1010 -147.4993
v -592.4186 291.3969 -103.7603
v -592.9890 351.1010 -147.4993
v -592.9890 351.0705 -103.4993
v -592.4186 291.3969 -103.7603
v -592.4186 291.3969 -103.7603
v -592.9890 351.0705 -103.4993
v -630.5193 290.7403 -81.7623
v -592.9890 351.0705 -103.4993
v -631.0941 350.9975 -81.4993
v -630.5193 290.7403 -81.7623
v -631.0941 350.9975 -81.4993
v -630.4395 411.5158 -81.7989
v -669.1992 350.9550 -103.4993
v -630.4395 411.5158 -81.7989
v -668.5368 412.1776 -103.8024
v -669.1992 350.9550 -103.4993
v -669.1992 350.9550 -103.4993
v -668.5368 412.1776 -103.8024
v -669.1992 350.9855 -147.4993
v -668.5368 412.1776 -103.8024
v -668.5424 411.7023 -147.7999
v -669.1992 350.9855 -147.4993
v -669.1992 350.9855 -147.4993
v -668.5424 411.7023 -147.7999
v -631.0941 351.0585 -169.4993
v -668.5424 411.7023 -147.7999
v -630.4507 410.5651 -169.7937
v -631.0941 351.0585 -169.4993
v -631.0941 351.0585 -169.4993
v -630.4507 410.5651 -169.7937
v -592.9890 351.1010 -147.4993
v -630.4507 410.5651 -169.7937
v -592.3535 409.9033 -147.7901
v -592.9890 351.1010 -147.4993
v -592.9890 351.1010 -147.4993
v -592.3535 409.9033 -147.7901
v -592.9890 351.0705 -103.4993
v -592.3535 409.9033 -147.7901
v -592.3478 410.3786 -103.7927
v -592.9890 351.0705 -103.4993
v -592.9890 351.0705 -103.4993
v -592.3478 410.3786 -103.7927
v -631.0941 350.9975 -81.4993
v -592.3478 410.3786 -103.7927
v -630.4395 411.5158 -81.7989
v -631.0941 350.9975 -81.4993
v -630.4395 411.5158 -81.7989
v -628.3355 471.8951 -82.7618
v -668.5368 412.1776 -103.8024
v -628.3355 471.8951 -82.7618
v -666.4135 473.1285 -104.7742
v -668.5368 412.1776 -103.8024
v -668.5368 412.1776 -103.8024
v -666.4135 473.1285 -104.7742
v -668.5424 411.7023 -147.7999
v -666.4135 473.1285 -104.7742
v -666.4330 472.2426 -148.7653
v -668.5424 411.7023 -147.7999
v -668.5424 411.7023 -147.7999
v -666.4330 472.2426 -148.7653
v -630.4507 410.5651 -169.7937
v -666.4330 472.2426 -148.7653
v -628.3745 470.1232 -170.7439
v -630.4507 410.5651 -169.7937
v -630.4507 410.5651 -169.7937
v -628.3745 470.1232 -170.7439
v -592.3535 409.9033 -147.7901
v -628.3745 470.1232 -170.7439
v -590.2966 468.8898 -148.7315
v -592.3535 409.9033 -147.7901
v -592.3535 409.9033 -147.7901
v -590.2966 468.8898 -148.7315
v -592.3478 410.3786 -103.7927
v -590.2966 468.8898 -148.7315
v -590.2770 469.7757 -104.7404
v -592.3478 410.3786 -103.7927
v -592.3478 410.3786 -103.7927
v -590.2770 469.7757 -104.7404
v -630.4395 411.5158 -81.7989
v -590.2770 469.7757 -104.7404
v -628.3355 471.8951 -82.7618
v -630.4395 411.5158 -81.7989
v -628.3355 471.8951 -82.7618
v -625.3232 532.0468 -84.1404
v -666.4135 473.1285 -104.7742
v -625.3232 532.0468 -84.1404
v -663.3859 533.5883 -106.1598
v -666.4135 473.1285 -104.7742
v -666.4135 473.1285 -104.7742
v -663.3859 533.5883 -106.1598
v -666.4330 472.2426 -148.7653
v -663.3859 533.5883 -106.1598
v -663.4164 532.4811 -150.1458
v -666.4330 472.2426 -148.7653
v -666.4330 472.2426 -148.7653
v -663.4164 532.4811 -150.1458
v -628.3745 470.1232 -170.7439
v -663.4164 532.4811 -150.1458
v -625.3842 529.8325 -172.1125
v -628.3745 470.1232 -170.7439
v -628.3745 470.1232 -170.7439
v -625.3842 529.8325 -172.1125
v -590.2966 468.8898 -148.7315
v -625.3842 529.8325 -172.1125
v -587.3215 528.2909 -150.0931
v -590.2966 468.8898 -148.7315
v -590.2966 468.8898 -148.7315
v -587.3215 528.2909 -150.0931
v -590.2770 469.7757 -104.7404
v -587.3215 528.2909 -150.0931
v -587.2910 529.3981 -106.1070
v -590.2770 469.7757 -104.7404
v -590.2770 469.7757 -104.7404
v -587.2910 529.3981 -106.1070
v -628.3355 471.8951 -82.7618
v -587.2910 529.3981 -106.1070
v -625.3232 532.0468 -84.1404
v -628.3355 471.8951 -82.7618
v -625.3232 532.0468 -84.1404
v -621.8059 592.0695 -85.7501
v -663.3859 533.5883 -106.1598
v -621.8059 592.0695 -85.7501
v -659.8580 593.7917 -107.7743
v -663.3859 533.5883 -106.1598
v -663.3859 533.5883 -106.1598
v -659.8580 593.7917 -107.7743
v -663.4164 532.4811 -150.1458
v -659.8580 593.7917 -107.7743
v -659.8961 592.5547 -151.7569
v -663.4164 532.4811 -150.1458
v -663.4164 532.4811 -150.1458
v -659.8961 592.5547 -151.7569
v -625.3842 529.8325 -172.1125
v -659.8961 592.5547 -151.7569
v -621.8820 589.5954 -173.7153
v -625.3842 529.8325 -172.1125
v -625.3842 529.8325 -172.1125
v -621.8820 589.5954 -173.7153
v -587.3215 528.2909 -150.0931
v -621.8820 589.5954 -173.7153
v -583.8298 587.8730 -151.6910
v -587.3215 528.2909 -150.0931
v -587.3215 528.2909 -150.0931
v -583.8298 587.8730 -151.6910
v -587.2910 529.3981 -106.1070
v -583.8298 587.8730 -151.6910
v -583.7917 589.1101 -107.7085
v -587.2910 529.3981 -106.1070
v -587.2910 529.3981 -106.1070
v -583.7917 589.1101 -107.7085
v -625.3232 532.0468 -84.1404
v -583.7917 589.1101 -107.7085
v -621.8059 592.0695 -85.7501
v -625.3232 532.0468 -84.1404
v -621.8059 592.0695 -85.7501
v -617.9886 652.0194 -87.4971
v -659.8580 593.7917 -107.7743
v -617.9886 652.0194 -87.4971
v -656.0339 653.8491 -109.5245
v -659.8580 593.7917 -107.7743
v -659.8580 593.7917 -107.7743
v -656.0339 653.8491 -109.5245
v -659.8961 592.5547 -151.7569
v -656.0339 653.8491 -109.5245
v -656.0768 652.5349 -153.5048
v -659.8961 592.5547 -151.7569
v -659.8961 592.5547 -151.7569
v -656.0768 652.5349 -153.5048
v -621.8820 589.5954 -173.7153
v -656.0768 652.5349 -153.5048
v -618.0745 649.3912 -175.4578
v -621.8820 589.5954 -173.7153
v -621.8820 589.5954 -173.7153
v -618.0745 649.3912 -175.4578
v -583.8298 587.8730 -151.6910
v -618.0745 649.3912 -175.4578
v -580.0291 647.5615 -153.4305
v -583.8298 587.8730 -151.6910
v -583.8298 587.8730 -151.6910
v -580.0291 647.5615 -153.4305
v -583.7917 589.1101 -107.7085
v -580.0291 647.5615 -153.4305
v -579.9862 648.8756 -109.4501
v -583.7917 589.1101 -107.7085
v -583.7917 589.1101 -107.7085
v -579.9862 648.8756 -109.4501
v -621.8059 592.0695 -85.7501
v -579.9862 648.8756 -109.4501
v -617.9886 652.0194 -87.4971
v -621.8059 592.0695 -85.7501
v -617.9886 652.0194 -87.4971
v -614.0004 711.9178 -89.3223
v -656.0339 653.8491 -109.5245
v -614.0004 711.9178 -89.3223
v -652.0420 713.8044 -111.3514
v -656.0339 653.8491 -109.5245
v -656.0339 653.8491 -109.5245
v -652.0420 713.8044 -111.3514
v -656.0768 652.5349 -153.5048
v -652.0420 713.8044 -111.3514
v -652.0876 712.4494 -155.3305
v -656.0768 652.5349 -153.5048
v -656.0768 652.5349 -153.5048
v -652.0876 712.4494 -155.3305
v -618.0745 649.3912 -175.4578
v -652.0876 712.4494 -155.3305
v -614.0917 709.2078 -177.2805
v -618.0745 649.3912 -175.4578
v -618.0745 649.3912 -175.4578
v -614.0917 709.2078 -177.2805
v -580.0291 647.5615 -153.4305
v -614.0917 709.2078 -177.2805
v -576.0502 707.3213 -155.2514
v -580.0291 647.5615 -153.4305
v -580.0291 647.5615 -153.4305
v -576.0502 707.3213 -155.2514
v -579.9862 648.8756 -109.4501
v -576.0502 707.3213 -155.2514
v -576.0045 708.6763 -111.2723
v -579.9862 648.8756 -109.4501
v -579.9862 648.8756 -109.4501
v -576.0045 708.6763 -111.2723
v -617.9886 652.0194 -87.4971
v -576.0045 708.6763 -111.2723
v -614.0004 711.9178 -89.3223
v -617.9886 652.0194 -87.4971
v -614.0004 711.9178 -89.3223
v -609.9366 771.7820 -91.1822
v -652.0420 713.8044 -111.3514
v -609.9366 771.7820 -91.1822
v -647.9771 773.6850 -113.2118
v -652.0420 713.8044 -111.3514
v -652.0420 713.8044 -111.3514
v -647.9771 773.6850 -113.2118
v -652.0876 712.4494 -155.3305
v -647.9771 773.6850 -113.2118
v -648.0235 772.3182 -157.1905
v -652.0876 712.4494 -155.3305
v -652.0876 712.4494 -155.3305
v -648.0235 772.3182 -157.1905
v -614.0917 709.2078 -177.2805
v -648.0235 772.3182 -157.1905
v -610.0295 769.0484 -179.1396
v -614.0917 709.2078 -177.2805
v -614.0917 709.2078 -177.2805
v -610.0295 769.0484 -179.1396
v -576.0502 707.3213 -155.2514
v -610.0295 769.0484 -179.1396
v -571.9891 767.1454 -157.1100
v -576.0502 707.3213 -155.2514
v -576.0502 707.3213 -155.2514
v -571.9891 767.1454 -157.1100
v -576.0045 708.6763 -111.2723
v -571.9891 767.1454 -157.1100
v -571.9426 768.5122 -113.1313
v -576.0045 708.6763 -111.2723
v -576.0045 708.6763 -111.2723
v -571.9426 768.5122 -113.1313
v -614.0004 711.9178 -89.3223
v -571.9426 768.5122 -113.1313
v -609.9366 771.7820 -91.1822
v -614.0004 711.9178 -89.3223
v -609.9366 771.7820 -91.1822
v -605.8799 831.6186 -93.0387
v -647.9771 773.6850 -113.2118
v -605.8799 831.6186 -93.0387
v -643.9218 833.5002 -115.0677
v -647.9771 773.6850 -113.2118
v -647.9771 773.6850 -113.2118
v -643.9218 833.5002 -115.0677
v -648.0235 772.3182 -157.1905
v -643.9218 833.5002 -115.0677
v -643.9672 832.1487 -159.0469
v -648.0235 772.3182 -157.1905
v -648.0235 772.3182 -157.1905
v -643.9672 832.1487 -159.0469
v -610.0295 769.0484 -179.1396
v -643.9672 832.1487 -159.0469
v -605.9707 828.9156 -180.9972
v -610.0295 769.0484 -179.1396
v -610.0295 769.0484 -179.1396
v -605.9707 828.9156 -180.9972
v -571.9891 767.1454 -157.1100
v -605.9707 828.9156 -180.9972
v -567.9288 827.0341 -158.9682
v -571.9891 767.1454 -157.1100
v -571.9891 767.1454 -157.1100
v -567.9288 827.0341 -158.9682
v -571.9426 768.5122 -113.1313
v -567.9288 827.0341 -158.9682
v -567.8834 828.3855 -114.9890
v -571.9426 768.5122 -113.1313
v -571.9426 768.5122 -113.1313
v -567.8834 828.3855 -114.9890
v -609.9366 771.7820 -91.1822
v -567.8834 828.3855 -114.9890
v -605.8799 831.6186 -93.0387
v -609.9366 771.7820 -91.1822
v -605.8799 831.6186 -93.0387
v -601.9138 891.4340 -94.8539
v -643.9218 833.5002 -115.0677
v -601.9138 891.4340 -94.8539
v -639.9598 893.2530 -116.8809
v -643.9218 833.5002 -115.0677
v -643.9218 833.5002 -115.0677
v -639.9598 893.2530 -116.8809
v -643.9672 832.1487 -159.0469
v -639.9598 893.2530 -116.8809
v -640.0023 891.9465 -160.8615
v -643.9672 832.1487 -159.0469
v -643.9672 832.1487 -159.0469
v -640.0023 891.9465 -160.8615
v -605.9707 828.9156 -180.9972
v -640.0023 891.9465 -160.8615
v -601.9987 888.8210 -182.8150
v -605.9707 828.9156 -180.9972
v -605.9707 828.9156 -180.9972
v -601.9987 888.8210 -182.8150
v -567.9288 827.0341 -158.9682
v -601.9987 888.8210 -182.8150
v -563.9526 887.0021 -160.7880
v -567.9288 827.0341 -158.9682
v -567.9288 827.0341 -158.9682
v -563.9526 887.0021 -160.7880
v -567.8834 828.3855 -114.9890
v -563.9526 887.0021 -160.7880
v -563.9102 888.3085 -116.8074
v -567.8834 828.3855 -114.9890
v -567.8834 828.3855 -114.9890
v -563.9102 888.3085 -116.8074
v -605.8799 831.6186 -93.0387
v -563.9102 888.3085 -116.8074
v -601.9138 891.4340 -94.8539
v -605.8799 831.6186 -93.0387
v -601.9138 891.4340 -94.8539
v -598.1373 951.2239 -96.5822
v -639.9598 893.2530 -116.8809
v -598.1373 951.2239 -96.5822
v -636.1906 952.9279 -118.6059
v -639.9598 893.2530 -116.8809
v -639.9598 893.2530 -116.8809
v -636.1906 952.9279 -118.6059
v -640.0023 891.9465 -160.8615
v -636.1906 952.9279 -118.6059
v -636.2278 951.7040 -162.5889
v -640.0023 891.9465 -160.8615
v -640.0023 891.9465 -160.8615
v -636.2278 951.7040 -162.5889
v -601.9987 888.8210 -182.8150
v -636.2278 951.7040 -162.5889
v -598.2119 948.7761 -184.5481
v -601.9987 888.8210 -182.8150
v -601.9987 888.8210 -182.8150
v -598.2119 948.7761 -184.5481
v -563.9526 887.0021 -160.7880
v -598.2119 948.7761 -184.5481
v -560.1586 947.0721 -162.5244
v -563.9526 887.0021 -160.7880
v -563.9526 887.0021 -160.7880
v -560.1586 947.0721 -162.5244
v -563.9102 888.3085 -116.8074
v -560.1586 947.0721 -162.5244
v -560.1213 948.2960 -118.5414
v -563.9102 888.3085 -116.8074
v -563.9102 888.3085 -116.8074
v -560.1213 948.2960 -118.5414
v -601.9138 891.4340 -94.8539
v -560.1213 948.2960 -118.5414
v -598.1373 951.2239 -96.5822
v -601.9138 891.4340 -94.8539
v -586.0000 231.0000 126.0000
v -586.0810 291.1078 126.5681
v -608.0000 230.9997 164.1051
v -586.0810 291.1078 126.5681
v -608.0803 290.4958 164.6687
v -608.0000 230.9997 164.1051
v -608.0000 230.9997 164.1051
v -608.0803 290.4958 164.6687
v -652.0000 230.9997 164.1051
v -608.0803 290.4958 164.6687
v -652.0803 290.4027 164.6680
v -652.0000 230.9997 164.1051
v -652.0000 230.9997 164.1051
v -652.0803 290.4027 164.6680
v -674.0000 231.0000 126.0000
v -652.0803 290.4027 164.6680
v -674.0808 290.9217 126.5667
v -674.0000 231.0000 126.0000
v -674.0000 231.0000 126.0000
v -674.0808 290.9217 126.5667
v -652.0000 231.0003 87.8949
v -674.0808 290.9217 126.5667
v -652.0814 291.5338 88.4661
v -652.0000 231.0003 87.8949
v -652.0000 231.0003 87.8949
v -652.0814 291.5338 88.4661
v -608.0000 231.0003 87.8949
v -652.0814 291.5338 88.4661
v -608.0815 291.6268 88.4668
v -608.0000 231.0003 87.8949
v -608.0000 231.0003 87.8949
v -608.0815 291.6268 88.4668
v -586.0000 231.0000 126.0000
v -608.0815 291.6268 88.4668
v -586.0810 291.1078 126.5681
v -586.0000 231.0000 126.0000
v -586.0810 291.1078 126.5681
v -586.1698 351.0383 127.1912
v -608.0803 290.4958 164.6687
v -586.1698 351.0383 127.1912
v -608.1698 350.9703 165.2962
v -608.0803 290.4958 164.6687
v -608.0803 290.4958 164.6687
v -608.1698 350.9703 165.2962
v -652.0803 290.4027 164.6680
v -608.1698 350.9703 165.2962
v -652.1698 350.9599 165.2962
v -652.0803 290.4027 164.6680
v -652.0803 290.4027 164.6680
v -652.1698 350.9599 165.2962
v -674.0808 290.9217 126.5667
v -652.1698 350.9599 165.2962
v -674.1698 351.0176 127.1911
v -674.0808 290.9217 126.5667
v -674.0808 290.9217 126.5667
v -674.1698 351.0176 127.1911
v -652.0814 291.5338 88.4661
v -674.1698 351.0176 127.1911
v -652.1698 351.0857 89.0861
v -652.0814 291.5338 88.4661
v -652.0814 291.5338 88.4661
v -652.1698 351.0857 89.0861
v -608.0815 291.6268 88.4668
v -652.1698 351.0857 89.0861
v -608.1698 351.0960 89.0861
v -608.0815 291.6268 88.4668
v -608.0815 291.6268 88.4668
v -608.1698 351.0960 89.0861
v -586.0810 291.1078 126.5681
v -608.1698 351.0960 89.0861
v -586.1698 351.0383 127.1912
v -586.0810 291.1078 126.5681
v -586.1698 351.0383 127.1912
v -586.0694 410.8793 126.4867
v -608.1698 350.9703 165.2962
v -586.0694 410.8793 126.4867
v -608.0674 411.9391 164.5782
v -608.1698 350.9703 165.2962
v -608.1698 350.9703 165.2962
v -608.0674 411.9391 164.5782
v -652.1698 350.9599 165.2962
v -608.0674 411.9391 164.5782
v -652.0671 412.1003 164.5761
v -652.1698 350.9599 165.2962
v -652.1698 350.9599 165.2962
v -652.0671 412.1003 164.5761
v -674.1698 351.0176 127.1911
v -652.0671 412.1003 164.5761
v -674.0688 411.2017 126.4826
v -674.1698 351.0176 127.1911
v -674.1698 351.0176 127.1911
v -674.0688 411.2017 126.4826
v -652.1698 351.0857 89.0861
v -674.0688 411.2017 126.4826
v -652.0707 410.1418 88.3911
v -652.1698 351.0857 89.0861
v -652.1698 351.0857 89.0861
v -652.0707 410.1418 88.3911
v -608.1698 351.0960 89.0861
v -652.0707 410.1418 88.3911
v -608.0710 409.9806 88.3931
v -608.1698 351.0960 89.0861
v -608.1698 351.0960 89.0861
v -608.0710 409.9806 88.3931
v -586.1698 351.0383 127.1912
v -608.0710 409.9806 88.3931
v -586.0694 410.8793 126.4867
v -586.1698 351.0383 127.1912
v -586.0694 410.8793 126.4867
v -585.7457 470.7087 124.2162
v -608.0674 411.9391 164.5782
v -585.7457 470.7087 124.2162
v -607.7390 472.6841 162.2740
v -608.0674 411.9391 164.5782
v -608.0674 411.9391 164.5782
v -607.7390 472.6841 162.2740
v -652.0671 412.1003 164.5761
v -607.7390 472.6841 162.2740
v -651.7380 472.9845 162.2668
v -652.0671 412.1003 164.5761
v -652.0671 412.1003 164.5761
v -651.7380 472.9845 162.2668
v -674.0688 411.2017 126.4826
v -651.7380 472.9845 162.2668
v -673.7437 471.3096 124.2018
v -674.0688 411.2017 126.4826
v -674.0688 411.2017 126.4826
v -673.7437 471.3096 124.2018
v -652.0707 410.1418 88.3911
v -673.7437 471.3096 124.2018
v -651.7504 469.3342 86.1441
v -652.0707 410.1418 88.3911
v -652.0707 410.1418 88.3911
v -651.7504 469.3342 86.1441
v -608.0710 409.9806 88.3931
v -651.7504 469.3342 86.1441
v -607.7515 469.0338 86.1512
v -608.0710 409.9806 88.3931
v -608.0710 409.9806 88.3931
v -607.7515 469.0338 86.1512
v -586.0694 410.8793 126.4867
v -607.7515 469.0338 86.1512
v -585.7457 470.7087 124.2162
v -586.0694 410.8793 126.4867
v -585.7457 470.7087 124.2162
v -585.2805 530.5641 120.9526
v -607.7390 472.6841 162.2740
v -585.2805 530.5641 120.9526
v -607.2700 533.0330 158.9838
v -607.7390 472.6841 162.2740
v -607.7390 472.6841 162.2740
v -607.2700 533.0330 158.9838
v -651.7380 472.9845 162.2668
v -607.2700 533.0330 158.9838
v -651.2684 533.4084 158.9725
v -651.7380 472.9845 162.2668
v -651.7380 472.9845 162.2668
v -651.2684 533.4084 158.9725
v -673.7437 471.3096 124.2018
v -651.2684 533.4084 158.9725
v -673.2773 531.3151 120.9301
v -673.7437 471.3096 124.2018
v -673.7437 471.3096 124.2018
v -673.2773 531.3151 120.9301
v -651.7504 469.3342 86.1441
v -673.2773 531.3151 120.9301
v -651.2878 528.8463 82.8990
v -651.7504 469.3342 86.1441
v -651.7504 469.3342 86.1441
v -651.2878 528.8463 82.8990
v -607.7515 469.0338 86.1512
v -651.2878 528.8463 82.8990
v -607.2894 528.4708 82.9102
v -607.7515 469.0338 86.1512
v -607.7515 469.0338 86.1512
v -607.2894 528.4708 82.9102
v -585.7457 470.7087 124.2162
v -607.2894 528.4708 82.9102
v -585.2805 530.5641 120.9526
v -585.7457 470.7087 124.2162
v -585.2805 530.5641 120.9526
v -584.7362 590.4129 117.1342
v -607.2700 533.0330 158.9838
v -584.7362 590.4129 117.1342
v -606.7230 593.1712 155.1469
v -607.2700 533.0330 158.9838
v -607.2700 533.0330 158.9838
v -606.7230 593.1712 155.1469
v -651.2684 533.4084 158.9725
v -606.7230 593.1712 155.1469
v -650.7211 593.5907 155.1329
v -651.2684 533.4084 158.9725
v -651.2684 533.4084 158.9725
v -650.7211 593.5907 155.1329
v -673.2773 531.3151 120.9301
v -650.7211 593.5907 155.1329
v -672.7322 591.2519 117.1061
v -673.2773 531.3151 120.9301
v -673.2773 531.3151 120.9301
v -672.7322 591.2519 117.1061
v -651.2878 528.8463 82.8990
v -672.7322 591.2519 117.1061
v -650.7454 588.4936 79.0933
v -651.2878 528.8463 82.8990
v -651.2878 528.8463 82.8990
v -650.7454 588.4936 79.0933
v -607.2894 528.4708 82.9102
v -650.7454 588.4936 79.0933
v -606.7474 588.0741 79.1073
v -607.2894 528.4708 82.9102
v -607.2894 528.4708 82.9102
v -606.7474 588.0741 79.1073
v -585.2805 530.5641 120.9526
v -606.7474 588.0741 79.1073
v -584.7362 590.4129 117.1342
v -585.2805 530.5641 120.9526
v -584.7362 590.4129 117.1342
v -584.1448 650.2596 112.9852
v -606.7230 593.1712 155.1469
v -584.1448 650.2596 112.9852
v -606.1299 653.1899 150.9861
v -606.7230 593.1712 155.1469
v -606.7230 593.1712 155.1469
v -606.1299 653.1899 150.9861
v -650.7211 593.5907 155.1329
v -606.1299 653.1899 150.9861
v -650.1277 653.6355 150.9703
v -650.7211 593.5907 155.1329
v -650.7211 593.5907 155.1329
v -650.1277 653.6355 150.9703
v -672.7322 591.2519 117.1061
v -650.1277 653.6355 150.9703
v -672.1403 651.1509 112.9535
v -672.7322 591.2519 117.1061
v -672.7322 591.2519 117.1061
v -672.1403 651.1509 112.9535
v -650.7454 588.4936 79.0933
v -672.1403 651.1509 112.9535
v -650.1552 648.2207 74.9527
v -650.7454 588.4936 79.0933
v -650.7454 588.4936 79.0933
v -650.1552 648.2207 74.9527
v -606.7474 588.0741 79.1073
v -650.1552 648.2207 74.9527
v -606.1574 647.7751 74.9685
v -606.7474 588.0741 79.1073
v -606.7474 588.0741 79.1073
v -606.1574 647.7751 74.9685
v -584.7362 590.4129 117.1342
v -606.1574 647.7751 74.9685
v -584.1448 650.2596 112.9852
v -584.7362 590.4129 117.1342
v -584.1448 650.2596 112.9852
v -583.5264 710.1033 108.6471
v -606.1299 653.1899 150.9861
v -583.5264 710.1033 108.6471
v -605.5106 713.1247 146.6414
v -606.1299 653.1899 150.9861
v -606.1299 653.1899 150.9861
v -605.5106 713.1247 146.6414
v -650.1277 653.6355 150.9703
v -605.5106 713.1247 146.6414
v -649.5082 713.5842 146.6245
v -650.1277 653.6355 150.9703
v -650.1277 653.6355 150.9703
v -649.5082 713.5842 146.6245
v -672.1403 651.1509 112.9535
v -649.5082 713.5842 146.6245
v -671.5216 711.0223 108.6134
v -672.1403 651.1509 112.9535
v -672.1403 651.1509 112.9535
v -671.5216 711.0223 108.6134
v -650.1552 648.2207 74.9527
v -671.5216 711.0223 108.6134
v -649.5374 708.0010 70.6191
v -650.1552 648.2207 74.9527
v -650.1552 648.2207 74.9527
v -649.5374 708.0010 70.6191
v -606.1574 647.7751 74.9685
v -649.5374 708.0010 70.6191
v -605.5398 707.5414 70.6360
v -606.1574 647.7751 74.9685
v -606.1574 647.7751 74.9685
v -605.5398 707.5414 70.6360
v -584.1448 650.2596 112.9852
v -605.5398 707.5414 70.6360
v -583.5264 710.1033 108.6471
v -584.1448 650.2596 112.9852
v -583.5264 710.1033 108.6471
v -582.8959 769.9517 104.2238
v -605.5106 713.1247 146.6414
v -582.8959 769.9517 104.2238
v -604.8798 772.9994 142.2162
v -605.5106 713.1247 146.6414
v -605.5106 713.1247 146.6414
v -604.8798 772.9994 142.2162
v -649.5082 713.5842 146.6245
v -604.8798 772.9994 142.2162
v -648.8774 773.4629 142.1990
v -649.5082 713.5842 146.6245
v -649.5082 713.5842 146.6245
v -648.8774 773.4629 142.1990
v -671.5216 711.0223 108.6134
v -648.8774 773.4629 142.1990
v -670.8910 770.8787 104.1895
v -671.5216 711.0223 108.6134
v -671.5216 711.0223 108.6134
v -670.8910 770.8787 104.1895
v -649.5374 708.0010 70.6191
v -670.8910 770.8787 104.1895
v -648.9070 767.8310 66.1972
v -649.5374 708.0010 70.6191
v -649.5374 708.0010 70.6191
v -648.9070 767.8310 66.1972
v -605.5398 707.5414 70.6360
v -648.9070 767.8310 66.1972
v -604.9095 767.3675 66.2143
v -605.5398 707.5414 70.6360
v -605.5398 707.5414 70.6360
v -604.9095 767.3675 66.2143
v -583.5264 710.1033 108.6471
v -604.9095 767.3675 66.2143
v -582.8959 769.9517 104.2238
v -583.5264 710.1033 108.6471
v -582.8959 769.9517 104.2238
v -582.2661 829.8088 99.8056
v -604.8798 772.9994 142.2162
v -582.2661 829.8088 99.8056
v -604.2504 832.8223 137.8005
v -604.8798 772.9994 142.2162
v -604.8798 772.9994 142.2162
v -604.2504 832.8223 137.8005
v -648.8774 773.4629 142.1990
v -604.2504 832.8223 137.8005
v -648.2480 833.2806 137.7837
v -648.8774 773.4629 142.1990
v -648.8774 773.4629 142.1990
v -648.2480 833.2806 137.7837
v -670.8910 770.8787 104.1895
v -648.2480 833.2806 137.7837
v -670.2613 830.7254 99.7721
v -670.8910 770.8787 104.1895
v -670.8910 770.8787 104.1895
v -670.2613 830.7254 99.7721
v -648.9070 767.8310 66.1972
v -670.2613 830.7254 99.7721
v -648.2770 827.7120 61.7772
v -648.9070 767.8310 66.1972
v -648.9070 767.8310 66.1972
v -648.2770 827.7120 61.7772
v -604.9095 767.3675 66.2143
v -648.2770 827.7120 61.7772
v -604.2794 827.2537 61.7940
v -604.9095 767.3675 66.2143
v -604.9095 767.3675 66.2143
v -604.2794 827.2537 61.7940
v -582.8959 769.9517 104.2238
v -604.2794 827.2537 61.7940
v -582.2661 829.8088 99.8056
v -582.8959 769.9517 104.2238
v -582.2661 829.8088 99.8056
v -581.6499 889.6845 95.4832
v -604.2504 832.8223 137.8005
v -581.6499 889.6845 95.4832
v -603.6353 892.5976 133.4852
v -604.2504 832.8223 137.8005
v -604.2504 832.8223 137.8005
v -603.6353 892.5976 133.4852
v -648.2480 833.2806 137.7837
v -603.6353 892.5976 133.4852
v -647.6330 893.0406 133.4696
v -648.2480 833.2806 137.7837
v -648.2480 833.2806 137.7837
v -647.6330 893.0406 133.4696
v -670.2613 830.7254 99.7721
v -647.6330 893.0406 133.4696
v -669.6454 890.5706 95.4518
v -670.2613 830.7254 99.7721
v -670.2613 830.7254 99.7721
v -669.6454 890.5706 95.4518
v -648.2770 827.7120 61.7772
v -669.6454 890.5706 95.4518
v -647.6602 887.6574 57.4497
v -648.2770 827.7120 61.7772
v -648.2770 827.7120 61.7772
v -647.6602 887.6574 57.4497
v -604.2794 827.2537 61.7940
v -647.6602 887.6574 57.4497
v -603.6624 887.2144 57.4654
v -604.2794 827.2537 61.7940
v -604.2794 827.2537 61.7940
v -603.6624 887.2144 57.4654
v -582.2661 829.8088 99.8056
v -603.6624 887.2144 57.4654
v -581.6499 889.6845 95.4832
v -582.2661 829.8088 99.8056
v -581.6499 889.6845 95.4832
v -581.0627 949.5850 91.3640
v -603.6353 892.5976 133.4852
v -581.0627 949.5850 91.3640
v -603.0499 952.3140 129.3787
v -603.6353 892.5976 133.4852
v -603.6353 892.5976 133.4852
v -603.0499 952.3140 129.3787
v -647.6330 893.0406 133.4696
v -603.0499 952.3140 129.3787
v -647.0479 952.7290 129.3650
v -647.6330 893.0406 133.4696
v -647.6330 893.0406 133.4696
v -647.0479 952.7290 129.3650
v -669.6454 890.5706 95.4518
v -647.0479 952.7290 129.3650
v -669.0588 950.4150 91.3365
v -669.6454 890.5706 95.4518
v -669.6454 890.5706 95.4518
v -669.0588 950.4150 91.3365
v -647.6602 887.6574 57.4497
v -669.0588 950.4150 91.3365
v -647.0717 947.6860 53.3218
v -647.6602 887.6574 57.4497
v -647.6602 887.6574 57.4497
v -647.0717 947.6860 53.3218
v -603.6624 887.2144 57.4654
v -647.0717 947.6860 53.3218
v -603.0737 947.2710 53.3355
v -603.6624 887.2144 57.4654
v -603.6624 887.2144 57.4654
v -603.0737 947.2710 53.3355
v -581.6499 889.6845 95.4832
v -603.0737 947.2710 53.3355
v -581.0627 949.5850 91.3640
v -581.6499 889.6845 95.4832
v -630.0000 230.9998 422.0000
v -629.5687 290.5836 422.3725
v -668.1051 231.0001 400.0000
v -629.5687 290.5836 422.3725
v -667.6701 291.2315 400.3757
v -668.1051 231.0001 400.0000
v -668.1051 231.0001 400.0000
v -667.6701 291.2315 400.3757
v -668.1051 231.0004 356.0000
v -667.6701 291.2315 400.3757
v -667.6677 291.6627 356.3778
v -668.1051 231.0004 356.0000
v -668.1051 231.0004 356.0000
v -667.6677 291.6627 356.3778
v -630.0000 231.0002 334.0000
v -667.6677 291.6627 356.3778
v -629.5638 291.4459 334.3767
v -630.0000 231.0002 334.0000
v -630.0000 231.0002 334.0000
v -629.5638 291.4459 334.3767
v -591.8949 230.9999 356.0000
v -629.5638 291.4459 334.3767
v -591.4623 290.7980 356.3736
v -591.8949 230.9999 356.0000
v -591.8949 230.9999 356.0000
v -591.4623 290.7980 356.3736
v -591.8949 230.9996 400.0000
v -591.4623 290.7980 356.3736
v -591.4648 290.3669 400.3715
v -591.8949 230.9996 400.0000
v -591.8949 230.9996 400.0000
v -591.4648 290.3669 400.3715
v -630.0000 230.9998 422.0000
v -591.4648 290.3669 400.3715
v -629.5687 290.5836 422.3725
v -630.0000 230.9998 422.0000
v -629.5687 290.5836 422.3725
v -629.0894 350.9800 422.7864
v -667.6701 291.2315 400.3757
v -629.0894 350.9800 422.7864
v -667.1945 351.0521 400.7865
v -667.6701 291.2315 400.3757
v -667.6701 291.2315 400.3757
v -667.1945 351.0521 400.7865
v -667.6677 291.6627 356.3778
v -667.1945 351.0521 400.7865
v -667.1945 351.1000 356.7865
v -667.6677 291.6627 356.3778
v -667.6677 291.6627 356.3778
v -667.1945 351.1000 356.7865
v -629.5638 291.4459 334.3767
v -667.1945 351.1000 356.7865
v -629.0894 351.0759 334.7865
v -629.5638 291.4459 334.3767
v -629.5638 291.4459 334.3767
v -629.0894 351.0759 334.7865
v -591.4623 290.7980 356.3736
v -629.0894 351.0759 334.7865
v -590.9843 351.0039 356.7864
v -591.4623 290.7980 356.3736
v -591.4623 290.7980 356.3736
v -590.9843 351.0039 356.7864
v -591.4648 290.3669 400.3715
v -590.9843 351.0039 356.7864
v -590.9843 350.9560 400.7864
v -591.4648 290.3669 400.3715
v -591.4648 290.3669 400.3715
v -590.9843 350.9560 400.7864
v -629.5687 290.5836 422.3725
v -590.9843 350.9560 400.7864
v -629.0894 350.9800 422.7864
v -629.5687 290.5836 422.3725
v -629.0894 350.9800 422.7864
v -629.6368 411.7871 422.3136
v -667.1945 351.0521 400.7865
v -629.6368 411.7871 422.3136
v -667.7310 410.6651 400.3232
v -667.1945 351.0521 400.7865
v -667.1945 351.0521 400.7865
v -667.7310 410.6651 400.3232
v -667.1945 351.1000 356.7865
v -667.7310 410.6651 400.3232
v -667.7236 409.9185 356.3295
v -667.1945 351.1000 356.7865
v -667.1945 351.1000 356.7865
v -667.7236 409.9185 356.3295
v -629.0894 351.0759 334.7865
v -667.7236 409.9185 356.3295
v -629.6222 410.2939 334.3263
v -629.0894 351.0759 334.7865
v -629.0894 351.0759 334.7865
v -629.6222 410.2939 334.3263
v -590.9843 351.0039 356.7864
v -629.6222 410.2939 334.3263
v -591.5281 411.4158 356.3168
v -590.9843 351.0039 356.7864
v -590.9843 351.0039 356.7864
v -591.5281 411.4158 356.3168
v -590.9843 350.9560 400.7864
v -591.5281 411.4158 356.3168
v -591.5355 412.1624 400.3105
v -590.9843 350.9560 400.7864
v -590.9843 350.9560 400.7864
v -591.5355 412.1624 400.3105
v -629.0894 350.9800 422.7864
v -591.5355 412.1624 400.3105
v -629.6368 411.7871 422.3136
v -629.0894 350.9800 422.7864
v -629.6368 411.7871 422.3136
v -631.3946 472.4006 420.7955
v -667.7310 410.6651 400.3232
v -631.3946 472.4006 420.7955
v -669.4614 470.3096 398.8286
v -667.7310 410.6651 400.3232
v -667.7310 410.6651 400.3232
v -669.4614 470.3096 398.8286
v -667.7236 409.9185 356.3295
v -669.4614 470.3096 398.8286
v -669.4359 468.9181 354.8506
v -667.7236 409.9185 356.3295
v -667.7236 409.9185 356.3295
v -669.4359 468.9181 354.8506
v -629.6222 410.2939 334.3263
v -669.4359 468.9181 354.8506
v -631.3436 469.6176 332.8395
v -629.6222 410.2939 334.3263
v -629.6222 410.2939 334.3263
v -631.3436 469.6176 332.8395
v -591.5281 411.4158 356.3168
v -631.3436 469.6176 332.8395
v -593.2768 471.7086 354.8064
v -591.5281 411.4158 356.3168
v -591.5281 411.4158 356.3168
v -593.2768 471.7086 354.8064
v -591.5355 412.1624 400.3105
v -593.2768 471.7086 354.8064
v -593.3023 473.1002 398.7844
v -591.5355 412.1624 400.3105
v -591.5355 412.1624 400.3105
v -593.3023 473.1002 398.7844
v -629.6368 411.7871 422.3136
v -593.3023 473.1002 398.7844
v -631.3946 472.4006 420.7955
v -629.6368 411.7871 422.3136
v -631.3946 472.4006 420.7955
v -633.9069 532.6787 418.6256
v -669.4614 470.3096 398.8286
v -633.9069 532.6787 418.6256
v -671.9522 530.0654 396.6773
v -669.4614 470.3096 398.8286
v -669.4614 470.3096 398.8286
v -671.9522 530.0654 396.6773
v -669.4359 468.9181 354.8506
v -671.9522 530.0654 396.6773
v -671.9124 528.3263 352.7117
v -669.4359 468.9181 354.8506
v -669.4359 468.9181 354.8506
v -671.9124 528.3263 352.7117
v -631.3436 469.6176 332.8395
v -671.9124 528.3263 352.7117
v -633.8273 529.2006 330.6944
v -631.3436 469.6176 332.8395
v -631.3436 469.6176 332.8395
v -633.8273 529.2006 330.6944
v -593.2768 471.7086 354.8064
v -633.8273 529.2006 330.6944
v -595.7820 531.8138 352.6427
v -593.2768 471.7086 354.8064
v -593.2768 471.7086 354.8064
v -595.7820 531.8138 352.6427
v -593.3023 473.1002 398.7844
v -595.7820 531.8138 352.6427
v -595.8218 533.5529 396.6083
v -593.3023 473.1002 398.7844
v -593.3023 473.1002 398.7844
v -595.8218 533.5529 396.6083
v -631.3946 472.4006 420.7955
v -595.8218 533.5529 396.6083
v -633.9069 532.6787 418.6256
v -631.3946 472.4006 420.7955
v -633.9069 532.6787 418.6256
v -636.8380 592.7754 416.0941
v -671.9522 530.0654 396.6773
v -636.8380 592.7754 416.0941
v -674.8683 589.8557 394.1586
v -671.9522 530.0654 396.6773
v -671.9522 530.0654 396.6773
v -674.8683 589.8557 394.1586
v -671.9124 528.3263 352.7117
v -674.8683 589.8557 394.1586
v -674.8187 587.9127 350.2016
v -671.9124 528.3263 352.7117
v -671.9124 528.3263 352.7117
v -674.8187 587.9127 350.2016
v -633.8273 529.2006 330.6944
v -674.8187 587.9127 350.2016
v -636.7385 588.8894 328.1800
v -633.8273 529.2006 330.6944
v -633.8273 529.2006 330.6944
v -636.7385 588.8894 328.1800
v -595.7820 531.8138 352.6427
v -636.7385 588.8894 328.1800
v -598.7081 591.8091 350.1154
v -595.7820 531.8138 352.6427
v -595.7820 531.8138 352.6427
v -598.7081 591.8091 350.1154
v -595.8218 533.5529 396.6083
v -598.7081 591.8091 350.1154
v -598.7579 593.7521 394.0725
v -595.8218 533.5529 396.6083
v -595.8218 533.5529 396.6083
v -598.7579 593.7521 394.0725
v -633.9069 532.6787 418.6256
v -598.7579 593.7521 394.0725
v -636.8380 592.7754 416.0941
v -633.9069 532.6787 418.6256
v -636.8380 592.7754 416.0941
v -640.0174 652.7693 413.3481
v -674.8683 589.8557 394.1586
v -640.0174 652.7693 413.3481
v -678.0382 649.6677 391.4209
v -674.8683 589.8557 394.1586
v -674.8683 589.8557 394.1586
v -678.0382 649.6677 391.4209
v -674.8187 587.9127 350.2016
v -678.0382 649.6677 391.4209
v -677.9821 647.6035 347.4694
v -674.8187 587.9127 350.2016
v -674.8187 587.9127 350.2016
v -677.9821 647.6035 347.4694
v -636.7385 588.8894 328.1800
v -677.9821 647.6035 347.4694
v -639.9052 648.6412 325.4450
v -636.7385 588.8894 328.1800
v -636.7385 588.8894 328.1800
v -639.9052 648.6412 325.4450
v -598.7081 591.8091 350.1154
v -639.9052 648.6412 325.4450
v -601.8844 651.7429 347.3722
v -598.7081 591.8091 350.1154
v -598.7081 591.8091 350.1154
v -601.8844 651.7429 347.3722
v -598.7579 593.7521 394.0725
v -601.8844 651.7429 347.3722
v -601.9405 653.8070 391.3237
v -598.7579 593.7521 394.0725
v -598.7579 593.7521 394.0725
v -601.9405 653.8070 391.3237
v -636.8380 592.7754 416.0941
v -601.9405 653.8070 391.3237
v -640.0174 652.7693 413.3481
v -636.8380 592.7754 416.0941
v -640.0174 652.7693 413.3481
v -643.3380 712.6911 410.4801
v -678.0382 649.6677 391.4209
v -643.3380 712.6911 410.4801
v -681.3535 709.4929 388.5575
v -678.0382 649.6677 391.4209
v -678.0382 649.6677 391.4209
v -681.3535 709.4929 388.5575
v -677.9821 647.6035 347.4694
v -681.3535 709.4929 388.5575
v -681.2938 707.3646 344.6091
v -677.9821 647.6035 347.4694
v -677.9821 647.6035 347.4694
v -681.2938 707.3646 344.6091
v -639.9052 648.6412 325.4450
v -681.2938 707.3646 344.6091
v -643.2187 708.4345 322.5832
v -639.9052 648.6412 325.4450
v -639.9052 648.6412 325.4450
v -643.2187 708.4345 322.5832
v -601.8844 651.7429 347.3722
v -643.2187 708.4345 322.5832
v -605.2032 711.6327 344.5057
v -601.8844 651.7429 347.3722
v -601.8844 651.7429 347.3722
v -605.2032 711.6327 344.5057
v -601.9405 653.8070 391.3237
v -605.2032 711.6327 344.5057
v -605.2629 713.7610 388.4542
v -601.9405 653.8070 391.3237
v -601.9405 653.8070 391.3237
v -605.2629 713.7610 388.4542
v -640.0174 652.7693 413.3481
v -605.2629 713.7610 388.4542
v -643.3380 712.6911 410.4801
v -640.0174 652.7693 413.3481
v -643.3380 712.6911 410.4801
v -646.7207 772.5621 407.5585
v -681.3535 709.4929 388.5575
v -646.7207 772.5621 407.5585
v -684.7346 769.3359 385.6373
v -681.3535 709.4929 388.5575
v -681.3535 709.4929 388.5575
v -684.7346 769.3359 385.6373
v -681.2938 707.3646 344.6091
v -684.7346 769.3359 385.6373
v -684.6738 767.1891 341.6898
v -681.2938 707.3646 344.6091
v -681.2938 707.3646 344.6091
v -684.6738 767.1891 341.6898
v -643.2187 708.4345 322.5832
v -684.6738 767.1891 341.6898
v -646.5992 768.2683 319.6634
v -643.2187 708.4345 322.5832
v -643.2187 708.4345 322.5832
v -646.5992 768.2683 319.6634
v -605.2032 711.6327 344.5057
v -646.5992 768.2683 319.6634
v -608.5854 771.4944 341.5846
v -605.2032 711.6327 344.5057
v -605.2032 711.6327 344.5057
v -608.5854 771.4944 341.5846
v -605.2629 713.7610 388.4542
v -608.5854 771.4944 341.5846
v -608.6461 773.6413 385.5321
v -605.2629 713.7610 388.4542
v -605.2629 713.7610 388.4542
v -608.6461 773.6413 385.5321
v -643.3380 712.6911 410.4801
v -608.6461 773.6413 385.5321
v -646.7207 772.5621 407.5585
v -643.3380 712.6911 410.4801
v -646.7207 772.5621 407.5585
v -650.0966 832.3899 404.6428
v -684.7346 769.3359 385.6373
v -650.0966 832.3899 404.6428
v -688.1125 829.2000 382.7198
v -684.7346 769.3359 385.6373
v -684.7346 769.3359 385.6373
v -688.1125 829.2000 382.7198
v -684.6738 767.1891 341.6898
v -688.1125 829.2000 382.7198
v -688.0531 827.0773 338.7711
v -684.6738 767.1891 341.6898
v -684.6738 767.1891 341.6898
v -688.0531 827.0773 338.7711
v -646.5992 768.2683 319.6634
v -688.0531 827.0773 338.7711
v -649.9778 828.1444 316.7453
v -646.5992 768.2683 319.6634
v -646.5992 768.2683 319.6634
v -649.9778 828.1444 316.7453
v -608.5854 771.4944 341.5846
v -649.9778 828.1444 316.7453
v -611.9619 831.3342 338.6683
v -608.5854 771.4944 341.5846
v -608.5854 771.4944 341.5846
v -611.9619 831.3342 338.6683
v -608.6461 773.6413 385.5321
v -611.9619 831.3342 338.6683
v -612.0213 833.4570 382.6170
v -608.6461 773.6413 385.5321
v -608.6461 773.6413 385.5321
v -612.0213 833.4570 382.6170
v -646.7207 772.5621 407.5585
v -612.0213 833.4570 382.6170
v -650.0966 832.3899 404.6428
v -646.7207 772.5621 407.5585
v -650.0966 832.3899 404.6428
v -653.3961 892.1796 401.7930
v -688.1125 829.2000 382.7198
v -653.3961 892.1796 401.7930
v -691.4179 889.0959 379.8650
v -688.1125 829.2000 382.7198
v -688.1125 829.2000 382.7198
v -691.4179 889.0959 379.8650
v -688.0531 827.0773 338.7711
v -691.4179 889.0959 379.8650
v -691.3624 887.0439 335.9129
v -688.0531 827.0773 338.7711
v -688.0531 827.0773 338.7711
v -691.3624 887.0439 335.9129
v -649.9778 828.1444 316.7453
v -691.3624 887.0439 335.9129
v -653.2852 888.0754 313.8888
v -649.9778 828.1444 316.7453
v -649.9778 828.1444 316.7453
v -653.2852 888.0754 313.8888
v -611.9619 831.3342 338.6683
v -653.2852 888.0754 313.8888
v -615.2634 891.1591 335.8168
v -611.9619 831.3342 338.6683
v -611.9619 831.3342 338.6683
v -615.2634 891.1591 335.8168
v -612.0213 833.4570 382.6170
v -615.2634 891.1591 335.8168
v -615.3189 893.2112 379.7689
v -612.0213 833.4570 382.6170
v -612.0213 833.4570 382.6170
v -615.3189 893.2112 379.7689
v -650.0966 832.3899 404.6428
v -615.3189 893.2112 379.7689
v -653.3961 892.1796 401.7930
v -650.0966 832.3899 404.6428
v -653.3961 892.1796 401.7930
v -656.5367 951.9224 399.0804
v -691.4179 889.0959 379.8650
v -656.5367 951.9224 399.0804
v -694.5687 949.0336 377.1436
v -691.4179 889.0959 379.8650
v -691.4179 889.0959 379.8650
v -694.5687 949.0336 377.1436
v -691.3624 887.0439 335.9129
v -694.5687 949.0336 377.1436
v -694.5201 947.1113 333.1856
v -691.3624 887.0439 335.9129
v -691.3624 887.0439 335.9129
v -694.5201 947.1113 333.1856
v -653.2852 888.0754 313.8888
v -694.5201 947.1113 333.1856
v -656.4394 948.0776 311.1645
v -653.2852 888.0754 313.8888
v -653.2852 888.0754 313.8888
v -656.4394 948.0776 311.1645
v -615.2634 891.1591 335.8168
v -656.4394 948.0776 311.1645
v -618.4074 950.9664 333.1013
v -615.2634 891.1591 335.8168
v -615.2634 891.1591 335.8168
v -618.4074 950.9664 333.1013
v -615.3189 893.2112 379.7689
v -618.4074 950.9664 333.1013
v -618.4561 952.8887 377.0593
v -615.3189 893.2112 379.7689
v -615.3189 893.2112 379.7689
v -618.4561 952.8887 377.0593
v -653.3961 892.1796 401.7930
v -618.4561 952.8887 377.0593
v -656.5367 951.9224 399.0804
v -653.3961 892.1796 401.7930
v -630.0000 231.0001 674.0000
v -629.4490 291.2019 673.8370
v -668.1051 231.0004 652.0000
v -629.4490 291.2019 673.8370
v -667.5509 291.6561 651.8361
v -668.1051 231.0004 652.0000
v -668.1051 231.0004 652.0000
v -667.5509 291.6561 651.8361
v -668.1051 231.0002 608.0000
v -667.5509 291.6561 651.8361
v -667.5522 291.4690 607.8364
v -668.1051 231.0002 608.0000
v -668.1051 231.0002 608.0000
v -667.5522 291.4690 607.8364
v -630.0000 230.9999 586.0000
v -667.5522 291.4690 607.8364
v -629.4517 290.8277 585.8378
v -630.0000 230.9999 586.0000
v -630.0000 230.9999 586.0000
v -629.4517 290.8277 585.8378
v -591.8949 230.9996 608.0000
v -629.4517 290.8277 585.8378
v -591.3499 290.3734 607.8388
v -591.8949 230.9996 608.0000
v -591.8949 230.9996 608.0000
v -591.3499 290.3734 607.8388
v -591.8949 230.9998 652.0000
v -591.3499 290.3734 607.8388
v -591.3485 290.5605 651.8384
v -591.8949 230.9998 652.0000
v -591.8949 230.9998 652.0000
v -591.3485 290.5605 651.8384
v -630.0000 231.0001 674.0000
v -591.3485 290.5605 651.8384
v -629.4490 291.2019 673.8370
v -630.0000 231.0001 674.0000
v -629.4490 291.2019 673.8370
v -628.8462 351.0488 673.6587
v -667.5509 291.6561 651.8361
v -628.8462 351.0488 673.6587
v -666.9513 351.0993 651.6587
v -667.5509 291.6561 651.8361
v -667.5509 291.6561 651.8361
v -666.9513 351.0993 651.6587
v -667.5522 291.4690 607.8364
v -666.9513 351.0993 651.6587
v -666.9513 351.0785 607.6587
v -667.5522 291.4690 607.8364
v -667.5522 291.4690 607.8364
v -666.9513 351.0785 607.6587
v -629.4517 290.8277 585.8378
v -666.9513 351.0785 607.6587
v -628.8463 351.0072 585.6587
v -629.4517 290.8277 585.8378
v -629.4517 290.8277 585.8378
v -628.8463 351.0072 585.6587
v -591.3499 290.3734 607.8388
v -628.8463 351.0072 585.6587
v -590.7411 350.9567 607.6587
v -591.3499 290.3734 607.8388
v -591.3499 290.3734 607.8388
v -590.7411 350.9567 607.6587
v -591.3485 290.5605 651.8384
v -590.7411 350.9567 607.6587
v -590.7411 350.9775 651.6587
v -591.3485 290.5605 651.8384
v -591.3485 290.5605 651.8384
v -590.7411 350.9775 651.6587
v -629.4490 291.2019 673.8370
v -590.7411 350.9775 651.6587
v -628.8462 351.0488 673.6587
v -629.4490 291.2019 673.8370
v -628.8462 351.0488 673.6587
v -629.5266 410.7165 673.8599
v -666.9513 351.0993 651.6587
v -629.5266 410.7165 673.8599
v -667.6219 409.9299 651.8571
v -666.9513 351.0993 651.6587
v -666.9513 351.0993 651.6587
v -667.6219 409.9299 651.8571
v -666.9513 351.0785 607.6587
v -667.6219 409.9299 651.8571
v -667.6259 410.2539 607.8582
v -666.9513 351.0785 607.6587
v -666.9513 351.0785 607.6587
v -667.6259 410.2539 607.8582
v -628.8463 351.0072 585.6587
v -667.6259 410.2539 607.8582
v -629.5346 411.3645 585.8623
v -628.8463 351.0072 585.6587
v -628.8463 351.0072 585.6587
v -629.5346 411.3645 585.8623
v -590.7411 350.9567 607.6587
v -629.5346 411.3645 585.8623
v -591.4393 412.1510 607.8652
v -590.7411 350.9567 607.6587
v -590.7411 350.9567 607.6587
v -591.4393 412.1510 607.8652
v -590.7411 350.9775 651.6587
v -591.4393 412.1510 607.8652
v -591.4352 411.8270 651.8640
v -590.7411 350.9775 651.6587
v -590.7411 350.9775 651.6587
v -591.4352 411.8270 651.8640
v -628.8462 351.0488 673.6587
v -591.4352 411.8270 651.8640
v -629.5266 410.7165 673.8599
v -628.8462 351.0488 673.6587
v -629.5266 410.7165 673.8599
v -631.7208 470.4053 674.5090
v -667.6219 409.9299 651.8571
v -631.7208 470.4053 674.5090
v -669.7919 468.9393 652.4990
v -667.6219 409.9299 651.8571
v -667.6219 409.9299 651.8571
v -669.7919 468.9393 652.4990
v -667.6259 410.2539 607.8582
v -669.7919 468.9393 652.4990
v -669.8058 469.5432 608.5031
v -667.6259 410.2539 607.8582
v -667.6259 410.2539 607.8582
v -669.8058 469.5432 608.5031
v -629.5346 411.3645 585.8623
v -669.8058 469.5432 608.5031
v -631.7488 471.6130 586.5173
v -629.5346 411.3645 585.8623
v -629.5346 411.3645 585.8623
v -631.7488 471.6130 586.5173
v -591.4393 412.1510 607.8652
v -631.7488 471.6130 586.5173
v -593.6777 473.0790 608.5274
v -591.4393 412.1510 607.8652
v -591.4393 412.1510 607.8652
v -593.6777 473.0790 608.5274
v -591.4352 411.8270 651.8640
v -593.6777 473.0790 608.5274
v -593.6637 472.4751 652.5233
v -591.4352 411.8270 651.8640
v -591.4352 411.8270 651.8640
v -593.6637 472.4751 652.5233
v -629.5266 410.7165 673.8599
v -593.6637 472.4751 652.5233
v -631.7208 470.4053 674.5090
v -629.5266 410.7165 673.8599
v -631.7208 470.4053 674.5090
v -634.8780 530.1849 675.4430
v -669.7919 468.9393 652.4990
v -634.8780 530.1849 675.4430
v -672.9299 528.3528 653.4272
v -669.7919 468.9393 652.4990
v -669.7919 468.9393 652.4990
v -672.9299 528.3528 653.4272
v -669.8058 469.5432 608.5031
v -672.9299 528.3528 653.4272
v -672.9518 529.1075 609.4337
v -669.8058 469.5432 608.5031
v -669.8058 469.5432 608.5031
v -672.9518 529.1075 609.4337
v -631.7488 471.6130 586.5173
v -672.9518 529.1075 609.4337
v -634.9218 531.6943 587.4559
v -631.7488 471.6130 586.5173
v -631.7488 471.6130 586.5173
v -634.9218 531.6943 587.4559
v -593.6777 473.0790 608.5274
v -634.9218 531.6943 587.4559
v -596.8698 533.5264 609.4717
v -593.6777 473.0790 608.5274
v -593.6777 473.0790 608.5274
v -596.8698 533.5264 609.4717
v -593.6637 472.4751 652.5233
v -596.8698 533.5264 609.4717
v -596.8479 532.7717 653.4651
v -593.6637 472.4751 652.5233
v -593.6637 472.4751 652.5233
v -596.8479 532.7717 653.4651
v -631.7208 470.4053 674.5090
v -596.8479 532.7717 653.4651
v -634.8780 530.1849 675.4430
v -631.7208 470.4053 674.5090
v -634.8780 530.1849 675.4430
v -638.5739 589.9892 676.5363
v -672.9299 528.3528 653.4272
v -638.5739 589.9892 676.5363
v -676.6126 587.9423 654.5166
v -672.9299 528.3528 653.4272
v -672.9299 528.3528 653.4272
v -676.6126 587.9423 654.5166
v -672.9518 529.1075 609.4337
v -676.6126 587.9423 654.5166
v -676.6400 588.7855 610.5247
v -672.9518 529.1075 609.4337
v -672.9518 529.1075 609.4337
v -676.6400 588.7855 610.5247
v -634.9218 531.6943 587.4559
v -676.6400 588.7855 610.5247
v -638.6285 591.6756 588.5524
v -634.9218 531.6943 587.4559
v -634.9218 531.6943 587.4559
v -638.6285 591.6756 588.5524
v -596.8698 533.5264 609.4717
v -638.6285 591.6756 588.5524
v -600.5898 593.7226 610.5721
v -596.8698 533.5264 609.4717
v -596.8698 533.5264 609.4717
v -600.5898 593.7226 610.5721
v -596.8479 532.7717 653.4651
v -600.5898 593.7226 610.5721
v -600.5625 592.8794 654.5640
v -596.8479 532.7717 653.4651
v -596.8479 532.7717 653.4651
v -600.5625 592.8794 654.5640
v -634.8780 530.1849 675.4430
v -600.5625 592.8794 654.5640
v -638.5739 589.9892 676.5363
v -634.8780 530.1849 675.4430
v -638.5739 589.9892 676.5363
v -642.5908 649.8095 677.7245
v -676.6126 587.9423 654.5166
v -642.5908 649.8095 677.7245
v -680.6210 647.6349 655.7024
v -676.6126 587.9423 654.5166
v -676.6126 587.9423 654.5166
v -680.6210 647.6349 655.7024
v -676.6400 588.7855 610.5247
v -680.6210 647.6349 655.7024
v -680.6519 648.5307 611.7115
v -676.6400 588.7855 610.5247
v -676.6400 588.7855 610.5247
v -680.6519 648.5307 611.7115
v -638.6285 591.6756 588.5524
v -680.6519 648.5307 611.7115
v -642.6525 651.6010 589.7428
v -638.6285 591.6756 588.5524
v -638.6285 591.6756 588.5524
v -642.6525 651.6010 589.7428
v -600.5898 593.7226 610.5721
v -642.6525 651.6010 589.7428
v -604.6224 653.7756 611.7650
v -600.5898 593.7226 610.5721
v -600.5898 593.7226 610.5721
v -604.6224 653.7756 611.7650
v -600.5625 592.8794 654.5640
v -604.6224 653.7756 611.7650
v -604.5915 652.8798 655.7558
v -600.5625 592.8794 654.5640
v -600.5625 592.8794 654.5640
v -604.5915 652.8798 655.7558
v -638.5739 589.9892 676.5363
v -604.5915 652.8798 655.7558
v -642.5908 649.8095 677.7245
v -638.5739 589.9892 676.5363
v -642.5908 649.8095 677.7245
v -646.7918 709.6392 678.9672
v -680.6210 647.6349 655.7024
v -646.7918 709.6392 678.9672
v -684.8173 707.3970 656.9437
v -680.6210 647.6349 655.7024
v -680.6210 647.6349 655.7024
v -684.8173 707.3970 656.9437
v -680.6519 648.5307 611.7115
v -684.8173 707.3970 656.9437
v -684.8501 708.3206 612.9534
v -680.6519 648.5307 611.7115
v -680.6519 648.5307 611.7115
v -684.8501 708.3206 612.9534
v -642.6525 651.6010 589.7428
v -684.8501 708.3206 612.9534
v -646.8575 711.4865 590.9866
v -642.6525 651.6010 589.7428
v -642.6525 651.6010 589.7428
v -646.8575 711.4865 590.9866
v -604.6224 653.7756 611.7650
v -646.8575 711.4865 590.9866
v -608.8320 713.7286 613.0102
v -604.6224 653.7756 611.7650
v -604.6224 653.7756 611.7650
v -608.8320 713.7286 613.0102
v -604.5915 652.8798 655.7558
v -608.8320 713.7286 613.0102
v -608.7992 712.8050 657.0005
v -604.5915 652.8798 655.7558
v -604.5915 652.8798 655.7558
v -608.7992 712.8050 657.0005
v -642.5908 649.8095 677.7245
v -608.7992 712.8050 657.0005
v -646.7918 709.6392 678.9672
v -642.5908 649.8095 677.7245
v -646.7918 709.6392 678.9672
v -651.0760 769.4835 680.2346
v -684.8173 707.3970 656.9437
v -651.0760 769.4835 680.2346
v -689.1001 767.2218 658.2106
v -684.8173 707.3970 656.9437
v -684.8173 707.3970 656.9437
v -689.1001 767.2218 658.2106
v -684.8501 708.3206 612.9534
v -689.1001 767.2218 658.2106
v -689.1335 768.1534 614.2205
v -684.8501 708.3206 612.9534
v -684.8501 708.3206 612.9534
v -689.1335 768.1534 614.2205
v -646.8575 711.4865 590.9866
v -689.1335 768.1534 614.2205
v -651.1428 771.3469 592.2543
v -646.8575 711.4865 590.9866
v -646.8575 711.4865 590.9866
v -651.1428 771.3469 592.2543
v -608.8320 713.7286 613.0102
v -651.1428 771.3469 592.2543
v -613.1187 773.6086 614.2783
v -608.8320 713.7286 613.0102
v -608.8320 713.7286 613.0102
v -613.1187 773.6086 614.2783
v -608.7992 712.8050 657.0005
v -613.1187 773.6086 614.2783
v -613.0853 772.6769 658.2684
v -608.7992 712.8050 657.0005
v -608.7992 712.8050 657.0005
v -613.0853 772.6769 658.2684
v -646.7918 709.6392 678.9672
v -613.0853 772.6769 658.2684
v -651.0760 769.4835 680.2346
v -646.7918 709.6392 678.9672
v -651.0760 769.4835 680.2346
v -655.3560 829.3459 681.5006
v -689.1001 767.2218 658.2106
v -655.3560 829.3459 681.5006
v -693.3818 827.1096 659.4772
v -689.1001 767.2218 658.2106
v -689.1001 767.2218 658.2106
v -693.3818 827.1096 659.4772
v -689.1335 768.1534 614.2205
v -693.3818 827.1096 659.4772
v -693.4145 828.0308 615.4868
v -689.1335 768.1534 614.2205
v -689.1335 768.1534 614.2205
v -693.4145 828.0308 615.4868
v -651.1428 771.3469 592.2543
v -693.4145 828.0308 615.4868
v -655.4213 831.1884 593.5200
v -651.1428 771.3469 592.2543
v -651.1428 771.3469 592.2543
v -655.4213 831.1884 593.5200
v -613.1187 773.6086 614.2783
v -655.4213 831.1884 593.5200
v -617.3954 833.4247 615.5434
v -613.1187 773.6086 614.2783
v -613.1187 773.6086 614.2783
v -617.3954 833.4247 615.5434
v -613.0853 772.6769 658.2684
v -617.3954 833.4247 615.5434
v -617.3627 832.5035 659.5337
v -613.0853 772.6769 658.2684
v -613.0853 772.6769 658.2684
v -617.3627 832.5035 659.5337
v -651.0760 769.4835 680.2346
v -617.3627 832.5035 659.5337
v -655.3560 829.3459 681.5006
v -651.0760 769.4835 680.2346
v -655.3560 829.3459 681.5006
v -659.5438 889.2370 682.7394
v -693.3818 827.1096 659.4772
v -659.5438 889.2370 682.7394
v -697.5749 887.0751 660.7175
v -693.3818 827.1096 659.4772
v -693.3818 827.1096 659.4772
v -697.5749 887.0751 660.7175
v -693.4145 828.0308 615.4868
v -697.5749 887.0751 660.7175
v -697.6054 887.9656 616.7266
v -693.4145 828.0308 615.4868
v -693.4145 828.0308 615.4868
v -697.6054 887.9656 616.7266
v -655.4213 831.1884 593.5200
v -697.6054 887.9656 616.7266
v -659.6049 891.0181 594.7575
v -655.4213 831.1884 593.5200
v -655.4213 831.1884 593.5200
v -659.6049 891.0181 594.7575
v -617.3954 833.4247 615.5434
v -659.6049 891.0181 594.7575
v -621.5738 893.1799 616.7794
v -617.3954 833.4247 615.5434
v -617.3954 833.4247 615.5434
v -621.5738 893.1799 616.7794
v -617.3627 832.5035 659.5337
v -621.5738 893.1799 616.7794
v -621.5433 892.2894 660.7704
v -617.3627 832.5035 659.5337
v -617.3627 832.5035 659.5337
v -621.5433 892.2894 660.7704
v -655.3560 829.3459 681.5006
v -621.5433 892.2894 660.7704
v -659.5438 889.2370 682.7394
v -655.3560 829.3459 681.5006
v -659.5438 889.2370 682.7394
v -663.5356 949.1658 683.9203
v -697.5749 887.0751 660.7175
v -663.5356 949.1658 683.9203
v -701.5757 947.1405 661.9011
v -697.5749 887.0751 660.7175
v -697.5749 887.0751 660.7175
v -701.5757 947.1405 661.9011
v -697.6054 887.9656 616.7266
v -701.5757 947.1405 661.9011
v -701.6025 947.9748 617.9089
v -697.6054 887.9656 616.7266
v -697.6054 887.9656 616.7266
v -701.6025 947.9748 617.9089
v -659.6049 891.0181 594.7575
v -701.6025 947.9748 617.9089
v -663.5891 950.8342 595.9361
v -659.6049 891.0181 594.7575
v -659.6049 891.0181 594.7575
v -663.5891 950.8342 595.9361
v -621.5738 893.1799 616.7794
v -663.5891 950.8342 595.9361
v -625.5490 952.8595 617.9553
v -621.5738 893.1799 616.7794
v -621.5738 893.1799 616.7794
v -625.5490 952.8595 617.9553
v -621.5433 892.2894 660.7704
v -625.5490 952.8595 617.9553
v -625.5222 952.0252 661.9474
v -621.5433 892.2894 660.7704
v -621.5433 892.2894 660.7704
v -625.5222 952.0252 661.9474
v -659.5438 889.2370 682.7394
v -625.5222 952.0252 661.9474
v -663.5356 949.1658 683.9203
v -659.5438 889.2370 682.7394
v -420.0000 231.0002 -586.0000
v -420.4845 291.3712 -586.3111
v -458.1051 230.9998 -608.0000
v -420.4845 291.3712 -586.3111
v -458.5855 290.7123 -608.3085
v -458.1051 230.9998 -608.0000
v -458.1051 230.9998 -608.0000
v -458.5855 290.7123 -608.3085
v -458.1051 230.9996 -652.0000
v -458.5855 290.7123 -608.3085
v -458.5833 290.3559 -652.3070
v -458.1051 230.9996 -652.0000
v -458.1051 230.9996 -652.0000
v -458.5833 290.3559 -652.3070
v -420.0000 230.9998 -674.0000
v -458.5833 290.3559 -652.3070
v -420.4800 290.6584 -674.3082
v -420.0000 230.9998 -674.0000
v -420.0000 230.9998 -674.0000
v -420.4800 290.6584 -674.3082
v -381.8949 231.0002 -652.0000
v -420.4800 290.6584 -674.3082
v -382.3791 291.3173 -652.3109
v -381.8949 231.0002 -652.0000
v -381.8949 231.0002 -652.0000
v -382.3791 291.3173 -652.3109
v -381.8949 231.0004 -608.0000
v -382.3791 291.3173 -652.3109
v -382.3813 291.6736 -608.3123
v -381.8949 231.0004 -608.0000
v -381.8949 231.0004 -608.0000
v -382.3813 291.6736 -608.3123
v -420.0000 231.0002 -586.0000
v -382.3813 291.6736 -608.3123
v -420.4845 291.3712 -586.3111
v -420.0000 231.0002 -586.0000
v -420.4845 291.3712 -586.3111
v -421.0125 351.0676 -586.6501
v -458.5855 290.7123 -608.3085
v -421.0125 351.0676 -586.6501
v -459.1176 350.9944 -608.6501
v -458.5855 290.7123 -608.3085
v -458.5855 290.7123 -608.3085
v -459.1176 350.9944 -608.6501
v -458.5833 290.3559 -652.3070
v -459.1176 350.9944 -608.6501
v -459.1175 350.9547 -652.6501
v -458.5833 290.3559 -652.3070
v -458.5833 290.3559 -652.3070
v -459.1175 350.9547 -652.6501
v -420.4800 290.6584 -674.3082
v -459.1175 350.9547 -652.6501
v -421.0124 350.9884 -674.6501
v -420.4800 290.6584 -674.3082
v -420.4800 290.6584 -674.3082
v -421.0124 350.9884 -674.6501
v -382.3791 291.3173 -652.3109
v -421.0124 350.9884 -674.6501
v -382.9073 351.0616 -652.6501
v -382.3791 291.3173 -652.3109
v -382.3791 291.3173 -652.3109
v -382.9073 351.0616 -652.6501
v -382.3813 291.6736 -608.3123
v -382.9073 351.0616 -652.6501
v -382.9074 351.1012 -608.6501
v -382.3813 291.6736 -608.3123
v -382.3813 291.6736 -608.3123
v -382.9074 351.1012 -608.6501
v -420.4845 291.3712 -586.3111
v -382.9074 351.1012 -608.6501
v -421.0125 351.0676 -586.6501
v -420.4845 291.3712 -586.3111
v -421.0125 351.0676 -586.6501
v -420.4187 410.4233 -586.2688
v -459.1176 350.9944 -608.6501
v -420.4187 410.4233 -586.2688
v -458.5113 411.5643 -608.2608
v -459.1176 350.9944 -608.6501
v -459.1176 350.9944 -608.6501
v -458.5113 411.5643 -608.2608
v -459.1175 350.9547 -652.6501
v -458.5113 411.5643 -608.2608
v -458.5046 412.1814 -652.2565
v -459.1175 350.9547 -652.6501
v -459.1175 350.9547 -652.6501
v -458.5046 412.1814 -652.2565
v -421.0124 350.9884 -674.6501
v -458.5046 412.1814 -652.2565
v -420.4052 411.6576 -674.2601
v -421.0124 350.9884 -674.6501
v -421.0124 350.9884 -674.6501
v -420.4052 411.6576 -674.2601
v -382.9073 351.0616 -652.6501
v -420.4052 411.6576 -674.2601
v -382.3125 410.5166 -652.2682
v -382.9073 351.0616 -652.6501
v -382.9073 351.0616 -652.6501
v -382.3125 410.5166 -652.2682
v -382.9074 351.1012 -608.6501
v -382.3125 410.5166 -652.2682
v -382.3193 409.8995 -608.2725
v -382.9074 351.1012 -608.6501
v -382.9074 351.1012 -608.6501
v -382.3193 409.8995 -608.2725
v -421.0125 351.0676 -586.6501
v -382.3193 409.8995 -608.2725
v -420.4187 410.4233 -586.2688
v -421.0125 351.0676 -586.6501
v -420.4187 410.4233 -586.2688
v -418.5011 469.8589 -585.0376
v -458.5113 411.5643 -608.2608
v -418.5011 469.8589 -585.0376
v -456.5630 471.9854 -607.0098
v -458.5113 411.5643 -608.2608
v -458.5113 411.5643 -608.2608
v -456.5630 471.9854 -607.0098
v -458.5046 412.1814 -652.2565
v -456.5630 471.9854 -607.0098
v -456.5395 473.1356 -650.9948
v -458.5046 412.1814 -652.2565
v -458.5046 412.1814 -652.2565
v -456.5395 473.1356 -650.9948
v -420.4052 411.6576 -674.2601
v -456.5395 473.1356 -650.9948
v -418.4543 472.1594 -673.0075
v -420.4052 411.6576 -674.2601
v -420.4052 411.6576 -674.2601
v -418.4543 472.1594 -673.0075
v -382.3125 410.5166 -652.2682
v -418.4543 472.1594 -673.0075
v -380.3925 470.0329 -651.0353
v -382.3125 410.5166 -652.2682
v -382.3125 410.5166 -652.2682
v -380.3925 470.0329 -651.0353
v -382.3193 409.8995 -608.2725
v -380.3925 470.0329 -651.0353
v -380.4159 468.8827 -607.0504
v -382.3193 409.8995 -608.2725
v -382.3193 409.8995 -608.2725
v -380.4159 468.8827 -607.0504
v -420.4187 410.4233 -586.2688
v -380.4159 468.8827 -607.0504
v -418.5011 469.8589 -585.0376
v -420.4187 410.4233 -586.2688
v -418.5011 469.8589 -585.0376
v -415.7369 529.5021 -583.2627
v -456.5630 471.9854 -607.0098
v -415.7369 529.5021 -583.2627
v -453.7743 532.1597 -605.2192
v -456.5630 471.9854 -607.0098
v -456.5630 471.9854 -607.0098
v -453.7743 532.1597 -605.2192
v -456.5395 473.1356 -650.9948
v -453.7743 532.1597 -605.2192
v -453.7377 533.5972 -649.1957
v -456.5395 473.1356 -650.9948
v -456.5395 473.1356 -650.9948
v -453.7377 533.5972 -649.1957
v -418.4543 472.1594 -673.0075
v -453.7377 533.5972 -649.1957
v -415.6637 532.3771 -671.2157
v -418.4543 472.1594 -673.0075
v -418.4543 472.1594 -673.0075
v -415.6637 532.3771 -671.2157
v -380.3925 470.0329 -651.0353
v -415.6637 532.3771 -671.2157
v -377.6262 529.7195 -649.2592
v -380.3925 470.0329 -651.0353
v -380.3925 470.0329 -651.0353
v -377.6262 529.7195 -649.2592
v -380.4159 468.8827 -607.0504
v -377.6262 529.7195 -649.2592
v -377.6628 528.2820 -605.2827
v -380.4159 468.8827 -607.0504
v -380.4159 468.8827 -607.0504
v -377.6628 528.2820 -605.2827
v -418.5011 469.8589 -585.0376
v -377.6628 528.2820 -605.2827
v -415.7369 529.5021 -583.2627
v -418.5011 469.8589 -585.0376
v -415.7369 529.5021 -583.2627
v -412.4980 589.2263 -581.1830
v -453.7743 532.1597 -605.2192
v -412.4980 589.2263 -581.1830
v -450.5186 592.1956 -603.1288
v -453.7743 532.1597 -605.2192
v -453.7743 532.1597 -605.2192
v -450.5186 592.1956 -603.1288
v -453.7377 533.5972 -649.1957
v -450.5186 592.1956 -603.1288
v -450.4729 593.8016 -647.0994
v -453.7377 533.5972 -649.1957
v -453.7377 533.5972 -649.1957
v -450.4729 593.8016 -647.0994
v -415.6637 532.3771 -671.2157
v -450.4729 593.8016 -647.0994
v -412.4066 592.4385 -669.1243
v -415.6637 532.3771 -671.2157
v -415.6637 532.3771 -671.2157
v -412.4066 592.4385 -669.1243
v -377.6262 529.7195 -649.2592
v -412.4066 592.4385 -669.1243
v -374.3860 589.4692 -647.1786
v -377.6262 529.7195 -649.2592
v -377.6262 529.7195 -649.2592
v -374.3860 589.4692 -647.1786
v -377.6628 528.2820 -605.2827
v -374.3860 589.4692 -647.1786
v -374.4317 587.8632 -603.2079
v -377.6628 528.2820 -605.2827
v -377.6628 528.2820 -605.2827
v -374.4317 587.8632 -603.2079
v -415.7369 529.5021 -583.2627
v -374.4317 587.8632 -603.2079
v -412.4980 589.2263 -581.1830
v -415.7369 529.5021 -583.2627
v -412.4980 589.2263 -581.1830
v -408.9759 648.9991 -578.9215
v -450.5186 592.1956 -603.1288
v -408.9759 648.9991 -578.9215
v -446.9856 652.1534 -600.8602
v -450.5186 592.1956 -603.1288
v -450.5186 592.1956 -603.1288
v -446.9856 652.1534 -600.8602
v -450.4729 593.8016 -647.0994
v -446.9856 652.1534 -600.8602
v -446.9340 653.8596 -644.8271
v -450.4729 593.8016 -647.0994
v -450.4729 593.8016 -647.0994
v -446.9340 653.8596 -644.8271
v -412.4066 592.4385 -669.1243
v -446.9340 653.8596 -644.8271
v -408.8727 652.4114 -666.8552
v -412.4066 592.4385 -669.1243
v -412.4066 592.4385 -669.1243
v -408.8727 652.4114 -666.8552
v -374.3860 589.4692 -647.1786
v -408.8727 652.4114 -666.8552
v -370.8629 649.2571 -644.9164
v -374.3860 589.4692 -647.1786
v -374.3860 589.4692 -647.1786
v -370.8629 649.2571 -644.9164
v -374.4317 587.8632 -603.2079
v -370.8629 649.2571 -644.9164
v -370.9145 647.5510 -600.9496
v -374.4317 587.8632 -603.2079
v -374.4317 587.8632 -603.2079
v -370.9145 647.5510 -600.9496
v -412.4980 589.2263 -581.1830
v -370.9145 647.5510 -600.9496
v -408.9759 648.9991 -578.9215
v -412.4980 589.2263 -581.1830
v -408.9759 648.9991 -578.9215
v -405.2910 708.8036 -576.5554
v -446.9856 652.1534 -600.8602
v -405.2910 708.8036 -576.5554
v -443.2947 712.0560 -598.4903
v -446.9856 652.1534 -600.8602
v -446.9856 652.1534 -600.8602
v -443.2947 712.0560 -598.4903
v -446.9340 653.8596 -644.8271
v -443.2947 712.0560 -598.4903
v -443.2398 713.8152 -642.4551
v -446.9340 653.8596 -644.8271
v -446.9340 653.8596 -644.8271
v -443.2398 713.8152 -642.4551
v -408.8727 652.4114 -666.8552
v -443.2398 713.8152 -642.4551
v -405.1813 712.3221 -664.4850
v -408.8727 652.4114 -666.8552
v -408.8727 652.4114 -666.8552
v -405.1813 712.3221 -664.4850
v -370.8629 649.2571 -644.9164
v -405.1813 712.3221 -664.4850
v -367.1776 709.0696 -642.5501
v -370.8629 649.2571 -644.9164
v -370.8629 649.2571 -644.9164
v -367.1776 709.0696 -642.5501
v -370.9145 647.5510 -600.9496
v -367.1776 709.0696 -642.5501
v -367.2324 707.3104 -598.5853
v -370.9145 647.5510 -600.9496
v -370.9145 647.5510 -600.9496
v -367.2324 707.3104 -598.5853
v -408.9759 648.9991 -578.9215
v -367.2324 707.3104 -598.5853
v -405.2910 708.8036 -576.5554
v -408.9759 648.9991 -578.9215
v -405.2910 708.8036 -576.5554
v -401.5320 768.6406 -574.1418
v -443.2947 712.0560 -598.4903
v -401.5320 768.6406 -574.1418
v -439.5339 771.9214 -596.0756
v -443.2947 712.0560 -598.4903
v -443.2947 712.0560 -598.4903
v -439.5339 771.9214 -596.0756
v -443.2398 713.8152 -642.4551
v -439.5339 771.9214 -596.0756
v -439.4781 773.6960 -640.0397
v -443.2398 713.8152 -642.4551
v -443.2398 713.8152 -642.4551
v -439.4781 773.6960 -640.0397
v -405.1813 712.3221 -664.4850
v -439.4781 773.6960 -640.0397
v -401.4203 772.1898 -662.0701
v -405.1813 712.3221 -664.4850
v -405.1813 712.3221 -664.4850
v -401.4203 772.1898 -662.0701
v -367.1776 709.0696 -642.5501
v -401.4203 772.1898 -662.0701
v -363.4184 768.9090 -640.1364
v -367.1776 709.0696 -642.5501
v -367.1776 709.0696 -642.5501
v -363.4184 768.9090 -640.1364
v -367.2324 707.3104 -598.5853
v -363.4184 768.9090 -640.1364
v -363.4742 767.1344 -596.1722
v -367.2324 707.3104 -598.5853
v -367.2324 707.3104 -598.5853
v -363.4742 767.1344 -596.1722
v -405.2910 708.8036 -576.5554
v -363.4742 767.1344 -596.1722
v -401.5320 768.6406 -574.1418
v -405.2910 708.8036 -576.5554
v -401.5320 768.6406 -574.1418
v -397.7757 828.5125 -571.7299
v -439.5339 771.9214 -596.0756
v -397.7757 828.5125 -571.7299
v -435.7799 831.7564 -593.6652
v -439.5339 771.9214 -596.0756
v -439.5339 771.9214 -596.0756
v -435.7799 831.7564 -593.6652
v -439.4781 773.6960 -640.0397
v -435.7799 831.7564 -593.6652
v -435.7253 833.5110 -637.6301
v -439.4781 773.6960 -640.0397
v -439.4781 773.6960 -640.0397
v -435.7253 833.5110 -637.6301
v -401.4203 772.1898 -662.0701
v -435.7253 833.5110 -637.6301
v -397.6665 832.0218 -659.6599
v -401.4203 772.1898 -662.0701
v -401.4203 772.1898 -662.0701
v -397.6665 832.0218 -659.6599
v -363.4184 768.9090 -640.1364
v -397.6665 832.0218 -659.6599
v -359.6623 828.7778 -637.7246
v -363.4184 768.9090 -640.1364
v -363.4184 768.9090 -640.1364
v -359.6623 828.7778 -637.7246
v -363.4742 767.1344 -596.1722
v -359.6623 828.7778 -637.7246
v -359.7169 827.0232 -593.7596
v -363.4742 767.1344 -596.1722
v -363.4742 767.1344 -596.1722
v -359.7169 827.0232 -593.7596
v -401.5320 768.6406 -574.1418
v -359.7169 827.0232 -593.7596
v -397.7757 828.5125 -571.7299
v -401.5320 768.6406 -574.1418
v -397.7757 828.5125 -571.7299
v -394.0991 888.4313 -569.3692
v -435.7799 831.7564 -593.6652
v -394.0991 888.4313 -569.3692
v -432.1099 891.5672 -591.3087
v -435.7799 831.7564 -593.6652
v -435.7799 831.7564 -593.6652
v -432.1099 891.5672 -591.3087
v -435.7253 833.5110 -637.6301
v -432.1099 891.5672 -591.3087
v -432.0589 893.2635 -635.2759
v -435.7253 833.5110 -637.6301
v -435.7253 833.5110 -637.6301
v -432.0589 893.2635 -635.2759
v -397.6665 832.0218 -659.6599
v -432.0589 893.2635 -635.2759
v -393.9971 891.8238 -657.3037
v -397.6665 832.0218 -659.6599
v -397.6665 832.0218 -659.6599
v -393.9971 891.8238 -657.3037
v -359.6623 828.7778 -637.7246
v -393.9971 891.8238 -657.3037
v -355.9862 888.6878 -635.3643
v -359.6623 828.7778 -637.7246
v -359.6623 828.7778 -637.7246
v -355.9862 888.6878 -635.3643
v -359.7169 827.0232 -593.7596
v -355.9862 888.6878 -635.3643
v -356.0372 886.9916 -591.3970
v -359.7169 827.0232 -593.7596
v -359.7169 827.0232 -593.7596
v -356.0372 886.9916 -591.3970
v -397.7757 828.5125 -571.7299
v -356.0372 886.9916 -591.3970
v -394.0991 888.4313 -569.3692
v -397.7757 828.5125 -571.7299
v -394.0991 888.4313 -569.3692
v -390.5933 948.4109 -567.1182
v -432.1099 891.5672 -591.3087
v -390.5933 948.4109 -567.1182
v -428.6157 951.3487 -589.0651
v -432.1099 891.5672 -591.3087
v -432.1099 891.5672 -591.3087
v -428.6157 951.3487 -589.0651
v -432.0589 893.2635 -635.2759
v -428.6157 951.3487 -589.0651
v -428.5709 952.9377 -633.0363
v -432.0589 893.2635 -635.2759
v -432.0589 893.2635 -635.2759
v -428.5709 952.9377 -633.0363
v -393.9971 891.8238 -657.3037
v -428.5709 952.9377 -633.0363
v -390.5038 951.5891 -655.0607
v -393.9971 891.8238 -657.3037
v -393.9971 891.8238 -657.3037
v -390.5038 951.5891 -655.0607
v -355.9862 888.6878 -635.3643
v -390.5038 951.5891 -655.0607
v -352.4814 948.6513 -633.1138
v -355.9862 888.6878 -635.3643
v -355.9862 888.6878 -635.3643
v -352.4814 948.6513 -633.1138
v -356.0372 886.9916 -591.3970
v -352.4814 948.6513 -633.1138
v -352.5261 947.0623 -589.1425
v -356.0372 886.9916 -591.3970
v -356.0372 886.9916 -591.3970
v -352.5261 947.0623 -589.1425
v -394.0991 888.4313 -569.3692
v -352.5261 947.0623 -589.1425
v -390.5933 948.4109 -567.1182
v -394.0991 888.4313 -569.3692
v -376.0000 231.0004 -378.0000
v -376.4877 284.5189 -378.5364
v -398.0000 231.0005 -339.8949
v -376.4877 284.5189 -378.5364
v -398.4900 284.8192 -340.4338
v -398.0000 231.0005 -339.8949
v -398.0000 231.0005 -339.8949
v -398.4900 284.8192 -340.4338
v -442.0000 231.0002 -339.8949
v -398.4900 284.8192 -340.4338
v -442.4850 284.1554 -340.4283
v -442.0000 231.0002 -339.8949
v -442.0000 231.0002 -339.8949
v -442.4850 284.1554 -340.4283
v -464.0000 230.9996 -378.0000
v -442.4850 284.1554 -340.4283
v -464.4777 283.1912 -378.5254
v -464.0000 230.9996 -378.0000
v -464.0000 230.9996 -378.0000
v -464.4777 283.1912 -378.5254
v -442.0000 230.9995 -416.1051
v -464.4777 283.1912 -378.5254
v -442.4755 282.8909 -416.6280
v -442.0000 230.9995 -416.1051
v -442.0000 230.9995 -416.1051
v -442.4755 282.8909 -416.6280
v -398.0000 230.9998 -416.1051
v -442.4755 282.8909 -416.6280
v -398.4805 283.5547 -416.6335
v -398.0000 230.9998 -416.1051
v -398.0000 230.9998 -416.1051
v -398.4805 283.5547 -416.6335
v -376.0000 231.0004 -378.0000
v -398.4805 283.5547 -416.6335
v -376.4877 284.5189 -378.5364
v -376.0000 231.0004 -378.0000
v -376.4877 284.5189 -378.5364
v -377.1891 337.0466 -379.3077
v -398.4900 284.8192 -340.4338
v -377.1891 337.0466 -379.3077
v -399.1897 337.2012 -341.2033
v -398.4900 284.8192 -340.4338
v -398.4900 284.8192 -340.4338
v -399.1897 337.2012 -341.2033
v -442.4850 284.1554 -340.4283
v -399.1897 337.2012 -341.2033
v -443.1884 336.8594 -341.2018
v -442.4850 284.1554 -340.4283
v -442.4850 284.1554 -340.4283
v -443.1884 336.8594 -341.2018
v -464.4777 283.1912 -378.5254
v -443.1884 336.8594 -341.2018
v -465.1865 336.3629 -379.3048
v -464.4777 283.1912 -378.5254
v -464.4777 283.1912 -378.5254
v -465.1865 336.3629 -379.3048
v -442.4755 282.8909 -416.6280
v -465.1865 336.3629 -379.3048
v -443.1859 336.2083 -417.4093
v -442.4755 282.8909 -416.6280
v -442.4755 282.8909 -416.6280
v -443.1859 336.2083 -417.4093
v -398.4805 283.5547 -416.6335
v -443.1859 336.2083 -417.4093
v -399.1872 336.5501 -417.4107
v -398.4805 283.5547 -416.6335
v -398.4805 283.5547 -416.6335
v -399.1872 336.5501 -417.4107
v -376.4877 284.5189 -378.5364
v -399.1872 336.5501 -417.4107
v -377.1891 337.0466 -379.3077
v -376.4877 284.5189 -378.5364
v -377.1891 337.0466 -379.3077
v -377.0089 388.8423 -379.1095
v -399.1897 337.2012 -341.2033
v -377.0089 388.8423 -379.1095
v -399.0115 388.5164 -341.0073
v -399.1897 337.2012 -341.2033
v -399.1897 337.2012 -341.2033
v -399.0115 388.5164 -341.0073
v -443.1884 336.8594 -341.2018
v -399.0115 388.5164 -341.0073
v -443.0056 389.2368 -341.0009
v -443.1884 336.8594 -341.2018
v -443.1884 336.8594 -341.2018
v -443.0056 389.2368 -341.0009
v -465.1865 336.3629 -379.3048
v -443.0056 389.2368 -341.0009
v -464.9971 390.2831 -379.0965
v -465.1865 336.3629 -379.3048
v -465.1865 336.3629 -379.3048
v -464.9971 390.2831 -379.0965
v -443.1859 336.2083 -417.4093
v -464.9971 390.2831 -379.0965
v -442.9944 390.6089 -417.1987
v -443.1859 336.2083 -417.4093
v -443.1859 336.2083 -417.4093
v -442.9944 390.6089 -417.1987
v -399.1872 336.5501 -417.4107
v -442.9944 390.6089 -417.1987
v -399.0003 389.8886 -417.2052
v -399.1872 336.5501 -417.4107
v -399.1872 336.5501 -417.4107
v -399.0003 389.8886 -417.2052
v -377.1891 337.0466 -379.3077
v -399.0003 389.8886 -417.2052
v -377.0089 388.8423 -379.1095
v -377.1891 337.0466 -379.3077
v -377.0089 388.8423 -379.1095
v -375.4454 440.4531 -377.3901
v -399.0115 388.5164 -341.0073
v -375.4454 440.4531 -377.3901
v -397.4643 439.5883 -339.3057
v -399.0115 388.5164 -341.0073
v -399.0115 388.5164 -341.0073
v -397.4643 439.5883 -339.3057
v -443.0056 389.2368 -341.0009
v -397.4643 439.5883 -339.3057
v -441.4227 441.4998 -339.2600
v -443.0056 389.2368 -341.0009
v -443.0056 389.2368 -341.0009
v -441.4227 441.4998 -339.2600
v -464.9971 390.2831 -379.0965
v -441.4227 441.4998 -339.2600
v -463.3623 444.2761 -377.2987
v -464.9971 390.2831 -379.0965
v -464.9971 390.2831 -379.0965
v -463.3623 444.2761 -377.2987
v -442.9944 390.6089 -417.1987
v -463.3623 444.2761 -377.2987
v -441.3435 445.1409 -415.3831
v -442.9944 390.6089 -417.1987
v -442.9944 390.6089 -417.1987
v -441.3435 445.1409 -415.3831
v -399.0003 389.8886 -417.2052
v -441.3435 445.1409 -415.3831
v -397.3851 443.2294 -415.4289
v -399.0003 389.8886 -417.2052
v -399.0003 389.8886 -417.2052
v -397.3851 443.2294 -415.4289
v -377.0089 388.8423 -379.1095
v -397.3851 443.2294 -415.4289
v -375.4454 440.4531 -377.3901
v -377.0089 388.8423 -379.1095
v -375.4454 440.4531 -377.3901
v -372.6889 492.3885 -374.3586
v -397.4643 439.5883 -339.3057
v -372.6889 492.3885 -374.3586
v -394.7257 491.1793 -336.2939
v -397.4643 439.5883 -339.3057
v -397.4643 439.5883 -339.3057
v -394.7257 491.1793 -336.2939
v -441.4227 441.4998 -339.2600
v -394.7257 491.1793 -336.2939
v -438.6443 493.8521 -336.2045
v -441.4227 441.4998 -339.2600
v -441.4227 441.4998 -339.2600
v -438.6443 493.8521 -336.2045
v -463.3623 444.2761 -377.2987
v -438.6443 493.8521 -336.2045
v -460.5262 497.7343 -374.1797
v -463.3623 444.2761 -377.2987
v -463.3623 444.2761 -377.2987
v -460.5262 497.7343 -374.1797
v -441.3435 445.1409 -415.3831
v -460.5262 497.7343 -374.1797
v -438.4893 498.9435 -412.2443
v -441.3435 445.1409 -415.3831
v -441.3435 445.1409 -415.3831
v -438.4893 498.9435 -412.2443
v -397.3851 443.2294 -415.4289
v -438.4893 498.9435 -412.2443
v -394.5707 496.2706 -412.3337
v -397.3851 443.2294 -415.4289
v -397.3851 443.2294 -415.4289
v -394.5707 496.2706 -412.3337
v -375.4454 440.4531 -377.3901
v -394.5707 496.2706 -412.3337
v -372.6889 492.3885 -374.3586
v -375.4454 440.4531 -377.3901
v -372.6889 492.3885 -374.3586
v -369.2150 544.5413 -370.5381
v -394.7257 491.1793 -336.2939
v -369.2150 544.5413 -370.5381
v -391.2652 543.1285 -332.4883
v -394.7257 491.1793 -336.2939
v -394.7257 491.1793 -336.2939
v -391.2652 543.1285 -332.4883
v -438.6443 493.8521 -336.2045
v -391.2652 543.1285 -332.4883
v -435.1541 546.2511 -332.3661
v -438.6443 493.8521 -336.2045
v -438.6443 493.8521 -336.2045
v -435.1541 546.2511 -332.3661
v -460.5262 497.7343 -374.1797
v -435.1541 546.2511 -332.3661
v -456.9927 550.7863 -370.2938
v -460.5262 497.7343 -374.1797
v -460.5262 497.7343 -374.1797
v -456.9927 550.7863 -370.2938
v -438.4893 498.9435 -412.2443
v -456.9927 550.7863 -370.2938
v -434.9425 552.1990 -408.3436
v -438.4893 498.9435 -412.2443
v -438.4893 498.9435 -412.2443
v -434.9425 552.1990 -408.3436
v -394.5707 496.2706 -412.3337
v -434.9425 552.1990 -408.3436
v -391.0536 549.0764 -408.4658
v -394.5707 496.2706 -412.3337
v -394.5707 496.2706 -412.3337
v -391.0536 549.0764 -408.4658
v -372.6889 492.3885 -374.3586
v -391.0536 549.0764 -408.4658
v -369.2150 544.5413 -370.5381
v -372.6889 492.3885 -374.3586
v -369.2150 544.5413 -370.5381
v -365.3068 596.8085 -366.2401
v -391.2652 543.1285 -332.4883
v -365.3068 596.8085 -366.2401
v -387.3661 595.2733 -328.2003
v -391.2652 543.1285 -332.4883
v -391.2652 543.1285 -332.4883
v -387.3661 595.2733 -328.2003
v -435.1541 546.2511 -332.3661
v -387.3661 595.2733 -328.2003
v -431.2349 598.6667 -328.0559
v -435.1541 546.2511 -332.3661
v -435.1541 546.2511 -332.3661
v -431.2349 598.6667 -328.0559
v -456.9927 550.7863 -370.2938
v -431.2349 598.6667 -328.0559
v -453.0442 603.5954 -365.9513
v -456.9927 550.7863 -370.2938
v -456.9927 550.7863 -370.2938
v -453.0442 603.5954 -365.9513
v -434.9425 552.1990 -408.3436
v -453.0442 603.5954 -365.9513
v -430.9848 605.1307 -403.9911
v -434.9425 552.1990 -408.3436
v -434.9425 552.1990 -408.3436
v -430.9848 605.1307 -403.9911
v -391.0536 549.0764 -408.4658
v -430.9848 605.1307 -403.9911
v -387.1161 601.7372 -404.1355
v -391.0536 549.0764 -408.4658
v -391.0536 549.0764 -408.4658
v -387.1161 601.7372 -404.1355
v -369.2150 544.5413 -370.5381
v -387.1161 601.7372 -404.1355
v -365.3068 596.8085 -366.2401
v -369.2150 544.5413 -370.5381
v -365.3068 596.8085 -366.2401
v -361.1414 649.1556 -361.6592
v -387.3661 595.2733 -328.2003
v -361.1414 649.1556 -361.6592
v -383.2061 647.5527 -323.6253
v -387.3661 595.2733 -328.2003
v -387.3661 595.2733 -328.2003
v -383.2061 647.5527 -323.6253
v -431.2349 598.6667 -328.0559
v -383.2061 647.5527 -323.6253
v -427.0630 651.0957 -323.4679
v -431.2349 598.6667 -328.0559
v -431.2349 598.6667 -328.0559
v -427.0630 651.0957 -323.4679
v -453.0442 603.5954 -365.9513
v -427.0630 651.0957 -323.4679
v -448.8550 656.2416 -361.3443
v -453.0442 603.5954 -365.9513
v -453.0442 603.5954 -365.9513
v -448.8550 656.2416 -361.3443
v -430.9848 605.1307 -403.9911
v -448.8550 656.2416 -361.3443
v -426.7903 657.8444 -399.3782
v -430.9848 605.1307 -403.9911
v -430.9848 605.1307 -403.9911
v -426.7903 657.8444 -399.3782
v -387.1161 601.7372 -404.1355
v -426.7903 657.8444 -399.3782
v -382.9334 654.3015 -399.5357
v -387.1161 601.7372 -404.1355
v -387.1161 601.7372 -404.1355
v -382.9334 654.3015 -399.5357
v -365.3068 596.8085 -366.2401
v -382.9334 654.3015 -399.5357
v -361.1414 649.1556 -361.6592
v -365.3068 596.8085 -366.2401
v -361.1414 649.1556 -361.6592
v -356.8480 701.5753 -356.9376
v -383.2061 647.5527 -323.6253
v -356.8480 701.5753 -356.9376
v -378.9147 699.9479 -318.9059
v -383.2061 647.5527 -323.6253
v -383.2061 647.5527 -323.6253
v -378.9147 699.9479 -318.9059
v -427.0630 651.0957 -323.4679
v -378.9147 699.9479 -318.9059
v -422.7672 703.5449 -318.7436
v -427.0630 651.0957 -323.4679
v -427.0630 651.0957 -323.4679
v -422.7672 703.5449 -318.7436
v -448.8550 656.2416 -361.3443
v -422.7672 703.5449 -318.7436
v -444.5528 708.7691 -356.6130
v -448.8550 656.2416 -361.3443
v -448.8550 656.2416 -361.3443
v -444.5528 708.7691 -356.6130
v -426.7903 657.8444 -399.3782
v -444.5528 708.7691 -356.6130
v -422.4861 710.3964 -394.6447
v -426.7903 657.8444 -399.3782
v -426.7903 657.8444 -399.3782
v -422.4861 710.3964 -394.6447
v -382.9334 654.3015 -399.5357
v -422.4861 710.3964 -394.6447
v -378.6336 706.7995 -394.8069
v -382.9334 654.3015 -399.5357
v -382.9334 654.3015 -399.5357
v -378.6336 706.7995 -394.8069
v -361.1414 649.1556 -361.6592
v -378.6336 706.7995 -394.8069
v -356.8480 701.5753 -356.9376
v -361.1414 649.1556 -361.6592
v -356.8480 701.5753 -356.9376
v -352.5351 754.0806 -352.1945
v -378.9147 699.9479 -318.9059
v -352.5351 754.0806 -352.1945
v -374.6006 752.4683 -314.1614
v -378.9147 699.9479 -318.9059
v -378.9147 699.9479 -318.9059
v -374.6006 752.4683 -314.1614
v -422.7672 703.5449 -318.7436
v -374.6006 752.4683 -314.1614
v -418.4558 756.0320 -314.0022
v -422.7672 703.5449 -318.7436
v -422.7672 703.5449 -318.7436
v -418.4558 756.0320 -314.0022
v -444.5528 708.7691 -356.6130
v -418.4558 756.0320 -314.0022
v -440.2455 761.2079 -351.8759
v -444.5528 708.7691 -356.6130
v -444.5528 708.7691 -356.6130
v -440.2455 761.2079 -351.8759
v -422.4861 710.3964 -394.6447
v -440.2455 761.2079 -351.8759
v -418.1799 762.8201 -389.9090
v -422.4861 710.3964 -394.6447
v -422.4861 710.3964 -394.6447
v -418.1799 762.8201 -389.9090
v -378.6336 706.7995 -394.8069
v -418.1799 762.8201 -389.9090
v -374.3248 759.2565 -390.0683
v -378.6336 706.7995 -394.8069
v -378.6336 706.7995 -394.8069
v -374.3248 759.2565 -390.0683
v -356.8480 701.5753 -356.9376
v -374.3248 759.2565 -390.0683
v -352.5351 754.0806 -352.1945
v -356.8480 701.5753 -356.9376
v -352.5351 754.0806 -352.1945
v -348.3092 806.6948 -347.5471
v -374.6006 752.4683 -314.1614
v -348.3092 806.6948 -347.5471
v -370.3702 805.1393 -309.5090
v -374.6006 752.4683 -314.1614
v -374.6006 752.4683 -314.1614
v -370.3702 805.1393 -309.5090
v -418.4558 756.0320 -314.0022
v -370.3702 805.1393 -309.5090
v -414.2354 808.5773 -309.3608
v -418.4558 756.0320 -314.0022
v -418.4558 756.0320 -314.0022
v -414.2354 808.5773 -309.3608
v -440.2455 761.2079 -351.8759
v -414.2354 808.5773 -309.3608
v -436.0397 813.5707 -347.2506
v -440.2455 761.2079 -351.8759
v -440.2455 761.2079 -351.8759
v -436.0397 813.5707 -347.2506
v -418.1799 762.8201 -389.9090
v -436.0397 813.5707 -347.2506
v -413.9787 815.1262 -385.2887
v -418.1799 762.8201 -389.9090
v -418.1799 762.8201 -389.9090
v -413.9787 815.1262 -385.2887
v -374.3248 759.2565 -390.0683
v -413.9787 815.1262 -385.2887
v -370.1135 811.6881 -385.4369
v -374.3248 759.2565 -390.0683
v -374.3248 759.2565 -390.0683
v -370.1135 811.6881 -385.4369
v -352.5351 754.0806 -352.1945
v -370.1135 811.6881 -385.4369
v -348.3092 806.6948 -347.5471
v -352.5351 754.0806 -352.1945
v -348.3092 806.6948 -347.5471
v -344.2913 859.4581 -343.1283
v -370.3702 805.1393 -309.5090
v -344.2913 859.4581 -343.1283
v -366.3440 858.0106 -305.0812
v -370.3702 805.1393 -309.5090
v -370.3702 805.1393 -309.5090
v -366.3440 858.0106 -305.0812
v -414.2354 808.5773 -309.3608
v -366.3440 858.0106 -305.0812
v -410.2274 861.2100 -304.9529
v -414.2354 808.5773 -309.3608
v -414.2354 808.5773 -309.3608
v -410.2274 861.2100 -304.9529
v -436.0397 813.5707 -347.2506
v -410.2274 861.2100 -304.9529
v -432.0579 865.8568 -342.8717
v -436.0397 813.5707 -347.2506
v -436.0397 813.5707 -347.2506
v -432.0579 865.8568 -342.8717
v -413.9787 815.1262 -385.2887
v -432.0579 865.8568 -342.8717
v -410.0052 867.3043 -380.9188
v -413.9787 815.1262 -385.2887
v -413.9787 815.1262 -385.2887
v -410.0052 867.3043 -380.9188
v -370.1135 811.6881 -385.4369
v -410.0052 867.3043 -380.9188
v -366.1218 864.1049 -381.0471
v -370.1135 811.6881 -385.4369
v -370.1135 811.6881 -385.4369
v -366.1218 864.1049 -381.0471
v -348.3092 806.6948 -347.5471
v -366.1218 864.1049 -381.0471
v -344.2913 859.4581 -343.1283
v -348.3092 806.6948 -347.5471
v -376.0000 231.0001 -126.0000
v -376.0613 268.6868 -126.2346
v -398.0000 231.0004 -87.8949
v -376.0613 268.6868 -126.2346
v -398.0618 269.0443 -88.1315
v -398.0000 231.0004 -87.8949
v -398.0000 231.0004 -87.8949
v -398.0618 269.0443 -88.1315
v -442.0000 231.0003 -87.8949
v -398.0618 269.0443 -88.1315
v -442.0616 268.9173 -88.1308
v -442.0000 231.0003 -87.8949
v -442.0000 231.0003 -87.8949
v -442.0616 268.9173 -88.1308
v -464.0000 230.9999 -126.0000
v -442.0616 268.9173 -88.1308
v -464.0609 268.4329 -126.2332
v -464.0000 230.9999 -126.0000
v -464.0000 230.9999 -126.0000
v -464.0609 268.4329 -126.2332
v -442.0000 230.9996 -164.1051
v -464.0609 268.4329 -126.2332
v -442.0604 268.0754 -164.3363
v -442.0000 230.9996 -164.1051
v -442.0000 230.9996 -164.1051
v -442.0604 268.0754 -164.3363
v -398.0000 230.9997 -164.1051
v -442.0604 268.0754 -164.3363
v -398.0606 268.2024 -164.3371
v -398.0000 230.9997 -164.1051
v -398.0000 230.9997 -164.1051
v -398.0606 268.2024 -164.3371
v -376.0000 231.0001 -126.0000
v -398.0606 268.2024 -164.3371
v -376.0613 268.6868 -126.2346
v -376.0000 231.0001 -126.0000
v -376.0613 268.6868 -126.2346
v -376.1875 306.2677 -126.7178
v -398.0618 269.0443 -88.1315
v -376.1875 306.2677 -126.7178
v -398.1882 306.6918 -88.6155
v -398.0618 269.0443 -88.1315
v -398.0618 269.0443 -88.1315
v -398.1882 306.6918 -88.6155
v -442.0616 268.9173 -88.1308
v -398.1882 306.6918 -88.6155
v -442.1880 306.5412 -88.6145
v -442.0616 268.9173 -88.1308
v -442.0616 268.9173 -88.1308
v -442.1880 306.5412 -88.6145
v -464.0609 268.4329 -126.2332
v -442.1880 306.5412 -88.6145
v -464.1870 305.9665 -126.7159
v -464.0609 268.4329 -126.2332
v -464.0609 268.4329 -126.2332
v -464.1870 305.9665 -126.7159
v -442.0604 268.0754 -164.3363
v -464.1870 305.9665 -126.7159
v -442.1862 305.5424 -164.8182
v -442.0604 268.0754 -164.3363
v -442.0604 268.0754 -164.3363
v -442.1862 305.5424 -164.8182
v -398.0606 268.2024 -164.3371
v -442.1862 305.5424 -164.8182
v -398.1865 305.6930 -164.8192
v -398.0606 268.2024 -164.3371
v -398.0606 268.2024 -164.3371
v -398.1865 305.6930 -164.8192
v -376.0613 268.6868 -126.2346
v -398.1865 305.6930 -164.8192
v -376.1875 306.2677 -126.7178
v -376.0613 268.6868 -126.2346
v -376.1875 306.2677 -126.7178
v -376.2878 343.7432 -127.1020
v -398.1882 306.6918 -88.6155
v -376.2878 343.7432 -127.1020
v -398.2880 343.9337 -88.9974
v -398.1882 306.6918 -88.6155
v -398.1882 306.6918 -88.6155
v -398.2880 343.9337 -88.9974
v -442.1880 306.5412 -88.6145
v -398.2880 343.9337 -88.9974
v -442.2879 343.8661 -88.9972
v -442.1880 306.5412 -88.6145
v -442.1880 306.5412 -88.6145
v -442.2879 343.8661 -88.9972
v -464.1870 305.9665 -126.7159
v -442.2879 343.8661 -88.9972
v -464.2877 343.6078 -127.1016
v -464.1870 305.9665 -126.7159
v -464.1870 305.9665 -126.7159
v -464.2877 343.6078 -127.1016
v -442.1862 305.5424 -164.8182
v -464.2877 343.6078 -127.1016
v -442.2876 343.4172 -165.2061
v -442.1862 305.5424 -164.8182
v -442.1862 305.5424 -164.8182
v -442.2876 343.4172 -165.2061
v -398.1865 305.6930 -164.8192
v -442.2876 343.4172 -165.2061
v -398.2876 343.4849 -165.2063
v -398.1865 305.6930 -164.8192
v -398.1865 305.6930 -164.8192
v -398.2876 343.4849 -165.2063
v -376.1875 306.2677 -126.7178
v -398.2876 343.4849 -165.2063
v -376.2878 343.7432 -127.1020
v -376.1875 306.2677 -126.7178
v -376.2878 343.7432 -127.1020
v -376.2757 381.1250 -127.0556
v -398.2880 343.9337 -88.9974
v -376.2757 381.1250 -127.0556
v -398.2761 380.8138 -88.9520
v -398.2880 343.9337 -88.9974
v -398.2880 343.9337 -88.9974
v -398.2761 380.8138 -88.9520
v -442.2879 343.8661 -88.9972
v -398.2761 380.8138 -88.9520
v -442.2760 380.9243 -88.9514
v -442.2879 343.8661 -88.9972
v -442.2879 343.8661 -88.9972
v -442.2760 380.9243 -88.9514
v -464.2877 343.6078 -127.1016
v -442.2760 380.9243 -88.9514
v -464.2754 381.3461 -127.0545
v -464.2877 343.6078 -127.1016
v -464.2877 343.6078 -127.1016
v -464.2754 381.3461 -127.0545
v -442.2876 343.4172 -165.2061
v -464.2754 381.3461 -127.0545
v -442.2750 381.6574 -165.1581
v -442.2876 343.4172 -165.2061
v -442.2876 343.4172 -165.2061
v -442.2750 381.6574 -165.1581
v -398.2876 343.4849 -165.2063
v -442.2750 381.6574 -165.1581
v -398.2752 381.5468 -165.1587
v -398.2876 343.4849 -165.2063
v -398.2876 343.4849 -165.2063
v -398.2752 381.5468 -165.1587
v -376.2878 343.7432 -127.1020
v -398.2752 381.5468 -165.1587
v -376.2757 381.1250 -127.0556
v -376.2878 343.7432 -127.1020
v -376.2757 381.1250 -127.0556
v -376.0797 418.4255 -126.3051
v -398.2761 380.8138 -88.9520
v -376.0797 418.4255 -126.3051
v -398.0839 417.4066 -88.2160
v -398.2761 380.8138 -88.9520
v -398.2761 380.8138 -88.9520
v -398.0839 417.4066 -88.2160
v -442.2760 380.9243 -88.9514
v -398.0839 417.4066 -88.2160
v -442.0824 417.7684 -88.2103
v -442.2760 380.9243 -88.9514
v -442.2760 380.9243 -88.9514
v -442.0824 417.7684 -88.2103
v -464.2754 381.3461 -127.0545
v -442.0824 417.7684 -88.2103
v -464.0767 419.1492 -126.2937
v -464.2754 381.3461 -127.0545
v -464.2754 381.3461 -127.0545
v -464.0767 419.1492 -126.2937
v -442.2750 381.6574 -165.1581
v -464.0767 419.1492 -126.2937
v -442.0725 420.1681 -164.3828
v -442.2750 381.6574 -165.1581
v -442.2750 381.6574 -165.1581
v -442.0725 420.1681 -164.3828
v -398.2752 381.5468 -165.1587
v -442.0725 420.1681 -164.3828
v -398.0740 419.8063 -164.3885
v -398.2752 381.5468 -165.1587
v -398.2752 381.5468 -165.1587
v -398.0740 419.8063 -164.3885
v -376.2757 381.1250 -127.0556
v -398.0740 419.8063 -164.3885
v -376.0797 418.4255 -126.3051
v -376.2757 381.1250 -127.0556
v -376.0797 418.4255 -126.3051
v -375.6577 455.6889 -124.6892
v -398.0839 417.4066 -88.2160
v -375.6577 455.6889 -124.6892
v -397.6700 453.9406 -86.6314
v -398.0839 417.4066 -88.2160
v -398.0839 417.4066 -88.2160
v -397.6700 453.9406 -86.6314
v -442.0824 417.7684 -88.2103
v -397.6700 453.9406 -86.6314
v -441.6656 454.5615 -86.6146
v -442.0824 417.7684 -88.2103
v -442.0824 417.7684 -88.2103
v -441.6656 454.5615 -86.6146
v -464.0767 419.1492 -126.2937
v -441.6656 454.5615 -86.6146
v -463.6489 456.9307 -124.6556
v -464.0767 419.1492 -126.2937
v -464.0767 419.1492 -126.2937
v -463.6489 456.9307 -124.6556
v -442.0725 420.1681 -164.3828
v -463.6489 456.9307 -124.6556
v -441.6365 458.6790 -162.7135
v -442.0725 420.1681 -164.3828
v -442.0725 420.1681 -164.3828
v -441.6365 458.6790 -162.7135
v -398.0740 419.8063 -164.3885
v -441.6365 458.6790 -162.7135
v -397.6409 458.0581 -162.7303
v -398.0740 419.8063 -164.3885
v -398.0740 419.8063 -164.3885
v -397.6409 458.0581 -162.7303
v -376.0797 418.4255 -126.3051
v -397.6409 458.0581 -162.7303
v -375.6577 455.6889 -124.6892
v -376.0797 418.4255 -126.3051
v -375.6577 455.6889 -124.6892
v -375.0490 492.9923 -122.3589
v -397.6700 453.9406 -86.6314
v -375.0490 492.9923 -122.3589
v -397.0695 490.7404 -84.3322
v -397.6700 453.9406 -86.6314
v -397.6700 453.9406 -86.6314
v -397.0695 490.7404 -84.3322
v -441.6656 454.5615 -86.6146
v -397.0695 490.7404 -84.3322
v -441.0622 491.5402 -84.3043
v -441.6656 454.5615 -86.6146
v -441.6656 454.5615 -86.6146
v -441.0622 491.5402 -84.3043
v -463.6489 456.9307 -124.6556
v -441.0622 491.5402 -84.3043
v -463.0344 494.5918 -122.3031
v -463.6489 456.9307 -124.6556
v -463.6489 456.9307 -124.6556
v -463.0344 494.5918 -122.3031
v -441.6365 458.6790 -162.7135
v -463.0344 494.5918 -122.3031
v -441.0139 496.8437 -160.3298
v -441.6365 458.6790 -162.7135
v -441.6365 458.6790 -162.7135
v -441.0139 496.8437 -160.3298
v -397.6409 458.0581 -162.7303
v -441.0139 496.8437 -160.3298
v -397.0212 496.0440 -160.3577
v -397.6409 458.0581 -162.7303
v -397.6409 458.0581 -162.7303
v -397.0212 496.0440 -160.3577
v -375.6577 455.6889 -124.6892
v -397.0212 496.0440 -160.3577
v -375.0490 492.9923 -122.3589
v -375.6577 455.6889 -124.6892
v -375.0490 492.9923 -122.3589
v -374.3158 530.3261 -119.5517
v -397.0695 490.7404 -84.3322
v -374.3158 530.3261 -119.5517
v -396.3425 527.7540 -81.5489
v -397.0695 490.7404 -84.3322
v -397.0695 490.7404 -84.3322
v -396.3425 527.7540 -81.5489
v -441.0622 491.5402 -84.3043
v -396.3425 527.7540 -81.5489
v -440.3330 528.6675 -81.5126
v -441.0622 491.5402 -84.3043
v -441.0622 491.5402 -84.3043
v -440.3330 528.6675 -81.5126
v -463.0344 494.5918 -122.3031
v -440.3330 528.6675 -81.5126
v -462.2968 532.1531 -119.4789
v -463.0344 494.5918 -122.3031
v -463.0344 494.5918 -122.3031
v -462.2968 532.1531 -119.4789
v -441.0139 496.8437 -160.3298
v -462.2968 532.1531 -119.4789
v -440.2700 534.7253 -157.4816
v -441.0139 496.8437 -160.3298
v -441.0139 496.8437 -160.3298
v -440.2700 534.7253 -157.4816
v -397.0212 496.0440 -160.3577
v -440.2700 534.7253 -157.4816
v -396.2795 533.8118 -157.5180
v -397.0212 496.0440 -160.3577
v -397.0212 496.0440 -160.3577
v -396.2795 533.8118 -157.5180
v -375.0490 492.9923 -122.3589
v -396.2795 533.8118 -157.5180
v -374.3158 530.3261 -119.5517
v -375.0490 492.9923 -122.3589
v -374.3158 530.3261 -119.5517
v -373.5083 567.6909 -116.4600
v -396.3425 527.7540 -81.5489
v -373.5083 567.6909 -116.4600
v -395.5386 564.9516 -78.4710
v -396.3425 527.7540 -81.5489
v -396.3425 527.7540 -81.5489
v -395.5386 564.9516 -78.4710
v -440.3330 528.6675 -81.5126
v -395.5386 564.9516 -78.4710
v -439.5278 565.9244 -78.4298
v -440.3330 528.6675 -81.5126
v -440.3330 528.6675 -81.5126
v -439.5278 565.9244 -78.4298
v -462.2968 532.1531 -119.4789
v -439.5278 565.9244 -78.4298
v -461.4867 569.6367 -116.3775
v -462.2968 532.1531 -119.4789
v -462.2968 532.1531 -119.4789
v -461.4867 569.6367 -116.3775
v -440.2700 534.7253 -157.4816
v -461.4867 569.6367 -116.3775
v -439.4564 572.3760 -154.3664
v -440.2700 534.7253 -157.4816
v -440.2700 534.7253 -157.4816
v -439.4564 572.3760 -154.3664
v -396.2795 533.8118 -157.5180
v -439.4564 572.3760 -154.3664
v -395.4672 571.4031 -154.4077
v -396.2795 533.8118 -157.5180
v -396.2795 533.8118 -157.5180
v -395.4672 571.4031 -154.4077
v -374.3158 530.3261 -119.5517
v -395.4672 571.4031 -154.4077
v -373.5083 567.6909 -116.4600
v -374.3158 530.3261 -119.5517
v -373.5083 567.6909 -116.4600
v -372.6703 605.0948 -113.2515
v -395.5386 564.9516 -78.4710
v -372.6703 605.0948 -113.2515
v -394.7012 602.3270 -75.2650
v -395.5386 564.9516 -78.4710
v -395.5386 564.9516 -78.4710
v -394.7012 602.3270 -75.2650
v -439.5278 565.9244 -78.4298
v -394.7012 602.3270 -75.2650
v -438.6902 603.3100 -75.2228
v -439.5278 565.9244 -78.4298
v -439.5278 565.9244 -78.4298
v -438.6902 603.3100 -75.2228
v -461.4867 569.6367 -116.3775
v -438.6902 603.3100 -75.2228
v -460.6483 607.0609 -113.1672
v -461.4867 569.6367 -116.3775
v -461.4867 569.6367 -116.3775
v -460.6483 607.0609 -113.1672
v -439.4564 572.3760 -154.3664
v -460.6483 607.0609 -113.1672
v -438.6172 609.8289 -151.1537
v -439.4564 572.3760 -154.3664
v -439.4564 572.3760 -154.3664
v -438.6172 609.8289 -151.1537
v -395.4672 571.4031 -154.4077
v -438.6172 609.8289 -151.1537
v -394.6283 608.8458 -151.1958
v -395.4672 571.4031 -154.4077
v -395.4672 571.4031 -154.4077
v -394.6283 608.8458 -151.1958
v -373.5083 567.6909 -116.4600
v -394.6283 608.8458 -151.1958
v -372.6703 605.0948 -113.2515
v -373.5083 567.6909 -116.4600
v -372.6703 605.0948 -113.2515
v -371.8430 642.5513 -110.0844
v -394.7012 602.3270 -75.2650
v -371.8430 642.5513 -110.0844
v -393.8717 639.8910 -72.0888
v -394.7012 602.3270 -75.2650
v -394.7012 602.3270 -75.2650
v -393.8717 639.8910 -72.0888
v -438.6902 603.3100 -75.2228
v -393.8717 639.8910 -72.0888
v -437.8615 640.8358 -72.0499
v -438.6902 603.3100 -75.2228
v -438.6902 603.3100 -75.2228
v -437.8615 640.8358 -72.0499
v -460.6483 607.0609 -113.1672
v -437.8615 640.8358 -72.0499
v -459.8227 644.4410 -110.0066
v -460.6483 607.0609 -113.1672
v -460.6483 607.0609 -113.1672
v -459.8227 644.4410 -110.0066
v -438.6172 609.8289 -151.1537
v -459.8227 644.4410 -110.0066
v -437.7941 647.1013 -148.0022
v -438.6172 609.8289 -151.1537
v -438.6172 609.8289 -151.1537
v -437.7941 647.1013 -148.0022
v -394.6283 608.8458 -151.1958
v -437.7941 647.1013 -148.0022
v -393.8043 646.1565 -148.0411
v -394.6283 608.8458 -151.1958
v -394.6283 608.8458 -151.1958
v -393.8043 646.1565 -148.0411
v -372.6703 605.0948 -113.2515
v -393.8043 646.1565 -148.0411
v -371.8430 642.5513 -110.0844
v -372.6703 605.0948 -113.2515
v -371.8430 642.5513 -110.0844
v -371.0691 680.0770 -107.1213
v -393.8717 639.8910 -72.0888
v -371.0691 680.0770 -107.1213
v -393.0926 677.6694 -69.1059
v -393.8717 639.8910 -72.0888
v -393.8717 639.8910 -72.0888
v -393.0926 677.6694 -69.1059
v -437.8615 640.8358 -72.0499
v -393.0926 677.6694 -69.1059
v -437.0842 678.5245 -69.0740
v -437.8615 640.8358 -72.0499
v -437.8615 640.8358 -72.0499
v -437.0842 678.5245 -69.0740
v -459.8227 644.4410 -110.0066
v -437.0842 678.5245 -69.0740
v -459.0525 681.7872 -107.0576
v -459.8227 644.4410 -110.0066
v -459.8227 644.4410 -110.0066
v -459.0525 681.7872 -107.0576
v -437.7941 647.1013 -148.0022
v -459.0525 681.7872 -107.0576
v -437.0291 684.1948 -145.0730
v -437.7941 647.1013 -148.0022
v -437.7941 647.1013 -148.0022
v -437.0291 684.1948 -145.0730
v -393.8043 646.1565 -148.0411
v -437.0291 684.1948 -145.0730
v -393.0374 683.3397 -145.1048
v -393.8043 646.1565 -148.0411
v -393.8043 646.1565 -148.0411
v -393.0374 683.3397 -145.1048
v -371.8430 642.5513 -110.0844
v -393.0374 683.3397 -145.1048
v -371.0691 680.0770 -107.1213
v -371.8430 642.5513 -110.0844
v -420.0000 230.9996 170.0000
v -419.7115 259.2383 170.1587
v -458.1051 231.0004 148.0000
v -419.7115 259.2383 170.1587
v -457.8080 260.1682 148.1634
v -458.1051 231.0004 148.0000
v -458.1051 231.0004 148.0000
v -457.8080 260.1682 148.1634
v -458.1051 231.0008 104.0000
v -457.8080 260.1682 148.1634
v -457.8038 260.6164 104.1657
v -458.1051 231.0008 104.0000
v -458.1051 231.0008 104.0000
v -457.8038 260.6164 104.1657
v -420.0000 231.0004 82.0000
v -457.8038 260.6164 104.1657
v -419.7032 260.1346 82.1632
v -420.0000 231.0004 82.0000
v -420.0000 231.0004 82.0000
v -419.7032 260.1346 82.1632
v -381.8949 230.9996 104.0000
v -419.7032 260.1346 82.1632
v -381.6067 259.2047 104.1585
v -381.8949 230.9996 104.0000
v -381.8949 230.9996 104.0000
v -381.6067 259.2047 104.1585
v -381.8949 230.9992 148.0000
v -381.6067 259.2047 104.1585
v -381.6108 258.7565 148.1562
v -381.8949 230.9992 148.0000
v -381.8949 230.9992 148.0000
v -381.6108 258.7565 148.1562
v -420.0000 230.9996 170.0000
v -381.6108 258.7565 148.1562
v -419.7115 259.2383 170.1587
v -420.0000 230.9996 170.0000
v -419.7115 259.2383 170.1587
v -419.0458 287.7236 170.5247
v -457.8080 260.1682 148.1634
v -419.0458 287.7236 170.5247
v -457.1333 289.0555 148.5344
v -457.8080 260.1682 148.1634
v -457.8080 260.1682 148.1634
v -457.1333 289.0555 148.5344
v -457.8038 260.6164 104.1657
v -457.1333 289.0555 148.5344
v -457.1248 289.6974 104.5391
v -457.8038 260.6164 104.1657
v -457.8038 260.6164 104.1657
v -457.1248 289.6974 104.5391
v -419.7032 260.1346 82.1632
v -457.1248 289.6974 104.5391
v -419.0288 289.0074 82.5340
v -419.7032 260.1346 82.1632
v -419.7032 260.1346 82.1632
v -419.0288 289.0074 82.5340
v -381.6067 259.2047 104.1585
v -419.0288 289.0074 82.5340
v -380.9413 287.6754 104.5243
v -381.6067 259.2047 104.1585
v -381.6067 259.2047 104.1585
v -380.9413 287.6754 104.5243
v -381.6108 258.7565 148.1562
v -380.9413 287.6754 104.5243
v -380.9499 287.0335 148.5196
v -381.6108 258.7565 148.1562
v -381.6108 258.7565 148.1562
v -380.9499 287.0335 148.5196
v -419.7115 259.2383 170.1587
v -380.9499 287.0335 148.5196
v -419.0458 287.7236 170.5247
v -419.7115 259.2383 170.1587
v -419.0458 287.7236 170.5247
v -418.2848 316.4403 170.9432
v -457.1333 289.0555 148.5344
v -418.2848 316.4403 170.9432
v -456.3744 317.6879 148.9517
v -457.1333 289.0555 148.5344
v -457.1333 289.0555 148.5344
v -456.3744 317.6879 148.9517
v -457.1248 289.6974 104.5391
v -456.3744 317.6879 148.9517
v -456.3669 318.2892 104.9558
v -457.1248 289.6974 104.5391
v -457.1248 289.6974 104.5391
v -456.3669 318.2892 104.9558
v -419.0288 289.0074 82.5340
v -456.3669 318.2892 104.9558
v -418.2698 317.6429 82.9514
v -419.0288 289.0074 82.5340
v -419.0288 289.0074 82.5340
v -418.2698 317.6429 82.9514
v -380.9413 287.6754 104.5243
v -418.2698 317.6429 82.9514
v -380.1802 316.3953 104.9428
v -380.9413 287.6754 104.5243
v -380.9413 287.6754 104.5243
v -380.1802 316.3953 104.9428
v -380.9499 287.0335 148.5196
v -380.1802 316.3953 104.9428
v -380.1877 315.7940 148.9387
v -380.9499 287.0335 148.5196
v -380.9499 287.0335 148.5196
v -380.1877 315.7940 148.9387
v -419.0458 287.7236 170.5247
v -380.1877 315.7940 148.9387
v -418.2848 316.4403 170.9432
v -419.0458 287.7236 170.5247
v -418.2848 316.4403 170.9432
v -417.7075 345.4012 171.2606
v -456.3744 317.6879 148.9517
v -417.7075 345.4012 171.2606
v -455.8082 346.0695 149.2630
v -456.3744 317.6879 148.9517
v -456.3744 317.6879 148.9517
v -455.8082 346.0695 149.2630
v -456.3669 318.2892 104.9558
v -455.8082 346.0695 149.2630
v -455.8060 346.3916 105.2642
v -456.3669 318.2892 104.9558
v -456.3669 318.2892 104.9558
v -455.8060 346.3916 105.2642
v -418.2698 317.6429 82.9514
v -455.8060 346.3916 105.2642
v -417.7032 346.0453 83.2630
v -418.2698 317.6429 82.9514
v -418.2698 317.6429 82.9514
v -417.7032 346.0453 83.2630
v -380.1802 316.3953 104.9428
v -417.7032 346.0453 83.2630
v -379.6025 345.3771 105.2605
v -380.1802 316.3953 104.9428
v -380.1802 316.3953 104.9428
v -379.6025 345.3771 105.2605
v -380.1877 315.7940 148.9387
v -379.6025 345.3771 105.2605
v -379.6047 345.0550 149.2593
v -380.1877 315.7940 148.9387
v -380.1877 315.7940 148.9387
v -379.6047 345.0550 149.2593
v -418.2848 316.4403 170.9432
v -379.6047 345.0550 149.2593
v -417.7075 345.4012 171.2606
v -418.2848 316.4403 170.9432
v -417.7075 345.4012 171.2606
v -417.6200 374.6365 171.3087
v -455.8082 346.0695 149.2630
v -417.6200 374.6365 171.3087
v -455.7230 374.1697 149.3099
v -455.8082 346.0695 149.2630
v -455.8082 346.0695 149.2630
v -455.7230 374.1697 149.3099
v -455.8060 346.3916 105.2642
v -455.7230 374.1697 149.3099
v -455.7219 373.9447 105.3105
v -455.8060 346.3916 105.2642
v -455.8060 346.3916 105.2642
v -455.7219 373.9447 105.3105
v -417.7032 346.0453 83.2630
v -455.7219 373.9447 105.3105
v -417.6179 374.1866 83.3098
v -417.7032 346.0453 83.2630
v -417.7032 346.0453 83.2630
v -417.6179 374.1866 83.3098
v -379.6025 345.3771 105.2605
v -417.6179 374.1866 83.3098
v -379.5150 374.6534 105.3086
v -379.6025 345.3771 105.2605
v -379.6025 345.3771 105.2605
v -379.5150 374.6534 105.3086
v -379.6047 345.0550 149.2593
v -379.5150 374.6534 105.3086
v -379.5160 374.8784 149.3081
v -379.6047 345.0550 149.2593
v -379.6047 345.0550 149.2593
v -379.5160 374.8784 149.3081
v -417.7075 345.4012 171.2606
v -379.5160 374.8784 149.3081
v -417.6200 374.6365 171.3087
v -417.7075 345.4012 171.2606
v -417.6200 374.6365 171.3087
v -418.3932 404.1865 170.8835
v -455.7230 374.1697 149.3099
v -418.3932 404.1865 170.8835
v -456.4464 401.9032 148.9121
v -455.7230 374.1697 149.3099
v -455.7230 374.1697 149.3099
v -456.4464 401.9032 148.9121
v -455.7219 373.9447 105.3105
v -456.4464 401.9032 148.9121
v -456.4213 400.8028 104.9259
v -455.7219 373.9447 105.3105
v -455.7219 373.9447 105.3105
v -456.4213 400.8028 104.9259
v -417.6179 374.1866 83.3098
v -456.4213 400.8028 104.9259
v -418.3431 401.9857 82.9111
v -417.6179 374.1866 83.3098
v -417.6179 374.1866 83.3098
v -418.3431 401.9857 82.9111
v -379.5150 374.6534 105.3086
v -418.3431 401.9857 82.9111
v -380.2899 404.2689 104.8825
v -379.5150 374.6534 105.3086
v -379.5150 374.6534 105.3086
v -380.2899 404.2689 104.8825
v -379.5160 374.8784 149.3081
v -380.2899 404.2689 104.8825
v -380.3150 405.3693 148.8687
v -379.5160 374.8784 149.3081
v -379.5160 374.8784 149.3081
v -380.3150 405.3693 148.8687
v -417.6200 374.6365 171.3087
v -380.3150 405.3693 148.8687
v -418.3932 404.1865 170.8835
v -417.6200 374.6365 171.3087
v -418.3932 404.1865 170.8835
v -420.5173 434.0761 169.7155
v -456.4464 401.9032 148.9121
v -420.5173 434.0761 169.7155
v -458.3748 429.0981 147.8517
v -456.4464 401.9032 148.9121
v -456.4464 401.9032 148.9121
v -458.3748 429.0981 147.8517
v -456.4213 400.8028 104.9259
v -458.3748 429.0981 147.8517
v -458.2555 426.6989 103.9173
v -456.4213 400.8028 104.9259
v -456.4213 400.8028 104.9259
v -458.2555 426.6989 103.9173
v -418.3431 401.9857 82.9111
v -458.2555 426.6989 103.9173
v -420.2787 429.2779 81.8468
v -418.3431 401.9857 82.9111
v -418.3431 401.9857 82.9111
v -420.2787 429.2779 81.8468
v -380.2899 404.2689 104.8825
v -420.2787 429.2779 81.8468
v -382.4211 434.2560 103.7106
v -380.2899 404.2689 104.8825
v -380.2899 404.2689 104.8825
v -382.4211 434.2560 103.7106
v -380.3150 405.3693 148.8687
v -382.4211 434.2560 103.7106
v -382.5405 436.6551 147.6450
v -380.3150 405.3693 148.8687
v -380.3150 405.3693 148.8687
v -382.5405 436.6551 147.6450
v -418.3932 404.1865 170.8835
v -382.5405 436.6551 147.6450
v -420.5173 434.0761 169.7155
v -418.3932 404.1865 170.8835
v -420.5173 434.0761 169.7155
v -424.3406 463.7710 167.6132
v -458.3748 429.0981 147.8517
v -424.3406 463.7710 167.6132
v -461.8494 456.0634 145.9411
v -458.3748 429.0981 147.8517
v -458.3748 429.0981 147.8517
v -461.8494 456.0634 145.9411
v -458.2555 426.6989 103.9173
v -461.8494 456.0634 145.9411
v -461.5620 452.3487 102.0991
v -458.2555 426.6989 103.9173
v -458.2555 426.6989 103.9173
v -461.5620 452.3487 102.0991
v -420.2787 429.2779 81.8468
v -461.5620 452.3487 102.0991
v -423.7658 456.3418 79.9293
v -420.2787 429.2779 81.8468
v -420.2787 429.2779 81.8468
v -423.7658 456.3418 79.9293
v -382.4211 434.2560 103.7106
v -423.7658 456.3418 79.9293
v -386.2570 464.0494 101.6014
v -382.4211 434.2560 103.7106
v -382.4211 434.2560 103.7106
v -386.2570 464.0494 101.6014
v -382.5405 436.6551 147.6450
v -386.2570 464.0494 101.6014
v -386.5444 467.7641 145.4434
v -382.5405 436.6551 147.6450
v -382.5405 436.6551 147.6450
v -386.5444 467.7641 145.4434
v -420.5173 434.0761 169.7155
v -386.5444 467.7641 145.4434
v -424.3406 463.7710 167.6132
v -420.5173 434.0761 169.7155
v -424.3406 463.7710 167.6132
v -429.5081 492.8179 164.7717
v -461.8494 456.0634 145.9411
v -429.5081 492.8179 164.7717
v -466.6751 483.1718 143.2876
v -461.8494 456.0634 145.9411
v -461.8494 456.0634 145.9411
v -466.6751 483.1718 143.2876
v -461.5620 452.3487 102.0991
v -466.6751 483.1718 143.2876
v -466.2230 478.5229 99.5362
v -461.5620 452.3487 102.0991
v -461.5620 452.3487 102.0991
v -466.2230 478.5229 99.5362
v -423.7658 456.3418 79.9293
v -466.2230 478.5229 99.5362
v -428.6039 483.5202 77.2689
v -423.7658 456.3418 79.9293
v -423.7658 456.3418 79.9293
v -428.6039 483.5202 77.2689
v -386.2570 464.0494 101.6014
v -428.6039 483.5202 77.2689
v -391.4369 493.1663 98.7531
v -386.2570 464.0494 101.6014
v -386.2570 464.0494 101.6014
v -391.4369 493.1663 98.7531
v -386.5444 467.7641 145.4434
v -391.4369 493.1663 98.7531
v -391.8890 497.8151 142.5045
v -386.5444 467.7641 145.4434
v -386.5444 467.7641 145.4434
v -391.8890 497.8151 142.5045
v -424.3406 463.7710 167.6132
v -391.8890 497.8151 142.5045
v -429.5081 492.8179 164.7717
v -424.3406 463.7710 167.6132
v -429.5081 492.8179 164.7717
v -435.4251 521.1655 161.5181
v -466.6751 483.1718 143.2876
v -435.4251 521.1655 161.5181
v -472.4032 510.6062 140.1378
v -466.6751 483.1718 143.2876
v -466.6751 483.1718 143.2876
v -472.4032 510.6062 140.1378
v -466.2230 478.5229 99.5362
v -472.4032 510.6062 140.1378
v -471.8601 505.5172 96.4365
v -466.2230 478.5229 99.5362
v -466.2230 478.5229 99.5362
v -471.8601 505.5172 96.4365
v -428.6039 483.5202 77.2689
v -471.8601 505.5172 96.4365
v -434.3388 510.9876 74.1154
v -428.6039 483.5202 77.2689
v -428.6039 483.5202 77.2689
v -434.3388 510.9876 74.1154
v -391.4369 493.1663 98.7531
v -434.3388 510.9876 74.1154
v -397.3607 521.5469 95.4958
v -391.4369 493.1663 98.7531
v -391.4369 493.1663 98.7531
v -397.3607 521.5469 95.4958
v -391.8890 497.8151 142.5045
v -397.3607 521.5469 95.4958
v -397.9038 526.6358 139.1971
v -391.8890 497.8151 142.5045
v -391.8890 497.8151 142.5045
v -397.9038 526.6358 139.1971
v -429.5081 492.8179 164.7717
v -397.9038 526.6358 139.1971
v -435.4251 521.1655 161.5181
v -429.5081 492.8179 164.7717
v -435.4251 521.1655 161.5181
v -441.4285 548.9122 158.2170
v -472.4032 510.6062 140.1378
v -441.4285 548.9122 158.2170
v -478.4537 538.5723 136.8108
v -472.4032 510.6062 140.1378
v -472.4032 510.6062 140.1378
v -478.4537 538.5723 136.8108
v -471.8601 505.5172 96.4365
v -478.4537 538.5723 136.8108
v -477.9332 533.5892 93.0970
v -471.8601 505.5172 96.4365
v -471.8601 505.5172 96.4365
v -477.9332 533.5892 93.0970
v -434.3388 510.9876 74.1154
v -477.9332 533.5892 93.0970
v -440.3876 538.9459 70.7894
v -434.3388 510.9876 74.1154
v -434.3388 510.9876 74.1154
v -440.3876 538.9459 70.7894
v -397.3607 521.5469 95.4958
v -440.3876 538.9459 70.7894
v -403.3624 549.2858 92.1955
v -397.3607 521.5469 95.4958
v -397.3607 521.5469 95.4958
v -403.3624 549.2858 92.1955
v -397.9038 526.6358 139.1971
v -403.3624 549.2858 92.1955
v -403.8829 554.2689 135.9093
v -397.9038 526.6358 139.1971
v -397.9038 526.6358 139.1971
v -403.8829 554.2689 135.9093
v -435.4251 521.1655 161.5181
v -403.8829 554.2689 135.9093
v -441.4285 548.9122 158.2170
v -435.4251 521.1655 161.5181
v -441.4285 548.9122 158.2170
v -446.8823 576.2458 155.2181
v -478.4537 538.5723 136.8108
v -446.8823 576.2458 155.2181
v -484.1694 567.2314 133.6679
v -478.4537 538.5723 136.8108
v -478.4537 538.5723 136.8108
v -484.1694 567.2314 133.6679
v -477.9332 533.5892 93.0970
v -484.1694 567.2314 133.6679
v -483.7752 562.8870 89.8847
v -477.9332 533.5892 93.0970
v -477.9332 533.5892 93.0970
v -483.7752 562.8870 89.8847
v -440.3876 538.9459 70.7894
v -483.7752 562.8870 89.8847
v -446.0939 567.5571 67.6516
v -440.3876 538.9459 70.7894
v -440.3876 538.9459 70.7894
v -446.0939 567.5571 67.6516
v -403.3624 549.2858 92.1955
v -446.0939 567.5571 67.6516
v -408.8067 576.5714 89.2018
v -403.3624 549.2858 92.1955
v -403.3624 549.2858 92.1955
v -408.8067 576.5714 89.2018
v -403.8829 554.2689 135.9093
v -408.8067 576.5714 89.2018
v -409.2010 580.9158 132.9851
v -403.8829 554.2689 135.9093
v -403.8829 554.2689 135.9093
v -409.2010 580.9158 132.9851
v -441.4285 548.9122 158.2170
v -409.2010 580.9158 132.9851
v -446.8823 576.2458 155.2181
v -441.4285 548.9122 158.2170
v -376.0000 230.9993 378.0000
v -375.6143 264.3071 378.3983
v -398.0000 230.9990 416.1051
v -375.6143 264.3071 378.3983
v -397.6180 263.9487 416.4995
v -398.0000 230.9990 416.1051
v -398.0000 230.9990 416.1051
v -397.6180 263.9487 416.4995
v -442.0000 230.9997 416.1051
v -397.6180 263.9487 416.4995
v -441.6086 264.8581 416.5092
v -442.0000 230.9997 416.1051
v -442.0000 230.9997 416.1051
v -441.6086 264.8581 416.5092
v -464.0000 231.0007 378.0000
v -441.6086 264.8581 416.5092
v -463.5955 266.1259 378.4177
v -464.0000 231.0007 378.0000
v -464.0000 231.0007 378.0000
v -463.5955 266.1259 378.4177
v -442.0000 231.0010 339.8949
v -463.5955 266.1259 378.4177
v -441.5917 266.4843 340.3163
v -442.0000 231.0010 339.8949
v -442.0000 231.0010 339.8949
v -441.5917 266.4843 340.3163
v -398.0000 231.0003 339.8949
v -441.5917 266.4843 340.3163
v -397.6011 265.5749 340.3066
v -398.0000 231.0003 339.8949
v -398.0000 231.0003 339.8949
v -397.6011 265.5749 340.3066
v -376.0000 230.9993 378.0000
v -397.6011 265.5749 340.3066
v -375.6143 264.3071 378.3983
v -376.0000 230.9993 378.0000
v -375.6143 264.3071 378.3983
v -374.7680 298.2418 379.2719
v -397.6180 263.9487 416.4995
v -374.7680 298.2418 379.2719
v -396.7742 297.7787 417.3706
v -397.6180 263.9487 416.4995
v -397.6180 263.9487 416.4995
v -396.7742 297.7787 417.3706
v -441.6086 264.8581 416.5092
v -396.7742 297.7787 417.3706
v -440.7585 298.9538 417.3868
v -441.6086 264.8581 416.5092
v -441.6086 264.8581 416.5092
v -440.7585 298.9538 417.3868
v -463.5955 266.1259 378.4177
v -440.7585 298.9538 417.3868
v -462.7367 300.5919 379.3043
v -463.5955 266.1259 378.4177
v -463.5955 266.1259 378.4177
v -462.7367 300.5919 379.3043
v -441.5917 266.4843 340.3163
v -462.7367 300.5919 379.3043
v -440.7305 301.0551 341.2055
v -441.5917 266.4843 340.3163
v -441.5917 266.4843 340.3163
v -440.7305 301.0551 341.2055
v -397.6011 265.5749 340.3066
v -440.7305 301.0551 341.2055
v -396.7462 299.8799 341.1893
v -397.6011 265.5749 340.3066
v -397.6011 265.5749 340.3066
v -396.7462 299.8799 341.1893
v -375.6143 264.3071 378.3983
v -396.7462 299.8799 341.1893
v -374.7680 298.2418 379.2719
v -375.6143 264.3071 378.3983
v -374.7680 298.2418 379.2719
v -373.9516 332.8245 380.1148
v -396.7742 297.7787 417.3706
v -373.9516 332.8245 380.1148
v -395.9544 332.5112 418.2170
v -396.7742 297.7787 417.3706
v -396.7742 297.7787 417.3706
v -395.9544 332.5112 418.2170
v -440.7585 298.9538 417.3868
v -395.9544 332.5112 418.2170
v -439.9472 333.3061 418.2244
v -440.7585 298.9538 417.3868
v -440.7585 298.9538 417.3868
v -439.9472 333.3061 418.2244
v -462.7367 300.5919 379.3043
v -439.9472 333.3061 418.2244
v -461.9372 334.4142 380.1296
v -462.7367 300.5919 379.3043
v -462.7367 300.5919 379.3043
v -461.9372 334.4142 380.1296
v -440.7305 301.0551 341.2055
v -461.9372 334.4142 380.1296
v -439.9344 334.7275 342.0274
v -440.7305 301.0551 341.2055
v -440.7305 301.0551 341.2055
v -439.9344 334.7275 342.0274
v -396.7462 299.8799 341.1893
v -439.9344 334.7275 342.0274
v -395.9416 333.9326 342.0200
v -396.7462 299.8799 341.1893
v -396.7462 299.8799 341.1893
v -395.9416 333.9326 342.0200
v -374.7680 298.2418 379.2719
v -395.9416 333.9326 342.0200
v -373.9516 332.8245 380.1148
v -374.7680 298.2418 379.2719
v -373.9516 332.8245 380.1148
v -373.6831 368.0659 380.3919
v -395.9544 332.5112 418.2170
v -373.6831 368.0659 380.3919
v -395.6833 368.1556 418.4968
v -395.9544 332.5112 418.2170
v -395.9544 332.5112 418.2170
v -395.6833 368.1556 418.4968
v -439.9472 333.3061 418.2244
v -395.6833 368.1556 418.4968
v -439.6828 367.9279 418.4974
v -439.9472 333.3061 418.2244
v -439.9472 333.3061 418.2244
v -439.6828 367.9279 418.4974
v -461.9372 334.4142 380.1296
v -439.6828 367.9279 418.4974
v -461.6819 367.6104 380.3932
v -461.9372 334.4142 380.1296
v -461.9372 334.4142 380.1296
v -461.6819 367.6104 380.3932
v -439.9344 334.7275 342.0274
v -461.6819 367.6104 380.3932
v -439.6817 367.5206 342.2883
v -439.9344 334.7275 342.0274
v -439.9344 334.7275 342.0274
v -439.6817 367.5206 342.2883
v -395.9416 333.9326 342.0200
v -439.6817 367.5206 342.2883
v -395.6823 367.7484 342.2877
v -395.9416 333.9326 342.0200
v -395.9416 333.9326 342.0200
v -395.6823 367.7484 342.2877
v -373.9516 332.8245 380.1148
v -395.6823 367.7484 342.2877
v -373.6831 368.0659 380.3919
v -373.9516 332.8245 380.1148
v -373.6831 368.0659 380.3919
v -374.5005 403.9116 379.5481
v -395.6833 368.1556 418.4968
v -374.5005 403.9116 379.5481
v -396.5162 404.6499 417.6370
v -395.6833 368.1556 418.4968
v -395.6833 368.1556 418.4968
v -396.5162 404.6499 417.6370
v -439.6828 367.9279 418.4974
v -396.5162 404.6499 417.6370
v -440.4763 402.7765 417.6782
v -439.6828 367.9279 418.4974
v -439.6828 367.9279 418.4974
v -440.4763 402.7765 417.6782
v -461.6819 367.6104 380.3932
v -440.4763 402.7765 417.6782
v -462.4207 400.1647 379.6305
v -461.6819 367.6104 380.3932
v -461.6819 367.6104 380.3932
v -462.4207 400.1647 379.6305
v -439.6817 367.5206 342.2883
v -462.4207 400.1647 379.6305
v -440.4049 399.4264 341.5417
v -439.6817 367.5206 342.2883
v -439.6817 367.5206 342.2883
v -440.4049 399.4264 341.5417
v -395.6823 367.7484 342.2877
v -440.4049 399.4264 341.5417
v -396.4448 401.2998 341.5004
v -395.6823 367.7484 342.2877
v -395.6823 367.7484 342.2877
v -396.4448 401.2998 341.5004
v -373.6831 368.0659 380.3919
v -396.4448 401.2998 341.5004
v -374.5005 403.9116 379.5481
v -373.6831 368.0659 380.3919
v -374.5005 403.9116 379.5481
v -376.9277 440.1409 377.0422
v -396.5162 404.6499 417.6370
v -376.9277 440.1409 377.0422
v -399.0013 441.7350 415.0713
v -396.5162 404.6499 417.6370
v -396.5162 404.6499 417.6370
v -399.0013 441.7350 415.0713
v -440.4763 402.7765 417.6782
v -399.0013 441.7350 415.0713
v -442.8146 437.6899 415.2641
v -440.4763 402.7765 417.6782
v -440.4763 402.7765 417.6782
v -442.8146 437.6899 415.2641
v -462.4207 400.1647 379.6305
v -442.8146 437.6899 415.2641
v -464.5542 432.0507 377.4278
v -462.4207 400.1647 379.6305
v -462.4207 400.1647 379.6305
v -464.5542 432.0507 377.4278
v -440.4049 399.4264 341.5417
v -464.5542 432.0507 377.4278
v -442.4806 430.4566 339.3987
v -440.4049 399.4264 341.5417
v -440.4049 399.4264 341.5417
v -442.4806 430.4566 339.3987
v -396.4448 401.2998 341.5004
v -442.4806 430.4566 339.3987
v -398.6674 434.5017 339.2059
v -396.4448 401.2998 341.5004
v -396.4448 401.2998 341.5004
v -398.6674 434.5017 339.2059
v -374.5005 403.9116 379.5481
v -398.6674 434.5017 339.2059
v -376.9277 440.1409 377.0422
v -374.5005 403.9116 379.5481
v -376.9277 440.1409 377.0422
v -381.0385 475.7290 372.7983
v -399.0013 441.7350 415.0713
v -381.0385 475.7290 372.7983
v -403.1947 478.0456 410.7421
v -399.0013 441.7350 415.0713
v -399.0013 441.7350 415.0713
v -403.1947 478.0456 410.7421
v -442.8146 437.6899 415.2641
v -403.1947 478.0456 410.7421
v -446.7983 472.1670 411.1514
v -442.8146 437.6899 415.2641
v -442.8146 437.6899 415.2641
v -446.7983 472.1670 411.1514
v -464.5542 432.0507 377.4278
v -446.7983 472.1670 411.1514
v -468.2457 463.9718 373.6168
v -464.5542 432.0507 377.4278
v -464.5542 432.0507 377.4278
v -468.2457 463.9718 373.6168
v -442.4806 430.4566 339.3987
v -468.2457 463.9718 373.6168
v -446.0895 461.6551 335.6729
v -442.4806 430.4566 339.3987
v -442.4806 430.4566 339.3987
v -446.0895 461.6551 335.6729
v -398.6674 434.5017 339.2059
v -446.0895 461.6551 335.6729
v -402.4859 467.5337 335.2637
v -398.6674 434.5017 339.2059
v -398.6674 434.5017 339.2059
v -402.4859 467.5337 335.2637
v -376.9277 440.1409 377.0422
v -402.4859 467.5337 335.2637
v -381.0385 475.7290 372.7983
v -376.9277 440.1409 377.0422
v -381.0385 475.7290 372.7983
v -386.3096 510.3851 367.3564
v -403.1947 478.0456 410.7421
v -386.3096 510.3851 367.3564
v -408.5387 513.1849 405.2249
v -403.1947 478.0456 410.7421
v -403.1947 478.0456 410.7421
v -408.5387 513.1849 405.2249
v -446.7983 472.1670 411.1514
v -408.5387 513.1849 405.2249
v -451.9572 506.0804 405.8253
v -446.7983 472.1670 411.1514
v -446.7983 472.1670 411.1514
v -451.9572 506.0804 405.8253
v -468.2457 463.9718 373.6168
v -451.9572 506.0804 405.8253
v -473.1465 496.1761 368.5571
v -468.2457 463.9718 373.6168
v -468.2457 463.9718 373.6168
v -473.1465 496.1761 368.5571
v -446.0895 461.6551 335.6729
v -473.1465 496.1761 368.5571
v -450.9174 493.3763 330.6886
v -446.0895 461.6551 335.6729
v -446.0895 461.6551 335.6729
v -450.9174 493.3763 330.6886
v -402.4859 467.5337 335.2637
v -450.9174 493.3763 330.6886
v -407.4989 500.4808 330.0882
v -402.4859 467.5337 335.2637
v -402.4859 467.5337 335.2637
v -407.4989 500.4808 330.0882
v -381.0385 475.7290 372.7983
v -407.4989 500.4808 330.0882
v -386.3096 510.3851 367.3564
v -381.0385 475.7290 372.7983
v -386.3096 510.3851 367.3564
v -392.2556 544.2536 361.2177
v -408.5387 513.1849 405.2249
v -392.2556 544.2536 361.2177
v -414.5320 547.3242 399.0374
v -408.5387 513.1849 405.2249
v -408.5387 513.1849 405.2249
v -414.5320 547.3242 399.0374
v -451.9572 506.0804 405.8253
v -414.5320 547.3242 399.0374
v -457.8306 539.5325 399.7616
v -451.9572 506.0804 405.8253
v -451.9572 506.0804 405.8253
v -457.8306 539.5325 399.7616
v -473.1465 496.1761 368.5571
v -457.8306 539.5325 399.7616
v -478.8528 528.6703 362.6660
v -473.1465 496.1761 368.5571
v -473.1465 496.1761 368.5571
v -478.8528 528.6703 362.6660
v -450.9174 493.3763 330.6886
v -478.8528 528.6703 362.6660
v -456.5763 525.5998 324.8463
v -450.9174 493.3763 330.6886
v -450.9174 493.3763 330.6886
v -456.5763 525.5998 324.8463
v -407.4989 500.4808 330.0882
v -456.5763 525.5998 324.8463
v -413.2778 533.3914 324.1221
v -407.4989 500.4808 330.0882
v -407.4989 500.4808 330.0882
v -413.2778 533.3914 324.1221
v -386.3096 510.3851 367.3564
v -413.2778 533.3914 324.1221
v -392.2556 544.2536 361.2177
v -386.3096 510.3851 367.3564
v -392.2556 544.2536 361.2177
v -398.4578 577.5012 354.8146
v -414.5320 547.3242 399.0374
v -398.4578 577.5012 354.8146
v -420.7483 580.6477 392.6198
v -414.5320 547.3242 399.0374
v -414.5320 547.3242 399.0374
v -420.7483 580.6477 392.6198
v -457.8306 539.5325 399.7616
v -420.7483 580.6477 392.6198
v -464.0111 572.6634 393.3809
v -457.8306 539.5325 399.7616
v -457.8306 539.5325 399.7616
v -464.0111 572.6634 393.3809
v -478.8528 528.6703 362.6660
v -464.0111 572.6634 393.3809
v -484.9834 561.5325 356.3368
v -478.8528 528.6703 362.6660
v -478.8528 528.6703 362.6660
v -484.9834 561.5325 356.3368
v -456.5763 525.5998 324.8463
v -484.9834 561.5325 356.3368
v -462.6929 558.3860 318.5316
v -456.5763 525.5998 324.8463
v -456.5763 525.5998 324.8463
v -462.6929 558.3860 318.5316
v -413.2778 533.3914 324.1221
v -462.6929 558.3860 318.5316
v -419.4301 566.3704 317.7705
v -413.2778 533.3914 324.1221
v -413.2778 533.3914 324.1221
v -419.4301 566.3704 317.7705
v -392.2556 544.2536 361.2177
v -419.4301 566.3704 317.7705
v -398.4578 577.5012 354.8146
v -392.2556 544.2536 361.2177
v -398.4578 577.5012 354.8146
v -404.5339 610.2817 348.5416
v -420.7483 580.6477 392.6198
v -404.5339 610.2817 348.5416
v -426.8035 613.3145 386.3685
v -420.7483 580.6477 392.6198
v -420.7483 580.6477 392.6198
v -426.8035 613.3145 386.3685
v -464.0111 572.6634 393.3809
v -426.8035 613.3145 386.3685
v -470.1194 605.6187 387.0746
v -464.0111 572.6634 393.3809
v -464.0111 572.6634 393.3809
v -470.1194 605.6187 387.0746
v -484.9834 561.5325 356.3368
v -470.1194 605.6187 387.0746
v -491.1659 594.8900 349.9539
v -484.9834 561.5325 356.3368
v -484.9834 561.5325 356.3368
v -491.1659 594.8900 349.9539
v -462.6929 558.3860 318.5316
v -491.1659 594.8900 349.9539
v -468.8964 591.8572 312.1271
v -462.6929 558.3860 318.5316
v -462.6929 558.3860 318.5316
v -468.8964 591.8572 312.1271
v -419.4301 566.3704 317.7705
v -468.8964 591.8572 312.1271
v -425.5804 599.5530 311.4210
v -419.4301 566.3704 317.7705
v -419.4301 566.3704 317.7705
v -425.5804 599.5530 311.4210
v -398.4578 577.5012 354.8146
v -425.5804 599.5530 311.4210
v -404.5339 610.2817 348.5416
v -398.4578 577.5012 354.8146
v -404.5339 610.2817 348.5416
v -410.1116 642.7148 342.7832
v -426.8035 613.3145 386.3685
v -410.1116 642.7148 342.7832
v -432.3280 645.4368 380.6649
v -426.8035 613.3145 386.3685
v -426.8035 613.3145 386.3685
v -432.3280 645.4368 380.6649
v -470.1194 605.6187 387.0746
v -432.3280 645.4368 380.6649
v -475.7788 638.5297 381.2319
v -470.1194 605.6187 387.0746
v -470.1194 605.6187 387.0746
v -475.7788 638.5297 381.2319
v -491.1659 594.8900 349.9539
v -475.7788 638.5297 381.2319
v -497.0131 628.9006 343.9173
v -491.1659 594.8900 349.9539
v -491.1659 594.8900 349.9539
v -497.0131 628.9006 343.9173
v -468.8964 591.8572 312.1271
v -497.0131 628.9006 343.9173
v -474.7967 626.1786 306.0356
v -468.8964 591.8572 312.1271
v -468.8964 591.8572 312.1271
v -474.7967 626.1786 306.0356
v -425.5804 599.5530 311.4210
v -474.7967 626.1786 306.0356
v -431.3459 633.0858 305.4686
v -425.5804 599.5530 311.4210
v -425.5804 599.5530 311.4210
v -431.3459 633.0858 305.4686
v -404.5339 610.2817 348.5416
v -431.3459 633.0858 305.4686
v -410.1116 642.7148 342.7832
v -404.5339 610.2817 348.5416
v -376.0000 230.9999 630.0000
v -375.8595 279.4271 630.3286
v -398.0000 230.9997 668.1051
v -375.8595 279.4271 630.3286
v -397.8603 279.0976 668.4318
v -398.0000 230.9997 668.1051
v -398.0000 230.9997 668.1051
v -397.8603 279.0976 668.4318
v -442.0000 230.9998 668.1051
v -397.8603 279.0976 668.4318
v -441.8598 279.3135 668.4331
v -442.0000 230.9998 668.1051
v -442.0000 230.9998 668.1051
v -441.8598 279.3135 668.4331
v -464.0000 231.0001 630.0000
v -441.8598 279.3135 668.4331
v -463.8585 279.8589 630.3311
v -464.0000 231.0001 630.0000
v -464.0000 231.0001 630.0000
v -463.8585 279.8589 630.3311
v -442.0000 231.0003 591.8949
v -463.8585 279.8589 630.3311
v -441.8577 280.1884 592.2279
v -442.0000 231.0003 591.8949
v -442.0000 231.0003 591.8949
v -441.8577 280.1884 592.2279
v -398.0000 231.0002 591.8949
v -441.8577 280.1884 592.2279
v -397.8582 279.9724 592.2266
v -398.0000 231.0002 591.8949
v -398.0000 231.0002 591.8949
v -397.8582 279.9724 592.2266
v -376.0000 230.9999 630.0000
v -397.8582 279.9724 592.2266
v -375.8595 279.4271 630.3286
v -376.0000 230.9999 630.0000
v -375.8595 279.4271 630.3286
v -375.6264 328.1262 630.8740
v -397.8603 279.0976 668.4318
v -375.6264 328.1262 630.8740
v -397.6268 327.8866 668.9781
v -397.8603 279.0976 668.4318
v -397.8603 279.0976 668.4318
v -397.6268 327.8866 668.9781
v -441.8598 279.3135 668.4331
v -397.6268 327.8866 668.9781
v -441.6265 328.0436 668.9788
v -441.8598 279.3135 668.4331
v -441.8598 279.3135 668.4331
v -441.6265 328.0436 668.9788
v -463.8585 279.8589 630.3311
v -441.6265 328.0436 668.9788
v -463.6258 328.4402 630.8753
v -463.8585 279.8589 630.3311
v -463.8585 279.8589 630.3311
v -463.6258 328.4402 630.8753
v -441.8577 280.1884 592.2279
v -463.6258 328.4402 630.8753
v -441.6254 328.6798 592.7712
v -441.8577 280.1884 592.2279
v -441.8577 280.1884 592.2279
v -441.6254 328.6798 592.7712
v -397.8582 279.9724 592.2266
v -441.6254 328.6798 592.7712
v -397.6257 328.5228 592.7706
v -397.8582 279.9724 592.2266
v -397.8582 279.9724 592.2266
v -397.6257 328.5228 592.7706
v -375.8595 279.4271 630.3286
v -397.6257 328.5228 592.7706
v -375.6264 328.1262 630.8740
v -375.8595 279.4271 630.3286
v -375.6264 328.1262 630.8740
v -375.6020 377.0683 630.9311
v -397.6268 327.8866 668.9781
v -375.6020 377.0683 630.9311
v -397.6023 377.2850 669.0354
v -397.6268 327.8866 668.9781
v -397.6268 327.8866 668.9781
v -397.6023 377.2850 669.0354
v -441.6265 328.0436 668.9788
v -397.6023 377.2850 669.0354
v -441.6021 377.1430 669.0359
v -441.6265 328.0436 668.9788
v -441.6265 328.0436 668.9788
v -441.6021 377.1430 669.0359
v -463.6258 328.4402 630.8753
v -441.6021 377.1430 669.0359
v -463.6015 376.7843 630.9322
v -463.6258 328.4402 630.8753
v -463.6258 328.4402 630.8753
v -463.6015 376.7843 630.9322
v -441.6254 328.6798 592.7712
v -463.6015 376.7843 630.9322
v -441.6012 376.5677 592.8279
v -441.6254 328.6798 592.7712
v -441.6254 328.6798 592.7712
v -441.6012 376.5677 592.8279
v -397.6257 328.5228 592.7706
v -441.6012 376.5677 592.8279
v -397.6014 376.7097 592.8273
v -397.6257 328.5228 592.7706
v -397.6257 328.5228 592.7706
v -397.6014 376.7097 592.8273
v -375.6264 328.1262 630.8740
v -397.6014 376.7097 592.8273
v -375.6020 377.0683 630.9311
v -375.6264 328.1262 630.8740
v -375.6020 377.0683 630.9311
v -375.9792 426.1004 630.0488
v -397.6023 377.2850 669.0354
v -375.9792 426.1004 630.0488
v -397.9842 426.9242 668.1421
v -397.6023 377.2850 669.0354
v -397.6023 377.2850 669.0354
v -397.9842 426.9242 668.1421
v -441.6021 377.1430 669.0359
v -397.9842 426.9242 668.1421
v -441.9809 426.3843 668.1498
v -441.6021 377.1430 669.0359
v -441.6021 377.1430 669.0359
v -441.9809 426.3843 668.1498
v -463.6015 376.7843 630.9322
v -441.9809 426.3843 668.1498
v -463.9725 425.0208 630.0643
v -463.6015 376.7843 630.9322
v -463.6015 376.7843 630.9322
v -463.9725 425.0208 630.0643
v -441.6012 376.5677 592.8279
v -463.9725 425.0208 630.0643
v -441.9675 424.1971 591.9709
v -441.6012 376.5677 592.8279
v -441.6012 376.5677 592.8279
v -441.9675 424.1971 591.9709
v -397.6014 376.7097 592.8273
v -441.9675 424.1971 591.9709
v -397.9708 424.7369 591.9633
v -397.6014 376.7097 592.8273
v -397.6014 376.7097 592.8273
v -397.9708 424.7369 591.9633
v -375.6020 377.0683 630.9311
v -397.9708 424.7369 591.9633
v -375.9792 426.1004 630.0488
v -375.6020 377.0683 630.9311
v -375.9792 426.1004 630.0488
v -376.7715 475.0185 628.1951
v -397.9842 426.9242 668.1421
v -376.7715 475.0185 628.1951
v -398.7842 476.3250 666.2705
v -397.9842 426.9242 668.1421
v -397.9842 426.9242 668.1421
v -398.7842 476.3250 666.2705
v -441.9809 426.3843 668.1498
v -398.7842 476.3250 666.2705
v -442.7759 475.4688 666.2900
v -441.9809 426.3843 668.1498
v -441.9809 426.3843 668.1498
v -442.7759 475.4688 666.2900
v -463.9725 425.0208 630.0643
v -442.7759 475.4688 666.2900
v -464.7549 473.3060 628.2341
v -463.9725 425.0208 630.0643
v -463.9725 425.0208 630.0643
v -464.7549 473.3060 628.2341
v -441.9675 424.1971 591.9709
v -464.7549 473.3060 628.2341
v -442.7421 471.9994 590.1588
v -441.9675 424.1971 591.9709
v -441.9675 424.1971 591.9709
v -442.7421 471.9994 590.1588
v -397.9708 424.7369 591.9633
v -442.7421 471.9994 590.1588
v -398.7505 472.8557 590.1393
v -397.9708 424.7369 591.9633
v -397.9708 424.7369 591.9633
v -398.7505 472.8557 590.1393
v -375.9792 426.1004 630.0488
v -398.7505 472.8557 590.1393
v -376.7715 475.0185 628.1951
v -375.9792 426.1004 630.0488
v -376.7715 475.0185 628.1951
v -377.8359 523.7793 625.7053
v -398.7842 476.3250 666.2705
v -377.8359 523.7793 625.7053
v -399.8549 525.3760 663.7659
v -398.7842 476.3250 666.2705
v -398.7842 476.3250 666.2705
v -399.8549 525.3760 663.7659
v -442.7759 475.4688 666.2900
v -399.8549 525.3760 663.7659
v -443.8424 524.3297 663.7951
v -442.7759 475.4688 666.2900
v -442.7759 475.4688 666.2900
v -443.8424 524.3297 663.7951
v -464.7549 473.3060 628.2341
v -443.8424 524.3297 663.7951
v -465.8110 521.6865 625.7635
v -464.7549 473.3060 628.2341
v -464.7549 473.3060 628.2341
v -465.8110 521.6865 625.7635
v -442.7421 471.9994 590.1588
v -465.8110 521.6865 625.7635
v -443.7920 520.0898 587.7029
v -442.7421 471.9994 590.1588
v -442.7421 471.9994 590.1588
v -443.7920 520.0898 587.7029
v -398.7505 472.8557 590.1393
v -443.7920 520.0898 587.7029
v -399.8044 521.1362 587.6738
v -398.7505 472.8557 590.1393
v -398.7505 472.8557 590.1393
v -399.8044 521.1362 587.6738
v -376.7715 475.0185 628.1951
v -399.8044 521.1362 587.6738
v -377.8359 523.7793 625.7053
v -376.7715 475.0185 628.1951
v -377.8359 523.7793 625.7053
v -379.0654 572.4391 622.8289
v -399.8549 525.3760 663.7659
v -379.0654 572.4391 622.8289
v -401.0889 574.2136 660.8792
v -399.8549 525.3760 663.7659
v -399.8549 525.3760 663.7659
v -401.0889 574.2136 660.8792
v -443.8424 524.3297 663.7951
v -401.0889 574.2136 660.8792
v -445.0735 573.0507 660.9152
v -443.8424 524.3297 663.7951
v -443.8424 524.3297 663.7951
v -445.0735 573.0507 660.9152
v -465.8110 521.6865 625.7635
v -445.0735 573.0507 660.9152
v -467.0347 570.1133 622.9009
v -465.8110 521.6865 625.7635
v -465.8110 521.6865 625.7635
v -467.0347 570.1133 622.9009
v -443.7920 520.0898 587.7029
v -467.0347 570.1133 622.9009
v -445.0112 568.3389 584.8507
v -443.7920 520.0898 587.7029
v -443.7920 520.0898 587.7029
v -445.0112 568.3389 584.8507
v -399.8044 521.1362 587.6738
v -445.0112 568.3389 584.8507
v -401.0266 569.5018 584.8148
v -399.8044 521.1362 587.6738
v -399.8044 521.1362 587.6738
v -401.0266 569.5018 584.8148
v -377.8359 523.7793 625.7053
v -401.0266 569.5018 584.8148
v -379.0654 572.4391 622.8289
v -377.8359 523.7793 625.7053
v -379.0654 572.4391 622.8289
v -380.3935 621.0333 619.7222
v -401.0889 574.2136 660.8792
v -380.3935 621.0333 619.7222
v -402.4197 622.9088 657.7659
v -401.0889 574.2136 660.8792
v -401.0889 574.2136 660.8792
v -402.4197 622.9088 657.7659
v -445.0735 573.0507 660.9152
v -402.4197 622.9088 657.7659
v -446.4025 621.6797 657.8062
v -445.0735 573.0507 660.9152
v -445.0735 573.0507 660.9152
v -446.4025 621.6797 657.8062
v -467.0347 570.1133 622.9009
v -446.4025 621.6797 657.8062
v -468.3591 618.5751 619.8026
v -467.0347 570.1133 622.9009
v -467.0347 570.1133 622.9009
v -468.3591 618.5751 619.8026
v -445.0112 568.3389 584.8507
v -468.3591 618.5751 619.8026
v -446.3329 616.6996 581.7589
v -445.0112 568.3389 584.8507
v -445.0112 568.3389 584.8507
v -446.3329 616.6996 581.7589
v -401.0266 569.5018 584.8148
v -446.3329 616.6996 581.7589
v -402.3501 617.9287 581.7186
v -401.0266 569.5018 584.8148
v -401.0266 569.5018 584.8148
v -402.3501 617.9287 581.7186
v -379.0654 572.4391 622.8289
v -402.3501 617.9287 581.7186
v -380.3935 621.0333 619.7222
v -379.0654 572.4391 622.8289
v -380.3935 621.0333 619.7222
v -381.7712 669.5786 616.4992
v -402.4197 622.9088 657.7659
v -381.7712 669.5786 616.4992
v -403.7986 671.4948 654.5403
v -402.4197 622.9088 657.7659
v -402.4197 622.9088 657.7659
v -403.7986 671.4948 654.5403
v -446.4025 621.6797 657.8062
v -403.7986 671.4948 654.5403
v -447.7807 670.2390 654.5822
v -446.4025 621.6797 657.8062
v -446.4025 621.6797 657.8062
v -447.7807 670.2390 654.5822
v -468.3591 618.5751 619.8026
v -447.7807 670.2390 654.5822
v -469.7354 667.0670 616.5831
v -468.3591 618.5751 619.8026
v -468.3591 618.5751 619.8026
v -469.7354 667.0670 616.5831
v -446.3329 616.6996 581.7589
v -469.7354 667.0670 616.5831
v -447.7080 665.1507 578.5421
v -446.3329 616.6996 581.7589
v -446.3329 616.6996 581.7589
v -447.7080 665.1507 578.5421
v -402.3501 617.9287 581.7186
v -447.7080 665.1507 578.5421
v -403.7259 666.4065 578.5001
v -402.3501 617.9287 581.7186
v -402.3501 617.9287 581.7186
v -403.7259 666.4065 578.5001
v -380.3935 621.0333 619.7222
v -403.7259 666.4065 578.5001
v -381.7712 669.5786 616.4992
v -380.3935 621.0333 619.7222
v -381.7712 669.5786 616.4992
v -383.1577 718.0865 613.2559
v -403.7986 671.4948 654.5403
v -383.1577 718.0865 613.2559
v -405.1847 719.9891 651.2979
v -403.7986 671.4948 654.5403
v -403.7986 671.4948 654.5403
v -405.1847 719.9891 651.2979
v -447.7807 670.2390 654.5822
v -405.1847 719.9891 651.2979
v -449.1670 718.7422 651.3392
v -447.7807 670.2390 654.5822
v -447.7807 670.2390 654.5822
v -449.1670 718.7422 651.3392
v -469.7354 667.0670 616.5831
v -449.1670 718.7422 651.3392
v -471.1223 715.5927 613.3386
v -469.7354 667.0670 616.5831
v -469.7354 667.0670 616.5831
v -471.1223 715.5927 613.3386
v -447.7080 665.1507 578.5421
v -471.1223 715.5927 613.3386
v -449.0953 713.6901 575.2966
v -447.7080 665.1507 578.5421
v -447.7080 665.1507 578.5421
v -449.0953 713.6901 575.2966
v -403.7259 666.4065 578.5001
v -449.0953 713.6901 575.2966
v -405.1130 714.9370 575.2552
v -403.7259 666.4065 578.5001
v -403.7259 666.4065 578.5001
v -405.1130 714.9370 575.2552
v -381.7712 669.5786 616.4992
v -405.1130 714.9370 575.2552
v -383.1577 718.0865 613.2559
v -381.7712 669.5786 616.4992
v -383.1577 718.0865 613.2559
v -384.5132 766.5630 610.0849
v -405.1847 719.9891 651.2979
v -384.5132 766.5630 610.0849
v -406.5382 768.3956 648.1315
v -405.1847 719.9891 651.2979
v -405.1847 719.9891 651.2979
v -406.5382 768.3956 648.1315
v -449.1670 718.7422 651.3392
v -406.5382 768.3956 648.1315
v -450.5218 767.1946 648.1699
v -449.1670 718.7422 651.3392
v -449.1670 718.7422 651.3392
v -450.5218 767.1946 648.1699
v -471.1223 715.5927 613.3386
v -450.5218 767.1946 648.1699
v -472.4803 764.1609 610.1617
v -471.1223 715.5927 613.3386
v -471.1223 715.5927 613.3386
v -472.4803 764.1609 610.1617
v -449.0953 713.6901 575.2966
v -472.4803 764.1609 610.1617
v -450.4553 762.3282 572.1152
v -449.0953 713.6901 575.2966
v -449.0953 713.6901 575.2966
v -450.4553 762.3282 572.1152
v -405.1130 714.9370 575.2552
v -450.4553 762.3282 572.1152
v -406.4717 763.5292 572.0768
v -405.1130 714.9370 575.2552
v -405.1130 714.9370 575.2552
v -406.4717 763.5292 572.0768
v -383.1577 718.0865 613.2559
v -406.4717 763.5292 572.0768
v -384.5132 766.5630 610.0849
v -383.1577 718.0865 613.2559
v -384.5132 766.5630 610.0849
v -385.7936 815.0072 607.0896
v -406.5382 768.3956 648.1315
v -385.7936 815.0072 607.0896
v -407.8150 816.7032 645.1446
v -406.5382 768.3956 648.1315
v -406.5382 768.3956 648.1315
v -407.8150 816.7032 645.1446
v -450.5218 767.1946 648.1699
v -407.8150 816.7032 645.1446
v -451.8010 815.5917 645.1774
v -450.5218 767.1946 648.1699
v -450.5218 767.1946 648.1699
v -451.8010 815.5917 645.1774
v -472.4803 764.1609 610.1617
v -451.8010 815.5917 645.1774
v -473.7655 812.7844 607.1553
v -472.4803 764.1609 610.1617
v -472.4803 764.1609 610.1617
v -473.7655 812.7844 607.1553
v -450.4553 762.3282 572.1152
v -473.7655 812.7844 607.1553
v -451.7440 811.0885 569.1004
v -450.4553 762.3282 572.1152
v -450.4553 762.3282 572.1152
v -451.7440 811.0885 569.1004
v -406.4717 763.5292 572.0768
v -451.7440 811.0885 569.1004
v -407.7581 812.1999 569.0675
v -406.4717 763.5292 572.0768
v -406.4717 763.5292 572.0768
v -407.7581 812.1999 569.0675
v -384.5132 766.5630 610.0849
v -407.7581 812.1999 569.0675
v -385.7936 815.0072 607.0896
v -384.5132 766.5630 610.0849
v -210.0000 230.9998 -586.0000
v -210.5193 290.7403 -585.7623
v -248.1051 230.9996 -608.0000
v -210.5193 290.7403 -585.7623
v -248.6218 290.3581 -607.7635
v -248.1051 230.9996 -608.0000
v -248.1051 230.9996 -608.0000
v -248.6218 290.3581 -607.7635
v -248.1051 230.9998 -652.0000
v -248.6218 290.3581 -607.7635
v -248.6237 290.6326 -651.7627
v -248.1051 230.9998 -652.0000
v -248.1051 230.9998 -652.0000
v -248.6237 290.6326 -651.7627
v -210.0000 231.0002 -674.0000
v -248.6237 290.6326 -651.7627
v -210.5230 291.2892 -673.7606
v -210.0000 231.0002 -674.0000
v -210.0000 231.0002 -674.0000
v -210.5230 291.2892 -673.7606
v -171.8949 231.0004 -652.0000
v -210.5230 291.2892 -673.7606
v -172.4205 291.6714 -651.7595
v -171.8949 231.0004 -652.0000
v -171.8949 231.0004 -652.0000
v -172.4205 291.6714 -651.7595
v -171.8949 231.0002 -608.0000
v -172.4205 291.6714 -651.7595
v -172.4187 291.3969 -607.7603
v -171.8949 231.0002 -608.0000
v -171.8949 231.0002 -608.0000
v -172.4187 291.3969 -607.7603
v -210.0000 230.9998 -586.0000
v -172.4187 291.3969 -607.7603
v -210.5193 290.7403 -585.7623
v -210.0000 230.9998 -586.0000
v -210.5193 290.7403 -585.7623
v -211.0940 350.9975 -585.4993
v -248.6218 290.3581 -607.7635
v -211.0940 350.9975 -585.4993
v -249.1991 350.9550 -607.4993
v -248.6218 290.3581 -607.7635
v -248.6218 290.3581 -607.7635
v -249.1991 350.9550 -607.4993
v -248.6237 290.6326 -651.7627
v -249.1991 350.9550 -607.4993
v -249.1992 350.9855 -651.4993
v -248.6237 290.6326 -651.7627
v -248.6237 290.6326 -651.7627
v -249.1992 350.9855 -651.4993
v -210.5230 291.2892 -673.7606
v -249.1992 350.9855 -651.4993
v -211.0941 351.0585 -673.4993
v -210.5230 291.2892 -673.7606
v -210.5230 291.2892 -673.7606
v -211.0941 351.0585 -673.4993
v -172.4205 291.6714 -651.7595
v -211.0941 351.0585 -673.4993
v -172.9890 351.1010 -651.4993
v -172.4205 291.6714 -651.7595
v -172.4205 291.6714 -651.7595
v -172.9890 351.1010 -651.4993
v -172.4187 291.3969 -607.7603
v -172.9890 351.1010 -651.4993
v -172.9890 351.0705 -607.4993
v -172.4187 291.3969 -607.7603
v -172.4187 291.3969 -607.7603
v -172.9890 351.0705 -607.4993
v -210.5193 290.7403 -585.7623
v -172.9890 351.0705 -607.4993
v -211.0940 350.9975 -585.4993
v -210.5193 290.7403 -585.7623
v -211.0940 350.9975 -585.4993
v -210.4395 411.5158 -585.7988
v -249.1991 350.9550 -607.4993
v -210.4395 411.5158 -585.7988
v -248.5368 412.1776 -607.8024
v -249.1991 350.9550 -607.4993
v -249.1991 350.9550 -607.4993
v -248.5368 412.1776 -607.8024
v -249.1992 350.9855 -651.4993
v -248.5368 412.1776 -607.8024
v -248.5424 411.7023 -651.7999
v -249.1992 350.9855 -651.4993
v -249.1992 350.9855 -651.4993
v -248.5424 411.7023 -651.7999
v -211.0941 351.0585 -673.4993
v -248.5424 411.7023 -651.7999
v -210.4507 410.5651 -673.7937
v -211.0941 351.0585 -673.4993
v -211.0941 351.0585 -673.4993
v -210.4507 410.5651 -673.7937
v -172.9890 351.1010 -651.4993
v -210.4507 410.5651 -673.7937
v -172.3534 409.9033 -651.7902
v -172.9890 351.1010 -651.4993
v -172.9890 351.1010 -651.4993
v -172.3534 409.9033 -651.7902
v -172.9890 351.0705 -607.4993
v -172.3534 409.9033 -651.7902
v -172.3478 410.3786 -607.7927
v -172.9890 351.0705 -607.4993
v -172.9890 351.0705 -607.4993
v -172.3478 410.3786 -607.7927
v -211.0940 350.9975 -585.4993
v -172.3478 410.3786 -607.7927
v -210.4395 411.5158 -585.7988
v -211.0940 350.9975 -585.4993
v -210.4395 411.5158 -585.7988
v -208.3355 471.8951 -586.7618
v -248.5368 412.1776 -607.8024
v -208.3355 471.8951 -586.7618
v -246.4135 473.1285 -608.7742
v -248.5368 412.1776 -607.8024
v -248.5368 412.1776 -607.8024
v -246.4135 473.1285 -608.7742
v -248.5424 411.7023 -651.7999
v -246.4135 473.1285 -608.7742
v -246.4330 472.2426 -652.7653
v -248.5424 411.7023 -651.7999
v -248.5424 411.7023 -651.7999
v -246.4330 472.2426 -652.7653
v -210.4507 410.5651 -673.7937
v -246.4330 472.2426 -652.7653
v -208.3745 470.1232 -674.7439
v -210.4507 410.5651 -673.7937
v -210.4507 410.5651 -673.7937
v -208.3745 470.1232 -674.7439
v -172.3534 409.9033 -651.7902
v -208.3745 470.1232 -674.7439
v -170.2965 468.8898 -652.7315
v -172.3534 409.9033 -651.7902
v -172.3534 409.9033 -651.7902
v -170.2965 468.8898 -652.7315
v -172.3478 410.3786 -607.7927
v -170.2965 468.8898 -652.7315
v -170.2770 469.7757 -608.7404
v -172.3478 410.3786 -607.7927
v -172.3478 410.3786 -607.7927
v -170.2770 469.7757 -608.7404
v -210.4395 411.5158 -585.7988
v -170.2770 469.7757 -608.7404
v -208.3355 471.8951 -586.7618
v -210.4395 411.5158 -585.7988
v -208.3355 471.8951 -586.7618
v -205.3232 532.0468 -588.1404
v -246.4135 473.1285 -608.7742
v -205.3232 532.0468 -588.1404
v -243.3859 533.5883 -610.1598
v -246.4135 473.1285 -608.7742
v -246.4135 473.1285 -608.7742
v -243.3859 533.5883 -610.1598
v -246.4330 472.2426 -652.7653
v -243.3859 533.5883 -610.1598
v -243.4164 532.4811 -654.1458
v -246.4330 472.2426 -652.7653
v -246.4330 472.2426 -652.7653
v -243.4164 532.4811 -654.1458
v -208.3745 470.1232 -674.7439
v -243.4164 532.4811 -654.1458
v -205.3842 529.8325 -676.1125
v -208.3745 470.1232 -674.7439
v -208.3745 470.1232 -674.7439
v -205.3842 529.8325 -676.1125
v -170.2965 468.8898 -652.7315
v -205.3842 529.8325 -676.1125
v -167.3215 528.2909 -654.0931
v -170.2965 468.8898 -652.7315
v -170.2965 468.8898 -652.7315
v -167.3215 528.2909 -654.0931
v -170.2770 469.7757 -608.7404
v -167.3215 528.2909 -654.0931
v -167.2910 529.3981 -610.1070
v -170.2770 469.7757 -608.7404
v -170.2770 469.7757 -608.7404
v -167.2910 529.3981 -610.1070
v -208.3355 471.8951 -586.7618
v -167.2910 529.3981 -610.1070
v -205.3232 532.0468 -588.1404
v -208.3355 471.8951 -586.7618
v -205.3232 532.0468 -588.1404
v -201.8059 592.0695 -589.7501
v -243.3859 533.5883 -610.1598
v -201.8059 592.0695 -589.7501
v -239.8580 593.7917 -611.7744
v -243.3859 533.5883 -610.1598
v -243.3859 533.5883 -610.1598
v -239.8580 593.7917 -611.7744
v -243.4164 532.4811 -654.1458
v -239.8580 593.7917 -611.7744
v -239.8961 592.5547 -655.7570
v -243.4164 532.4811 -654.1458
v -243.4164 532.4811 -654.1458
v -239.8961 592.5547 -655.7570
v -205.3842 529.8325 -676.1125
v -239.8961 592.5547 -655.7570
v -201.8820 589.5954 -677.7153
v -205.3842 529.8325 -676.1125
v -205.3842 529.8325 -676.1125
v -201.8820 589.5954 -677.7153
v -167.3215 528.2909 -654.0931
v -201.8820 589.5954 -677.7153
v -163.8298 587.8730 -655.6910
v -167.3215 528.2909 -654.0931
v -167.3215 528.2909 -654.0931
v -163.8298 587.8730 -655.6910
v -167.2910 529.3981 -610.1070
v -163.8298 587.8730 -655.6910
v -163.7918 589.1101 -611.7084
v -167.2910 529.3981 -610.1070
v -167.2910 529.3981 -610.1070
v -163.7918 589.1101 -611.7084
v -205.3232 532.0468 -588.1404
v -163.7918 589.1101 -611.7084
v -201.8059 592.0695 -589.7501
v -205.3232 532.0468 -588.1404
v -201.8059 592.0695 -589.7501
v -197.9886 652.0194 -591.4971
v -239.8580 593.7917 -611.7744
v -197.9886 652.0194 -591.4971
v -236.0339 653.8491 -613.5245
v -239.8580 593.7917 -611.7744
v -239.8580 593.7917 -611.7744
v -236.0339 653.8491 -613.5245
v -239.8961 592.5547 -655.7570
v -236.0339 653.8491 -613.5245
v -236.0769 652.5349 -657.5048
v -239.8961 592.5547 -655.7570
v -239.8961 592.5547 -655.7570
v -236.0769 652.5349 -657.5048
v -201.8820 589.5954 -677.7153
v -236.0769 652.5349 -657.5048
v -198.0745 649.3912 -679.4578
v -201.8820 589.5954 -677.7153
v -201.8820 589.5954 -677.7153
v -198.0745 649.3912 -679.4578
v -163.8298 587.8730 -655.6910
v -198.0745 649.3912 -679.4578
v -160.0291 647.5615 -657.4305
v -163.8298 587.8730 -655.6910
v -163.8298 587.8730 -655.6910
v -160.0291 647.5615 -657.4305
v -163.7918 589.1101 -611.7084
v -160.0291 647.5615 -657.4305
v -159.9862 648.8756 -613.4501
v -163.7918 589.1101 -611.7084
v -163.7918 589.1101 -611.7084
v -159.9862 648.8756 -613.4501
v -201.8059 592.0695 -589.7501
v -159.9862 648.8756 -613.4501
v -197.9886 652.0194 -591.4971
v -201.8059 592.0695 -589.7501
v -197.9886 652.0194 -591.4971
v -194.0004 711.9178 -593.3223
v -236.0339 653.8491 -613.5245
v -194.0004 711.9178 -593.3223
v -232.0420 713.8044 -615.3514
v -236.0339 653.8491 -613.5245
v -236.0339 653.8491 -613.5245
v -232.0420 713.8044 -615.3514
v -236.0769 652.5349 -657.5048
v -232.0420 713.8044 -615.3514
v -232.0876 712.4494 -659.3305
v -236.0769 652.5349 -657.5048
v -236.0769 652.5349 -657.5048
v -232.0876 712.4494 -659.3305
v -198.0745 649.3912 -679.4578
v -232.0876 712.4494 -659.3305
v -194.0917 709.2078 -681.2805
v -198.0745 649.3912 -679.4578
v -198.0745 649.3912 -679.4578
v -194.0917 709.2078 -681.2805
v -160.0291 647.5615 -657.4305
v -194.0917 709.2078 -681.2805
v -156.0502 707.3213 -659.2515
v -160.0291 647.5615 -657.4305
v -160.0291 647.5615 -657.4305
v -156.0502 707.3213 -659.2515
v -159.9862 648.8756 -613.4501
v -156.0502 707.3213 -659.2515
v -156.0045 708.6763 -615.2723
v -159.9862 648.8756 -613.4501
v -159.9862 648.8756 -613.4501
v -156.0045 708.6763 -615.2723
v -197.9886 652.0194 -591.4971
v -156.0045 708.6763 -615.2723
v -194.0004 711.9178 -593.3223
v -197.9886 652.0194 -591.4971
v -194.0004 711.9178 -593.3223
v -189.9366 771.7820 -595.1822
v -232.0420 713.8044 -615.3514
v -189.9366 771.7820 -595.1822
v -227.9771 773.6850 -617.2117
v -232.0420 713.8044 -615.3514
v -232.0420 713.8044 -615.3514
v -227.9771 773.6850 -617.2117
v -232.0876 712.4494 -659.3305
v -227.9771 773.6850 -617.2117
v -228.0235 772.3182 -661.1905
v -232.0876 712.4494 -659.3305
v -232.0876 712.4494 -659.3305
v -228.0235 772.3182 -661.1905
v -194.0917 709.2078 -681.2805
v -228.0235 772.3182 -661.1905
v -190.0295 769.0484 -683.1396
v -194.0917 709.2078 -681.2805
v -194.0917 709.2078 -681.2805
v -190.0295 769.0484 -683.1396
v -156.0502 707.3213 -659.2515
v -190.0295 769.0484 -683.1396
v -151.9891 767.1454 -661.1100
v -156.0502 707.3213 -659.2515
v -156.0502 707.3213 -659.2515
v -151.9891 767.1454 -661.1100
v -156.0045 708.6763 -615.2723
v -151.9891 767.1454 -661.1100
v -151.9426 768.5122 -617.1313
v -156.0045 708.6763 -615.2723
v -156.0045 708.6763 -615.2723
v -151.9426 768.5122 -617.1313
v -194.0004 711.9178 -593.3223
v -151.9426 768.5122 -617.1313
v -189.9366 771.7820 -595.1822
v -194.0004 711.9178 -593.3223
v -189.9366 771.7820 -595.1822
v -185.8799 831.6186 -597.0388
v -227.9771 773.6850 -617.2117
v -185.8799 831.6186 -597.0388
v -223.9218 833.5002 -619.0677
v -227.9771 773.6850 -617.2117
v -227.9771 773.6850 -617.2117
v -223.9218 833.5002 -619.0677
v -228.0235 772.3182 -661.1905
v -223.9218 833.5002 -619.0677
v -223.9672 832.1487 -663.0469
v -228.0235 772.3182 -661.1905
v -228.0235 772.3182 -661.1905
v -223.9672 832.1487 -663.0469
v -190.0295 769.0484 -683.1396
v -223.9672 832.1487 -663.0469
v -185.9707 828.9156 -684.9972
v -190.0295 769.0484 -683.1396
v -190.0295 769.0484 -683.1396
v -185.9707 828.9156 -684.9972
v -151.9891 767.1454 -661.1100
v -185.9707 828.9156 -684.9972
v -147.9288 827.0341 -662.9683
v -151.9891 767.1454 -661.1100
v -151.9891 767.1454 -661.1100
v -147.9288 827.0341 -662.9683
v -151.9426 768.5122 -617.1313
v -147.9288 827.0341 -662.9683
v -147.8834 828.3855 -618.9890
v -151.9426 768.5122 -617.1313
v -151.9426 768.5122 -617.1313
v -147.8834 828.3855 -618.9890
v -189.9366 771.7820 -595.1822
v -147.8834 828.3855 -618.9890
v -185.8799 831.6186 -597.0388
v -189.9366 771.7820 -595.1822
v -185.8799 831.6186 -597.0388
v -181.9138 891.4340 -598.8539
v -223.9218 833.5002 -619.0677
v -181.9138 891.4340 -598.8539
v -219.9598 893.2530 -620.8809
v -223.9218 833.5002 -619.0677
v -223.9218 833.5002 -619.0677
v -219.9598 893.2530 -620.8809
v -223.9672 832.1487 -663.0469
v -219.9598 893.2530 -620.8809
v -220.0022 891.9465 -664.8615
v -223.9672 832.1487 -663.0469
v -223.9672 832.1487 -663.0469
v -220.0022 891.9465 -664.8615
v -185.9707 828.9156 -684.9972
v -220.0022 891.9465 -664.8615
v -181.9986 888.8210 -686.8150
v -185.9707 828.9156 -684.9972
v -185.9707 828.9156 -684.9972
v -181.9986 888.8210 -686.8150
v -147.9288 827.0341 -662.9683
v -181.9986 888.8210 -686.8150
v -143.9526 887.0021 -664.7880
v -147.9288 827.0341 -662.9683
v -147.9288 827.0341 -662.9683
v -143.9526 887.0021 -664.7880
v -147.8834 828.3855 -618.9890
v -143.9526 887.0021 -664.7880
v -143.9102 888.3085 -620.8074
v -147.8834 828.3855 -618.9890
v -147.8834 828.3855 -618.9890
v -143.9102 888.3085 -620.8074
v -185.8799 831.6186 -597.0388
v -143.9102 888.3085 -620.8074
v -181.9138 891.4340 -598.8539
v -185.8799 831.6186 -597.0388
v -181.9138 891.4340 -598.8539
v -178.1374 951.2239 -600.5822
v -219.9598 893.2530 -620.8809
v -178.1374 951.2239 -600.5822
v -216.1906 952.9279 -622.6059
v -219.9598 893.2530 -620.8809
v -219.9598 893.2530 -620.8809
v -216.1906 952.9279 -622.6059
v -220.0022 891.9465 -664.8615
v -216.1906 952.9279 -622.6059
v -216.2279 951.7040 -666.5889
v -220.0022 891.9465 -664.8615
v -220.0022 891.9465 -664.8615
v -216.2279 951.7040 -666.5889
v -181.9986 888.8210 -686.8150
v -216.2279 951.7040 -666.5889
v -178.2118 948.7761 -688.5481
v -181.9986 888.8210 -686.8150
v -181.9986 888.8210 -686.8150
v -178.2118 948.7761 -688.5481
v -143.9526 887.0021 -664.7880
v -178.2118 948.7761 -688.5481
v -140.1586 947.0721 -666.5244
v -143.9526 887.0021 -664.7880
v -143.9526 887.0021 -664.7880
v -140.1586 947.0721 -666.5244
v -143.9102 888.3085 -620.8074
v -140.1586 947.0721 -666.5244
v -140.1213 948.2960 -622.5414
v -143.9102 888.3085 -620.8074
v -143.9102 888.3085 -620.8074
v -140.1213 948.2960 -622.5414
v -181.9138 891.4340 -598.8539
v -140.1213 948.2960 -622.5414
v -178.1374 951.2239 -600.5822
v -181.9138 891.4340 -598.8539
v -166.0000 231.0001 -378.0000
v -166.0613 268.6868 -378.2346
v -188.0000 231.0004 -339.8949
v -166.0613 268.6868 -378.2346
v -188.0618 269.0443 -340.1315
v -188.0000 231.0004 -339.8949
v -188.0000 231.0004 -339.8949
v -188.0618 269.0443 -340.1315
v -232.0000 231.0003 -339.8949
v -188.0618 269.0443 -340.1315
v -232.0616 268.9173 -340.1308
v -232.0000 231.0003 -339.8949
v -232.0000 231.0003 -339.8949
v -232.0616 268.9173 -340.1308
v -254.0000 230.9999 -378.0000
v -232.0616 268.9173 -340.1308
v -254.0609 268.4329 -378.2332
v -254.0000 230.9999 -378.0000
v -254.0000 230.9999 -378.0000
v -254.0609 268.4329 -378.2332
v -232.0000 230.9996 -416.1051
v -254.0609 268.4329 -378.2332
v -232.0604 268.0754 -416.3363
v -232.0000 230.9996 -416.1051
v -232.0000 230.9996 -416.1051
v -232.0604 268.0754 -416.3363
v -188.0000 230.9997 -416.1051
v -232.0604 268.0754 -416.3363
v -188.0606 268.2024 -416.3370
v -188.0000 230.9997 -416.1051
v -188.0000 230.9997 -416.1051
v -188.0606 268.2024 -416.3370
v -166.0000 231.0001 -378.0000
v -188.0606 268.2024 -416.3370
v -166.0613 268.6868 -378.2346
v -166.0000 231.0001 -378.0000
v -166.0613 268.6868 -378.2346
v -166.1875 306.2677 -378.7178
v -188.0618 269.0443 -340.1315
v -166.1875 306.2677 -378.7178
v -188.1882 306.6918 -340.6155
v -188.0618 269.0443 -340.1315
v -188.0618 269.0443 -340.1315
v -188.1882 306.6918 -340.6155
v -232.0616 268.9173 -340.1308
v -188.1882 306.6918 -340.6155
v -232.1880 306.5412 -340.6145
v -232.0616 268.9173 -340.1308
v -232.0616 268.9173 -340.1308
v -232.1880 306.5412 -340.6145
v -254.0609 268.4329 -378.2332
v -232.1880 306.5412 -340.6145
v -254.1870 305.9665 -378.7159
v -254.0609 268.4329 -378.2332
v -254.0609 268.4329 -378.2332
v -254.1870 305.9665 -378.7159
v -232.0604 268.0754 -416.3363
v -254.1870 305.9665 -378.7159
v -232.1862 305.5424 -416.8182
v -232.0604 268.0754 -416.3363
v -232.0604 268.0754 -416.3363
v -232.1862 305.5424 -416.8182
v -188.0606 268.2024 -416.3370
v -232.1862 305.5424 -416.8182
v -188.1865 305.6930 -416.8192
v -188.0606 268.2024 -416.3370
v -188.0606 268.2024 -416.3370
v -188.1865 305.6930 -416.8192
v -166.0613 268.6868 -378.2346
v -188.1865 305.6930 -416.8192
v -166.1875 306.2677 -378.7178
v -166.0613 268.6868 -378.2346
v -166.1875 306.2677 -378.7178
v -166.2878 343.7432 -379.1020
v -188.1882 306.6918 -340.6155
v -166.2878 343.7432 -379.1020
v -188.2880 343.9337 -340.9974
v -188.1882 306.6918 -340.6155
v -188.1882 306.6918 -340.6155
v -188.2880 343.9337 -340.9974
v -232.1880 306.5412 -340.6145
v -188.2880 343.9337 -340.9974
v -232.2879 343.8661 -340.9972
v -232.1880 306.5412 -340.6145
v -232.1880 306.5412 -340.6145
v -232.2879 343.8661 -340.9972
v -254.1870 305.9665 -378.7159
v -232.2879 343.8661 -340.9972
v -254.2877 343.6078 -379.1016
v -254.1870 305.9665 -378.7159
v -254.1870 305.9665 -378.7159
v -254.2877 343.6078 -379.1016
v -232.1862 305.5424 -416.8182
v -254.2877 343.6078 -379.1016
v -232.2876 343.4172 -417.2061
v -232.1862 305.5424 -416.8182
v -232.1862 305.5424 -416.8182
v -232.2876 343.4172 -417.2061
v -188.1865 305.6930 -416.8192
v -232.2876 343.4172 -417.2061
v -188.2876 343.4849 -417.2063
v -188.1865 305.6930 -416.8192
v -188.1865 305.6930 -416.8192
v -188.2876 343.4849 -417.2063
v -166.1875 306.2677 -378.7178
v -188.2876 343.4849 -417.2063
v -166.2878 343.7432 -379.1020
v -166.1875 306.2677 -378.7178
v -166.2878 343.7432 -379.1020
v -166.2757 381.1250 -379.0556
v -188.2880 343.9337 -340.9974
v -166.2757 381.1250 -379.0556
v -188.2761 380.8138 -340.9520
v -188.2880 343.9337 -340.9974
v -188.2880 343.9337 -340.9974
v -188.2761 380.8138 -340.9520
v -232.2879 343.8661 -340.9972
v -188.2761 380.8138 -340.9520
v -232.2760 380.9243 -340.9514
v -232.2879 343.8661 -340.9972
v -232.2879 343.8661 -340.9972
v -232.2760 380.9243 -340.9514
v -254.2877 343.6078 -379.1016
v -232.2760 380.9243 -340.9514
v -254.2754 381.3461 -379.0545
v -254.2877 343.6078 -379.1016
v -254.2877 343.6078 -379.1016
v -254.2754 381.3461 -379.0545
v -232.2876 343.4172 -417.2061
v -254.2754 381.3461 -379.0545
v -232.2750 381.6574 -417.1581
v -232.2876 343.4172 -417.2061
v -232.2876 343.4172 -417.2061
v -232.2750 381.6574 -417.1581
v -188.2876 343.4849 -417.2063
v -232.2750 381.6574 -417.1581
v -188.2752 381.5468 -417.1587
v -188.2876 343.4849 -417.2063
v -188.2876 343.4849 -417.2063
v -188.2752 381.5468 -417.1587
v -166.2878 343.7432 -379.1020
v -188.2752 381.5468 -417.1587
v -166.2757 381.1250 -379.0556
v -166.2878 343.7432 -379.1020
v -166.2757 381.1250 -379.0556
v -166.0797 418.4255 -378.3051
v -188.2761 380.8138 -340.9520
v -166.0797 418.4255 -378.3051
v -188.0839 417.4066 -340.2160
v -188.2761 380.8138 -340.9520
v -188.2761 380.8138 -340.9520
v -188.0839 417.4066 -340.2160
v -232.2760 380.9243 -340.9514
v -188.0839 417.4066 -340.2160
v -232.0824 417.7684 -340.2103
v -232.2760 380.9243 -340.9514
v -232.2760 380.9243 -340.9514
v -232.0824 417.7684 -340.2103
v -254.2754 381.3461 -379.0545
v -232.0824 417.7684 -340.2103
v -254.0767 419.1492 -378.2937
v -254.2754 381.3461 -379.0545
v -254.2754 381.3461 -379.0545
v -254.0767 419.1492 -378.2937
v -232.2750 381.6574 -417.1581
v -254.0767 419.1492 -378.2937
v -232.0725 420.1681 -416.3828
v -232.2750 381.6574 -417.1581
v -232.2750 381.6574 -417.1581
v -232.0725 420.1681 -416.3828
v -188.2752 381.5468 -417.1587
v -232.0725 420.1681 -416.3828
v -188.0740 419.8063 -416.3885
v -188.2752 381.5468 -417.1587
v -188.2752 381.5468 -417.1587
v -188.0740 419.8063 -416.3885
v -166.2757 381.1250 -379.0556
v -188.0740 419.8063 -416.3885
v -166.0797 418.4255 -378.3051
v -166.2757 381.1250 -379.0556
v -166.0797 418.4255 -378.3051
v -165.6576 455.6889 -376.6892
v -188.0839 417.4066 -340.2160
v -165.6576 455.6889 -376.6892
v -187.6700 453.9406 -338.6313
v -188.0839 417.4066 -340.2160
v -188.0839 417.4066 -340.2160
v -187.6700 453.9406 -338.6313
v -232.0824 417.7684 -340.2103
v -187.6700 453.9406 -338.6313
v -231.6656 454.5615 -338.6146
v -232.0824 417.7684 -340.2103
v -232.0824 417.7684 -340.2103
v -231.6656 454.5615 -338.6146
v -254.0767 419.1492 -378.2937
v -231.6656 454.5615 -338.6146
v -253.6489 456.9307 -376.6556
v -254.0767 419.1492 -378.2937
v -254.0767 419.1492 -378.2937
v -253.6489 456.9307 -376.6556
v -232.0725 420.1681 -416.3828
v -253.6489 456.9307 -376.6556
v -231.6365 458.6790 -414.7135
v -232.0725 420.1681 -416.3828
v -232.0725 420.1681 -416.3828
v -231.6365 458.6790 -414.7135
v -188.0740 419.8063 -416.3885
v -231.6365 458.6790 -414.7135
v -187.6409 458.0581 -414.7303
v -188.0740 419.8063 -416.3885
v -188.0740 419.8063 -416.3885
v -187.6409 458.0581 -414.7303
v -166.0797 418.4255 -378.3051
v -187.6409 458.0581 -414.7303
v -165.6576 455.6889 -376.6892
v -166.0797 418.4255 -378.3051
v -165.6576 455.6889 -376.6892
v -165.0490 492.9923 -374.3589
v -187.6700 453.9406 -338.6313
v -165.0490 492.9923 -374.3589
v -187.0695 490.7404 -336.3322
v -187.6700 453.9406 -338.6313
v -187.6700 453.9406 -338.6313
v -187.0695 490.7404 -336.3322
v -231.6656 454.5615 -338.6146
v -187.0695 490.7404 -336.3322
v -231.0622 491.5402 -336.3044
v -231.6656 454.5615 -338.6146
v -231.6656 454.5615 -338.6146
v -231.0622 491.5402 -336.3044
v -253.6489 456.9307 -376.6556
v -231.0622 491.5402 -336.3044
v -253.0344 494.5918 -374.3031
v -253.6489 456.9307 -376.6556
v -253.6489 456.9307 -376.6556
v -253.0344 494.5918 -374.3031
v -231.6365 458.6790 -414.7135
v -253.0344 494.5918 -374.3031
v -231.0139 496.8437 -412.3298
v -231.6365 458.6790 -414.7135
v -231.6365 458.6790 -414.7135
v -231.0139 496.8437 -412.3298
v -187.6409 458.0581 -414.7303
v -231.0139 496.8437 -412.3298
v -187.0212 496.0440 -412.3577
v -187.6409 458.0581 -414.7303
v -187.6409 458.0581 -414.7303
v -187.0212 496.0440 -412.3577
v -165.6576 455.6889 -376.6892
v -187.0212 496.0440 -412.3577
v -165.0490 492.9923 -374.3589
v -165.6576 455.6889 -376.6892
v -165.0490 492.9923 -374.3589
v -164.3158 530.3261 -371.5516
v -187.0695 490.7404 -336.3322
v -164.3158 530.3261 -371.5516
v -186.3425 527.7540 -333.5490
v -187.0695 490.7404 -336.3322
v -187.0695 490.7404 -336.3322
v -186.3425 527.7540 -333.5490
v -231.0622 491.5402 -336.3044
v -186.3425 527.7540 -333.5490
v -230.3330 528.6675 -333.5126
v -231.0622 491.5402 -336.3044
v -231.0622 491.5402 -336.3044
v -230.3330 528.6675 -333.5126
v -253.0344 494.5918 -374.3031
v -230.3330 528.6675 -333.5126
v -252.2968 532.1531 -371.4789
v -253.0344 494.5918 -374.3031
v -253.0344 494.5918 -374.3031
v -252.2968 532.1531 -371.4789
v -231.0139 496.8437 -412.3298
v -252.2968 532.1531 -371.4789
v -230.2700 534.7253 -409.4816
v -231.0139 496.8437 -412.3298
v -231.0139 496.8437 -412.3298
v -230.2700 534.7253 -409.4816
v -187.0212 496.0440 -412.3577
v -230.2700 534.7253 -409.4816
v -186.2795 533.8118 -409.5180
v -187.0212 496.0440 -412.3577
v -187.0212 496.0440 -412.3577
v -186.2795 533.8118 -409.5180
v -165.0490 492.9923 -374.3589
v -186.2795 533.8118 -409.5180
v -164.3158 530.3261 -371.5516
v -165.0490 492.9923 -374.3589
v -164.3158 530.3261 -371.5516
v -163.5083 567.6909 -368.4600
v -186.3425 527.7540 -333.5490
v -163.5083 567.6909 -368.4600
v -185.5386 564.9516 -330.4710
v -186.3425 527.7540 -333.5490
v -186.3425 527.7540 -333.5490
v -185.5386 564.9516 -330.4710
v -230.3330 528.6675 -333.5126
v -185.5386 564.9516 -330.4710
v -229.5278 565.9244 -330.4298
v -230.3330 528.6675 -333.5126
v -230.3330 528.6675 -333.5126
v -229.5278 565.9244 -330.4298
v -252.2968 532.1531 -371.4789
v -229.5278 565.9244 -330.4298
v -251.4867 569.6367 -368.3775
v -252.2968 532.1531 -371.4789
v -252.2968 532.1531 -371.4789
v -251.4867 569.6367 -368.3775
v -230.2700 534.7253 -409.4816
v -251.4867 569.6367 -368.3775
v -229.4564 572.3760 -406.3664
v -230.2700 534.7253 -409.4816
v -230.2700 534.7253 -409.4816
v -229.4564 572.3760 -406.3664
v -186.2795 533.8118 -409.5180
v -229.4564 572.3760 -406.3664
v -185.4671 571.4031 -406.4077
v -186.2795 533.8118 -409.5180
v -186.2795 533.8118 -409.5180
v -185.4671 571.4031 -406.4077
v -164.3158 530.3261 -371.5516
v -185.4671 571.4031 -406.4077
v -163.5083 567.6909 -368.4600
v -164.3158 530.3261 -371.5516
v -163.5083 567.6909 -368.4600
v -162.6702 605.0948 -365.2515
v -185.5386 564.9516 -330.4710
v -162.6702 605.0948 -365.2515
v -184.7012 602.3270 -327.2650
v -185.5386 564.9516 -330.4710
v -185.5386 564.9516 -330.4710
v -184.7012 602.3270 -327.2650
v -229.5278 565.9244 -330.4298
v -184.7012 602.3270 -327.2650
v -228.6902 603.3100 -327.2228
v -229.5278 565.9244 -330.4298
v -229.5278 565.9244 -330.4298
v -228.6902 603.3100 -327.2228
v -251.4867 569.6367 -368.3775
v -228.6902 603.3100 -327.2228
v -250.6482 607.0609 -365.1672
v -251.4867 569.6367 -368.3775
v -251.4867 569.6367 -368.3775
v -250.6482 607.0609 -365.1672
v -229.4564 572.3760 -406.3664
v -250.6482 607.0609 -365.1672
v -228.6173 609.8289 -403.1537
v -229.4564 572.3760 -406.3664
v -229.4564 572.3760 -406.3664
v -228.6173 609.8289 -403.1537
v -185.4671 571.4031 -406.4077
v -228.6173 609.8289 -403.1537
v -184.6283 608.8458 -403.1959
v -185.4671 571.4031 -406.4077
v -185.4671 571.4031 -406.4077
v -184.6283 608.8458 -403.1959
v -163.5083 567.6909 -368.4600
v -184.6283 608.8458 -403.1959
v -162.6702 605.0948 -365.2515
v -163.5083 567.6909 -368.4600
v -162.6702 605.0948 -365.2515
v -161.8430 642.5513 -362.0844
v -184.7012 602.3270 -327.2650
v -161.8430 642.5513 -362.0844
v -183.8717 639.8910 -324.0888
v -184.7012 602.3270 -327.2650
v -184.7012 602.3270 -327.2650
v -183.8717 639.8910 -324.0888
v -228.6902 603.3100 -327.2228
v -183.8717 639.8910 -324.0888
v -227.8615 640.8358 -324.0499
v -228.6902 603.3100 -327.2228
v -228.6902 603.3100 -327.2228
v -227.8615 640.8358 -324.0499
v -250.6482 607.0609 -365.1672
v -227.8615 640.8358 -324.0499
v -249.8227 644.4410 -362.0066
v -250.6482 607.0609 -365.1672
v -250.6482 607.0609 -365.1672
v -249.8227 644.4410 -362.0066
v -228.6173 609.8289 -403.1537
v -249.8227 644.4410 -362.0066
v -227.7941 647.1013 -400.0021
v -228.6173 609.8289 -403.1537
v -228.6173 609.8289 -403.1537
v -227.7941 647.1013 -400.0021
v -184.6283 608.8458 -403.1959
v -227.7941 647.1013 -400.0021
v -183.8043 646.1565 -400.0410
v -184.6283 608.8458 -403.1959
v -184.6283 608.8458 -403.1959
v -183.8043 646.1565 -400.0410
v -162.6702 605.0948 -365.2515
v -183.8043 646.1565 -400.0410
v -161.8430 642.5513 -362.0844
v -162.6702 605.0948 -365.2515
v -161.8430 642.5513 -362.0844
v -161.0691 680.0770 -359.1213
v -183.8717 639.8910 -324.0888
v -161.0691 680.0770 -359.1213
v -183.0925 677.6694 -321.1059
v -183.8717 639.8910 -324.0888
v -183.8717 639.8910 -324.0888
v -183.0925 677.6694 -321.1059
v -227.8615 640.8358 -324.0499
v -183.0925 677.6694 -321.1059
v -227.0842 678.5245 -321.0740
v -227.8615 640.8358 -324.0499
v -227.8615 640.8358 -324.0499
v -227.0842 678.5245 -321.0740
v -249.8227 644.4410 -362.0066
v -227.0842 678.5245 -321.0740
v -249.0525 681.7872 -359.0576
v -249.8227 644.4410 -362.0066
v -249.8227 644.4410 -362.0066
v -249.0525 681.7872 -359.0576
v -227.7941 647.1013 -400.0021
v -249.0525 681.7872 -359.0576
v -227.0291 684.1948 -397.0730
v -227.7941 647.1013 -400.0021
v -227.7941 647.1013 -400.0021
v -227.0291 684.1948 -397.0730
v -183.8043 646.1565 -400.0410
v -227.0291 684.1948 -397.0730
v -183.0374 683.3397 -397.1048
v -183.8043 646.1565 -400.0410
v -183.8043 646.1565 -400.0410
v -183.0374 683.3397 -397.1048
v -161.8430 642.5513 -362.0844
v -183.0374 683.3397 -397.1048
v -161.0691 680.0770 -359.1213
v -161.8430 642.5513 -362.0844
v -166.0000 230.9994 -126.0000
v -165.6942 264.4151 -126.4040
v -188.0000 231.0004 -87.8949
v -165.6942 264.4151 -126.4040
v -187.6846 265.5979 -88.3117
v -188.0000 231.0004 -87.8949
v -188.0000 231.0004 -87.8949
v -187.6846 265.5979 -88.3117
v -232.0000 231.0009 -87.8949
v -187.6846 265.5979 -88.3117
v -231.6787 266.3172 -88.3195
v -232.0000 231.0009 -87.8949
v -232.0000 231.0009 -87.8949
v -231.6787 266.3172 -88.3195
v -254.0000 231.0006 -126.0000
v -231.6787 266.3172 -88.3195
v -253.6825 265.8538 -126.4196
v -254.0000 231.0006 -126.0000
v -254.0000 231.0006 -126.0000
v -253.6825 265.8538 -126.4196
v -232.0000 230.9996 -164.1051
v -253.6825 265.8538 -126.4196
v -231.6922 264.6710 -164.5119
v -232.0000 230.9996 -164.1051
v -232.0000 230.9996 -164.1051
v -231.6922 264.6710 -164.5119
v -188.0000 230.9991 -164.1051
v -231.6922 264.6710 -164.5119
v -187.6980 263.9517 -164.5041
v -188.0000 230.9991 -164.1051
v -188.0000 230.9991 -164.1051
v -187.6980 263.9517 -164.5041
v -166.0000 230.9994 -126.0000
v -187.6980 263.9517 -164.5041
v -165.6942 264.4151 -126.4040
v -166.0000 230.9994 -126.0000
v -165.6942 264.4151 -126.4040
v -165.0250 298.3243 -127.2884
v -187.6846 265.5979 -88.3117
v -165.0250 298.3243 -127.2884
v -187.0088 299.8554 -89.2047
v -187.6846 265.5979 -88.3117
v -187.6846 265.5979 -88.3117
v -187.0088 299.8554 -89.2047
v -231.6787 266.3172 -88.3195
v -187.0088 299.8554 -89.2047
v -230.9989 300.7866 -89.2177
v -231.6787 266.3172 -88.3195
v -231.6787 266.3172 -88.3195
v -230.9989 300.7866 -89.2177
v -253.6825 265.8538 -126.4196
v -230.9989 300.7866 -89.2177
v -253.0052 300.1866 -127.3144
v -253.6825 265.8538 -126.4196
v -253.6825 265.8538 -126.4196
v -253.0052 300.1866 -127.3144
v -231.6922 264.6710 -164.5119
v -253.0052 300.1866 -127.3144
v -231.0215 298.6555 -165.3981
v -231.6922 264.6710 -164.5119
v -231.6922 264.6710 -164.5119
v -231.0215 298.6555 -165.3981
v -187.6980 263.9517 -164.5041
v -231.0215 298.6555 -165.3981
v -187.0313 297.7244 -165.3851
v -187.6980 263.9517 -164.5041
v -187.6980 263.9517 -164.5041
v -187.0313 297.7244 -165.3851
v -165.6942 264.4151 -126.4040
v -187.0313 297.7244 -165.3851
v -165.0250 298.3243 -127.2884
v -165.6942 264.4151 -126.4040
v -165.0250 298.3243 -127.2884
v -164.3799 332.7451 -128.1407
v -187.0088 299.8554 -89.2047
v -164.3799 332.7451 -128.1407
v -186.3724 333.7861 -90.0455
v -187.0088 299.8554 -89.2047
v -187.0088 299.8554 -89.2047
v -186.3724 333.7861 -90.0455
v -230.9989 300.7866 -89.2177
v -186.3724 333.7861 -90.0455
v -230.3678 334.4192 -90.0515
v -230.9989 300.7866 -89.2177
v -230.9989 300.7866 -89.2177
v -230.3678 334.4192 -90.0515
v -253.0052 300.1866 -127.3144
v -230.3678 334.4192 -90.0515
v -252.3708 334.0113 -128.1528
v -253.0052 300.1866 -127.3144
v -253.0052 300.1866 -127.3144
v -252.3708 334.0113 -128.1528
v -231.0215 298.6555 -165.3981
v -252.3708 334.0113 -128.1528
v -230.3783 332.9703 -166.2480
v -231.0215 298.6555 -165.3981
v -231.0215 298.6555 -165.3981
v -230.3783 332.9703 -166.2480
v -187.0313 297.7244 -165.3851
v -230.3783 332.9703 -166.2480
v -186.3828 332.3372 -166.2420
v -187.0313 297.7244 -165.3851
v -187.0313 297.7244 -165.3851
v -186.3828 332.3372 -166.2420
v -165.0250 298.3243 -127.2884
v -186.3828 332.3372 -166.2420
v -164.3799 332.7451 -128.1407
v -165.0250 298.3243 -127.2884
v -164.3799 332.7451 -128.1407
v -164.1641 367.6858 -128.4259
v -186.3724 333.7861 -90.0455
v -164.1641 367.6858 -128.4259
v -186.1635 367.4041 -90.3215
v -186.3724 333.7861 -90.0455
v -186.3724 333.7861 -90.0455
v -186.1635 367.4041 -90.3215
v -230.3678 334.4192 -90.0515
v -186.1635 367.4041 -90.3215
v -230.1632 367.2328 -90.3219
v -230.3678 334.4192 -90.0515
v -230.3678 334.4192 -90.0515
v -230.1632 367.2328 -90.3219
v -252.3708 334.0113 -128.1528
v -230.1632 367.2328 -90.3219
v -252.1634 367.3431 -128.4268
v -252.3708 334.0113 -128.1528
v -252.3708 334.0113 -128.1528
v -252.1634 367.3431 -128.4268
v -230.3783 332.9703 -166.2480
v -252.1634 367.3431 -128.4268
v -230.1640 367.6248 -166.5312
v -230.3783 332.9703 -166.2480
v -230.3783 332.9703 -166.2480
v -230.1640 367.6248 -166.5312
v -186.3828 332.3372 -166.2420
v -230.1640 367.6248 -166.5312
v -186.1643 367.7961 -166.5307
v -186.3828 332.3372 -166.2420
v -186.3828 332.3372 -166.2420
v -186.1643 367.7961 -166.5307
v -164.3799 332.7451 -128.1407
v -186.1643 367.7961 -166.5307
v -164.1641 367.6858 -128.4259
v -164.3799 332.7451 -128.1407
v -164.1641 367.6858 -128.4259
v -164.7926 403.1017 -127.5953
v -186.1635 367.4041 -90.3215
v -164.7926 403.1017 -127.5953
v -186.7525 400.6912 -89.5433
v -186.1635 367.4041 -90.3215
v -186.1635 367.4041 -90.3215
v -186.7525 400.6912 -89.5433
v -230.1632 367.2328 -90.3219
v -186.7525 400.6912 -89.5433
v -230.7280 399.2252 -89.5756
v -230.1632 367.2328 -90.3219
v -230.1632 367.2328 -90.3219
v -230.7280 399.2252 -89.5756
v -252.1634 367.3431 -128.4268
v -230.7280 399.2252 -89.5756
v -252.7438 400.1698 -127.6599
v -252.1634 367.3431 -128.4268
v -252.1634 367.3431 -128.4268
v -252.7438 400.1698 -127.6599
v -230.1640 367.6248 -166.5312
v -252.7438 400.1698 -127.6599
v -230.7840 402.5803 -165.7119
v -230.1640 367.6248 -166.5312
v -230.1640 367.6248 -166.5312
v -230.7840 402.5803 -165.7119
v -186.1643 367.7961 -166.5307
v -230.7840 402.5803 -165.7119
v -186.8084 404.0463 -165.6796
v -186.1643 367.7961 -166.5307
v -186.1643 367.7961 -166.5307
v -186.8084 404.0463 -165.6796
v -164.1641 367.6858 -128.4259
v -186.8084 404.0463 -165.6796
v -164.7926 403.1017 -127.5953
v -164.1641 367.6858 -128.4259
v -164.7926 403.1017 -127.5953
v -166.6681 438.8209 -125.1172
v -186.7525 400.6912 -89.5433
v -166.6681 438.8209 -125.1172
v -188.4784 433.5917 -87.2627
v -186.7525 400.6912 -89.5433
v -186.7525 400.6912 -89.5433
v -188.4784 433.5917 -87.2627
v -230.7280 399.2252 -89.5756
v -188.4784 433.5917 -87.2627
v -232.3631 430.4115 -87.4151
v -230.7280 399.2252 -89.5756
v -230.7280 399.2252 -89.5756
v -232.3631 430.4115 -87.4151
v -252.7438 400.1698 -127.6599
v -232.3631 430.4115 -87.4151
v -254.4374 432.4606 -125.4220
v -252.7438 400.1698 -127.6599
v -252.7438 400.1698 -127.6599
v -254.4374 432.4606 -125.4220
v -230.7840 402.5803 -165.7119
v -254.4374 432.4606 -125.4220
v -232.6271 437.6898 -163.2766
v -230.7840 402.5803 -165.7119
v -230.7840 402.5803 -165.7119
v -232.6271 437.6898 -163.2766
v -186.8084 404.0463 -165.6796
v -232.6271 437.6898 -163.2766
v -188.7424 440.8699 -163.1241
v -186.8084 404.0463 -165.6796
v -186.8084 404.0463 -165.6796
v -188.7424 440.8699 -163.1241
v -164.7926 403.1017 -127.5953
v -188.7424 440.8699 -163.1241
v -166.6681 438.8209 -125.1172
v -164.7926 403.1017 -127.5953
v -166.6681 438.8209 -125.1172
v -169.8665 474.0365 -120.8910
v -188.4784 433.5917 -87.2627
v -169.8665 474.0365 -120.8910
v -191.4609 466.4046 -83.3219
v -188.4784 433.5917 -87.2627
v -188.4784 433.5917 -87.2627
v -191.4609 466.4046 -83.3219
v -232.3631 430.4115 -87.4151
v -191.4609 466.4046 -83.3219
v -235.2142 461.7632 -83.6479
v -232.3631 430.4115 -87.4151
v -232.3631 430.4115 -87.4151
v -235.2142 461.7632 -83.6479
v -254.4374 432.4606 -125.4220
v -235.2142 461.7632 -83.6479
v -257.3731 464.7538 -121.5429
v -254.4374 432.4606 -125.4220
v -254.4374 432.4606 -125.4220
v -257.3731 464.7538 -121.5429
v -232.6271 437.6898 -163.2766
v -257.3731 464.7538 -121.5429
v -235.7788 472.3857 -159.1120
v -232.6271 437.6898 -163.2766
v -232.6271 437.6898 -163.2766
v -235.7788 472.3857 -159.1120
v -188.7424 440.8699 -163.1241
v -235.7788 472.3857 -159.1120
v -192.0255 477.0271 -158.7861
v -188.7424 440.8699 -163.1241
v -188.7424 440.8699 -163.1241
v -192.0255 477.0271 -158.7861
v -166.6681 438.8209 -125.1172
v -192.0255 477.0271 -158.7861
v -169.8665 474.0365 -120.8910
v -166.6681 438.8209 -125.1172
v -169.8665 474.0365 -120.8910
v -173.9951 508.5033 -115.4356
v -191.4609 466.4046 -83.3219
v -173.9951 508.5033 -115.4356
v -195.3973 499.2551 -78.1205
v -191.4609 466.4046 -83.3219
v -191.4609 466.4046 -83.3219
v -195.3973 499.2551 -78.1205
v -235.2142 461.7632 -83.6479
v -195.3973 499.2551 -78.1205
v -239.0337 493.6308 -78.6009
v -235.2142 461.7632 -83.6479
v -235.2142 461.7632 -83.6479
v -239.0337 493.6308 -78.6009
v -257.3731 464.7538 -121.5429
v -239.0337 493.6308 -78.6009
v -261.2679 497.2547 -116.3965
v -257.3731 464.7538 -121.5429
v -257.3731 464.7538 -121.5429
v -261.2679 497.2547 -116.3965
v -235.7788 472.3857 -159.1120
v -261.2679 497.2547 -116.3965
v -239.8658 506.5028 -153.7116
v -235.7788 472.3857 -159.1120
v -235.7788 472.3857 -159.1120
v -239.8658 506.5028 -153.7116
v -192.0255 477.0271 -158.7861
v -239.8658 506.5028 -153.7116
v -196.2294 512.1271 -153.2312
v -192.0255 477.0271 -158.7861
v -192.0255 477.0271 -158.7861
v -196.2294 512.1271 -153.2312
v -169.8665 474.0365 -120.8910
v -196.2294 512.1271 -153.2312
v -173.9951 508.5033 -115.4356
v -169.8665 474.0365 -120.8910
v -173.9951 508.5033 -115.4356
v -178.6766 542.3323 -109.2497
v -195.3973 499.2551 -78.1205
v -178.6766 542.3323 -109.2497
v -199.9534 532.1730 -72.1002
v -195.3973 499.2551 -78.1205
v -195.3973 499.2551 -78.1205
v -199.9534 532.1730 -72.1002
v -239.0337 493.6308 -78.6009
v -199.9534 532.1730 -72.1002
v -243.5136 525.9946 -72.6814
v -239.0337 493.6308 -78.6009
v -239.0337 493.6308 -78.6009
v -243.5136 525.9946 -72.6814
v -261.2679 497.2547 -116.3965
v -243.5136 525.9946 -72.6814
v -265.7970 529.9755 -110.4120
v -261.2679 497.2547 -116.3965
v -261.2679 497.2547 -116.3965
v -265.7970 529.9755 -110.4120
v -239.8658 506.5028 -153.7116
v -265.7970 529.9755 -110.4120
v -244.5202 540.1348 -147.5616
v -239.8658 506.5028 -153.7116
v -239.8658 506.5028 -153.7116
v -244.5202 540.1348 -147.5616
v -196.2294 512.1271 -153.2312
v -244.5202 540.1348 -147.5616
v -200.9600 546.3132 -146.9804
v -196.2294 512.1271 -153.2312
v -196.2294 512.1271 -153.2312
v -200.9600 546.3132 -146.9804
v -173.9951 508.5033 -115.4356
v -200.9600 546.3132 -146.9804
v -178.6766 542.3323 -109.2497
v -173.9951 508.5033 -115.4356
v -178.6766 542.3323 -109.2497
v -183.5796 575.6575 -102.7713
v -199.9534 532.1730 -72.1002
v -183.5796 575.6575 -102.7713
v -204.8185 565.2395 -65.6718
v -199.9534 532.1730 -72.1002
v -199.9534 532.1730 -72.1002
v -204.8185 565.2395 -65.6718
v -243.5136 525.9946 -72.6814
v -204.8185 565.2395 -65.6718
v -248.3557 558.9038 -66.2833
v -243.5136 525.9946 -72.6814
v -243.5136 525.9946 -72.6814
v -248.3557 558.9038 -66.2833
v -265.7970 529.9755 -110.4120
v -248.3557 558.9038 -66.2833
v -270.6539 562.9860 -103.9944
v -265.7970 529.9755 -110.4120
v -265.7970 529.9755 -110.4120
v -270.6539 562.9860 -103.9944
v -244.5202 540.1348 -147.5616
v -270.6539 562.9860 -103.9944
v -249.4149 573.4040 -141.0939
v -244.5202 540.1348 -147.5616
v -244.5202 540.1348 -147.5616
v -249.4149 573.4040 -141.0939
v -200.9600 546.3132 -146.9804
v -249.4149 573.4040 -141.0939
v -205.8778 579.7397 -140.4823
v -200.9600 546.3132 -146.9804
v -200.9600 546.3132 -146.9804
v -205.8778 579.7397 -140.4823
v -178.6766 542.3323 -109.2497
v -205.8778 579.7397 -140.4823
v -183.5796 575.6575 -102.7713
v -178.6766 542.3323 -109.2497
v -183.5796 575.6575 -102.7713
v -188.3980 608.6066 -96.4044
v -204.8185 565.2395 -65.6718
v -188.3980 608.6066 -96.4044
v -209.6919 598.5667 -59.2323
v -204.8185 565.2395 -65.6718
v -204.8185 565.2395 -65.6718
v -209.6919 598.5667 -59.2323
v -248.3557 558.9038 -66.2833
v -209.6919 598.5667 -59.2323
v -253.2625 592.4609 -59.7997
v -248.3557 558.9038 -66.2833
v -248.3557 558.9038 -66.2833
v -253.2625 592.4609 -59.7997
v -270.6539 562.9860 -103.9944
v -253.2625 592.4609 -59.7997
v -275.5392 596.3950 -97.5392
v -270.6539 562.9860 -103.9944
v -270.6539 562.9860 -103.9944
v -275.5392 596.3950 -97.5392
v -249.4149 573.4040 -141.0939
v -275.5392 596.3950 -97.5392
v -254.2453 606.4349 -134.7114
v -249.4149 573.4040 -141.0939
v -249.4149 573.4040 -141.0939
v -254.2453 606.4349 -134.7114
v -205.8778 579.7397 -140.4823
v -254.2453 606.4349 -134.7114
v -210.6747 612.5407 -134.1440
v -205.8778 579.7397 -140.4823
v -205.8778 579.7397 -140.4823
v -210.6747 612.5407 -134.1440
v -183.5796 575.6575 -102.7713
v -210.6747 612.5407 -134.1440
v -188.3980 608.6066 -96.4044
v -183.5796 575.6575 -102.7713
v -188.3980 608.6066 -96.4044
v -192.8325 641.2830 -90.5450
v -209.6919 598.5667 -59.2323
v -192.8325 641.2830 -90.5450
v -214.2662 632.2798 -53.1881
v -209.6919 598.5667 -59.2323
v -209.6919 598.5667 -59.2323
v -214.2662 632.2798 -53.1881
v -253.2625 592.4609 -59.7997
v -214.2662 632.2798 -53.1881
v -257.9218 626.8046 -53.6431
v -253.2625 592.4609 -59.7997
v -253.2625 592.4609 -59.7997
v -257.9218 626.8046 -53.6431
v -275.5392 596.3950 -97.5392
v -257.9218 626.8046 -53.6431
v -280.1437 630.3325 -91.4550
v -275.5392 596.3950 -97.5392
v -275.5392 596.3950 -97.5392
v -280.1437 630.3325 -91.4550
v -254.2453 606.4349 -134.7114
v -280.1437 630.3325 -91.4550
v -258.7100 639.3356 -128.8119
v -254.2453 606.4349 -134.7114
v -254.2453 606.4349 -134.7114
v -258.7100 639.3356 -128.8119
v -210.6747 612.5407 -134.1440
v -258.7100 639.3356 -128.8119
v -215.0543 644.8109 -128.3569
v -210.6747 612.5407 -134.1440
v -210.6747 612.5407 -134.1440
v -215.0543 644.8109 -128.3569
v -188.3980 608.6066 -96.4044
v -215.0543 644.8109 -128.3569
v -192.8325 641.2830 -90.5450
v -188.3980 608.6066 -96.4044
v -210.0000 231.0002 170.0000
v -209.4511 290.7663 169.6907
v -248.1051 231.0004 148.0000
v -209.4511 290.7663 169.6907
v -247.5535 291.1393 147.6892
v -248.1051 231.0004 148.0000
v -248.1051 231.0004 148.0000
v -247.5535 291.1393 147.6892
v -248.1051 231.0002 104.0000
v -247.5535 291.1393 147.6892
v -247.5561 290.7796 103.6907
v -248.1051 231.0002 104.0000
v -248.1051 231.0002 104.0000
v -247.5561 290.7796 103.6907
v -210.0000 230.9998 82.0000
v -247.5561 290.7796 103.6907
v -209.4563 290.0470 81.6936
v -210.0000 230.9998 82.0000
v -210.0000 230.9998 82.0000
v -209.4563 290.0470 81.6936
v -171.8949 230.9996 104.0000
v -209.4563 290.0470 81.6936
v -171.3539 289.6741 103.6952
v -171.8949 230.9996 104.0000
v -171.8949 230.9996 104.0000
v -171.3539 289.6741 103.6952
v -171.8949 230.9998 148.0000
v -171.3539 289.6741 103.6952
v -171.3513 290.0337 147.6937
v -171.8949 230.9998 148.0000
v -171.8949 230.9998 148.0000
v -171.3513 290.0337 147.6937
v -210.0000 231.0002 170.0000
v -171.3513 290.0337 147.6937
v -209.4511 290.7663 169.6907
v -210.0000 231.0002 170.0000
v -209.4511 290.7663 169.6907
v -208.8355 349.8652 169.3438
v -247.5535 291.1393 147.6892
v -208.8355 349.8652 169.3438
v -246.9405 349.9201 147.3438
v -247.5535 291.1393 147.6892
v -247.5535 291.1393 147.6892
v -246.9405 349.9201 147.3438
v -247.5561 290.7796 103.6907
v -246.9405 349.9201 147.3438
v -246.9406 349.8672 103.3438
v -247.5561 290.7796 103.6907
v -247.5561 290.7796 103.6907
v -246.9406 349.8672 103.3438
v -209.4563 290.0470 81.6936
v -246.9406 349.8672 103.3438
v -208.8356 349.7594 81.3439
v -209.4563 290.0470 81.6936
v -209.4563 290.0470 81.6936
v -208.8356 349.7594 81.3439
v -171.3539 289.6741 103.6952
v -208.8356 349.7594 81.3439
v -170.7305 349.7045 103.3439
v -171.3539 289.6741 103.6952
v -171.3539 289.6741 103.6952
v -170.7305 349.7045 103.3439
v -171.3513 290.0337 147.6937
v -170.7305 349.7045 103.3439
v -170.7305 349.7574 147.3439
v -171.3513 290.0337 147.6937
v -171.3513 290.0337 147.6937
v -170.7305 349.7574 147.3439
v -209.4511 290.7663 169.6907
v -170.7305 349.7574 147.3439
v -208.8355 349.8652 169.3438
v -209.4511 290.7663 169.6907
v -208.8355 349.8652 169.3438
v -209.4715 408.6103 169.7022
v -246.9405 349.9201 147.3438
v -209.4715 408.6103 169.7022
v -247.5689 407.9834 147.6979
v -246.9405 349.9201 147.3438
v -246.9405 349.9201 147.3438
v -247.5689 407.9834 147.6979
v -246.9406 349.8672 103.3438
v -247.5689 407.9834 147.6979
v -247.5763 408.5879 103.7020
v -246.9406 349.8672 103.3438
v -246.9406 349.8672 103.3438
v -247.5763 408.5879 103.7020
v -208.8356 349.7594 81.3439
v -247.5763 408.5879 103.7020
v -209.4862 409.8194 81.7105
v -208.8356 349.7594 81.3439
v -208.8356 349.7594 81.3439
v -209.4862 409.8194 81.7105
v -170.7305 349.7045 103.3439
v -209.4862 409.8194 81.7105
v -171.3887 410.4463 103.7148
v -170.7305 349.7045 103.3439
v -170.7305 349.7045 103.3439
v -171.3887 410.4463 103.7148
v -170.7305 349.7574 147.3439
v -171.3887 410.4463 103.7148
v -171.3814 409.8417 147.7107
v -170.7305 349.7574 147.3439
v -170.7305 349.7574 147.3439
v -171.3814 409.8417 147.7107
v -208.8355 349.8652 169.3438
v -171.3814 409.8417 147.7107
v -209.4715 408.6103 169.7022
v -208.8355 349.8652 169.3438
v -209.4715 408.6103 169.7022
v -211.6208 467.4179 170.9132
v -247.5689 407.9834 147.6979
v -211.6208 467.4179 170.9132
v -249.6981 466.2224 148.8976
v -247.5689 407.9834 147.6979
v -247.5689 407.9834 147.6979
v -249.6981 466.2224 148.8976
v -247.5763 408.5879 103.7020
v -249.6981 466.2224 148.8976
v -249.7249 467.3753 104.9127
v -247.5763 408.5879 103.7020
v -247.5763 408.5879 103.7020
v -249.7249 467.3753 104.9127
v -209.4862 409.8194 81.7105
v -249.7249 467.3753 104.9127
v -211.6745 469.7237 82.9435
v -209.4862 409.8194 81.7105
v -209.4862 409.8194 81.7105
v -211.6745 469.7237 82.9435
v -171.3887 410.4463 103.7148
v -211.6745 469.7237 82.9435
v -173.5972 470.9193 104.9592
v -171.3887 410.4463 103.7148
v -171.3887 410.4463 103.7148
v -173.5972 470.9193 104.9592
v -171.3814 409.8417 147.7107
v -173.5972 470.9193 104.9592
v -173.5703 469.7664 148.9440
v -171.3814 409.8417 147.7107
v -171.3814 409.8417 147.7107
v -173.5703 469.7664 148.9440
v -209.4715 408.6103 169.7022
v -173.5703 469.7664 148.9440
v -211.6208 467.4179 170.9132
v -209.4715 408.6103 169.7022
v -211.6208 467.4179 170.9132
v -214.7580 526.4191 172.6809
v -249.6981 466.2224 148.8976
v -214.7580 526.4191 172.6809
v -252.8191 524.9149 150.6561
v -249.6981 466.2224 148.8976
v -249.6981 466.2224 148.8976
v -252.8191 524.9149 150.6561
v -249.7249 467.3753 104.9127
v -252.8191 524.9149 150.6561
v -252.8616 526.3655 106.6800
v -249.7249 467.3753 104.9127
v -249.7249 467.3753 104.9127
v -252.8616 526.3655 106.6800
v -211.6745 469.7237 82.9435
v -252.8616 526.3655 106.6800
v -214.8430 529.3203 84.7288
v -211.6745 469.7237 82.9435
v -211.6745 469.7237 82.9435
v -214.8430 529.3203 84.7288
v -173.5972 470.9193 104.9592
v -214.8430 529.3203 84.7288
v -176.7819 530.8245 106.7536
v -173.5972 470.9193 104.9592
v -173.5972 470.9193 104.9592
v -176.7819 530.8245 106.7536
v -173.5703 469.7664 148.9440
v -176.7819 530.8245 106.7536
v -176.7395 529.3740 150.7297
v -173.5703 469.7664 148.9440
v -173.5703 469.7664 148.9440
v -176.7395 529.3740 150.7297
v -211.6208 467.4179 170.9132
v -176.7395 529.3740 150.7297
v -214.7580 526.4191 172.6809
v -211.6208 467.4179 170.9132
v -214.7580 526.4191 172.6809
v -218.4503 585.5033 174.7613
v -252.8191 524.9149 150.6561
v -218.4503 585.5033 174.7613
v -256.5001 583.8179 152.7301
v -252.8191 524.9149 150.6561
v -252.8191 524.9149 150.6561
v -256.5001 583.8179 152.7301
v -252.8616 526.3655 106.6800
v -256.5001 583.8179 152.7301
v -256.5535 585.4431 108.7602
v -252.8616 526.3655 106.6800
v -252.8616 526.3655 106.6800
v -256.5535 585.4431 108.7602
v -214.8430 529.3203 84.7288
v -256.5535 585.4431 108.7602
v -218.5570 588.7538 86.8214
v -214.8430 529.3203 84.7288
v -214.8430 529.3203 84.7288
v -218.5570 588.7538 86.8214
v -176.7819 530.8245 106.7536
v -218.5570 588.7538 86.8214
v -180.5072 590.4391 108.8526
v -176.7819 530.8245 106.7536
v -176.7819 530.8245 106.7536
v -180.5072 590.4391 108.8526
v -176.7395 529.3740 150.7297
v -180.5072 590.4391 108.8526
v -180.4539 588.8139 152.8225
v -176.7395 529.3740 150.7297
v -176.7395 529.3740 150.7297
v -180.4539 588.8139 152.8225
v -214.7580 526.4191 172.6809
v -180.4539 588.8139 152.8225
v -218.4503 585.5033 174.7613
v -214.7580 526.4191 172.6809
v -218.4503 585.5033 174.7613
v -222.4738 644.6310 177.0283
v -256.5001 583.8179 152.7301
v -222.4738 644.6310 177.0283
v -260.5163 642.8379 154.9930
v -256.5001 583.8179 152.7301
v -256.5001 583.8179 152.7301
v -260.5163 642.8379 154.9930
v -256.5535 585.4431 108.7602
v -260.5163 642.8379 154.9930
v -260.5767 644.5670 111.0271
v -256.5535 585.4431 108.7602
v -256.5535 585.4431 108.7602
v -260.5767 644.5670 111.0271
v -218.5570 588.7538 86.8214
v -260.5767 644.5670 111.0271
v -222.5946 648.0891 89.0964
v -218.5570 588.7538 86.8214
v -218.5570 588.7538 86.8214
v -222.5946 648.0891 89.0964
v -180.5072 590.4391 108.8526
v -222.5946 648.0891 89.0964
v -184.5521 649.8822 111.1317
v -180.5072 590.4391 108.8526
v -180.5072 590.4391 108.8526
v -184.5521 649.8822 111.1317
v -180.4539 588.8139 152.8225
v -184.5521 649.8822 111.1317
v -184.4917 648.1531 155.0976
v -180.4539 588.8139 152.8225
v -180.4539 588.8139 152.8225
v -184.4917 648.1531 155.0976
v -218.4503 585.5033 174.7613
v -184.4917 648.1531 155.0976
v -222.4738 644.6310 177.0283
v -218.4503 585.5033 174.7613
v -222.4738 644.6310 177.0283
v -226.6881 703.7896 179.4028
v -260.5163 642.8379 154.9930
v -226.6881 703.7896 179.4028
v -264.7265 701.9393 157.3652
v -260.5163 642.8379 154.9930
v -260.5163 642.8379 154.9930
v -264.7265 701.9393 157.3652
v -260.5767 644.5670 111.0271
v -264.7265 701.9393 157.3652
v -264.7908 703.7236 113.4015
v -260.5767 644.5670 111.0271
v -260.5767 644.5670 111.0271
v -264.7908 703.7236 113.4015
v -222.5946 648.0891 89.0964
v -264.7908 703.7236 113.4015
v -226.8167 707.3582 91.4753
v -222.5946 648.0891 89.0964
v -222.5946 648.0891 89.0964
v -226.8167 707.3582 91.4753
v -184.5521 649.8822 111.1317
v -226.8167 707.3582 91.4753
v -188.7783 709.2085 113.5129
v -184.5521 649.8822 111.1317
v -184.5521 649.8822 111.1317
v -188.7783 709.2085 113.5129
v -184.4917 648.1531 155.0976
v -188.7783 709.2085 113.5129
v -188.7140 707.4243 157.4767
v -184.4917 648.1531 155.0976
v -184.4917 648.1531 155.0976
v -188.7140 707.4243 157.4767
v -222.4738 644.6310 177.0283
v -188.7140 707.4243 157.4767
v -226.6881 703.7896 179.4028
v -222.4738 644.6310 177.0283
v -226.6881 703.7896 179.4028
v -230.9897 762.9794 181.8266
v -264.7265 701.9393 157.3652
v -230.9897 762.9794 181.8266
v -269.0269 761.1121 159.7883
v -264.7265 701.9393 157.3652
v -264.7265 701.9393 157.3652
v -269.0269 761.1121 159.7883
v -264.7908 703.7236 113.4015
v -269.0269 761.1121 159.7883
v -269.0923 762.9127 115.8252
v -264.7908 703.7236 113.4015
v -264.7908 703.7236 113.4015
v -269.0923 762.9127 115.8252
v -226.8167 707.3582 91.4753
v -269.0923 762.9127 115.8252
v -231.1207 766.5806 93.9004
v -226.8167 707.3582 91.4753
v -226.8167 707.3582 91.4753
v -231.1207 766.5806 93.9004
v -188.7783 709.2085 113.5129
v -231.1207 766.5806 93.9004
v -193.0835 768.4478 115.9386
v -188.7783 709.2085 113.5129
v -188.7783 709.2085 113.5129
v -193.0835 768.4478 115.9386
v -188.7140 707.4243 157.4767
v -193.0835 768.4478 115.9386
v -193.0180 766.6472 159.9017
v -188.7140 707.4243 157.4767
v -188.7140 707.4243 157.4767
v -193.0180 766.6472 159.9017
v -226.6881 703.7896 179.4028
v -193.0180 766.6472 159.9017
v -230.9897 762.9794 181.8266
v -226.6881 703.7896 179.4028
v -230.9897 762.9794 181.8266
v -235.2894 822.2052 184.2492
v -269.0269 761.1121 159.7883
v -235.2894 822.2052 184.2492
v -273.3282 820.3587 162.2118
v -269.0269 761.1121 159.7883
v -269.0269 761.1121 159.7883
v -273.3282 820.3587 162.2118
v -269.0923 762.9127 115.8252
v -273.3282 820.3587 162.2118
v -273.3922 822.1393 118.2479
v -269.0923 762.9127 115.8252
v -269.0923 762.9127 115.8252
v -273.3922 822.1393 118.2479
v -231.1207 766.5806 93.9004
v -273.3922 822.1393 118.2479
v -235.4175 825.7664 96.3214
v -231.1207 766.5806 93.9004
v -231.1207 766.5806 93.9004
v -235.4175 825.7664 96.3214
v -193.0835 768.4478 115.9386
v -235.4175 825.7664 96.3214
v -197.3788 827.6129 118.3588
v -193.0835 768.4478 115.9386
v -193.0835 768.4478 115.9386
v -197.3788 827.6129 118.3588
v -193.0180 766.6472 159.9017
v -197.3788 827.6129 118.3588
v -197.3148 825.8323 162.3228
v -193.0180 766.6472 159.9017
v -193.0180 766.6472 159.9017
v -197.3148 825.8323 162.3228
v -230.9897 762.9794 181.8266
v -197.3148 825.8323 162.3228
v -235.2894 822.2052 184.2492
v -230.9897 762.9794 181.8266
v -235.2894 822.2052 184.2492
v -239.4980 881.4802 186.6205
v -273.3282 820.3587 162.2118
v -239.4980 881.4802 186.6205
v -277.5411 879.6955 164.5856
v -273.3282 820.3587 162.2118
v -273.3282 820.3587 162.2118
v -277.5411 879.6955 164.5856
v -273.3922 822.1393 118.2479
v -277.5411 879.6955 164.5856
v -277.6009 881.4165 120.6193
v -273.3922 822.1393 118.2479
v -273.3922 822.1393 118.2479
v -277.6009 881.4165 120.6193
v -235.4175 825.7664 96.3214
v -277.6009 881.4165 120.6193
v -239.6177 884.9223 98.6880
v -235.4175 825.7664 96.3214
v -235.4175 825.7664 96.3214
v -239.6177 884.9223 98.6880
v -197.3788 827.6129 118.3588
v -239.6177 884.9223 98.6880
v -201.5746 886.7070 120.7229
v -197.3788 827.6129 118.3588
v -197.3788 827.6129 118.3588
v -201.5746 886.7070 120.7229
v -197.3148 825.8323 162.3228
v -201.5746 886.7070 120.7229
v -201.5148 884.9860 164.6892
v -197.3148 825.8323 162.3228
v -197.3148 825.8323 162.3228
v -201.5148 884.9860 164.6892
v -235.2894 822.2052 184.2492
v -201.5148 884.9860 164.6892
v -239.4980 881.4802 186.6205
v -235.2894 822.2052 184.2492
v -239.4980 881.4802 186.6205
v -243.5099 940.8209 188.8810
v -277.5411 879.6955 164.5856
v -243.5099 940.8209 188.8810
v -281.5606 939.1497 166.8504
v -277.5411 879.6955 164.5856
v -277.5411 879.6955 164.5856
v -281.5606 939.1497 166.8504
v -277.6009 881.4165 120.6193
v -281.5606 939.1497 166.8504
v -281.6131 940.7612 122.8799
v -277.6009 881.4165 120.6193
v -277.6009 881.4165 120.6193
v -281.6131 940.7612 122.8799
v -239.6177 884.9223 98.6880
v -281.6131 940.7612 122.8799
v -243.6148 944.0438 100.9401
v -239.6177 884.9223 98.6880
v -239.6177 884.9223 98.6880
v -243.6148 944.0438 100.9401
v -201.5746 886.7070 120.7229
v -243.6148 944.0438 100.9401
v -205.5641 945.7150 122.9708
v -201.5746 886.7070 120.7229
v -201.5746 886.7070 120.7229
v -205.5641 945.7150 122.9708
v -201.5148 884.9860 164.6892
v -205.5641 945.7150 122.9708
v -205.5116 944.1035 166.9412
v -201.5148 884.9860 164.6892
v -201.5148 884.9860 164.6892
v -205.5116 944.1035 166.9412
v -239.4980 881.4802 186.6205
v -205.5116 944.1035 166.9412
v -243.5099 940.8209 188.8810
v -239.4980 881.4802 186.6205
v -166.0000 230.9998 378.0000
v -165.8720 272.5869 378.1906
v -188.0000 230.9997 416.1051
v -165.8720 272.5869 378.1906
v -187.8725 272.4002 416.2950
v -188.0000 230.9997 416.1051
v -188.0000 230.9997 416.1051
v -187.8725 272.4002 416.2950
v -232.0000 230.9999 416.1051
v -187.8725 272.4002 416.2950
v -231.8719 272.6366 416.2959
v -232.0000 230.9999 416.1051
v -232.0000 230.9999 416.1051
v -231.8719 272.6366 416.2959
v -254.0000 231.0002 378.0000
v -231.8719 272.6366 416.2959
v -253.8708 273.0595 378.1925
v -254.0000 231.0002 378.0000
v -254.0000 231.0002 378.0000
v -253.8708 273.0595 378.1925
v -232.0000 231.0003 339.8949
v -253.8708 273.0595 378.1925
v -231.8703 273.2462 340.0881
v -232.0000 231.0003 339.8949
v -232.0000 231.0003 339.8949
v -231.8703 273.2462 340.0881
v -188.0000 231.0001 339.8949
v -231.8703 273.2462 340.0881
v -187.8709 273.0099 340.0872
v -188.0000 231.0001 339.8949
v -188.0000 231.0001 339.8949
v -187.8709 273.0099 340.0872
v -166.0000 230.9998 378.0000
v -187.8709 273.0099 340.0872
v -165.8720 272.5869 378.1906
v -166.0000 230.9998 378.0000
v -165.8720 272.5869 378.1906
v -165.6248 314.4012 378.5588
v -187.8725 272.4002 416.2950
v -165.6248 314.4012 378.5588
v -187.6254 314.2091 416.6631
v -187.8725 272.4002 416.2950
v -187.8725 272.4002 416.2950
v -187.6254 314.2091 416.6631
v -231.8719 272.6366 416.2959
v -187.6254 314.2091 416.6631
v -231.6247 314.4523 416.6641
v -231.8719 272.6366 416.2959
v -231.8719 272.6366 416.2959
v -231.6247 314.4523 416.6641
v -253.8708 273.0595 378.1925
v -231.6247 314.4523 416.6641
v -253.6235 314.8876 378.5608
v -253.8708 273.0595 378.1925
v -253.8708 273.0595 378.1925
v -253.6235 314.8876 378.5608
v -231.8703 273.2462 340.0881
v -253.6235 314.8876 378.5608
v -231.6230 315.0797 340.4565
v -231.8703 273.2462 340.0881
v -231.8703 273.2462 340.0881
v -231.6230 315.0797 340.4565
v -187.8709 273.0099 340.0872
v -231.6230 315.0797 340.4565
v -187.6236 314.8365 340.4554
v -187.8709 273.0099 340.0872
v -187.8709 273.0099 340.0872
v -187.6236 314.8365 340.4554
v -165.8720 272.5869 378.1906
v -187.6236 314.8365 340.4554
v -165.6248 314.4012 378.5588
v -165.8720 272.5869 378.1906
v -165.6248 314.4012 378.5588
v -165.4832 356.4484 378.7697
v -187.6254 314.2091 416.6631
v -165.4832 356.4484 378.7697
v -187.4832 356.4337 416.8748
v -187.6254 314.2091 416.6631
v -187.6254 314.2091 416.6631
v -187.4832 356.4337 416.8748
v -231.6247 314.4523 416.6641
v -187.4832 356.4337 416.8748
v -231.4832 356.4523 416.8748
v -231.6247 314.4523 416.6641
v -231.6247 314.4523 416.6641
v -231.4832 356.4523 416.8748
v -253.6235 314.8876 378.5608
v -231.4832 356.4523 416.8748
v -253.4832 356.4855 378.7697
v -253.6235 314.8876 378.5608
v -253.6235 314.8876 378.5608
v -253.4832 356.4855 378.7697
v -231.6230 315.0797 340.4565
v -253.4832 356.4855 378.7697
v -231.4832 356.5002 340.6646
v -231.6230 315.0797 340.4565
v -231.6230 315.0797 340.4565
v -231.4832 356.5002 340.6646
v -187.6236 314.8365 340.4554
v -231.4832 356.5002 340.6646
v -187.4832 356.4816 340.6646
v -187.6236 314.8365 340.4554
v -187.6236 314.8365 340.4554
v -187.4832 356.4816 340.6646
v -165.6248 314.4012 378.5588
v -187.4832 356.4816 340.6646
v -165.4832 356.4484 378.7697
v -165.6248 314.4012 378.5588
v -165.4832 356.4484 378.7697
v -165.6444 398.6646 378.5296
v -187.4832 356.4337 416.8748
v -165.6444 398.6646 378.5296
v -187.6456 398.9612 416.6329
v -187.4832 356.4337 416.8748
v -187.4832 356.4337 416.8748
v -187.6456 398.9612 416.6329
v -231.4832 356.4523 416.8748
v -187.6456 398.9612 416.6329
v -231.6440 398.5858 416.6353
v -231.4832 356.4523 416.8748
v -231.4832 356.4523 416.8748
v -231.6440 398.5858 416.6353
v -253.4832 356.4855 378.7697
v -231.6440 398.5858 416.6353
v -253.6412 397.9138 378.5344
v -253.4832 356.4855 378.7697
v -253.4832 356.4855 378.7697
v -253.6412 397.9138 378.5344
v -231.4832 356.5002 340.6646
v -253.6412 397.9138 378.5344
v -231.6399 397.6173 340.4312
v -231.4832 356.5002 340.6646
v -231.4832 356.5002 340.6646
v -231.6399 397.6173 340.4312
v -187.4832 356.4816 340.6646
v -231.6399 397.6173 340.4312
v -187.6415 397.9927 340.4288
v -187.4832 356.4816 340.6646
v -187.4832 356.4816 340.6646
v -187.6415 397.9927 340.4288
v -165.4832 356.4484 378.7697
v -187.6415 397.9927 340.4288
v -165.6444 398.6646 378.5296
v -165.4832 356.4484 378.7697
v -165.6444 398.6646 378.5296
v -166.2301 440.9408 377.6573
v -187.6456 398.9612 416.6329
v -166.2301 440.9408 377.6573
v -188.2365 441.6060 415.7529
v -187.6456 398.9612 416.6329
v -187.6456 398.9612 416.6329
v -188.2365 441.6060 415.7529
v -231.6440 398.5858 416.6353
v -188.2365 441.6060 415.7529
v -232.2284 440.7638 415.7649
v -231.6440 398.5858 416.6353
v -231.6440 398.5858 416.6353
v -232.2284 440.7638 415.7649
v -253.6412 397.9138 378.5344
v -232.2284 440.7638 415.7649
v -254.2140 439.2565 377.6813
v -253.6412 397.9138 378.5344
v -253.6412 397.9138 378.5344
v -254.2140 439.2565 377.6813
v -231.6399 397.6173 340.4312
v -254.2140 439.2565 377.6813
v -232.2076 438.5913 339.5857
v -231.6399 397.6173 340.4312
v -231.6399 397.6173 340.4312
v -232.2076 438.5913 339.5857
v -187.6415 397.9927 340.4288
v -232.2076 438.5913 339.5857
v -188.2157 439.4335 339.5737
v -187.6415 397.9927 340.4288
v -187.6415 397.9927 340.4288
v -188.2157 439.4335 339.5737
v -165.6444 398.6646 378.5296
v -188.2157 439.4335 339.5737
v -166.2301 440.9408 377.6573
v -165.6444 398.6646 378.5296
v -166.2301 440.9408 377.6573
v -167.2140 483.0725 376.1919
v -188.2365 441.6060 415.7529
v -167.2140 483.0725 376.1919
v -189.2267 484.0094 414.2782
v -188.2365 441.6060 415.7529
v -188.2365 441.6060 415.7529
v -189.2267 484.0094 414.2782
v -232.2284 440.7638 415.7649
v -189.2267 484.0094 414.2782
v -233.2106 482.8232 414.3020
v -232.2284 440.7638 415.7649
v -232.2284 440.7638 415.7649
v -233.2106 482.8232 414.3020
v -254.2140 439.2565 377.6813
v -233.2106 482.8232 414.3020
v -255.1820 480.7000 376.2396
v -254.2140 439.2565 377.6813
v -254.2140 439.2565 377.6813
v -255.1820 480.7000 376.2396
v -232.2076 438.5913 339.5857
v -255.1820 480.7000 376.2396
v -233.1694 479.7630 338.1533
v -232.2076 438.5913 339.5857
v -232.2076 438.5913 339.5857
v -233.1694 479.7630 338.1533
v -188.2157 439.4335 339.5737
v -233.1694 479.7630 338.1533
v -189.1854 480.9493 338.1295
v -188.2157 439.4335 339.5737
v -188.2157 439.4335 339.5737
v -189.1854 480.9493 338.1295
v -166.2301 440.9408 377.6573
v -189.1854 480.9493 338.1295
v -167.2140 483.0725 376.1919
v -166.2301 440.9408 377.6573
v -167.2140 483.0725 376.1919
v -168.4610 525.0579 374.3347
v -189.2267 484.0094 414.2782
v -168.4610 525.0579 374.3347
v -190.4788 526.1691 412.4133
v -189.2267 484.0094 414.2782
v -189.2267 484.0094 414.2782
v -190.4788 526.1691 412.4133
v -233.2106 482.8232 414.3020
v -190.4788 526.1691 412.4133
v -234.4563 524.7622 412.4468
v -233.2106 482.8232 414.3020
v -233.2106 482.8232 414.3020
v -234.4563 524.7622 412.4468
v -255.1820 480.7000 376.2396
v -234.4563 524.7622 412.4468
v -256.4160 522.2441 374.4017
v -255.1820 480.7000 376.2396
v -255.1820 480.7000 376.2396
v -256.4160 522.2441 374.4017
v -233.1694 479.7630 338.1533
v -256.4160 522.2441 374.4017
v -234.3982 521.1329 336.3231
v -233.1694 479.7630 338.1533
v -233.1694 479.7630 338.1533
v -234.3982 521.1329 336.3231
v -189.1854 480.9493 338.1295
v -234.3982 521.1329 336.3231
v -190.4207 522.5398 336.2896
v -189.1854 480.9493 338.1295
v -189.1854 480.9493 338.1295
v -190.4207 522.5398 336.2896
v -167.2140 483.0725 376.1919
v -190.4207 522.5398 336.2896
v -168.4610 525.0579 374.3347
v -167.2140 483.0725 376.1919
v -168.4610 525.0579 374.3347
v -169.8720 566.9384 372.2332
v -190.4788 526.1691 412.4133
v -169.8720 566.9384 372.2332
v -191.8933 568.1545 410.3066
v -190.4788 526.1691 412.4133
v -190.4788 526.1691 412.4133
v -191.8933 568.1545 410.3066
v -234.4563 524.7622 412.4468
v -191.8933 568.1545 410.3066
v -235.8663 566.6147 410.3468
v -234.4563 524.7622 412.4468
v -234.4563 524.7622 412.4468
v -235.8663 566.6147 410.3468
v -256.4160 522.2441 374.4017
v -235.8663 566.6147 410.3468
v -257.8181 563.8589 372.3136
v -256.4160 522.2441 374.4017
v -256.4160 522.2441 374.4017
v -257.8181 563.8589 372.3136
v -234.3982 521.1329 336.3231
v -257.8181 563.8589 372.3136
v -235.7968 562.6428 334.2402
v -234.3982 521.1329 336.3231
v -234.3982 521.1329 336.3231
v -235.7968 562.6428 334.2402
v -190.4207 522.5398 336.2896
v -235.7968 562.6428 334.2402
v -191.8237 564.1825 334.2000
v -190.4207 522.5398 336.2896
v -190.4207 522.5398 336.2896
v -191.8237 564.1825 334.2000
v -168.4610 525.0579 374.3347
v -191.8237 564.1825 334.2000
v -169.8720 566.9384 372.2332
v -168.4610 525.0579 374.3347
v -169.8720 566.9384 372.2332
v -171.3729 608.7390 369.9979
v -191.8933 568.1545 410.3066
v -171.3729 608.7390 369.9979
v -193.3959 610.0048 408.0687
v -191.8933 568.1545 410.3066
v -191.8933 568.1545 410.3066
v -193.3959 610.0048 408.0687
v -235.8663 566.6147 410.3468
v -193.3959 610.0048 408.0687
v -237.3667 608.4022 408.1122
v -235.8663 566.6147 410.3468
v -235.8663 566.6147 410.3468
v -237.3667 608.4022 408.1122
v -257.8181 563.8589 372.3136
v -237.3667 608.4022 408.1122
v -259.3144 605.5338 370.0850
v -257.8181 563.8589 372.3136
v -257.8181 563.8589 372.3136
v -259.3144 605.5338 370.0850
v -235.7968 562.6428 334.2402
v -259.3144 605.5338 370.0850
v -237.2914 604.2681 332.0142
v -235.7968 562.6428 334.2402
v -235.7968 562.6428 334.2402
v -237.2914 604.2681 332.0142
v -191.8237 564.1825 334.2000
v -237.2914 604.2681 332.0142
v -193.3206 605.8707 331.9707
v -191.8237 564.1825 334.2000
v -191.8237 564.1825 334.2000
v -193.3206 605.8707 331.9707
v -169.8720 566.9384 372.2332
v -193.3206 605.8707 331.9707
v -171.3729 608.7390 369.9979
v -169.8720 566.9384 372.2332
v -171.3729 608.7390 369.9979
v -172.9012 650.4734 367.7216
v -193.3959 610.0048 408.0687
v -172.9012 650.4734 367.7216
v -194.9243 651.7394 405.7924
v -193.3959 610.0048 408.0687
v -193.3959 610.0048 408.0687
v -194.9243 651.7394 405.7924
v -237.3667 608.4022 408.1122
v -194.9243 651.7394 405.7924
v -238.8951 650.1365 405.8359
v -237.3667 608.4022 408.1122
v -237.3667 608.4022 408.1122
v -238.8951 650.1365 405.8359
v -259.3144 605.5338 370.0850
v -238.8951 650.1365 405.8359
v -260.8428 647.2674 367.8087
v -259.3144 605.5338 370.0850
v -259.3144 605.5338 370.0850
v -260.8428 647.2674 367.8087
v -237.2914 604.2681 332.0142
v -260.8428 647.2674 367.8087
v -238.8197 646.0013 329.7380
v -237.2914 604.2681 332.0142
v -237.2914 604.2681 332.0142
v -238.8197 646.0013 329.7380
v -193.3206 605.8707 331.9707
v -238.8197 646.0013 329.7380
v -194.8489 647.6044 329.6945
v -193.3206 605.8707 331.9707
v -193.3206 605.8707 331.9707
v -194.8489 647.6044 329.6945
v -171.3729 608.7390 369.9979
v -194.8489 647.6044 329.6945
v -172.9012 650.4734 367.7216
v -171.3729 608.7390 369.9979
v -172.9012 650.4734 367.7216
v -174.3984 692.1490 365.4919
v -194.9243 651.7394 405.7924
v -174.3984 692.1490 365.4919
v -196.4197 693.3661 403.5652
v -194.9243 651.7394 405.7924
v -194.9243 651.7394 405.7924
v -196.4197 693.3661 403.5652
v -238.8951 650.1365 405.8359
v -196.4197 693.3661 403.5652
v -240.3927 691.8251 403.6054
v -238.8951 650.1365 405.8359
v -238.8951 650.1365 405.8359
v -240.3927 691.8251 403.6054
v -260.8428 647.2674 367.8087
v -240.3927 691.8251 403.6054
v -262.3444 689.0671 365.5723
v -260.8428 647.2674 367.8087
v -260.8428 647.2674 367.8087
v -262.3444 689.0671 365.5723
v -238.8197 646.0013 329.7380
v -262.3444 689.0671 365.5723
v -240.3230 687.8500 327.4990
v -238.8197 646.0013 329.7380
v -238.8197 646.0013 329.7380
v -240.3230 687.8500 327.4990
v -194.8489 647.6044 329.6945
v -240.3230 687.8500 327.4990
v -196.3501 689.3910 327.4587
v -194.8489 647.6044 329.6945
v -194.8489 647.6044 329.6945
v -196.3501 689.3910 327.4587
v -172.9012 650.4734 367.7216
v -196.3501 689.3910 327.4587
v -174.3984 692.1490 365.4919
v -172.9012 650.4734 367.7216
v -174.3984 692.1490 365.4919
v -175.8021 733.7643 363.4012
v -196.4197 693.3661 403.5652
v -175.8021 733.7643 363.4012
v -197.8200 734.8773 401.4798
v -196.4197 693.3661 403.5652
v -196.4197 693.3661 403.5652
v -197.8200 734.8773 401.4798
v -240.3927 691.8251 403.6054
v -197.8200 734.8773 401.4798
v -241.7974 733.4681 401.5134
v -240.3927 691.8251 403.6054
v -240.3927 691.8251 403.6054
v -241.7974 733.4681 401.5134
v -262.3444 689.0671 365.5723
v -241.7974 733.4681 401.5134
v -263.7570 730.9457 363.4685
v -262.3444 689.0671 365.5723
v -262.3444 689.0671 365.5723
v -263.7570 730.9457 363.4685
v -240.3230 687.8500 327.4990
v -263.7570 730.9457 363.4685
v -241.7391 729.8326 325.3900
v -240.3230 687.8500 327.4990
v -240.3230 687.8500 327.4990
v -241.7391 729.8326 325.3900
v -196.3501 689.3910 327.4587
v -241.7391 729.8326 325.3900
v -197.7617 731.2419 325.3563
v -196.3501 689.3910 327.4587
v -196.3501 689.3910 327.4587
v -197.7617 731.2419 325.3563
v -174.3984 692.1490 365.4919
v -197.7617 731.2419 325.3563
v -175.8021 733.7643 363.4012
v -174.3984 692.1490 365.4919
v -166.0000 231.0005 630.0000
v -166.2656 262.8947 630.4002
v -188.0000 230.9996 668.1051
v -166.2656 262.8947 630.4002
v -188.2566 261.6992 668.4918
v -188.0000 230.9996 668.1051
v -188.0000 230.9996 668.1051
v -188.2566 261.6992 668.4918
v -232.0000 230.9990 668.1051
v -188.2566 261.6992 668.4918
v -232.2516 261.0369 668.4843
v -232.0000 230.9990 668.1051
v -232.0000 230.9990 668.1051
v -232.2516 261.0369 668.4843
v -254.0000 230.9995 630.0000
v -232.2516 261.0369 668.4843
v -254.2556 261.5701 630.3852
v -254.0000 230.9995 630.0000
v -254.0000 230.9995 630.0000
v -254.2556 261.5701 630.3852
v -232.0000 231.0004 591.8949
v -254.2556 261.5701 630.3852
v -232.2646 262.7656 592.2936
v -232.0000 231.0004 591.8949
v -232.0000 231.0004 591.8949
v -232.2646 262.7656 592.2936
v -188.0000 231.0010 591.8949
v -232.2646 262.7656 592.2936
v -188.2696 263.4279 592.3011
v -188.0000 231.0010 591.8949
v -188.0000 231.0010 591.8949
v -188.2696 263.4279 592.3011
v -166.0000 231.0005 630.0000
v -188.2696 263.4279 592.3011
v -166.2656 262.8947 630.4002
v -166.0000 231.0005 630.0000
v -166.2656 262.8947 630.4002
v -166.8517 294.3606 631.2833
v -188.2566 261.6992 668.4918
v -166.8517 294.3606 631.2833
v -188.8347 292.7198 669.3629
v -188.2566 261.6992 668.4918
v -188.2566 261.6992 668.4918
v -188.8347 292.7198 669.3629
v -232.2516 261.0369 668.4843
v -188.8347 292.7198 669.3629
v -232.8253 291.8109 669.3488
v -232.2516 261.0369 668.4843
v -232.2516 261.0369 668.4843
v -232.8253 291.8109 669.3488
v -254.2556 261.5701 630.3852
v -232.8253 291.8109 669.3488
v -254.8329 292.5426 631.2550
v -254.2556 261.5701 630.3852
v -254.2556 261.5701 630.3852
v -254.8329 292.5426 631.2550
v -232.2646 262.7656 592.2936
v -254.8329 292.5426 631.2550
v -232.8498 294.1833 593.1754
v -232.2646 262.7656 592.2936
v -232.2646 262.7656 592.2936
v -232.8498 294.1833 593.1754
v -188.2696 263.4279 592.3011
v -232.8498 294.1833 593.1754
v -188.8592 295.0923 593.1896
v -188.2696 263.4279 592.3011
v -188.2696 263.4279 592.3011
v -188.8592 295.0923 593.1896
v -166.2656 262.8947 630.4002
v -188.8592 295.0923 593.1896
v -166.8517 294.3606 631.2833
v -166.2656 262.8947 630.4002
v -166.8517 294.3606 631.2833
v -167.4632 325.4241 632.2048
v -188.8347 292.7198 669.3629
v -167.4632 325.4241 632.2048
v -189.4515 324.0608 670.2924
v -188.8347 292.7198 669.3629
v -188.8347 292.7198 669.3629
v -189.4515 324.0608 670.2924
v -232.8253 291.8109 669.3488
v -189.4515 324.0608 670.2924
v -233.4450 323.3055 670.2826
v -232.8253 291.8109 669.3488
v -232.8253 291.8109 669.3488
v -233.4450 323.3055 670.2826
v -254.8329 292.5426 631.2550
v -233.4450 323.3055 670.2826
v -255.4502 323.9135 632.1853
v -254.8329 292.5426 631.2550
v -254.8329 292.5426 631.2550
v -255.4502 323.9135 632.1853
v -232.8498 294.1833 593.1754
v -255.4502 323.9135 632.1853
v -233.4619 325.2768 594.0978
v -232.8498 294.1833 593.1754
v -232.8498 294.1833 593.1754
v -233.4619 325.2768 594.0978
v -188.8592 295.0923 593.1896
v -233.4619 325.2768 594.0978
v -189.4684 326.0321 594.1076
v -188.8592 295.0923 593.1896
v -188.8592 295.0923 593.1896
v -189.4684 326.0321 594.1076
v -166.8517 294.3606 631.2833
v -189.4684 326.0321 594.1076
v -167.4632 325.4241 632.2048
v -166.8517 294.3606 631.2833
v -167.4632 325.4241 632.2048
v -167.8182 356.0898 632.7398
v -189.4515 324.0608 670.2924
v -167.8182 356.0898 632.7398
v -189.8175 355.7440 670.8438
v -189.4515 324.0608 670.2924
v -189.4515 324.0608 670.2924
v -189.8175 355.7440 670.8438
v -233.4450 323.3055 670.2826
v -189.8175 355.7440 670.8438
v -233.8171 355.5525 670.8432
v -233.4450 323.3055 670.2826
v -233.4450 323.3055 670.2826
v -233.8171 355.5525 670.8432
v -255.4502 323.9135 632.1853
v -233.8171 355.5525 670.8432
v -255.8174 355.7067 632.7386
v -255.4502 323.9135 632.1853
v -255.4502 323.9135 632.1853
v -255.8174 355.7067 632.7386
v -233.4619 325.2768 594.0978
v -255.8174 355.7067 632.7386
v -233.8181 356.0524 594.6346
v -233.4619 325.2768 594.0978
v -233.4619 325.2768 594.0978
v -233.8181 356.0524 594.6346
v -189.4684 326.0321 594.1076
v -233.8181 356.0524 594.6346
v -189.8186 356.2440 594.6352
v -189.4684 326.0321 594.1076
v -189.4684 326.0321 594.1076
v -189.8186 356.2440 594.6352
v -167.4632 325.4241 632.2048
v -189.8186 356.2440 594.6352
v -167.8182 356.0898 632.7398
v -167.4632 325.4241 632.2048
v -167.8182 356.0898 632.7398
v -167.6315 386.3157 632.4585
v -189.8175 355.7440 670.8438
v -167.6315 386.3157 632.4585
v -189.6179 387.7874 670.5430
v -189.8175 355.7440 670.8438
v -189.8175 355.7440 670.8438
v -189.6179 387.7874 670.5430
v -233.8171 355.5525 670.8432
v -189.6179 387.7874 670.5430
v -233.6103 388.6028 670.5317
v -233.8171 355.5525 670.8432
v -233.8171 355.5525 670.8432
v -233.6103 388.6028 670.5317
v -255.8174 355.7067 632.7386
v -233.6103 388.6028 670.5317
v -255.6164 387.9464 632.4357
v -255.8174 355.7067 632.7386
v -255.8174 355.7067 632.7386
v -255.6164 387.9464 632.4357
v -233.8181 356.0524 594.6346
v -255.6164 387.9464 632.4357
v -233.6300 386.4747 594.3511
v -233.8181 356.0524 594.6346
v -233.8181 356.0524 594.6346
v -233.6300 386.4747 594.3511
v -189.8186 356.2440 594.6352
v -233.6300 386.4747 594.3511
v -189.6376 385.6593 594.3625
v -189.8186 356.2440 594.6352
v -189.8186 356.2440 594.6352
v -189.6376 385.6593 594.3625
v -167.8182 356.0898 632.7398
v -189.6376 385.6593 594.3625
v -167.6315 386.3157 632.4585
v -167.8182 356.0898 632.7398
v -167.6315 386.3157 632.4585
v -166.6045 415.9865 630.9108
v -189.6179 387.7874 670.5430
v -166.6045 415.9865 630.9108
v -188.4942 420.1659 668.8499
v -189.6179 387.7874 670.5430
v -189.6179 387.7874 670.5430
v -188.4942 420.1659 668.8499
v -233.6103 388.6028 670.5317
v -188.4942 420.1659 668.8499
v -232.4332 422.4813 668.7579
v -233.6103 388.6028 670.5317
v -233.6103 388.6028 670.5317
v -232.4332 422.4813 668.7579
v -255.6164 387.9464 632.4357
v -232.4332 422.4813 668.7579
v -254.4823 420.6174 630.7268
v -255.6164 387.9464 632.4357
v -255.6164 387.9464 632.4357
v -254.4823 420.6174 630.7268
v -233.6300 386.4747 594.3511
v -254.4823 420.6174 630.7268
v -232.5925 416.4381 592.7878
v -233.6300 386.4747 594.3511
v -233.6300 386.4747 594.3511
v -232.5925 416.4381 592.7878
v -189.6376 385.6593 594.3625
v -232.5925 416.4381 592.7878
v -188.6536 414.1226 592.8798
v -189.6376 385.6593 594.3625
v -189.6376 385.6593 594.3625
v -188.6536 414.1226 592.8798
v -167.6315 386.3157 632.4585
v -188.6536 414.1226 592.8798
v -166.6045 415.9865 630.9108
v -167.6315 386.3157 632.4585
v -166.6045 415.9865 630.9108
v -164.4424 445.1468 627.6529
v -188.4942 420.1659 668.8499
v -164.4424 445.1468 627.6529
v -186.0938 452.5616 665.2327
v -188.4942 420.1659 668.8499
v -188.4942 420.1659 668.8499
v -186.0938 452.5616 665.2327
v -232.4332 422.4813 668.7579
v -186.0938 452.5616 665.2327
v -229.9006 456.6695 664.9417
v -232.4332 422.4813 668.7579
v -232.4332 422.4813 668.7579
v -229.9006 456.6695 664.9417
v -254.4823 420.6174 630.7268
v -229.9006 456.6695 664.9417
v -252.0561 453.3626 627.0708
v -254.4823 420.6174 630.7268
v -254.4823 420.6174 630.7268
v -252.0561 453.3626 627.0708
v -232.5925 416.4381 592.7878
v -252.0561 453.3626 627.0708
v -230.4047 445.9479 589.4910
v -232.5925 416.4381 592.7878
v -232.5925 416.4381 592.7878
v -230.4047 445.9479 589.4910
v -188.6536 414.1226 592.8798
v -230.4047 445.9479 589.4910
v -186.5979 441.8400 589.7821
v -188.6536 414.1226 592.8798
v -188.6536 414.1226 592.8798
v -186.5979 441.8400 589.7821
v -166.6045 415.9865 630.9108
v -186.5979 441.8400 589.7821
v -164.4424 445.1468 627.6529
v -166.6045 415.9865 630.9108
v -164.4424 445.1468 627.6529
v -161.1649 474.4003 622.7142
v -186.0938 452.5616 665.2327
v -161.1649 474.4003 622.7142
v -182.5443 484.2657 659.8840
v -186.0938 452.5616 665.2327
v -186.0938 452.5616 665.2327
v -182.5443 484.2657 659.8840
v -229.9006 456.6695 664.9417
v -182.5443 484.2657 659.8840
v -226.2004 489.7313 659.3659
v -229.9006 456.6695 664.9417
v -229.9006 456.6695 664.9417
v -226.2004 489.7313 659.3659
v -252.0561 453.3626 627.0708
v -226.2004 489.7313 659.3659
v -248.4772 485.3315 621.6779
v -252.0561 453.3626 627.0708
v -252.0561 453.3626 627.0708
v -248.4772 485.3315 621.6779
v -230.4047 445.9479 589.4910
v -248.4772 485.3315 621.6779
v -227.0979 475.4662 584.5081
v -230.4047 445.9479 589.4910
v -230.4047 445.9479 589.4910
v -227.0979 475.4662 584.5081
v -186.5979 441.8400 589.7821
v -227.0979 475.4662 584.5081
v -183.4417 470.0005 585.0262
v -186.5979 441.8400 589.7821
v -186.5979 441.8400 589.7821
v -183.4417 470.0005 585.0262
v -164.4424 445.1468 627.6529
v -183.4417 470.0005 585.0262
v -161.1649 474.4003 622.7142
v -164.4424 445.1468 627.6529
v -161.1649 474.4003 622.7142
v -157.0712 503.8526 616.5454
v -182.5443 484.2657 659.8840
v -157.0712 503.8526 616.5454
v -178.2412 515.2359 653.3999
v -182.5443 484.2657 659.8840
v -182.5443 484.2657 659.8840
v -178.2412 515.2359 653.3999
v -226.2004 489.7313 659.3659
v -178.2412 515.2359 653.3999
v -221.7814 521.5425 652.7070
v -226.2004 489.7313 659.3659
v -226.2004 489.7313 659.3659
v -221.7814 521.5425 652.7070
v -248.4772 485.3315 621.6779
v -221.7814 521.5425 652.7070
v -244.1515 516.4658 615.1597
v -248.4772 485.3315 621.6779
v -248.4772 485.3315 621.6779
v -244.1515 516.4658 615.1597
v -227.0979 475.4662 584.5081
v -244.1515 516.4658 615.1597
v -222.9815 505.0825 578.3052
v -227.0979 475.4662 584.5081
v -227.0979 475.4662 584.5081
v -222.9815 505.0825 578.3052
v -183.4417 470.0005 585.0262
v -222.9815 505.0825 578.3052
v -179.4413 498.7759 578.9981
v -183.4417 470.0005 585.0262
v -183.4417 470.0005 585.0262
v -179.4413 498.7759 578.9981
v -161.1649 474.4003 622.7142
v -179.4413 498.7759 578.9981
v -157.0712 503.8526 616.5454
v -161.1649 474.4003 622.7142
v -157.0712 503.8526 616.5454
v -152.4988 533.6344 609.6555
v -178.2412 515.2359 653.3999
v -152.4988 533.6344 609.6555
v -173.5818 545.5889 646.3788
v -178.2412 515.2359 653.3999
v -178.2412 515.2359 653.3999
v -173.5818 545.5889 646.3788
v -221.7814 521.5425 652.7070
v -173.5818 545.5889 646.3788
v -217.0738 552.2119 645.6132
v -221.7814 521.5425 652.7070
v -221.7814 521.5425 652.7070
v -217.0738 552.2119 645.6132
v -244.1515 516.4658 615.1597
v -217.0738 552.2119 645.6132
v -239.4827 546.8805 608.1244
v -244.1515 516.4658 615.1597
v -244.1515 516.4658 615.1597
v -239.4827 546.8805 608.1244
v -222.9815 505.0825 578.3052
v -239.4827 546.8805 608.1244
v -218.3998 534.9260 571.4011
v -222.9815 505.0825 578.3052
v -222.9815 505.0825 578.3052
v -218.3998 534.9260 571.4011
v -179.4413 498.7759 578.9981
v -218.3998 534.9260 571.4011
v -174.9078 528.3030 572.1667
v -179.4413 498.7759 578.9981
v -179.4413 498.7759 578.9981
v -174.9078 528.3030 572.1667
v -157.0712 503.8526 616.5454
v -174.9078 528.3030 572.1667
v -152.4988 533.6344 609.6555
v -157.0712 503.8526 616.5454
v -152.4988 533.6344 609.6555
v -147.8077 563.9206 602.5865
v -173.5818 545.5889 646.3788
v -147.8077 563.9206 602.5865
v -168.9482 575.5009 639.3965
v -173.5818 545.5889 646.3788
v -173.5818 545.5889 646.3788
v -168.9482 575.5009 639.3965
v -217.0738 552.2119 645.6132
v -168.9482 575.5009 639.3965
v -212.4720 581.9166 638.6790
v -217.0738 552.2119 645.6132
v -217.0738 552.2119 645.6132
v -212.4720 581.9166 638.6790
v -239.4827 546.8805 608.1244
v -212.4720 581.9166 638.6790
v -234.8553 576.7521 601.1515
v -239.4827 546.8805 608.1244
v -239.4827 546.8805 608.1244
v -234.8553 576.7521 601.1515
v -218.3998 534.9260 571.4011
v -234.8553 576.7521 601.1515
v -213.7148 565.1718 564.3415
v -218.3998 534.9260 571.4011
v -218.3998 534.9260 571.4011
v -213.7148 565.1718 564.3415
v -174.9078 528.3030 572.1667
v -213.7148 565.1718 564.3415
v -170.1910 558.7560 565.0590
v -174.9078 528.3030 572.1667
v -174.9078 528.3030 572.1667
v -170.1910 558.7560 565.0590
v -152.4988 533.6344 609.6555
v -170.1910 558.7560 565.0590
v -147.8077 563.9206 602.5865
v -152.4988 533.6344 609.6555
v -147.8077 563.9206 602.5865
v -143.3778 594.8918 595.9114
v -168.9482 575.5009 639.3965
v -143.3778 594.8918 595.9114
v -164.7057 605.1524 633.0037
v -168.9482 575.5009 639.3965
v -168.9482 575.5009 639.3965
v -164.7057 605.1524 633.0037
v -212.4720 581.9166 638.6790
v -164.7057 605.1524 633.0037
v -208.3334 610.8369 632.4426
v -212.4720 581.9166 638.6790
v -212.4720 581.9166 638.6790
v -208.3334 610.8369 632.4426
v -234.8553 576.7521 601.1515
v -208.3334 610.8369 632.4426
v -230.6331 606.2609 594.7892
v -234.8553 576.7521 601.1515
v -234.8553 576.7521 601.1515
v -230.6331 606.2609 594.7892
v -213.7148 565.1718 564.3415
v -230.6331 606.2609 594.7892
v -209.3052 596.0004 557.6968
v -213.7148 565.1718 564.3415
v -213.7148 565.1718 564.3415
v -209.3052 596.0004 557.6968
v -170.1910 558.7560 565.0590
v -209.3052 596.0004 557.6968
v -165.6776 590.3159 558.2579
v -170.1910 558.7560 565.0590
v -170.1910 558.7560 565.0590
v -165.6776 590.3159 558.2579
v -147.8077 563.9206 602.5865
v -165.6776 590.3159 558.2579
v -143.3778 594.8918 595.9114
v -147.8077 563.9206 602.5865
v 44.0000 231.0000 -630.0000
v 43.9190 291.1078 -629.4319
v 22.0000 230.9997 -591.8949
v 43.9190 291.1078 -629.4319
v 21.9197 290.4958 -591.3313
v 22.0000 230.9997 -591.8949
v 22.0000 230.9997 -591.8949
v 21.9197 290.4958 -591.3313
v -22.0000 230.9997 -591.8949
v 21.9197 290.4958 -591.3313
v -22.0802 290.4027 -591.3320
v -22.0000 230.9997 -591.8949
v -22.0000 230.9997 -591.8949
v -22.0802 290.4027 -591.3320
v -44.0000 231.0000 -630.0000
v -22.0802 290.4027 -591.3320
v -44.0808 290.9217 -629.4333
v -44.0000 231.0000 -630.0000
v -44.0000 231.0000 -630.0000
v -44.0808 290.9217 -629.4333
v -22.0000 231.0003 -668.1051
v -44.0808 290.9217 -629.4333
v -22.0814 291.5338 -667.5339
v -22.0000 231.0003 -668.1051
v -22.0000 231.0003 -668.1051
v -22.0814 291.5338 -667.5339
v 22.0000 231.0003 -668.1051
v -22.0814 291.5338 -667.5339
v 21.9185 291.6268 -667.5331
v 22.0000 231.0003 -668.1051
v 22.0000 231.0003 -668.1051
v 21.9185 291.6268 -667.5331
v 44.0000 231.0000 -630.0000
v 21.9185 291.6268 -667.5331
v 43.9190 291.1078 -629.4319
v 44.0000 231.0000 -630.0000
v 43.9190 291.1078 -629.4319
v 43.8302 351.0383 -628.8088
v 21.9197 290.4958 -591.3313
v 43.8302 351.0383 -628.8088
v 21.8302 350.9703 -590.7038
v 21.9197 290.4958 -591.3313
v 21.9197 290.4958 -591.3313
v 21.8302 350.9703 -590.7038
v -22.0802 290.4027 -591.3320
v 21.8302 350.9703 -590.7038
v -22.1698 350.9599 -590.7038
v -22.0802 290.4027 -591.3320
v -22.0802 290.4027 -591.3320
v -22.1698 350.9599 -590.7038
v -44.0808 290.9217 -629.4333
v -22.1698 350.9599 -590.7038
v -44.1698 351.0176 -628.8088
v -44.0808 290.9217 -629.4333
v -44.0808 290.9217 -629.4333
v -44.1698 351.0176 -628.8088
v -22.0814 291.5338 -667.5339
v -44.1698 351.0176 -628.8088
v -22.1698 351.0857 -666.9139
v -22.0814 291.5338 -667.5339
v -22.0814 291.5338 -667.5339
v -22.1698 351.0857 -666.9139
v 21.9185 291.6268 -667.5331
v -22.1698 351.0857 -666.9139
v 21.8302 351.0960 -666.9139
v 21.9185 291.6268 -667.5331
v 21.9185 291.6268 -667.5331
v 21.8302 351.0960 -666.9139
v 43.9190 291.1078 -629.4319
v 21.8302 351.0960 -666.9139
v 43.8302 351.0383 -628.8088
v 43.9190 291.1078 -629.4319
v 43.8302 351.0383 -628.8088
v 43.9306 410.8793 -629.5133
v 21.8302 350.9703 -590.7038
v 43.9306 410.8793 -629.5133
v 21.9326 411.9391 -591.4218
v 21.8302 350.9703 -590.7038
v 21.8302 350.9703 -590.7038
v 21.9326 411.9391 -591.4218
v -22.1698 350.9599 -590.7038
v 21.9326 411.9391 -591.4218
v -22.0671 412.1003 -591.4239
v -22.1698 350.9599 -590.7038
v -22.1698 350.9599 -590.7038
v -22.0671 412.1003 -591.4239
v -44.1698 351.0176 -628.8088
v -22.0671 412.1003 -591.4239
v -44.0688 411.2017 -629.5175
v -44.1698 351.0176 -628.8088
v -44.1698 351.0176 -628.8088
v -44.0688 411.2017 -629.5175
v -22.1698 351.0857 -666.9139
v -44.0688 411.2017 -629.5175
v -22.0707 410.1418 -667.6089
v -22.1698 351.0857 -666.9139
v -22.1698 351.0857 -666.9139
v -22.0707 410.1418 -667.6089
v 21.8302 351.0960 -666.9139
v -22.0707 410.1418 -667.6089
v 21.9290 409.9806 -667.6069
v 21.8302 351.0960 -666.9139
v 21.8302 351.0960 -666.9139
v 21.9290 409.9806 -667.6069
v 43.8302 351.0383 -628.8088
v 21.9290 409.9806 -667.6069
v 43.9306 410.8793 -629.5133
v 43.8302 351.0383 -628.8088
v 43.9306 410.8793 -629.5133
v 44.2543 470.7087 -631.7838
v 21.9326 411.9391 -591.4218
v 44.2543 470.7087 -631.7838
v 22.2610 472.6841 -593.7260
v 21.9326 411.9391 -591.4218
v 21.9326 411.9391 -591.4218
v 22.2610 472.6841 -593.7260
v -22.0671 412.1003 -591.4239
v 22.2610 472.6841 -593.7260
v -21.7380 472.9845 -593.7332
v -22.0671 412.1003 -591.4239
v -22.0671 412.1003 -591.4239
v -21.7380 472.9845 -593.7332
v -44.0688 411.2017 -629.5175
v -21.7380 472.9845 -593.7332
v -43.7437 471.3096 -631.7982
v -44.0688 411.2017 -629.5175
v -44.0688 411.2017 -629.5175
v -43.7437 471.3096 -631.7982
v -22.0707 410.1418 -667.6089
v -43.7437 471.3096 -631.7982
v -21.7504 469.3342 -669.8560
v -22.0707 410.1418 -667.6089
v -22.0707 410.1418 -667.6089
v -21.7504 469.3342 -669.8560
v 21.9290 409.9806 -667.6069
v -21.7504 469.3342 -669.8560
v 22.2485 469.0338 -669.8488
v 21.9290 409.9806 -667.6069
v 21.9290 409.9806 -667.6069
v 22.2485 469.0338 -669.8488
v 43.9306 410.8793 -629.5133
v 22.2485 469.0338 -669.8488
v 44.2543 470.7087 -631.7838
v 43.9306 410.8793 -629.5133
v 44.2543 470.7087 -631.7838
v 44.7195 530.5641 -635.0474
v 22.2610 472.6841 -593.7260
v 44.7195 530.5641 -635.0474
v 22.7300 533.0330 -597.0162
v 22.2610 472.6841 -593.7260
v 22.2610 472.6841 -593.7260
v 22.7300 533.0330 -597.0162
v -21.7380 472.9845 -593.7332
v 22.7300 533.0330 -597.0162
v -21.2684 533.4084 -597.0275
v -21.7380 472.9845 -593.7332
v -21.7380 472.9845 -593.7332
v -21.2684 533.4084 -597.0275
v -43.7437 471.3096 -631.7982
v -21.2684 533.4084 -597.0275
v -43.2773 531.3151 -635.0699
v -43.7437 471.3096 -631.7982
v -43.7437 471.3096 -631.7982
v -43.2773 531.3151 -635.0699
v -21.7504 469.3342 -669.8560
v -43.2773 531.3151 -635.0699
v -21.2878 528.8463 -673.1010
v -21.7504 469.3342 -669.8560
v -21.7504 469.3342 -669.8560
v -21.2878 528.8463 -673.1010
v 22.2485 469.0338 -669.8488
v -21.2878 528.8463 -673.1010
v 22.7105 528.4708 -673.0898
v 22.2485 469.0338 -669.8488
v 22.2485 469.0338 -669.8488
v 22.7105 528.4708 -673.0898
v 44.2543 470.7087 -631.7838
v 22.7105 528.4708 -673.0898
v 44.7195 530.5641 -635.0474
v 44.2543 470.7087 -631.7838
v 44.7195 530.5641 -635.0474
v 45.2638 590.4129 -638.8658
v 22.7300 533.0330 -597.0162
v 45.2638 590.4129 -638.8658
v 23.2770 593.1712 -600.8531
v 22.7300 533.0330 -597.0162
v 22.7300 533.0330 -597.0162
v 23.2770 593.1712 -600.8531
v -21.2684 533.4084 -597.0275
v 23.2770 593.1712 -600.8531
v -20.7210 593.5907 -600.8671
v -21.2684 533.4084 -597.0275
v -21.2684 533.4084 -597.0275
v -20.7210 593.5907 -600.8671
v -43.2773 531.3151 -635.0699
v -20.7210 593.5907 -600.8671
v -42.7322 591.2519 -638.8939
v -43.2773 531.3151 -635.0699
v -43.2773 531.3151 -635.0699
v -42.7322 591.2519 -638.8939
v -21.2878 528.8463 -673.1010
v -42.7322 591.2519 -638.8939
v -20.7454 588.4936 -676.9067
v -21.2878 528.8463 -673.1010
v -21.2878 528.8463 -673.1010
v -20.7454 588.4936 -676.9067
v 22.7105 528.4708 -673.0898
v -20.7454 588.4936 -676.9067
v 23.2526 588.0741 -676.8926
v 22.7105 528.4708 -673.0898
v 22.7105 528.4708 -673.0898
v 23.2526 588.0741 -676.8926
v 44.7195 530.5641 -635.0474
v 23.2526 588.0741 -676.8926
v 45.2638 590.4129 -638.8658
v 44.7195 530.5641 -635.0474
v 45.2638 590.4129 -638.8658
v 45.8552 650.2596 -643.0148
v 23.2770 593.1712 -600.8531
v 45.8552 650.2596 -643.0148
v 23.8701 653.1899 -605.0139
v 23.2770 593.1712 -600.8531
v 23.2770 593.1712 -600.8531
v 23.8701 653.1899 -605.0139
v -20.7210 593.5907 -600.8671
v 23.8701 653.1899 -605.0139
v -20.1277 653.6355 -605.0297
v -20.7210 593.5907 -600.8671
v -20.7210 593.5907 -600.8671
v -20.1277 653.6355 -605.0297
v -42.7322 591.2519 -638.8939
v -20.1277 653.6355 -605.0297
v -42.1403 651.1509 -643.0464
v -42.7322 591.2519 -638.8939
v -42.7322 591.2519 -638.8939
v -42.1403 651.1509 -643.0464
v -20.7454 588.4936 -676.9067
v -42.1403 651.1509 -643.0464
v -20.1551 648.2207 -681.0474
v -20.7454 588.4936 -676.9067
v -20.7454 588.4936 -676.9067
v -20.1551 648.2207 -681.0474
v 23.2526 588.0741 -676.8926
v -20.1551 648.2207 -681.0474
v 23.8426 647.7751 -681.0315
v 23.2526 588.0741 -676.8926
v 23.2526 588.0741 -676.8926
v 23.8426 647.7751 -681.0315
v 45.2638 590.4129 -638.8658
v 23.8426 647.7751 -681.0315
v 45.8552 650.2596 -643.0148
v 45.2638 590.4129 -638.8658
v 45.8552 650.2596 -643.0148
v 46.4736 710.1033 -647.3529
v 23.8701 653.1899 -605.0139
v 46.4736 710.1033 -647.3529
v 24.4894 713.1247 -609.3586
v 23.8701 653.1899 -605.0139
v 23.8701 653.1899 -605.0139
v 24.4894 713.1247 -609.3586
v -20.1277 653.6355 -605.0297
v 24.4894 713.1247 -609.3586
v -19.5082 713.5842 -609.3754
v -20.1277 653.6355 -605.0297
v -20.1277 653.6355 -605.0297
v -19.5082 713.5842 -609.3754
v -42.1403 651.1509 -643.0464
v -19.5082 713.5842 -609.3754
v -41.5216 711.0223 -647.3866
v -42.1403 651.1509 -643.0464
v -42.1403 651.1509 -643.0464
v -41.5216 711.0223 -647.3866
v -20.1551 648.2207 -681.0474
v -41.5216 711.0223 -647.3866
v -19.5374 708.0010 -685.3809
v -20.1551 648.2207 -681.0474
v -20.1551 648.2207 -681.0474
v -19.5374 708.0010 -685.3809
v 23.8426 647.7751 -681.0315
v -19.5374 708.0010 -685.3809
v 24.4602 707.5414 -685.3640
v 23.8426 647.7751 -681.0315
v 23.8426 647.7751 -681.0315
v 24.4602 707.5414 -685.3640
v 45.8552 650.2596 -643.0148
v 24.4602 707.5414 -685.3640
v 46.4736 710.1033 -647.3529
v 45.8552 650.2596 -643.0148
v 46.4736 710.1033 -647.3529
v 47.1041 769.9517 -651.7762
v 24.4894 713.1247 -609.3586
v 47.1041 769.9517 -651.7762
v 25.1202 772.9994 -613.7838
v 24.4894 713.1247 -609.3586
v 24.4894 713.1247 -609.3586
v 25.1202 772.9994 -613.7838
v -19.5082 713.5842 -609.3754
v 25.1202 772.9994 -613.7838
v -18.8774 773.4629 -613.8010
v -19.5082 713.5842 -609.3754
v -19.5082 713.5842 -609.3754
v -18.8774 773.4629 -613.8010
v -41.5216 711.0223 -647.3866
v -18.8774 773.4629 -613.8010
v -40.8910 770.8787 -651.8105
v -41.5216 711.0223 -647.3866
v -41.5216 711.0223 -647.3866
v -40.8910 770.8787 -651.8105
v -19.5374 708.0010 -685.3809
v -40.8910 770.8787 -651.8105
v -18.9071 767.8310 -689.8029
v -19.5374 708.0010 -685.3809
v -19.5374 708.0010 -685.3809
v -18.9071 767.8310 -689.8029
v 24.4602 707.5414 -685.3640
v -18.9071 767.8310 -689.8029
v 25.0905 767.3675 -689.7857
v 24.4602 707.5414 -685.3640
v 24.4602 707.5414 -685.3640
v 25.0905 767.3675 -689.7857
v 46.4736 710.1033 -647.3529
v 25.0905 767.3675 -689.7857
v 47.1041 769.9517 -651.7762
v 46.4736 710.1033 -647.3529
v 47.1041 769.9517 -651.7762
v 47.7339 829.8088 -656.1944
v 25.1202 772.9994 -613.7838
v 47.7339 829.8088 -656.1944
v 25.7496 832.8223 -618.1995
v 25.1202 772.9994 -613.7838
v 25.1202 772.9994 -613.7838
v 25.7496 832.8223 -618.1995
v -18.8774 773.4629 -613.8010
v 25.7496 832.8223 -618.1995
v -18.2480 833.2806 -618.2163
v -18.8774 773.4629 -613.8010
v -18.8774 773.4629 -613.8010
v -18.2480 833.2806 -618.2163
v -40.8910 770.8787 -651.8105
v -18.2480 833.2806 -618.2163
v -40.2613 830.7254 -656.2280
v -40.8910 770.8787 -651.8105
v -40.8910 770.8787 -651.8105
v -40.2613 830.7254 -656.2280
v -18.9071 767.8310 -689.8029
v -40.2613 830.7254 -656.2280
v -18.2770 827.7120 -694.2228
v -18.9071 767.8310 -689.8029
v -18.9071 767.8310 -689.8029
v -18.2770 827.7120 -694.2228
v 25.0905 767.3675 -689.7857
v -18.2770 827.7120 -694.2228
v 25.7206 827.2537 -694.2061
v 25.0905 767.3675 -689.7857
v 25.0905 767.3675 -689.7857
v 25.7206 827.2537 -694.2061
v 47.1041 769.9517 -651.7762
v 25.7206 827.2537 -694.2061
v 47.7339 829.8088 -656.1944
v 47.1041 769.9517 -651.7762
v 47.7339 829.8088 -656.1944
v 48.3501 889.6845 -660.5168
v 25.7496 832.8223 -618.1995
v 48.3501 889.6845 -660.5168
v 26.3648 892.5976 -622.5148
v 25.7496 832.8223 -618.1995
v 25.7496 832.8223 -618.1995
v 26.3648 892.5976 -622.5148
v -18.2480 833.2806 -618.2163
v 26.3648 892.5976 -622.5148
v -17.6330 893.0406 -622.5304
v -18.2480 833.2806 -618.2163
v -18.2480 833.2806 -618.2163
v -17.6330 893.0406 -622.5304
v -40.2613 830.7254 -656.2280
v -17.6330 893.0406 -622.5304
v -39.6455 890.5706 -660.5482
v -40.2613 830.7254 -656.2280
v -40.2613 830.7254 -656.2280
v -39.6455 890.5706 -660.5482
v -18.2770 827.7120 -694.2228
v -39.6455 890.5706 -660.5482
v -17.6601 887.6574 -698.5503
v -18.2770 827.7120 -694.2228
v -18.2770 827.7120 -694.2228
v -17.6601 887.6574 -698.5503
v 25.7206 827.2537 -694.2061
v -17.6601 887.6574 -698.5503
v 26.3376 887.2144 -698.5346
v 25.7206 827.2537 -694.2061
v 25.7206 827.2537 -694.2061
v 26.3376 887.2144 -698.5346
v 47.7339 829.8088 -656.1944
v 26.3376 887.2144 -698.5346
v 48.3501 889.6845 -660.5168
v 47.7339 829.8088 -656.1944
v 48.3501 889.6845 -660.5168
v 48.9372 949.5850 -664.6360
v 26.3648 892.5976 -622.5148
v 48.9372 949.5850 -664.6360
v 26.9501 952.3140 -626.6213
v 26.3648 892.5976 -622.5148
v 26.3648 892.5976 -622.5148
v 26.9501 952.3140 -626.6213
v -17.6330 893.0406 -622.5304
v 26.9501 952.3140 -626.6213
v -17.0479 952.7290 -626.6350
v -17.6330 893.0406 -622.5304
v -17.6330 893.0406 -622.5304
v -17.0479 952.7290 -626.6350
v -39.6455 890.5706 -660.5482
v -17.0479 952.7290 -626.6350
v -39.0588 950.4150 -664.6635
v -39.6455 890.5706 -660.5482
v -39.6455 890.5706 -660.5482
v -39.0588 950.4150 -664.6635
v -17.6601 887.6574 -698.5503
v -39.0588 950.4150 -664.6635
v -17.0717 947.6860 -702.6782
v -17.6601 887.6574 -698.5503
v -17.6601 887.6574 -698.5503
v -17.0717 947.6860 -702.6782
v 26.3376 887.2144 -698.5346
v -17.0717 947.6860 -702.6782
v 26.9263 947.2710 -702.6645
v 26.3376 887.2144 -698.5346
v 26.3376 887.2144 -698.5346
v 26.9263 947.2710 -702.6645
v 48.3501 889.6845 -660.5168
v 26.9263 947.2710 -702.6645
v 48.9372 949.5850 -664.6360
v 48.3501 889.6845 -660.5168
v -0.0000 230.9996 -334.0000
v 0.2885 259.2383 -333.8413
v -38.1051 231.0004 -356.0000
v 0.2885 259.2383 -333.8413
v -37.8080 260.1682 -355.8366
v -38.1051 231.0004 -356.0000
v -38.1051 231.0004 -356.0000
v -37.8080 260.1682 -355.8366
v -38.1051 231.0008 -400.0000
v -37.8080 260.1682 -355.8366
v -37.8038 260.6164 -399.8343
v -38.1051 231.0008 -400.0000
v -38.1051 231.0008 -400.0000
v -37.8038 260.6164 -399.8343
v 0.0000 231.0004 -422.0000
v -37.8038 260.6164 -399.8343
v 0.2968 260.1346 -421.8368
v 0.0000 231.0004 -422.0000
v 0.0000 231.0004 -422.0000
v 0.2968 260.1346 -421.8368
v 38.1051 230.9996 -400.0000
v 0.2968 260.1346 -421.8368
v 38.3933 259.2047 -399.8415
v 38.1051 230.9996 -400.0000
v 38.1051 230.9996 -400.0000
v 38.3933 259.2047 -399.8415
v 38.1051 230.9992 -356.0000
v 38.3933 259.2047 -399.8415
v 38.3892 258.7565 -355.8438
v 38.1051 230.9992 -356.0000
v 38.1051 230.9992 -356.0000
v 38.3892 258.7565 -355.8438
v -0.0000 230.9996 -334.0000
v 38.3892 258.7565 -355.8438
v 0.2885 259.2383 -333.8413
v -0.0000 230.9996 -334.0000
v 0.2885 259.2383 -333.8413
v 0.9542 287.7236 -333.4753
v -37.8080 260.1682 -355.8366
v 0.9542 287.7236 -333.4753
v -37.1333 289.0555 -355.4656
v -37.8080 260.1682 -355.8366
v -37.8080 260.1682 -355.8366
v -37.1333 289.0555 -355.4656
v -37.8038 260.6164 -399.8343
v -37.1333 289.0555 -355.4656
v -37.1248 289.6974 -399.4609
v -37.8038 260.6164 -399.8343
v -37.8038 260.6164 -399.8343
v -37.1248 289.6974 -399.4609
v 0.2968 260.1346 -421.8368
v -37.1248 289.6974 -399.4609
v 0.9712 289.0074 -421.4659
v 0.2968 260.1346 -421.8368
v 0.2968 260.1346 -421.8368
v 0.9712 289.0074 -421.4659
v 38.3933 259.2047 -399.8415
v 0.9712 289.0074 -421.4659
v 39.0587 287.6754 -399.4757
v 38.3933 259.2047 -399.8415
v 38.3933 259.2047 -399.8415
v 39.0587 287.6754 -399.4757
v 38.3892 258.7565 -355.8438
v 39.0587 287.6754 -399.4757
v 39.0501 287.0335 -355.4803
v 38.3892 258.7565 -355.8438
v 38.3892 258.7565 -355.8438
v 39.0501 287.0335 -355.4803
v 0.2885 259.2383 -333.8413
v 39.0501 287.0335 -355.4803
v 0.9542 287.7236 -333.4753
v 0.2885 259.2383 -333.8413
v 0.9542 287.7236 -333.4753
v 1.7152 316.4403 -333.0569
v -37.1333 289.0555 -355.4656
v 1.7152 316.4403 -333.0569
v -36.3744 317.6879 -355.0483
v -37.1333 289.0555 -355.4656
v -37.1333 289.0555 -355.4656
v -36.3744 317.6879 -355.0483
v -37.1248 289.6974 -399.4609
v -36.3744 317.6879 -355.0483
v -36.3669 318.2892 -399.0442
v -37.1248 289.6974 -399.4609
v -37.1248 289.6974 -399.4609
v -36.3669 318.2892 -399.0442
v 0.9712 289.0074 -421.4659
v -36.3669 318.2892 -399.0442
v 1.7302 317.6429 -421.0486
v 0.9712 289.0074 -421.4659
v 0.9712 289.0074 -421.4659
v 1.7302 317.6429 -421.0486
v 39.0587 287.6754 -399.4757
v 1.7302 317.6429 -421.0486
v 39.8198 316.3953 -399.0572
v 39.0587 287.6754 -399.4757
v 39.0587 287.6754 -399.4757
v 39.8198 316.3953 -399.0572
v 39.0501 287.0335 -355.4803
v 39.8198 316.3953 -399.0572
v 39.8123 315.7940 -355.0612
v 39.0501 287.0335 -355.4803
v 39.0501 287.0335 -355.4803
v 39.8123 315.7940 -355.0612
v 0.9542 287.7236 -333.4753
v 39.8123 315.7940 -355.0612
v 1.7152 316.4403 -333.0569
v 0.9542 287.7236 -333.4753
v 1.7152 316.4403 -333.0569
v 2.2925 345.4012 -332.7394
v -36.3744 317.6879 -355.0483
v 2.2925 345.4012 -332.7394
v -35.8082 346.0695 -354.7370
v -36.3744 317.6879 -355.0483
v -36.3744 317.6879 -355.0483
v -35.8082 346.0695 -354.7370
v -36.3669 318.2892 -399.0442
v -35.8082 346.0695 -354.7370
v -35.8060 346.3916 -398.7358
v -36.3669 318.2892 -399.0442
v -36.3669 318.2892 -399.0442
v -35.8060 346.3916 -398.7358
v 1.7302 317.6429 -421.0486
v -35.8060 346.3916 -398.7358
v 2.2968 346.0453 -420.7371
v 1.7302 317.6429 -421.0486
v 1.7302 317.6429 -421.0486
v 2.2968 346.0453 -420.7371
v 39.8198 316.3953 -399.0572
v 2.2968 346.0453 -420.7371
v 40.3975 345.3771 -398.7395
v 39.8198 316.3953 -399.0572
v 39.8198 316.3953 -399.0572
v 40.3975 345.3771 -398.7395
v 39.8123 315.7940 -355.0612
v 40.3975 345.3771 -398.7395
v 40.3953 345.0550 -354.7407
v 39.8123 315.7940 -355.0612
v 39.8123 315.7940 -355.0612
v 40.3953 345.0550 -354.7407
v 1.7152 316.4403 -333.0569
v 40.3953 345.0550 -354.7407
v 2.2925 345.4012 -332.7394
v 1.7152 316.4403 -333.0569
v 2.2925 345.4012 -332.7394
v 2.3800 374.6365 -332.6913
v -35.8082 346.0695 -354.7370
v 2.3800 374.6365 -332.6913
v -35.7230 374.1697 -354.6901
v -35.8082 346.0695 -354.7370
v -35.8082 346.0695 -354.7370
v -35.7230 374.1697 -354.6901
v -35.8060 346.3916 -398.7358
v -35.7230 374.1697 -354.6901
v -35.7219 373.9447 -398.6895
v -35.8060 346.3916 -398.7358
v -35.8060 346.3916 -398.7358
v -35.7219 373.9447 -398.6895
v 2.2968 346.0453 -420.7371
v -35.7219 373.9447 -398.6895
v 2.3821 374.1866 -420.6902
v 2.2968 346.0453 -420.7371
v 2.2968 346.0453 -420.7371
v 2.3821 374.1866 -420.6902
v 40.3975 345.3771 -398.7395
v 2.3821 374.1866 -420.6902
v 40.4850 374.6534 -398.6913
v 40.3975 345.3771 -398.7395
v 40.3975 345.3771 -398.7395
v 40.4850 374.6534 -398.6913
v 40.3953 345.0550 -354.7407
v 40.4850 374.6534 -398.6913
v 40.4840 374.8784 -354.6919
v 40.3953 345.0550 -354.7407
v 40.3953 345.0550 -354.7407
v 40.4840 374.8784 -354.6919
v 2.2925 345.4012 -332.7394
v 40.4840 374.8784 -354.6919
v 2.3800 374.6365 -332.6913
v 2.2925 345.4012 -332.7394
v 2.3800 374.6365 -332.6913
v 1.6068 404.1865 -333.1165
v -35.7230 374.1697 -354.6901
v 1.6068 404.1865 -333.1165
v -36.4463 401.9032 -355.0879
v -35.7230 374.1697 -354.6901
v -35.7230 374.1697 -354.6901
v -36.4463 401.9032 -355.0879
v -35.7219 373.9447 -398.6895
v -36.4463 401.9032 -355.0879
v -36.4213 400.8028 -399.0741
v -35.7219 373.9447 -398.6895
v -35.7219 373.9447 -398.6895
v -36.4213 400.8028 -399.0741
v 2.3821 374.1866 -420.6902
v -36.4213 400.8028 -399.0741
v 1.6569 401.9857 -421.0889
v 2.3821 374.1866 -420.6902
v 2.3821 374.1866 -420.6902
v 1.6569 401.9857 -421.0889
v 40.4850 374.6534 -398.6913
v 1.6569 401.9857 -421.0889
v 39.7101 404.2689 -399.1175
v 40.4850 374.6534 -398.6913
v 40.4850 374.6534 -398.6913
v 39.7101 404.2689 -399.1175
v 40.4840 374.8784 -354.6919
v 39.7101 404.2689 -399.1175
v 39.6850 405.3693 -355.1313
v 40.4840 374.8784 -354.6919
v 40.4840 374.8784 -354.6919
v 39.6850 405.3693 -355.1313
v 2.3800 374.6365 -332.6913
v 39.6850 405.3693 -355.1313
v 1.6068 404.1865 -333.1165
v 2.3800 374.6365 -332.6913
v 1.6068 404.1865 -333.1165
v -0.5173 434.0761 -334.2845
v -36.4463 401.9032 -355.0879
v -0.5173 434.0761 -334.2845
v -38.3748 429.0981 -356.1483
v -36.4463 401.9032 -355.0879
v -36.4463 401.9032 -355.0879
v -38.3748 429.0981 -356.1483
v -36.4213 400.8028 -399.0741
v -38.3748 429.0981 -356.1483
v -38.2555 426.6989 -400.0827
v -36.4213 400.8028 -399.0741
v -36.4213 400.8028 -399.0741
v -38.2555 426.6989 -400.0827
v 1.6569 401.9857 -421.0889
v -38.2555 426.6989 -400.0827
v -0.2787 429.2779 -422.1532
v 1.6569 401.9857 -421.0889
v 1.6569 401.9857 -421.0889
v -0.2787 429.2779 -422.1532
v 39.7101 404.2689 -399.1175
v -0.2787 429.2779 -422.1532
v 37.5789 434.2560 -400.2894
v 39.7101 404.2689 -399.1175
v 39.7101 404.2689 -399.1175
v 37.5789 434.2560 -400.2894
v 39.6850 405.3693 -355.1313
v 37.5789 434.2560 -400.2894
v 37.4595 436.6551 -356.3550
v 39.6850 405.3693 -355.1313
v 39.6850 405.3693 -355.1313
v 37.4595 436.6551 -356.3550
v 1.6068 404.1865 -333.1165
v 37.4595 436.6551 -356.3550
v -0.5173 434.0761 -334.2845
v 1.6068 404.1865 -333.1165
v -0.5173 434.0761 -334.2845
v -4.3406 463.7710 -336.3868
v -38.3748 429.0981 -356.1483
v -4.3406 463.7710 -336.3868
v -41.8494 456.0634 -358.0589
v -38.3748 429.0981 -356.1483
v -38.3748 429.0981 -356.1483
v -41.8494 456.0634 -358.0589
v -38.2555 426.6989 -400.0827
v -41.8494 456.0634 -358.0589
v -41.5620 452.3487 -401.9008
v -38.2555 426.6989 -400.0827
v -38.2555 426.6989 -400.0827
v -41.5620 452.3487 -401.9008
v -0.2787 429.2779 -422.1532
v -41.5620 452.3487 -401.9008
v -3.7658 456.3418 -424.0707
v -0.2787 429.2779 -422.1532
v -0.2787 429.2779 -422.1532
v -3.7658 456.3418 -424.0707
v 37.5789 434.2560 -400.2894
v -3.7658 456.3418 -424.0707
v 33.7430 464.0494 -402.3986
v 37.5789 434.2560 -400.2894
v 37.5789 434.2560 -400.2894
v 33.7430 464.0494 -402.3986
v 37.4595 436.6551 -356.3550
v 33.7430 464.0494 -402.3986
v 33.4556 467.7641 -358.5566
v 37.4595 436.6551 -356.3550
v 37.4595 436.6551 -356.3550
v 33.4556 467.7641 -358.5566
v -0.5173 434.0761 -334.2845
v 33.4556 467.7641 -358.5566
v -4.3406 463.7710 -336.3868
v -0.5173 434.0761 -334.2845
v -4.3406 463.7710 -336.3868
v -9.5082 492.8179 -339.2283
v -41.8494 456.0634 -358.0589
v -9.5082 492.8179 -339.2283
v -46.6751 483.1718 -360.7124
v -41.8494 456.0634 -358.0589
v -41.8494 456.0634 -358.0589
v -46.6751 483.1718 -360.7124
v -41.5620 452.3487 -401.9008
v -46.6751 483.1718 -360.7124
v -46.2230 478.5229 -404.4638
v -41.5620 452.3487 -401.9008
v -41.5620 452.3487 -401.9008
v -46.2230 478.5229 -404.4638
v -3.7658 456.3418 -424.0707
v -46.2230 478.5229 -404.4638
v -8.6039 483.5202 -426.7311
v -3.7658 456.3418 -424.0707
v -3.7658 456.3418 -424.0707
v -8.6039 483.5202 -426.7311
v 33.7430 464.0494 -402.3986
v -8.6039 483.5202 -426.7311
v 28.5631 493.1663 -405.2469
v 33.7430 464.0494 -402.3986
v 33.7430 464.0494 -402.3986
v 28.5631 493.1663 -405.2469
v 33.4556 467.7641 -358.5566
v 28.5631 493.1663 -405.2469
v 28.1110 497.8151 -361.4955
v 33.4556 467.7641 -358.5566
v 33.4556 467.7641 -358.5566
v 28.1110 497.8151 -361.4955
v -4.3406 463.7710 -336.3868
v 28.1110 497.8151 -361.4955
v -9.5082 492.8179 -339.2283
v -4.3406 463.7710 -336.3868
v -9.5082 492.8179 -339.2283
v -15.4251 521.1655 -342.4819
v -46.6751 483.1718 -360.7124
v -15.4251 521.1655 -342.4819
v -52.4032 510.6062 -363.8622
v -46.6751 483.1718 -360.7124
v -46.6751 483.1718 -360.7124
v -52.4032 510.6062 -363.8622
v -46.2230 478.5229 -404.4638
v -52.4032 510.6062 -363.8622
v -51.8601 505.5172 -407.5635
v -46.2230 478.5229 -404.4638
v -46.2230 478.5229 -404.4638
v -51.8601 505.5172 -407.5635
v -8.6039 483.5202 -426.7311
v -51.8601 505.5172 -407.5635
v -14.3388 510.9876 -429.8846
v -8.6039 483.5202 -426.7311
v -8.6039 483.5202 -426.7311
v -14.3388 510.9876 -429.8846
v 28.5631 493.1663 -405.2469
v -14.3388 510.9876 -429.8846
v 22.6393 521.5469 -408.5042
v 28.5631 493.1663 -405.2469
v 28.5631 493.1663 -405.2469
v 22.6393 521.5469 -408.5042
v 28.1110 497.8151 -361.4955
v 22.6393 521.5469 -408.5042
v 22.0962 526.6358 -364.8029
v 28.1110 497.8151 -361.4955
v 28.1110 497.8151 -361.4955
v 22.0962 526.6358 -364.8029
v -9.5082 492.8179 -339.2283
v 22.0962 526.6358 -364.8029
v -15.4251 521.1655 -342.4819
v -9.5082 492.8179 -339.2283
v -15.4251 521.1655 -342.4819
v -21.4285 548.9122 -345.7830
v -52.4032 510.6062 -363.8622
v -21.4285 548.9122 -345.7830
v -58.4537 538.5723 -367.1891
v -52.4032 510.6062 -363.8622
v -52.4032 510.6062 -363.8622
v -58.4537 538.5723 -367.1891
v -51.8601 505.5172 -407.5635
v -58.4537 538.5723 -367.1891
v -57.9332 533.5892 -410.9030
v -51.8601 505.5172 -407.5635
v -51.8601 505.5172 -407.5635
v -57.9332 533.5892 -410.9030
v -14.3388 510.9876 -429.8846
v -57.9332 533.5892 -410.9030
v -20.3876 538.9459 -433.2106
v -14.3388 510.9876 -429.8846
v -14.3388 510.9876 -429.8846
v -20.3876 538.9459 -433.2106
v 22.6393 521.5469 -408.5042
v -20.3876 538.9459 -433.2106
v 16.6376 549.2858 -411.8044
v 22.6393 521.5469 -408.5042
v 22.6393 521.5469 -408.5042
v 16.6376 549.2858 -411.8044
v 22.0962 526.6358 -364.8029
v 16.6376 549.2858 -411.8044
v 16.1171 554.2689 -368.0906
v 22.0962 526.6358 -364.8029
v 22.0962 526.6358 -364.8029
v 16.1171 554.2689 -368.0906
v -15.4251 521.1655 -342.4819
v 16.1171 554.2689 -368.0906
v -21.4285 548.9122 -345.7830
v -15.4251 521.1655 -342.4819
v -21.4285 548.9122 -345.7830
v -26.8823 576.2458 -348.7819
v -58.4537 538.5723 -367.1891
v -26.8823 576.2458 -348.7819
v -64.1694 567.2314 -370.3321
v -58.4537 538.5723 -367.1891
v -58.4537 538.5723 -367.1891
v -64.1694 567.2314 -370.3321
v -57.9332 533.5892 -410.9030
v -64.1694 567.2314 -370.3321
v -63.7752 562.8870 -414.1154
v -57.9332 533.5892 -410.9030
v -57.9332 533.5892 -410.9030
v -63.7752 562.8870 -414.1154
v -20.3876 538.9459 -433.2106
v -63.7752 562.8870 -414.1154
v -26.0939 567.5571 -436.3484
v -20.3876 538.9459 -433.2106
v -20.3876 538.9459 -433.2106
v -26.0939 567.5571 -436.3484
v 16.6376 549.2858 -411.8044
v -26.0939 567.5571 -436.3484
v 11.1933 576.5714 -414.7982
v 16.6376 549.2858 -411.8044
v 16.6376 549.2858 -411.8044
v 11.1933 576.5714 -414.7982
v 16.1171 554.2689 -368.0906
v 11.1933 576.5714 -414.7982
v 10.7990 580.9158 -371.0149
v 16.1171 554.2689 -368.0906
v 16.1171 554.2689 -368.0906
v 10.7990 580.9158 -371.0149
v -21.4285 548.9122 -345.7830
v 10.7990 580.9158 -371.0149
v -26.8823 576.2458 -348.7819
v -21.4285 548.9122 -345.7830
v 0.0000 231.0002 -82.0000
v 0.5489 290.7663 -82.3093
v -38.1051 231.0004 -104.0000
v 0.5489 290.7663 -82.3093
v -37.5535 291.1393 -104.3108
v -38.1051 231.0004 -104.0000
v -38.1051 231.0004 -104.0000
v -37.5535 291.1393 -104.3108
v -38.1051 231.0002 -148.0000
v -37.5535 291.1393 -104.3108
v -37.5561 290.7796 -148.3094
v -38.1051 231.0002 -148.0000
v -38.1051 231.0002 -148.0000
v -37.5561 290.7796 -148.3094
v -0.0000 230.9998 -170.0000
v -37.5561 290.7796 -148.3094
v 0.5437 290.0470 -170.3064
v -0.0000 230.9998 -170.0000
v -0.0000 230.9998 -170.0000
v 0.5437 290.0470 -170.3064
v 38.1051 230.9996 -148.0000
v 0.5437 290.0470 -170.3064
v 38.6461 289.6741 -148.3048
v 38.1051 230.9996 -148.0000
v 38.1051 230.9996 -148.0000
v 38.6461 289.6741 -148.3048
v 38.1051 230.9998 -104.0000
v 38.6461 289.6741 -148.3048
v 38.6487 290.0337 -104.3063
v 38.1051 230.9998 -104.0000
v 38.1051 230.9998 -104.0000
v 38.6487 290.0337 -104.3063
v 0.0000 231.0002 -82.0000
v 38.6487 290.0337 -104.3063
v 0.5489 290.7663 -82.3093
v 0.0000 231.0002 -82.0000
v 0.5489 290.7663 -82.3093
v 1.1645 349.8652 -82.6562
v -37.5535 291.1393 -104.3108
v 1.1645 349.8652 -82.6562
v -36.9405 349.9201 -104.6562
v -37.5535 291.1393 -104.3108
v -37.5535 291.1393 -104.3108
v -36.9405 349.9201 -104.6562
v -37.5561 290.7796 -148.3094
v -36.9405 349.9201 -104.6562
v -36.9406 349.8672 -148.6562
v -37.5561 290.7796 -148.3094
v -37.5561 290.7796 -148.3094
v -36.9406 349.8672 -148.6562
v 0.5437 290.0470 -170.3064
v -36.9406 349.8672 -148.6562
v 1.1644 349.7594 -170.6561
v 0.5437 290.0470 -170.3064
v 0.5437 290.0470 -170.3064
v 1.1644 349.7594 -170.6561
v 38.6461 289.6741 -148.3048
v 1.1644 349.7594 -170.6561
v 39.2695 349.7045 -148.6561
v 38.6461 289.6741 -148.3048
v 38.6461 289.6741 -148.3048
v 39.2695 349.7045 -148.6561
v 38.6487 290.0337 -104.3063
v 39.2695 349.7045 -148.6561
v 39.2695 349.7574 -104.6561
v 38.6487 290.0337 -104.3063
v 38.6487 290.0337 -104.3063
v 39.2695 349.7574 -104.6561
v 0.5489 290.7663 -82.3093
v 39.2695 349.7574 -104.6561
v 1.1645 349.8652 -82.6562
v 0.5489 290.7663 -82.3093
v 1.1645 349.8652 -82.6562
v 0.5285 408.6103 -82.2978
v -36.9405 349.9201 -104.6562
v 0.5285 408.6103 -82.2978
v -37.5689 407.9834 -104.3021
v -36.9405 349.9201 -104.6562
v -36.9405 349.9201 -104.6562
v -37.5689 407.9834 -104.3021
v -36.9406 349.8672 -148.6562
v -37.5689 407.9834 -104.3021
v -37.5763 408.5879 -148.2980
v -36.9406 349.8672 -148.6562
v -36.9406 349.8672 -148.6562
v -37.5763 408.5879 -148.2980
v 1.1644 349.7594 -170.6561
v -37.5763 408.5879 -148.2980
v 0.5138 409.8194 -170.2895
v 1.1644 349.7594 -170.6561
v 1.1644 349.7594 -170.6561
v 0.5138 409.8194 -170.2895
v 39.2695 349.7045 -148.6561
v 0.5138 409.8194 -170.2895
v 38.6113 410.4463 -148.2852
v 39.2695 349.7045 -148.6561
v 39.2695 349.7045 -148.6561
v 38.6113 410.4463 -148.2852
v 39.2695 349.7574 -104.6561
v 38.6113 410.4463 -148.2852
v 38.6186 409.8417 -104.2893
v 39.2695 349.7574 -104.6561
v 39.2695 349.7574 -104.6561
v 38.6186 409.8417 -104.2893
v 1.1645 349.8652 -82.6562
v 38.6186 409.8417 -104.2893
v 0.5285 408.6103 -82.2978
v 1.1645 349.8652 -82.6562
v 0.5285 408.6103 -82.2978
v -1.6208 467.4179 -81.0868
v -37.5689 407.9834 -104.3021
v -1.6208 467.4179 -81.0868
v -39.6981 466.2224 -103.1024
v -37.5689 407.9834 -104.3021
v -37.5689 407.9834 -104.3021
v -39.6981 466.2224 -103.1024
v -37.5763 408.5879 -148.2980
v -39.6981 466.2224 -103.1024
v -39.7249 467.3753 -147.0873
v -37.5763 408.5879 -148.2980
v -37.5763 408.5879 -148.2980
v -39.7249 467.3753 -147.0873
v 0.5138 409.8194 -170.2895
v -39.7249 467.3753 -147.0873
v -1.6745 469.7237 -169.0565
v 0.5138 409.8194 -170.2895
v 0.5138 409.8194 -170.2895
v -1.6745 469.7237 -169.0565
v 38.6113 410.4463 -148.2852
v -1.6745 469.7237 -169.0565
v 36.4028 470.9193 -147.0408
v 38.6113 410.4463 -148.2852
v 38.6113 410.4463 -148.2852
v 36.4028 470.9193 -147.0408
v 38.6186 409.8417 -104.2893
v 36.4028 470.9193 -147.0408
v 36.4297 469.7664 -103.0560
v 38.6186 409.8417 -104.2893
v 38.6186 409.8417 -104.2893
v 36.4297 469.7664 -103.0560
v 0.5285 408.6103 -82.2978
v 36.4297 469.7664 -103.0560
v -1.6208 467.4179 -81.0868
v 0.5285 408.6103 -82.2978
v -1.6208 467.4179 -81.0868
v -4.7580 526.4191 -79.3191
v -39.6981 466.2224 -103.1024
v -4.7580 526.4191 -79.3191
v -42.8191 524.9149 -101.3439
v -39.6981 466.2224 -103.1024
v -39.6981 466.2224 -103.1024
v -42.8191 524.9149 -101.3439
v -39.7249 467.3753 -147.0873
v -42.8191 524.9149 -101.3439
v -42.8616 526.3655 -145.3200
v -39.7249 467.3753 -147.0873
v -39.7249 467.3753 -147.0873
v -42.8616 526.3655 -145.3200
v -1.6745 469.7237 -169.0565
v -42.8616 526.3655 -145.3200
v -4.8430 529.3203 -167.2712
v -1.6745 469.7237 -169.0565
v -1.6745 469.7237 -169.0565
v -4.8430 529.3203 -167.2712
v 36.4028 470.9193 -147.0408
v -4.8430 529.3203 -167.2712
v 33.2181 530.8245 -145.2464
v 36.4028 470.9193 -147.0408
v 36.4028 470.9193 -147.0408
v 33.2181 530.8245 -145.2464
v 36.4297 469.7664 -103.0560
v 33.2181 530.8245 -145.2464
v 33.2605 529.3740 -101.2703
v 36.4297 469.7664 -103.0560
v 36.4297 469.7664 -103.0560
v 33.2605 529.3740 -101.2703
v -1.6208 467.4179 -81.0868
v 33.2605 529.3740 -101.2703
v -4.7580 526.4191 -79.3191
v -1.6208 467.4179 -81.0868
v -4.7580 526.4191 -79.3191
v -8.4503 585.5033 -77.2387
v -42.8191 524.9149 -101.3439
v -8.4503 585.5033 -77.2387
v -46.5001 583.8179 -99.2699
v -42.8191 524.9149 -101.3439
v -42.8191 524.9149 -101.3439
v -46.5001 583.8179 -99.2699
v -42.8616 526.3655 -145.3200
v -46.5001 583.8179 -99.2699
v -46.5535 585.4431 -143.2398
v -42.8616 526.3655 -145.3200
v -42.8616 526.3655 -145.3200
v -46.5535 585.4431 -143.2398
v -4.8430 529.3203 -167.2712
v -46.5535 585.4431 -143.2398
v -8.5570 588.7538 -165.1786
v -4.8430 529.3203 -167.2712
v -4.8430 529.3203 -167.2712
v -8.5570 588.7538 -165.1786
v 33.2181 530.8245 -145.2464
v -8.5570 588.7538 -165.1786
v 29.4928 590.4391 -143.1474
v 33.2181 530.8245 -145.2464
v 33.2181 530.8245 -145.2464
v 29.4928 590.4391 -143.1474
v 33.2605 529.3740 -101.2703
v 29.4928 590.4391 -143.1474
v 29.5461 588.8139 -99.1775
v 33.2605 529.3740 -101.2703
v 33.2605 529.3740 -101.2703
v 29.5461 588.8139 -99.1775
v -4.7580 526.4191 -79.3191
v 29.5461 588.8139 -99.1775
v -8.4503 585.5033 -77.2387
v -4.7580 526.4191 -79.3191
v -8.4503 585.5033 -77.2387
v -12.4738 644.6310 -74.9717
v -46.5001 583.8179 -99.2699
v -12.4738 644.6310 -74.9717
v -50.5163 642.8379 -97.0070
v -46.5001 583.8179 -99.2699
v -46.5001 583.8179 -99.2699
v -50.5163 642.8379 -97.0070
v -46.5535 585.4431 -143.2398
v -50.5163 642.8379 -97.0070
v -50.5767 644.5670 -140.9729
v -46.5535 585.4431 -143.2398
v -46.5535 585.4431 -143.2398
v -50.5767 644.5670 -140.9729
v -8.5570 588.7538 -165.1786
v -50.5767 644.5670 -140.9729
v -12.5946 648.0891 -162.9036
v -8.5570 588.7538 -165.1786
v -8.5570 588.7538 -165.1786
v -12.5946 648.0891 -162.9036
v 29.4928 590.4391 -143.1474
v -12.5946 648.0891 -162.9036
v 25.4479 649.8822 -140.8683
v 29.4928 590.4391 -143.1474
v 29.4928 590.4391 -143.1474
v 25.4479 649.8822 -140.8683
v 29.5461 588.8139 -99.1775
v 25.4479 649.8822 -140.8683
v 25.5083 648.1531 -96.9024
v 29.5461 588.8139 -99.1775
v 29.5461 588.8139 -99.1775
v 25.5083 648.1531 -96.9024
v -8.4503 585.5033 -77.2387
v 25.5083 648.1531 -96.9024
v -12.4738 644.6310 -74.9717
v -8.4503 585.5033 -77.2387
v -12.4738 644.6310 -74.9717
v -16.6881 703.7896 -72.5972
v -50.5163 642.8379 -97.0070
v -16.6881 703.7896 -72.5972
v -54.7265 701.9393 -94.6348
v -50.5163 642.8379 -97.0070
v -50.5163 642.8379 -97.0070
v -54.7265 701.9393 -94.6348
v -50.5767 644.5670 -140.9729
v -54.7265 701.9393 -94.6348
v -54.7908 703.7236 -138.5985
v -50.5767 644.5670 -140.9729
v -50.5767 644.5670 -140.9729
v -54.7908 703.7236 -138.5985
v -12.5946 648.0891 -162.9036
v -54.7908 703.7236 -138.5985
v -16.8167 707.3582 -160.5247
v -12.5946 648.0891 -162.9036
v -12.5946 648.0891 -162.9036
v -16.8167 707.3582 -160.5247
v 25.4479 649.8822 -140.8683
v -16.8167 707.3582 -160.5247
v 21.2217 709.2085 -138.4871
v 25.4479 649.8822 -140.8683
v 25.4479 649.8822 -140.8683
v 21.2217 709.2085 -138.4871
v 25.5083 648.1531 -96.9024
v 21.2217 709.2085 -138.4871
v 21.2860 707.4243 -94.5233
v 25.5083 648.1531 -96.9024
v 25.5083 648.1531 -96.9024
v 21.2860 707.4243 -94.5233
v -12.4738 644.6310 -74.9717
v 21.2860 707.4243 -94.5233
v -16.6881 703.7896 -72.5972
v -12.4738 644.6310 -74.9717
v -16.6881 703.7896 -72.5972
v -20.9897 762.9794 -70.1735
v -54.7265 701.9393 -94.6348
v -20.9897 762.9794 -70.1735
v -59.0269 761.1121 -92.2117
v -54.7265 701.9393 -94.6348
v -54.7265 701.9393 -94.6348
v -59.0269 761.1121 -92.2117
v -54.7908 703.7236 -138.5985
v -59.0269 761.1121 -92.2117
v -59.0924 762.9127 -136.1748
v -54.7908 703.7236 -138.5985
v -54.7908 703.7236 -138.5985
v -59.0924 762.9127 -136.1748
v -16.8167 707.3582 -160.5247
v -59.0924 762.9127 -136.1748
v -21.1207 766.5806 -158.0996
v -16.8167 707.3582 -160.5247
v -16.8167 707.3582 -160.5247
v -21.1207 766.5806 -158.0996
v 21.2217 709.2085 -138.4871
v -21.1207 766.5806 -158.0996
v 16.9165 768.4478 -136.0614
v 21.2217 709.2085 -138.4871
v 21.2217 709.2085 -138.4871
v 16.9165 768.4478 -136.0614
v 21.2860 707.4243 -94.5233
v 16.9165 768.4478 -136.0614
v 16.9820 766.6472 -92.0983
v 21.2860 707.4243 -94.5233
v 21.2860 707.4243 -94.5233
v 16.9820 766.6472 -92.0983
v -16.6881 703.7896 -72.5972
v 16.9820 766.6472 -92.0983
v -20.9897 762.9794 -70.1735
v -16.6881 703.7896 -72.5972
v -20.9897 762.9794 -70.1735
v -25.2894 822.2052 -67.7508
v -59.0269 761.1121 -92.2117
v -25.2894 822.2052 -67.7508
v -63.3281 820.3587 -89.7882
v -59.0269 761.1121 -92.2117
v -59.0269 761.1121 -92.2117
v -63.3281 820.3587 -89.7882
v -59.0924 762.9127 -136.1748
v -63.3281 820.3587 -89.7882
v -63.3922 822.1393 -133.7521
v -59.0924 762.9127 -136.1748
v -59.0924 762.9127 -136.1748
v -63.3922 822.1393 -133.7521
v -21.1207 766.5806 -158.0996
v -63.3922 822.1393 -133.7521
v -25.4175 825.7664 -155.6786
v -21.1207 766.5806 -158.0996
v -21.1207 766.5806 -158.0996
v -25.4175 825.7664 -155.6786
v 16.9165 768.4478 -136.0614
v -25.4175 825.7664 -155.6786
v 12.6211 827.6129 -133.6412
v 16.9165 768.4478 -136.0614
v 16.9165 768.4478 -136.0614
v 12.6211 827.6129 -133.6412
v 16.9820 766.6472 -92.0983
v 12.6211 827.6129 -133.6412
v 12.6852 825.8323 -89.6772
v 16.9820 766.6472 -92.0983
v 16.9820 766.6472 -92.0983
v 12.6852 825.8323 -89.6772
v -20.9897 762.9794 -70.1735
v 12.6852 825.8323 -89.6772
v -25.2894 822.2052 -67.7508
v -20.9897 762.9794 -70.1735
v -25.2894 822.2052 -67.7508
v -29.4980 881.4802 -65.3795
v -63.3281 820.3587 -89.7882
v -29.4980 881.4802 -65.3795
v -67.5411 879.6955 -87.4144
v -63.3281 820.3587 -89.7882
v -63.3281 820.3587 -89.7882
v -67.5411 879.6955 -87.4144
v -63.3922 822.1393 -133.7521
v -67.5411 879.6955 -87.4144
v -67.6009 881.4165 -131.3807
v -63.3922 822.1393 -133.7521
v -63.3922 822.1393 -133.7521
v -67.6009 881.4165 -131.3807
v -25.4175 825.7664 -155.6786
v -67.6009 881.4165 -131.3807
v -29.6177 884.9223 -153.3120
v -25.4175 825.7664 -155.6786
v -25.4175 825.7664 -155.6786
v -29.6177 884.9223 -153.3120
v 12.6211 827.6129 -133.6412
v -29.6177 884.9223 -153.3120
v 8.4254 886.7070 -131.2771
v 12.6211 827.6129 -133.6412
v 12.6211 827.6129 -133.6412
v 8.4254 886.7070 -131.2771
v 12.6852 825.8323 -89.6772
v 8.4254 886.7070 -131.2771
v 8.4852 884.9860 -87.3108
v 12.6852 825.8323 -89.6772
v 12.6852 825.8323 -89.6772
v 8.4852 884.9860 -87.3108
v -25.2894 822.2052 -67.7508
v 8.4852 884.9860 -87.3108
v -29.4980 881.4802 -65.3795
v -25.2894 822.2052 -67.7508
v -29.4980 881.4802 -65.3795
v -33.5099 940.8209 -63.1190
v -67.5411 879.6955 -87.4144
v -33.5099 940.8209 -63.1190
v -71.5606 939.1497 -85.1496
v -67.5411 879.6955 -87.4144
v -67.5411 879.6955 -87.4144
v -71.5606 939.1497 -85.1496
v -67.6009 881.4165 -131.3807
v -71.5606 939.1497 -85.1496
v -71.6131 940.7612 -129.1201
v -67.6009 881.4165 -131.3807
v -67.6009 881.4165 -131.3807
v -71.6131 940.7612 -129.1201
v -29.6177 884.9223 -153.3120
v -71.6131 940.7612 -129.1201
v -33.6148 944.0438 -151.0599
v -29.6177 884.9223 -153.3120
v -29.6177 884.9223 -153.3120
v -33.6148 944.0438 -151.0599
v 8.4254 886.7070 -131.2771
v -33.6148 944.0438 -151.0599
v 4.4359 945.7150 -129.0292
v 8.4254 886.7070 -131.2771
v 8.4254 886.7070 -131.2771
v 4.4359 945.7150 -129.0292
v 8.4852 884.9860 -87.3108
v 4.4359 945.7150 -129.0292
v 4.4884 944.1035 -85.0588
v 8.4852 884.9860 -87.3108
v 8.4852 884.9860 -87.3108
v 4.4884 944.1035 -85.0588
v -29.4980 881.4802 -65.3795
v 4.4884 944.1035 -85.0588
v -33.5099 940.8209 -63.1190
v -29.4980 881.4802 -65.3795
v 44.0000 230.9998 126.0000
v 44.1084 260.7289 125.6119
v 22.0000 231.0007 164.1051
v 44.1084 260.7289 125.6119
v 22.1119 261.7733 163.7047
v 22.0000 231.0007 164.1051
v 22.0000 231.0007 164.1051
v 22.1119 261.7733 163.7047
v -22.0000 231.0009 164.1051
v 22.1119 261.7733 163.7047
v -21.8872 262.0634 163.7013
v -22.0000 231.0009 164.1051
v -22.0000 231.0009 164.1051
v -21.8872 262.0634 163.7013
v -44.0000 231.0002 126.0000
v -21.8872 262.0634 163.7013
v -43.8897 261.3092 125.6051
v -44.0000 231.0002 126.0000
v -44.0000 231.0002 126.0000
v -43.8897 261.3092 125.6051
v -22.0000 230.9993 87.8949
v -43.8897 261.3092 125.6051
v -21.8931 260.2648 87.5123
v -22.0000 230.9993 87.8949
v -22.0000 230.9993 87.8949
v -21.8931 260.2648 87.5123
v 22.0000 230.9991 87.8949
v -21.8931 260.2648 87.5123
v 22.1059 259.9747 87.5157
v 22.0000 230.9991 87.8949
v 22.0000 230.9991 87.8949
v 22.1059 259.9747 87.5157
v 44.0000 230.9998 126.0000
v 22.1059 259.9747 87.5157
v 44.1084 260.7289 125.6119
v 44.0000 230.9998 126.0000
v 44.1084 260.7289 125.6119
v 44.3547 290.6208 124.7305
v 22.1119 261.7733 163.7047
v 44.3547 290.6208 124.7305
v 22.3615 292.0849 162.8114
v 22.1119 261.7733 163.7047
v 22.1119 261.7733 163.7047
v 22.3615 292.0849 162.8114
v -21.8872 262.0634 163.7013
v 22.3615 292.0849 162.8114
v -21.6366 292.4917 162.8047
v -21.8872 262.0634 163.7013
v -21.8872 262.0634 163.7013
v -21.6366 292.4917 162.8047
v -43.8897 261.3092 125.6051
v -21.6366 292.4917 162.8047
v -43.6415 291.4344 124.7170
v -43.8897 261.3092 125.6051
v -43.8897 261.3092 125.6051
v -43.6415 291.4344 124.7170
v -21.8931 260.2648 87.5123
v -43.6415 291.4344 124.7170
v -21.6483 289.9702 86.6361
v -21.8931 260.2648 87.5123
v -21.8931 260.2648 87.5123
v -21.6483 289.9702 86.6361
v 22.1059 259.9747 87.5157
v -21.6483 289.9702 86.6361
v 22.3498 289.5635 86.6429
v 22.1059 259.9747 87.5157
v 22.1059 259.9747 87.5157
v 22.3498 289.5635 86.6429
v 44.1084 260.7289 125.6119
v 22.3498 289.5635 86.6429
v 44.3547 290.6208 124.7305
v 44.1084 260.7289 125.6119
v 44.3547 290.6208 124.7305
v 44.6259 320.6739 123.7601
v 22.3615 292.0849 162.8114
v 44.6259 320.6739 123.7601
v 22.6311 321.9680 161.8463
v 22.3615 292.0849 162.8114
v 22.3615 292.0849 162.8114
v 22.6311 321.9680 161.8463
v -21.6366 292.4917 162.8047
v 22.6311 321.9680 161.8463
v -21.3674 322.3275 161.8411
v -21.6366 292.4917 162.8047
v -21.6366 292.4917 162.8047
v -21.3674 322.3275 161.8411
v -43.6415 291.4344 124.7170
v -21.3674 322.3275 161.8411
v -43.3712 321.3929 123.7496
v -43.6415 291.4344 124.7170
v -43.6415 291.4344 124.7170
v -43.3712 321.3929 123.7496
v -21.6483 289.9702 86.6361
v -43.3712 321.3929 123.7496
v -21.3765 320.0989 85.6634
v -21.6483 289.9702 86.6361
v -21.6483 289.9702 86.6361
v -21.3765 320.0989 85.6634
v 22.3498 289.5635 86.6429
v -21.3765 320.0989 85.6634
v 22.6220 319.7393 85.6687
v 22.3498 289.5635 86.6429
v 22.3498 289.5635 86.6429
v 22.6220 319.7393 85.6687
v 44.3547 290.6208 124.7305
v 22.6220 319.7393 85.6687
v 44.6259 320.6739 123.7601
v 44.3547 290.6208 124.7305
v 44.6259 320.6739 123.7601
v 44.8089 350.9037 123.1049
v 22.6311 321.9680 161.8463
v 44.8089 350.9037 123.1049
v 22.8098 351.4237 161.2070
v 22.6311 321.9680 161.8463
v 22.6311 321.9680 161.8463
v 22.8098 351.4237 161.2070
v -21.3674 322.3275 161.8411
v 22.8098 351.4237 161.2070
v -21.1900 351.5682 161.2061
v -21.3674 322.3275 161.8411
v -21.3674 322.3275 161.8411
v -21.1900 351.5682 161.2061
v -43.3712 321.3929 123.7496
v -21.1900 351.5682 161.2061
v -43.1906 351.1927 123.1032
v -43.3712 321.3929 123.7496
v -43.3712 321.3929 123.7496
v -43.1906 351.1927 123.1032
v -21.3765 320.0989 85.6634
v -43.1906 351.1927 123.1032
v -21.1914 350.6725 85.0012
v -21.3765 320.0989 85.6634
v -21.3765 320.0989 85.6634
v -21.1914 350.6725 85.0012
v 22.6220 319.7393 85.6687
v -21.1914 350.6725 85.0012
v 22.8083 350.5281 85.0020
v 22.6220 319.7393 85.6687
v 22.6220 319.7393 85.6687
v 22.8083 350.5281 85.0020
v 44.6259 320.6739 123.7601
v 22.8083 350.5281 85.0020
v 44.8089 350.9037 123.1049
v 44.6259 320.6739 123.7601
v 44.8089 350.9037 123.1049
v 44.7817 381.3255 123.2026
v 22.8098 351.4237 161.2070
v 44.7817 381.3255 123.2026
v 22.7843 380.4035 161.2981
v 22.8098 351.4237 161.2070
v 22.8098 351.4237 161.2070
v 22.7843 380.4035 161.2981
v -21.1900 351.5682 161.2061
v 22.7843 380.4035 161.2981
v -21.2149 380.1473 161.2954
v -21.1900 351.5682 161.2061
v -21.1900 351.5682 161.2061
v -21.2149 380.1473 161.2954
v -43.1906 351.1927 123.1032
v -21.2149 380.1473 161.2954
v -43.2169 380.8132 123.1972
v -43.1906 351.1927 123.1032
v -43.1906 351.1927 123.1032
v -43.2169 380.8132 123.1972
v -21.1914 350.6725 85.0012
v -43.2169 380.8132 123.1972
v -21.2195 381.7352 85.1017
v -21.1914 350.6725 85.0012
v -21.1914 350.6725 85.0012
v -21.2195 381.7352 85.1017
v 22.8083 350.5281 85.0020
v -21.2195 381.7352 85.1017
v 22.7797 381.9914 85.1044
v 22.8083 350.5281 85.0020
v 22.8083 350.5281 85.0020
v 22.7797 381.9914 85.1044
v 44.8089 350.9037 123.1049
v 22.7797 381.9914 85.1044
v 44.7817 381.3255 123.2026
v 44.8089 350.9037 123.1049
v 44.7817 381.3255 123.2026
v 44.4014 411.9315 124.5634
v 22.7843 380.4035 161.2981
v 44.4014 411.9315 124.5634
v 22.4327 408.7825 162.5564
v 22.7843 380.4035 161.2981
v 22.7843 380.4035 161.2981
v 22.4327 408.7825 162.5564
v -21.2149 380.1473 161.2954
v 22.4327 408.7825 162.5564
v -21.5585 407.9076 162.5252
v -21.2149 380.1473 161.2954
v -21.2149 380.1473 161.2954
v -21.5585 407.9076 162.5252
v -43.2169 380.8132 123.1972
v -21.5585 407.9076 162.5252
v -43.5812 410.1818 124.5011
v -43.2169 380.8132 123.1972
v -43.2169 380.8132 123.1972
v -43.5812 410.1818 124.5011
v -21.2195 381.7352 85.1017
v -43.5812 410.1818 124.5011
v -21.6125 413.3308 86.5082
v -21.2195 381.7352 85.1017
v -21.2195 381.7352 85.1017
v -21.6125 413.3308 86.5082
v 22.7797 381.9914 85.1044
v -21.6125 413.3308 86.5082
v 22.3788 414.2057 86.5393
v 22.7797 381.9914 85.1044
v 22.7797 381.9914 85.1044
v 22.3788 414.2057 86.5393
v 44.7817 381.3255 123.2026
v 22.3788 414.2057 86.5393
v 44.4014 411.9315 124.5634
v 44.7817 381.3255 123.2026
v 44.4014 411.9315 124.5634
v 43.5000 442.6047 127.7895
v 22.4327 408.7825 162.5564
v 43.5000 442.6047 127.7895
v 21.6202 436.4513 165.4645
v 22.4327 408.7825 162.5564
v 22.4327 408.7825 162.5564
v 21.6202 436.4513 165.4645
v -21.5585 407.9076 162.5252
v 21.6202 436.4513 165.4645
v -22.3465 434.7418 165.3450
v -21.5585 407.9076 162.5252
v -21.5585 407.9076 162.5252
v -22.3465 434.7418 165.3450
v -43.5812 410.1818 124.5011
v -22.3465 434.7418 165.3450
v -44.4332 439.1856 127.5505
v -43.5812 410.1818 124.5011
v -43.5812 410.1818 124.5011
v -44.4332 439.1856 127.5505
v -21.6125 413.3308 86.5082
v -44.4332 439.1856 127.5505
v -22.5534 445.3391 89.8755
v -21.6125 413.3308 86.5082
v -21.6125 413.3308 86.5082
v -22.5534 445.3391 89.8755
v 22.3788 414.2057 86.5393
v -22.5534 445.3391 89.8755
v 21.4132 447.0486 89.9949
v 22.3788 414.2057 86.5393
v 22.3788 414.2057 86.5393
v 21.4132 447.0486 89.9949
v 44.4014 411.9315 124.5634
v 21.4132 447.0486 89.9949
v 43.5000 442.6047 127.7895
v 44.4014 411.9315 124.5634
v 43.5000 442.6047 127.7895
v 42.0455 472.8630 132.9948
v 21.6202 436.4513 165.4645
v 42.0455 472.8630 132.9948
v 20.2872 464.1610 170.2352
v 21.6202 436.4513 165.4645
v 21.6202 436.4513 165.4645
v 20.2872 464.1610 170.2352
v -22.3465 434.7418 165.3450
v 20.2872 464.1610 170.2352
v -23.6457 461.7434 169.9950
v -22.3465 434.7418 165.3450
v -22.3465 434.7418 165.3450
v -23.6457 461.7434 169.9950
v -44.4332 439.1856 127.5505
v -23.6457 461.7434 169.9950
v -45.8202 468.0278 132.5143
v -44.4332 439.1856 127.5505
v -44.4332 439.1856 127.5505
v -45.8202 468.0278 132.5143
v -22.5534 445.3391 89.8755
v -45.8202 468.0278 132.5143
v -24.0618 476.7297 95.2739
v -22.5534 445.3391 89.8755
v -22.5534 445.3391 89.8755
v -24.0618 476.7297 95.2739
v 21.4132 447.0486 89.9949
v -24.0618 476.7297 95.2739
v 19.8711 479.1474 95.5142
v 21.4132 447.0486 89.9949
v 21.4132 447.0486 89.9949
v 19.8711 479.1474 95.5142
v 43.5000 442.6047 127.7895
v 19.8711 479.1474 95.5142
v 42.0455 472.8630 132.9948
v 43.5000 442.6047 127.7895
v 42.0455 472.8630 132.9948
v 40.1939 502.5740 139.6217
v 20.2872 464.1610 170.2352
v 40.1939 502.5740 139.6217
v 18.5388 492.1996 176.4922
v 20.2872 464.1610 170.2352
v 20.2872 464.1610 170.2352
v 18.5388 492.1996 176.4922
v -23.6457 461.7434 169.9950
v 18.5388 492.1996 176.4922
v -25.3653 489.3174 176.1492
v -23.6457 461.7434 169.9950
v -23.6457 461.7434 169.9950
v -25.3653 489.3174 176.1492
v -45.8202 468.0278 132.5143
v -25.3653 489.3174 176.1492
v -47.6144 496.8095 138.9357
v -45.8202 468.0278 132.5143
v -45.8202 468.0278 132.5143
v -47.6144 496.8095 138.9357
v -24.0618 476.7297 95.2739
v -47.6144 496.8095 138.9357
v -25.9594 507.1838 102.0652
v -24.0618 476.7297 95.2739
v -24.0618 476.7297 95.2739
v -25.9594 507.1838 102.0652
v 19.8711 479.1474 95.5142
v -25.9594 507.1838 102.0652
v 17.9447 510.0661 102.4082
v 19.8711 479.1474 95.5142
v 19.8711 479.1474 95.5142
v 17.9447 510.0661 102.4082
v 42.0455 472.8630 132.9948
v 17.9447 510.0661 102.4082
v 40.1939 502.5740 139.6217
v 42.0455 472.8630 132.9948
v 40.1939 502.5740 139.6217
v 38.1315 531.8093 147.0027
v 18.5388 492.1996 176.4922
v 38.1315 531.8093 147.0027
v 16.5255 520.7350 183.6979
v 18.5388 492.1996 176.4922
v 18.5388 492.1996 176.4922
v 16.5255 520.7350 183.6979
v -25.3653 489.3174 176.1492
v 16.5255 520.7350 183.6979
v -27.3651 517.6583 183.3062
v -25.3653 489.3174 176.1492
v -25.3653 489.3174 176.1492
v -27.3651 517.6583 183.3062
v -47.6144 496.8095 138.9357
v -27.3651 517.6583 183.3062
v -49.6496 525.6559 146.2193
v -47.6144 496.8095 138.9357
v -47.6144 496.8095 138.9357
v -49.6496 525.6559 146.2193
v -25.9594 507.1838 102.0652
v -49.6496 525.6559 146.2193
v -28.0435 536.7303 109.5241
v -25.9594 507.1838 102.0652
v -25.9594 507.1838 102.0652
v -28.0435 536.7303 109.5241
v 17.9447 510.0661 102.4082
v -28.0435 536.7303 109.5241
v 15.8470 539.8069 109.9158
v 17.9447 510.0661 102.4082
v 17.9447 510.0661 102.4082
v 15.8470 539.8069 109.9158
v 40.1939 502.5740 139.6217
v 15.8470 539.8069 109.9158
v 38.1315 531.8093 147.0027
v 40.1939 502.5740 139.6217
v 38.1315 531.8093 147.0027
v 36.0512 560.7289 154.4480
v 16.5255 520.7350 183.6979
v 36.0512 560.7289 154.4480
v 14.4234 549.9590 191.2209
v 16.5255 520.7350 183.6979
v 16.5255 520.7350 183.6979
v 14.4234 549.9590 191.2209
v -27.3651 517.6583 183.3062
v 14.4234 549.9590 191.2209
v -29.4732 546.9669 190.8508
v -27.3651 517.6583 183.3062
v -27.3651 517.6583 183.3062
v -29.4732 546.9669 190.8508
v -49.6496 525.6559 146.2193
v -29.4732 546.9669 190.8508
v -51.7420 554.7447 153.7078
v -49.6496 525.6559 146.2193
v -49.6496 525.6559 146.2193
v -51.7420 554.7447 153.7078
v -28.0435 536.7303 109.5241
v -51.7420 554.7447 153.7078
v -30.1142 565.5146 116.9348
v -28.0435 536.7303 109.5241
v -28.0435 536.7303 109.5241
v -30.1142 565.5146 116.9348
v 15.8470 539.8069 109.9158
v -30.1142 565.5146 116.9348
v 13.7824 568.5067 117.3049
v 15.8470 539.8069 109.9158
v 15.8470 539.8069 109.9158
v 13.7824 568.5067 117.3049
v 38.1315 531.8093 147.0027
v 13.7824 568.5067 117.3049
v 36.0512 560.7289 154.4480
v 38.1315 531.8093 147.0027
v 36.0512 560.7289 154.4480
v 34.1407 589.5177 161.2854
v 14.4234 549.9590 191.2209
v 34.1407 589.5177 161.2854
v 12.4278 580.0424 198.3632
v 14.4234 549.9590 191.2209
v 14.4234 549.9590 191.2209
v 12.4278 580.0424 198.3632
v -29.4732 546.9669 190.8508
v 12.4278 580.0424 198.3632
v -31.4925 577.4099 198.0778
v -29.4732 546.9669 190.8508
v -29.4732 546.9669 190.8508
v -31.4925 577.4099 198.0778
v -51.7420 554.7447 153.7078
v -31.4925 577.4099 198.0778
v -53.6998 584.2528 160.7146
v -51.7420 554.7447 153.7078
v -51.7420 554.7447 153.7078
v -53.6998 584.2528 160.7146
v -30.1142 565.5146 116.9348
v -53.6998 584.2528 160.7146
v -31.9868 593.7281 123.6368
v -30.1142 565.5146 116.9348
v -30.1142 565.5146 116.9348
v -31.9868 593.7281 123.6368
v 13.7824 568.5067 117.3049
v -31.9868 593.7281 123.6368
v 11.9334 596.3606 123.9222
v 13.7824 568.5067 117.3049
v 13.7824 568.5067 117.3049
v 11.9334 596.3606 123.9222
v 36.0512 560.7289 154.4480
v 11.9334 596.3606 123.9222
v 34.1407 589.5177 161.2854
v 36.0512 560.7289 154.4480
v -0.0000 231.0002 422.0000
v -0.3693 288.8899 421.6963
v -38.1051 230.9999 400.0000
v -0.3693 288.8899 421.6963
v -38.4715 288.3153 399.6987
v -38.1051 230.9999 400.0000
v -38.1051 230.9999 400.0000
v -38.4715 288.3153 399.6987
v -38.1051 230.9997 356.0000
v -38.4715 288.3153 399.6987
v -38.4696 287.9454 355.7003
v -38.1051 230.9997 356.0000
v -38.1051 230.9997 356.0000
v -38.4696 287.9454 355.7003
v 0.0000 230.9998 334.0000
v -38.4696 287.9454 355.7003
v -0.3655 288.1500 333.6994
v 0.0000 230.9998 334.0000
v 0.0000 230.9998 334.0000
v -0.3655 288.1500 333.6994
v 38.1051 231.0001 356.0000
v -0.3655 288.1500 333.6994
v 37.7367 288.7245 355.6970
v 38.1051 231.0001 356.0000
v 38.1051 231.0001 356.0000
v 37.7367 288.7245 355.6970
v 38.1051 231.0003 400.0000
v 37.7367 288.7245 355.6970
v 37.7348 289.0945 399.6955
v 38.1051 231.0003 400.0000
v 38.1051 231.0003 400.0000
v 37.7348 289.0945 399.6955
v -0.0000 231.0002 422.0000
v 37.7348 289.0945 399.6955
v -0.3693 288.8899 421.6963
v -0.0000 231.0002 422.0000
v -0.3693 288.8899 421.6963
v -0.8190 346.1330 421.3265
v -38.4715 288.3153 399.6987
v -0.8190 346.1330 421.3265
v -38.9239 345.9861 399.3266
v -38.4715 288.3153 399.6987
v -38.4715 288.3153 399.6987
v -38.9239 345.9861 399.3266
v -38.4696 287.9454 355.7003
v -38.9239 345.9861 399.3266
v -38.9238 345.8914 355.3268
v -38.4696 287.9454 355.7003
v -38.4696 287.9454 355.7003
v -38.9238 345.8914 355.3268
v -0.3655 288.1500 333.6994
v -38.9238 345.8914 355.3268
v -0.8187 345.9438 333.3267
v -0.3655 288.1500 333.6994
v -0.3655 288.1500 333.6994
v -0.8187 345.9438 333.3267
v 37.7367 288.7245 355.6970
v -0.8187 345.9438 333.3267
v 37.2862 346.0907 355.3265
v 37.7367 288.7245 355.6970
v 37.7367 288.7245 355.6970
v 37.2862 346.0907 355.3265
v 37.7348 289.0945 399.6955
v 37.2862 346.0907 355.3265
v 37.2861 346.1853 399.3264
v 37.7348 289.0945 399.6955
v 37.7348 289.0945 399.6955
v 37.2861 346.1853 399.3264
v -0.3693 288.8899 421.6963
v 37.2861 346.1853 399.3264
v -0.8190 346.1330 421.3265
v -0.3693 288.8899 421.6963
v -0.8190 346.1330 421.3265
v -0.4700 402.9949 421.6135
v -38.9239 345.9861 399.3266
v -0.4700 402.9949 421.6135
v -38.5683 403.8669 399.6190
v -38.9239 345.9861 399.3266
v -38.9239 345.9861 399.3266
v -38.5683 403.8669 399.6190
v -38.9238 345.8914 355.3268
v -38.5683 403.8669 399.6190
v -38.5640 404.4284 355.6227
v -38.9238 345.8914 355.3268
v -38.9238 345.8914 355.3268
v -38.5640 404.4284 355.6227
v -0.8187 345.9438 333.3267
v -38.5640 404.4284 355.6227
v -0.4613 404.1179 333.6207
v -0.8187 345.9438 333.3267
v -0.8187 345.9438 333.3267
v -0.4613 404.1179 333.6207
v 37.2862 346.0907 355.3265
v -0.4613 404.1179 333.6207
v 37.6371 403.2458 355.6151
v 37.2862 346.0907 355.3265
v 37.2862 346.0907 355.3265
v 37.6371 403.2458 355.6151
v 37.2861 346.1853 399.3264
v 37.6371 403.2458 355.6151
v 37.6327 402.6844 399.6115
v 37.2861 346.1853 399.3264
v 37.2861 346.1853 399.3264
v 37.6327 402.6844 399.6115
v -0.8190 346.1330 421.3265
v 37.6327 402.6844 399.6115
v -0.4700 402.9949 421.6135
v -0.8190 346.1330 421.3265
v -0.4700 402.9949 421.6135
v 0.9188 459.8889 422.7556
v -38.5683 403.8669 399.6190
v 0.9188 459.8889 422.7556
v -37.1576 461.6857 400.7793
v -38.5683 403.8669 399.6190
v -38.5683 403.8669 399.6190
v -37.1576 461.6857 400.7793
v -38.5640 404.4284 355.6227
v -37.1576 461.6857 400.7793
v -37.1391 462.8426 356.7945
v -38.5640 404.4284 355.6227
v -38.5640 404.4284 355.6227
v -37.1391 462.8426 356.7945
v -0.4613 404.1179 333.6207
v -37.1391 462.8426 356.7945
v 0.9558 462.2028 334.7861
v -0.4613 404.1179 333.6207
v -0.4613 404.1179 333.6207
v 0.9558 462.2028 334.7861
v 37.6371 403.2458 355.6151
v 0.9558 462.2028 334.7861
v 39.0322 460.4059 356.7625
v 37.6371 403.2458 355.6151
v 37.6371 403.2458 355.6151
v 39.0322 460.4059 356.7625
v 37.6327 402.6844 399.6115
v 39.0322 460.4059 356.7625
v 39.0137 459.2490 400.7472
v 37.6327 402.6844 399.6115
v 37.6327 402.6844 399.6115
v 39.0137 459.2490 400.7472
v -0.4700 402.9949 421.6135
v 39.0137 459.2490 400.7472
v 0.9188 459.8889 422.7556
v -0.4700 402.9949 421.6135
v 0.9188 459.8889 422.7556
v 3.0358 517.0119 424.4967
v -37.1576 461.6857 400.7793
v 3.0358 517.0119 424.4967
v -35.0216 519.3270 402.5359
v -37.1576 461.6857 400.7793
v -37.1576 461.6857 400.7793
v -35.0216 519.3270 402.5359
v -37.1391 462.8426 356.7945
v -35.0216 519.3270 402.5359
v -34.9908 520.8176 358.5612
v -37.1391 462.8426 356.7945
v -37.1391 462.8426 356.7945
v -34.9908 520.8176 358.5612
v 0.9558 462.2028 334.7861
v -34.9908 520.8176 358.5612
v 3.0973 519.9932 336.5472
v 0.9558 462.2028 334.7861
v 0.9558 462.2028 334.7861
v 3.0973 519.9932 336.5472
v 39.0322 460.4059 356.7625
v 3.0973 519.9932 336.5472
v 41.1547 517.6782 358.5080
v 39.0322 460.4059 356.7625
v 39.0322 460.4059 356.7625
v 41.1547 517.6782 358.5080
v 39.0137 459.2490 400.7472
v 41.1547 517.6782 358.5080
v 41.1240 516.1875 402.4827
v 39.0137 459.2490 400.7472
v 39.0137 459.2490 400.7472
v 41.1240 516.1875 402.4827
v 0.9188 459.8889 422.7556
v 41.1240 516.1875 402.4827
v 3.0358 517.0119 424.4967
v 0.9188 459.8889 422.7556
v 3.0358 517.0119 424.4967
v 5.5660 574.2448 426.5775
v -35.0216 519.3270 402.5359
v 5.5660 574.2448 426.5775
v -32.4780 576.8647 404.6277
v -35.0216 519.3270 402.5359
v -35.0216 519.3270 402.5359
v -32.4780 576.8647 404.6277
v -34.9908 520.8176 358.5612
v -32.4780 576.8647 404.6277
v -32.4386 578.5516 360.6601
v -34.9908 520.8176 358.5612
v -34.9908 520.8176 358.5612
v -32.4386 578.5516 360.6601
v 3.0973 519.9932 336.5472
v -32.4386 578.5516 360.6601
v 5.6447 577.6187 338.6422
v 3.0973 519.9932 336.5472
v 3.0973 519.9932 336.5472
v 5.6447 577.6187 338.6422
v 41.1547 517.6782 358.5080
v 5.6447 577.6187 338.6422
v 43.6887 574.9988 360.5919
v 41.1547 517.6782 358.5080
v 41.1547 517.6782 358.5080
v 43.6887 574.9988 360.5919
v 41.1240 516.1875 402.4827
v 43.6887 574.9988 360.5919
v 43.6494 573.3118 404.5595
v 41.1240 516.1875 402.4827
v 41.1240 516.1875 402.4827
v 43.6494 573.3118 404.5595
v 3.0358 517.0119 424.4967
v 43.6494 573.3118 404.5595
v 5.5660 574.2448 426.5775
v 3.0358 517.0119 424.4967
v 5.5660 574.2448 426.5775
v 8.3435 631.5387 428.8617
v -32.4780 576.8647 404.6277
v 8.3435 631.5387 428.8617
v -29.6917 634.3405 406.9192
v -32.4780 576.8647 404.6277
v -32.4780 576.8647 404.6277
v -29.6917 634.3405 406.9192
v -32.4386 578.5516 360.6601
v -29.6917 634.3405 406.9192
v -29.6467 636.1446 362.9562
v -32.4386 578.5516 360.6601
v -32.4386 578.5516 360.6601
v -29.6467 636.1446 362.9562
v 5.6447 577.6187 338.6422
v -29.6467 636.1446 362.9562
v 8.4335 635.1469 340.9357
v 5.6447 577.6187 338.6422
v 5.6447 577.6187 338.6422
v 8.4335 635.1469 340.9357
v 43.6887 574.9988 360.5919
v 8.4335 635.1469 340.9357
v 46.4688 632.3450 362.8782
v 43.6887 574.9988 360.5919
v 43.6887 574.9988 360.5919
v 46.4688 632.3450 362.8782
v 43.6494 573.3118 404.5595
v 46.4688 632.3450 362.8782
v 46.4237 630.5410 406.8412
v 43.6494 573.3118 404.5595
v 43.6494 573.3118 404.5595
v 46.4237 630.5410 406.8412
v 5.5660 574.2448 426.5775
v 46.4237 630.5410 406.8412
v 8.3435 631.5387 428.8617
v 5.5660 574.2448 426.5775
v 8.3435 631.5387 428.8617
v 11.2645 688.8738 431.2638
v -29.6917 634.3405 406.9192
v 11.2645 688.8738 431.2638
v -26.7658 691.7734 409.3254
v -29.6917 634.3405 406.9192
v -29.6917 634.3405 406.9192
v -26.7658 691.7734 409.3254
v -29.6467 636.1446 362.9562
v -26.7658 691.7734 409.3254
v -26.7176 693.6405 365.3651
v -29.6467 636.1446 362.9562
v -29.6467 636.1446 362.9562
v -26.7176 693.6405 365.3651
v 8.4335 635.1469 340.9357
v -26.7176 693.6405 365.3651
v 11.3609 692.6079 343.3431
v 8.4335 635.1469 340.9357
v 8.4335 635.1469 340.9357
v 11.3609 692.6079 343.3431
v 46.4688 632.3450 362.8782
v 11.3609 692.6079 343.3431
v 49.3911 689.7083 365.2816
v 46.4688 632.3450 362.8782
v 46.4688 632.3450 362.8782
v 49.3911 689.7083 365.2816
v 46.4237 630.5410 406.8412
v 49.3911 689.7083 365.2816
v 49.3429 687.8412 409.2419
v 46.4237 630.5410 406.8412
v 46.4237 630.5410 406.8412
v 49.3429 687.8412 409.2419
v 8.3435 631.5387 428.8617
v 49.3429 687.8412 409.2419
v 11.2645 688.8738 431.2638
v 8.3435 631.5387 428.8617
v 11.2645 688.8738 431.2638
v 14.2525 746.2463 433.7212
v -26.7658 691.7734 409.3254
v 14.2525 746.2463 433.7212
v -23.7761 749.1768 411.7841
v -26.7658 691.7734 409.3254
v -26.7658 691.7734 409.3254
v -23.7761 749.1768 411.7841
v -26.7176 693.6405 365.3651
v -23.7761 749.1768 411.7841
v -23.7269 751.0636 367.8246
v -26.7176 693.6405 365.3651
v -26.7176 693.6405 365.3651
v -23.7269 751.0636 367.8246
v 11.3609 692.6079 343.3431
v -23.7269 751.0636 367.8246
v 14.3510 750.0201 345.8022
v 11.3609 692.6079 343.3431
v 11.3609 692.6079 343.3431
v 14.3510 750.0201 345.8022
v 49.3911 689.7083 365.2816
v 14.3510 750.0201 345.8022
v 52.3796 747.0897 367.7393
v 49.3911 689.7083 365.2816
v 49.3911 689.7083 365.2816
v 52.3796 747.0897 367.7393
v 49.3429 687.8412 409.2419
v 52.3796 747.0897 367.7393
v 52.3304 745.2028 411.6988
v 49.3429 687.8412 409.2419
v 49.3429 687.8412 409.2419
v 52.3304 745.2028 411.6988
v 11.2645 688.8738 431.2638
v 52.3304 745.2028 411.6988
v 14.2525 746.2463 433.7212
v 11.2645 688.8738 431.2638
v 14.2525 746.2463 433.7212
v 17.2423 803.6595 436.1800
v -23.7761 749.1768 411.7841
v 17.2423 803.6595 436.1800
v -20.7879 806.5584 414.2416
v -23.7761 749.1768 411.7841
v -23.7761 749.1768 411.7841
v -20.7879 806.5584 414.2416
v -23.7269 751.0636 367.8246
v -20.7879 806.5584 414.2416
v -20.7397 808.4250 370.2812
v -23.7269 751.0636 367.8246
v -23.7269 751.0636 367.8246
v -20.7397 808.4250 370.2812
v 14.3510 750.0201 345.8022
v -20.7397 808.4250 370.2812
v 17.3387 807.3927 348.2593
v 14.3510 750.0201 345.8022
v 14.3510 750.0201 345.8022
v 17.3387 807.3927 348.2593
v 52.3796 747.0897 367.7393
v 17.3387 807.3927 348.2593
v 55.3690 804.4938 370.1977
v 52.3796 747.0897 367.7393
v 52.3796 747.0897 367.7393
v 55.3690 804.4938 370.1977
v 52.3304 745.2028 411.6988
v 55.3690 804.4938 370.1977
v 55.3208 802.6271 414.1581
v 52.3304 745.2028 411.6988
v 52.3304 745.2028 411.6988
v 55.3208 802.6271 414.1581
v 14.2525 746.2463 433.7212
v 55.3208 802.6271 414.1581
v 17.2423 803.6595 436.1800
v 14.2525 746.2463 433.7212
v 17.2423 803.6595 436.1800
v 20.1686 861.1215 438.5865
v -20.7879 806.5584 414.2416
v 20.1686 861.1215 438.5865
v -17.8667 863.9218 416.6440
v -20.7879 806.5584 414.2416
v -20.7879 806.5584 414.2416
v -17.8667 863.9218 416.6440
v -20.7397 808.4250 370.2812
v -17.8667 863.9218 416.6440
v -17.8217 865.7249 372.6810
v -20.7397 808.4250 370.2812
v -20.7397 808.4250 370.2812
v -17.8217 865.7249 372.6810
v 17.3387 807.3927 348.2593
v -17.8217 865.7249 372.6810
v 20.2586 864.7277 350.6605
v 17.3387 807.3927 348.2593
v 17.3387 807.3927 348.2593
v 20.2586 864.7277 350.6605
v 55.3690 804.4938 370.1977
v 20.2586 864.7277 350.6605
v 58.2938 861.9274 372.6031
v 55.3690 804.4938 370.1977
v 55.3690 804.4938 370.1977
v 58.2938 861.9274 372.6031
v 55.3208 802.6271 414.1581
v 58.2938 861.9274 372.6031
v 58.2489 860.1243 416.5661
v 55.3208 802.6271 414.1581
v 55.3208 802.6271 414.1581
v 58.2489 860.1243 416.5661
v 17.2423 803.6595 436.1800
v 58.2489 860.1243 416.5661
v 20.1686 861.1215 438.5865
v 17.2423 803.6595 436.1800
v 20.1686 861.1215 438.5865
v 22.9552 918.6469 440.8783
v -17.8667 863.9218 416.6440
v 22.9552 918.6469 440.8783
v -15.0889 921.2643 418.9284
v -17.8667 863.9218 416.6440
v -17.8667 863.9218 416.6440
v -15.0889 921.2643 418.9284
v -17.8217 865.7249 372.6810
v -15.0889 921.2643 418.9284
v -15.0496 922.9498 374.9608
v -17.8217 865.7249 372.6810
v -17.8217 865.7249 372.6810
v -15.0496 922.9498 374.9608
v 20.2586 864.7277 350.6605
v -15.0496 922.9498 374.9608
v 23.0338 922.0176 352.9429
v 20.2586 864.7277 350.6605
v 20.2586 864.7277 350.6605
v 23.0338 922.0176 352.9429
v 58.2938 861.9274 372.6031
v 23.0338 922.0176 352.9429
v 61.0779 919.4001 374.8927
v 58.2938 861.9274 372.6031
v 58.2938 861.9274 372.6031
v 61.0779 919.4001 374.8927
v 58.2489 860.1243 416.5661
v 61.0779 919.4001 374.8927
v 61.0386 917.7147 418.8604
v 58.2489 860.1243 416.5661
v 58.2489 860.1243 416.5661
v 61.0386 917.7147 418.8604
v 20.1686 861.1215 438.5865
v 61.0386 917.7147 418.8604
v 22.9552 918.6469 440.8783
v 20.1686 861.1215 438.5865
v 0.0000 230.9997 674.0000
v -0.3937 262.9718 674.1656
v -38.1051 230.9991 652.0000
v -0.3937 262.9718 674.1656
v -38.4917 262.3333 652.1626
v -38.1051 230.9991 652.0000
v -38.1051 230.9991 652.0000
v -38.4917 262.3333 652.1626
v -38.1051 230.9995 608.0000
v -38.4917 262.3333 652.1626
v -38.4963 262.7429 608.1646
v -38.1051 230.9995 608.0000
v -38.1051 230.9995 608.0000
v -38.4963 262.7429 608.1646
v -0.0000 231.0003 586.0000
v -38.4963 262.7429 608.1646
v -0.4028 263.7910 586.1694
v -0.0000 231.0003 586.0000
v -0.0000 231.0003 586.0000
v -0.4028 263.7910 586.1694
v 38.1051 231.0009 608.0000
v -0.4028 263.7910 586.1694
v 37.6953 264.4295 608.1724
v 38.1051 231.0009 608.0000
v 38.1051 231.0009 608.0000
v 37.6953 264.4295 608.1724
v 38.1051 231.0005 652.0000
v 37.6953 264.4295 608.1724
v 37.6998 264.0200 652.1705
v 38.1051 231.0005 652.0000
v 38.1051 231.0005 652.0000
v 37.6998 264.0200 652.1705
v 0.0000 230.9997 674.0000
v 37.6998 264.0200 652.1705
v -0.3937 262.9718 674.1656
v 0.0000 230.9997 674.0000
v -0.3937 262.9718 674.1656
v -1.2685 295.2024 674.5336
v -38.4917 262.3333 652.1626
v -1.2685 295.2024 674.5336
v -39.3608 294.3448 652.5282
v -38.4917 262.3333 652.1626
v -38.4917 262.3333 652.1626
v -39.3608 294.3448 652.5282
v -38.4963 262.7429 608.1646
v -39.3608 294.3448 652.5282
v -39.3690 294.8949 608.5316
v -38.4963 262.7429 608.1646
v -38.4963 262.7429 608.1646
v -39.3690 294.8949 608.5316
v -0.4028 263.7910 586.1694
v -39.3690 294.8949 608.5316
v -1.2848 296.3026 586.5404
v -0.4028 263.7910 586.1694
v -0.4028 263.7910 586.1694
v -1.2848 296.3026 586.5404
v 37.6953 264.4295 608.1724
v -1.2848 296.3026 586.5404
v 36.8076 297.1601 608.5458
v 37.6953 264.4295 608.1724
v 37.6953 264.4295 608.1724
v 36.8076 297.1601 608.5458
v 37.6998 264.0200 652.1705
v 36.8076 297.1601 608.5458
v 36.8157 296.6100 652.5424
v 37.6998 264.0200 652.1705
v 37.6998 264.0200 652.1705
v 36.8157 296.6100 652.5424
v -0.3937 262.9718 674.1656
v 36.8157 296.6100 652.5424
v -1.2685 295.2024 674.5336
v -0.3937 262.9718 674.1656
v -1.2685 295.2024 674.5336
v -2.1641 327.6975 674.9103
v -39.3608 294.3448 652.5282
v -2.1641 327.6975 674.9103
v -40.2616 327.0340 652.9070
v -39.3608 294.3448 652.5282
v -39.3608 294.3448 652.5282
v -40.2616 327.0340 652.9070
v -39.3690 294.8949 608.5316
v -40.2616 327.0340 652.9070
v -40.2665 327.4596 608.9091
v -39.3690 294.8949 608.5316
v -39.3690 294.8949 608.5316
v -40.2665 327.4596 608.9091
v -1.2848 296.3026 586.5404
v -40.2665 327.4596 608.9091
v -2.1739 328.5487 586.9144
v -1.2848 296.3026 586.5404
v -1.2848 296.3026 586.5404
v -2.1739 328.5487 586.9144
v 36.8076 297.1601 608.5458
v -2.1739 328.5487 586.9144
v 35.9236 329.2121 608.9176
v 36.8076 297.1601 608.5458
v 36.8076 297.1601 608.5458
v 35.9236 329.2121 608.9176
v 36.8157 296.6100 652.5424
v 35.9236 329.2121 608.9176
v 35.9285 328.7865 652.9155
v 36.8157 296.6100 652.5424
v 36.8157 296.6100 652.5424
v 35.9285 328.7865 652.9155
v -1.2685 295.2024 674.5336
v 35.9285 328.7865 652.9155
v -2.1641 327.6975 674.9103
v -1.2685 295.2024 674.5336
v -2.1641 327.6975 674.9103
v -2.6095 360.4716 675.0976
v -40.2616 327.0340 652.9070
v -2.6095 360.4716 675.0976
v -40.7145 360.4210 653.0976
v -40.2616 327.0340 652.9070
v -40.2616 327.0340 652.9070
v -40.7145 360.4210 653.0976
v -40.2665 327.4596 608.9091
v -40.7145 360.4210 653.0976
v -40.7146 360.4534 609.0976
v -40.2665 327.4596 608.9091
v -40.2665 327.4596 608.9091
v -40.7146 360.4534 609.0976
v -2.1739 328.5487 586.9144
v -40.7146 360.4534 609.0976
v -2.6095 360.5364 587.0976
v -2.1739 328.5487 586.9144
v -2.1739 328.5487 586.9144
v -2.6095 360.5364 587.0976
v 35.9236 329.2121 608.9176
v -2.6095 360.5364 587.0976
v 35.4955 360.5870 609.0977
v 35.9236 329.2121 608.9176
v 35.9236 329.2121 608.9176
v 35.4955 360.5870 609.0977
v 35.9285 328.7865 652.9155
v 35.4955 360.5870 609.0977
v 35.4956 360.5546 653.0977
v 35.9285 328.7865 652.9155
v 35.9285 328.7865 652.9155
v 35.4956 360.5546 653.0977
v -2.1641 327.6975 674.9103
v 35.4956 360.5546 653.0977
v -2.6095 360.4716 675.0976
v -2.1641 327.6975 674.9103
v -2.6095 360.4716 675.0976
v -2.1091 393.5217 674.8871
v -40.7145 360.4210 653.0976
v -2.1091 393.5217 674.8871
v -40.1970 394.5179 652.8799
v -40.7145 360.4210 653.0976
v -40.7145 360.4210 653.0976
v -40.1970 394.5179 652.8799
v -40.7146 360.4534 609.0976
v -40.1970 394.5179 652.8799
v -40.2081 393.8789 608.8846
v -40.7146 360.4534 609.0976
v -40.7146 360.4534 609.0976
v -40.2081 393.8789 608.8846
v -2.6095 360.5364 587.0976
v -40.2081 393.8789 608.8846
v -2.1312 392.2436 586.8964
v -2.6095 360.5364 587.0976
v -2.6095 360.5364 587.0976
v -2.1312 392.2436 586.8964
v 35.4955 360.5870 609.0977
v -2.1312 392.2436 586.8964
v 35.9567 391.2474 608.9037
v 35.4955 360.5870 609.0977
v 35.4955 360.5870 609.0977
v 35.9567 391.2474 608.9037
v 35.4956 360.5546 653.0977
v 35.9567 391.2474 608.9037
v 35.9677 391.8864 652.8990
v 35.4956 360.5546 653.0977
v 35.4956 360.5546 653.0977
v 35.9677 391.8864 652.8990
v -2.6095 360.4716 675.0976
v 35.9677 391.8864 652.8990
v -2.1091 393.5217 674.8871
v -2.6095 360.4716 675.0976
v -2.1091 393.5217 674.8871
v -0.1356 426.7953 674.0571
v -40.1970 394.5179 652.8799
v -0.1356 426.7953 674.0571
v -38.1329 429.2872 652.0117
v -40.1970 394.5179 652.8799
v -40.1970 394.5179 652.8799
v -38.1329 429.2872 652.0117
v -40.2081 393.8789 608.8846
v -38.1329 429.2872 652.0117
v -38.2021 427.6887 608.0408
v -40.2081 393.8789 608.8846
v -40.2081 393.8789 608.8846
v -38.2021 427.6887 608.0408
v -2.1312 392.2436 586.8964
v -38.2021 427.6887 608.0408
v -0.2740 423.5982 586.1152
v -2.1312 392.2436 586.8964
v -2.1312 392.2436 586.8964
v -0.2740 423.5982 586.1152
v 35.9567 391.2474 608.9037
v -0.2740 423.5982 586.1152
v 37.7233 421.1063 608.1606
v 35.9567 391.2474 608.9037
v 35.9567 391.2474 608.9037
v 37.7233 421.1063 608.1606
v 35.9677 391.8864 652.8990
v 37.7233 421.1063 608.1606
v 37.7924 422.7048 652.1315
v 35.9677 391.8864 652.8990
v 35.9677 391.8864 652.8990
v 37.7924 422.7048 652.1315
v -2.1091 393.5217 674.8871
v 37.7924 422.7048 652.1315
v -0.1356 426.7953 674.0571
v -2.1091 393.5217 674.8871
v -0.1356 426.7953 674.0571
v 3.6931 459.9258 672.4466
v -38.1329 429.2872 652.0117
v 3.6931 459.9258 672.4466
v -34.1256 463.9794 650.3261
v -38.1329 429.2872 652.0117
v -38.1329 429.2872 652.0117
v -34.1256 463.9794 650.3261
v -38.2021 427.6887 608.0408
v -34.1256 463.9794 650.3261
v -34.3093 461.3791 606.4034
v -38.2021 427.6887 608.0408
v -38.2021 427.6887 608.0408
v -34.3093 461.3791 606.4034
v -0.2740 423.5982 586.1152
v -34.3093 461.3791 606.4034
v 3.3256 454.7251 584.6012
v -0.2740 423.5982 586.1152
v -0.2740 423.5982 586.1152
v 3.3256 454.7251 584.6012
v 37.7233 421.1063 608.1606
v 3.3256 454.7251 584.6012
v 41.1443 450.6715 606.7217
v 37.7233 421.1063 608.1606
v 37.7233 421.1063 608.1606
v 41.1443 450.6715 606.7217
v 37.7924 422.7048 652.1315
v 41.1443 450.6715 606.7217
v 41.3280 453.2718 650.6444
v 37.7924 422.7048 652.1315
v 37.7924 422.7048 652.1315
v 41.3280 453.2718 650.6444
v -0.1356 426.7953 674.0571
v 41.3280 453.2718 650.6444
v 3.6931 459.9258 672.4466
v -0.1356 426.7953 674.0571
v 3.6931 459.9258 672.4466
v 9.0261 492.5240 670.2034
v -34.1256 463.9794 650.3261
v 9.0261 492.5240 670.2034
v -28.6119 497.6907 648.0070
v -34.1256 463.9794 650.3261
v -34.1256 463.9794 650.3261
v -28.6119 497.6907 648.0070
v -34.3093 461.3791 606.4034
v -28.6119 497.6907 648.0070
v -28.9116 494.3764 604.1330
v -34.3093 461.3791 606.4034
v -34.3093 461.3791 606.4034
v -28.9116 494.3764 604.1330
v 3.3256 454.7251 584.6012
v -28.9116 494.3764 604.1330
v 8.4269 485.8953 582.4554
v 3.3256 454.7251 584.6012
v 3.3256 454.7251 584.6012
v 8.4269 485.8953 582.4554
v 41.1443 450.6715 606.7217
v 8.4269 485.8953 582.4554
v 46.0649 480.7286 604.6519
v 41.1443 450.6715 606.7217
v 41.1443 450.6715 606.7217
v 46.0649 480.7286 604.6519
v 41.3280 453.2718 650.6444
v 46.0649 480.7286 604.6519
v 46.3645 484.0429 648.5259
v 41.3280 453.2718 650.6444
v 41.3280 453.2718 650.6444
v 46.3645 484.0429 648.5259
v 3.6931 459.9258 672.4466
v 46.3645 484.0429 648.5259
v 9.0261 492.5240 670.2034
v 3.6931 459.9258 672.4466
v 9.0261 492.5240 670.2034
v 15.3234 524.6253 667.5546
v -28.6119 497.6907 648.0070
v 15.3234 524.6253 667.5546
v -22.1850 530.4571 645.3036
v -28.6119 497.6907 648.0070
v -28.6119 497.6907 648.0070
v -22.1850 530.4571 645.3036
v -28.9116 494.3764 604.1330
v -22.1850 530.4571 645.3036
v -22.5678 526.7162 601.4646
v -28.9116 494.3764 604.1330
v -28.9116 494.3764 604.1330
v -22.5678 526.7162 601.4646
v 8.4269 485.8953 582.4554
v -22.5678 526.7162 601.4646
v 14.5580 517.1435 579.8766
v 8.4269 485.8953 582.4554
v 8.4269 485.8953 582.4554
v 14.5580 517.1435 579.8766
v 46.0649 480.7286 604.6519
v 14.5580 517.1435 579.8766
v 52.0664 511.3117 602.1276
v 46.0649 480.7286 604.6519
v 46.0649 480.7286 604.6519
v 52.0664 511.3117 602.1276
v 46.3645 484.0429 648.5259
v 52.0664 511.3117 602.1276
v 52.4492 515.0527 645.9666
v 46.3645 484.0429 648.5259
v 46.3645 484.0429 648.5259
v 52.4492 515.0527 645.9666
v 9.0261 492.5240 670.2034
v 52.4492 515.0527 645.9666
v 15.3234 524.6253 667.5546
v 9.0261 492.5240 670.2034
v 15.3234 524.6253 667.5546
v 22.0681 556.3261 664.7177
v -22.1850 530.4571 645.3036
v 22.0681 556.3261 664.7177
v -15.3924 562.3846 642.4465
v -22.1850 530.4571 645.3036
v -22.1850 530.4571 645.3036
v -15.3924 562.3846 642.4465
v -22.5678 526.7162 601.4646
v -15.3924 562.3846 642.4465
v -15.8059 558.4982 598.6204
v -22.5678 526.7162 601.4646
v -22.5678 526.7162 601.4646
v -15.8059 558.4982 598.6204
v 14.5580 517.1435 579.8766
v -15.8059 558.4982 598.6204
v 21.2411 548.5533 577.0655
v 14.5580 517.1435 579.8766
v 14.5580 517.1435 579.8766
v 21.2411 548.5533 577.0655
v 52.0664 511.3117 602.1276
v 21.2411 548.5533 577.0655
v 58.7017 542.4949 599.3366
v 52.0664 511.3117 602.1276
v 52.0664 511.3117 602.1276
v 58.7017 542.4949 599.3366
v 52.4492 515.0527 645.9666
v 58.7017 542.4949 599.3366
v 59.1152 546.3812 643.1627
v 52.4492 515.0527 645.9666
v 52.4492 515.0527 645.9666
v 59.1152 546.3812 643.1627
v 15.3234 524.6253 667.5546
v 59.1152 546.3812 643.1627
v 22.0681 556.3261 664.7177
v 15.3234 524.6253 667.5546
v 22.0681 556.3261 664.7177
v 28.7651 587.7460 661.9008
v -15.3924 562.3846 642.4465
v 28.7651 587.7460 661.9008
v -8.7393 593.5976 639.6481
v -15.3924 562.3846 642.4465
v -15.3924 562.3846 642.4465
v -8.7393 593.5976 639.6481
v -15.8059 558.4982 598.6204
v -8.7393 593.5976 639.6481
v -9.1247 589.8439 595.8102
v -15.8059 558.4982 598.6204
v -15.8059 558.4982 598.6204
v -9.1247 589.8439 595.8102
v 21.2411 548.5533 577.0655
v -9.1247 589.8439 595.8102
v 27.9943 580.2386 574.2250
v 21.2411 548.5533 577.0655
v 21.2411 548.5533 577.0655
v 27.9943 580.2386 574.2250
v 58.7017 542.4949 599.3366
v 27.9943 580.2386 574.2250
v 65.4986 574.3870 596.4777
v 58.7017 542.4949 599.3366
v 58.7017 542.4949 599.3366
v 65.4986 574.3870 596.4777
v 59.1152 546.3812 643.1627
v 65.4986 574.3870 596.4777
v 65.8840 578.1406 640.3156
v 59.1152 546.3812 643.1627
v 59.1152 546.3812 643.1627
v 65.8840 578.1406 640.3156
v 22.0681 556.3261 664.7177
v 65.8840 578.1406 640.3156
v 28.7651 587.7460 661.9008
v 22.0681 556.3261 664.7177
v 28.7651 587.7460 661.9008
v 34.9319 618.9997 659.3068
v -8.7393 593.5976 639.6481
v 34.9319 618.9997 659.3068
v -2.6987 624.2070 637.1072
v -8.7393 593.5976 639.6481
v -8.7393 593.5976 639.6481
v -2.6987 624.2070 637.1072
v -9.1247 589.8439 595.8102
v -2.6987 624.2070 637.1072
v -3.0030 620.8666 593.2353
v -9.1247 589.8439 595.8102
v -9.1247 589.8439 595.8102
v -3.0030 620.8666 593.2353
v 27.9943 580.2386 574.2250
v -3.0030 620.8666 593.2353
v 34.3231 612.3189 571.5629
v 27.9943 580.2386 574.2250
v 27.9943 580.2386 574.2250
v 34.3231 612.3189 571.5629
v 65.4986 574.3870 596.4777
v 34.3231 612.3189 571.5629
v 71.9537 607.1115 593.7625
v 65.4986 574.3870 596.4777
v 65.4986 574.3870 596.4777
v 71.9537 607.1115 593.7625
v 65.8840 578.1406 640.3156
v 71.9537 607.1115 593.7625
v 72.2581 610.4519 637.6345
v 65.8840 578.1406 640.3156
v 65.8840 578.1406 640.3156
v 72.2581 610.4519 637.6345
v 28.7651 587.7460 661.9008
v 72.2581 610.4519 637.6345
v 34.9319 618.9997 659.3068
v 28.7651 587.7460 661.9008
v 210.0000 230.9998 -586.0000
v 210.4313 290.5836 -585.6275
v 171.8949 231.0001 -608.0000
v 210.4313 290.5836 -585.6275
v 172.3299 291.2315 -607.6243
v 171.8949 231.0001 -608.0000
v 171.8949 231.0001 -608.0000
v 172.3299 291.2315 -607.6243
v 171.8949 231.0004 -652.0000
v 172.3299 291.2315 -607.6243
v 172.3323 291.6627 -651.6222
v 171.8949 231.0004 -652.0000
v 171.8949 231.0004 -652.0000
v 172.3323 291.6627 -651.6222
v 210.0000 231.0002 -674.0000
v 172.3323 291.6627 -651.6222
v 210.4362 291.4459 -673.6232
v 210.0000 231.0002 -674.0000
v 210.0000 231.0002 -674.0000
v 210.4362 291.4459 -673.6232
v 248.1051 230.9999 -652.0000
v 210.4362 291.4459 -673.6232
v 248.5376 290.7980 -651.6264
v 248.1051 230.9999 -652.0000
v 248.1051 230.9999 -652.0000
v 248.5376 290.7980 -651.6264
v 248.1051 230.9996 -608.0000
v 248.5376 290.7980 -651.6264
v 248.5352 290.3669 -607.6285
v 248.1051 230.9996 -608.0000
v 248.1051 230.9996 -608.0000
v 248.5352 290.3669 -607.6285
v 210.0000 230.9998 -586.0000
v 248.5352 290.3669 -607.6285
v 210.4313 290.5836 -585.6275
v 210.0000 230.9998 -586.0000
v 210.4313 290.5836 -585.6275
v 210.9106 350.9800 -585.2136
v 172.3299 291.2315 -607.6243
v 210.9106 350.9800 -585.2136
v 172.8055 351.0521 -607.2135
v 172.3299 291.2315 -607.6243
v 172.3299 291.2315 -607.6243
v 172.8055 351.0521 -607.2135
v 172.3323 291.6627 -651.6222
v 172.8055 351.0521 -607.2135
v 172.8055 351.1000 -651.2135
v 172.3323 291.6627 -651.6222
v 172.3323 291.6627 -651.6222
v 172.8055 351.1000 -651.2135
v 210.4362 291.4459 -673.6232
v 172.8055 351.1000 -651.2135
v 210.9106 351.0759 -673.2135
v 210.4362 291.4459 -673.6232
v 210.4362 291.4459 -673.6232
v 210.9106 351.0759 -673.2135
v 248.5376 290.7980 -651.6264
v 210.9106 351.0759 -673.2135
v 249.0157 351.0039 -651.2136
v 248.5376 290.7980 -651.6264
v 248.5376 290.7980 -651.6264
v 249.0157 351.0039 -651.2136
v 248.5352 290.3669 -607.6285
v 249.0157 351.0039 -651.2136
v 249.0157 350.9560 -607.2136
v 248.5352 290.3669 -607.6285
v 248.5352 290.3669 -607.6285
v 249.0157 350.9560 -607.2136
v 210.4313 290.5836 -585.6275
v 249.0157 350.9560 -607.2136
v 210.9106 350.9800 -585.2136
v 210.4313 290.5836 -585.6275
v 210.9106 350.9800 -585.2136
v 210.3631 411.7871 -585.6863
v 172.8055 351.0521 -607.2135
v 210.3631 411.7871 -585.6863
v 172.2690 410.6651 -607.6768
v 172.8055 351.0521 -607.2135
v 172.8055 351.0521 -607.2135
v 172.2690 410.6651 -607.6768
v 172.8055 351.1000 -651.2135
v 172.2690 410.6651 -607.6768
v 172.2764 409.9185 -651.6705
v 172.8055 351.1000 -651.2135
v 172.8055 351.1000 -651.2135
v 172.2764 409.9185 -651.6705
v 210.9106 351.0759 -673.2135
v 172.2764 409.9185 -651.6705
v 210.3778 410.2939 -673.6737
v 210.9106 351.0759 -673.2135
v 210.9106 351.0759 -673.2135
v 210.3778 410.2939 -673.6737
v 249.0157 351.0039 -651.2136
v 210.3778 410.2939 -673.6737
v 248.4719 411.4158 -651.6832
v 249.0157 351.0039 -651.2136
v 249.0157 351.0039 -651.2136
v 248.4719 411.4158 -651.6832
v 249.0157 350.9560 -607.2136
v 248.4719 411.4158 -651.6832
v 248.4646 412.1624 -607.6896
v 249.0157 350.9560 -607.2136
v 249.0157 350.9560 -607.2136
v 248.4646 412.1624 -607.6896
v 210.9106 350.9800 -585.2136
v 248.4646 412.1624 -607.6896
v 210.3631 411.7871 -585.6863
v 210.9106 350.9800 -585.2136
v 210.3631 411.7871 -585.6863
v 208.6054 472.4006 -587.2045
v 172.2690 410.6651 -607.6768
v 208.6054 472.4006 -587.2045
v 170.5386 470.3096 -609.1714
v 172.2690 410.6651 -607.6768
v 172.2690 410.6651 -607.6768
v 170.5386 470.3096 -609.1714
v 172.2764 409.9185 -651.6705
v 170.5386 470.3096 -609.1714
v 170.5641 468.9181 -653.1494
v 172.2764 409.9185 -651.6705
v 172.2764 409.9185 -651.6705
v 170.5641 468.9181 -653.1494
v 210.3778 410.2939 -673.6737
v 170.5641 468.9181 -653.1494
v 208.6564 469.6176 -675.1605
v 210.3778 410.2939 -673.6737
v 210.3778 410.2939 -673.6737
v 208.6564 469.6176 -675.1605
v 248.4719 411.4158 -651.6832
v 208.6564 469.6176 -675.1605
v 246.7232 471.7086 -653.1935
v 248.4719 411.4158 -651.6832
v 248.4719 411.4158 -651.6832
v 246.7232 471.7086 -653.1935
v 248.4646 412.1624 -607.6896
v 246.7232 471.7086 -653.1935
v 246.6977 473.1002 -609.2156
v 248.4646 412.1624 -607.6896
v 248.4646 412.1624 -607.6896
v 246.6977 473.1002 -609.2156
v 210.3631 411.7871 -585.6863
v 246.6977 473.1002 -609.2156
v 208.6054 472.4006 -587.2045
v 210.3631 411.7871 -585.6863
v 208.6054 472.4006 -587.2045
v 206.0931 532.6787 -589.3744
v 170.5386 470.3096 -609.1714
v 206.0931 532.6787 -589.3744
v 168.0478 530.0654 -611.3227
v 170.5386 470.3096 -609.1714
v 170.5386 470.3096 -609.1714
v 168.0478 530.0654 -611.3227
v 170.5641 468.9181 -653.1494
v 168.0478 530.0654 -611.3227
v 168.0876 528.3263 -655.2883
v 170.5641 468.9181 -653.1494
v 170.5641 468.9181 -653.1494
v 168.0876 528.3263 -655.2883
v 208.6564 469.6176 -675.1605
v 168.0876 528.3263 -655.2883
v 206.1727 529.2006 -677.3055
v 208.6564 469.6176 -675.1605
v 208.6564 469.6176 -675.1605
v 206.1727 529.2006 -677.3055
v 246.7232 471.7086 -653.1935
v 206.1727 529.2006 -677.3055
v 244.2180 531.8138 -655.3572
v 246.7232 471.7086 -653.1935
v 246.7232 471.7086 -653.1935
v 244.2180 531.8138 -655.3572
v 246.6977 473.1002 -609.2156
v 244.2180 531.8138 -655.3572
v 244.1782 533.5529 -611.3917
v 246.6977 473.1002 -609.2156
v 246.6977 473.1002 -609.2156
v 244.1782 533.5529 -611.3917
v 208.6054 472.4006 -587.2045
v 244.1782 533.5529 -611.3917
v 206.0931 532.6787 -589.3744
v 208.6054 472.4006 -587.2045
v 206.0931 532.6787 -589.3744
v 203.1620 592.7754 -591.9059
v 168.0478 530.0654 -611.3227
v 203.1620 592.7754 -591.9059
v 165.1316 589.8557 -613.8414
v 168.0478 530.0654 -611.3227
v 168.0478 530.0654 -611.3227
v 165.1316 589.8557 -613.8414
v 168.0876 528.3263 -655.2883
v 165.1316 589.8557 -613.8414
v 165.1814 587.9127 -657.7984
v 168.0876 528.3263 -655.2883
v 168.0876 528.3263 -655.2883
v 165.1814 587.9127 -657.7984
v 206.1727 529.2006 -677.3055
v 165.1814 587.9127 -657.7984
v 203.2615 588.8894 -679.8200
v 206.1727 529.2006 -677.3055
v 206.1727 529.2006 -677.3055
v 203.2615 588.8894 -679.8200
v 244.2180 531.8138 -655.3572
v 203.2615 588.8894 -679.8200
v 241.2919 591.8091 -657.8845
v 244.2180 531.8138 -655.3572
v 244.2180 531.8138 -655.3572
v 241.2919 591.8091 -657.8845
v 244.1782 533.5529 -611.3917
v 241.2919 591.8091 -657.8845
v 241.2421 593.7521 -613.9275
v 244.1782 533.5529 -611.3917
v 244.1782 533.5529 -611.3917
v 241.2421 593.7521 -613.9275
v 206.0931 532.6787 -589.3744
v 241.2421 593.7521 -613.9275
v 203.1620 592.7754 -591.9059
v 206.0931 532.6787 -589.3744
v 203.1620 592.7754 -591.9059
v 199.9826 652.7693 -594.6520
v 165.1316 589.8557 -613.8414
v 199.9826 652.7693 -594.6520
v 161.9618 649.6677 -616.5791
v 165.1316 589.8557 -613.8414
v 165.1316 589.8557 -613.8414
v 161.9618 649.6677 -616.5791
v 165.1814 587.9127 -657.7984
v 161.9618 649.6677 -616.5791
v 162.0179 647.6035 -660.5306
v 165.1814 587.9127 -657.7984
v 165.1814 587.9127 -657.7984
v 162.0179 647.6035 -660.5306
v 203.2615 588.8894 -679.8200
v 162.0179 647.6035 -660.5306
v 200.0948 648.6412 -682.5550
v 203.2615 588.8894 -679.8200
v 203.2615 588.8894 -679.8200
v 200.0948 648.6412 -682.5550
v 241.2919 591.8091 -657.8845
v 200.0948 648.6412 -682.5550
v 238.1156 651.7429 -660.6279
v 241.2919 591.8091 -657.8845
v 241.2919 591.8091 -657.8845
v 238.1156 651.7429 -660.6279
v 241.2421 593.7521 -613.9275
v 238.1156 651.7429 -660.6279
v 238.0595 653.8070 -616.6763
v 241.2421 593.7521 -613.9275
v 241.2421 593.7521 -613.9275
v 238.0595 653.8070 -616.6763
v 203.1620 592.7754 -591.9059
v 238.0595 653.8070 -616.6763
v 199.9826 652.7693 -594.6520
v 203.1620 592.7754 -591.9059
v 199.9826 652.7693 -594.6520
v 196.6620 712.6911 -597.5200
v 161.9618 649.6677 -616.5791
v 196.6620 712.6911 -597.5200
v 158.6465 709.4929 -619.4425
v 161.9618 649.6677 -616.5791
v 161.9618 649.6677 -616.5791
v 158.6465 709.4929 -619.4425
v 162.0179 647.6035 -660.5306
v 158.6465 709.4929 -619.4425
v 158.7062 707.3646 -663.3909
v 162.0179 647.6035 -660.5306
v 162.0179 647.6035 -660.5306
v 158.7062 707.3646 -663.3909
v 200.0948 648.6412 -682.5550
v 158.7062 707.3646 -663.3909
v 196.7813 708.4345 -685.4169
v 200.0948 648.6412 -682.5550
v 200.0948 648.6412 -682.5550
v 196.7813 708.4345 -685.4169
v 238.1156 651.7429 -660.6279
v 196.7813 708.4345 -685.4169
v 234.7968 711.6327 -663.4943
v 238.1156 651.7429 -660.6279
v 238.1156 651.7429 -660.6279
v 234.7968 711.6327 -663.4943
v 238.0595 653.8070 -616.6763
v 234.7968 711.6327 -663.4943
v 234.7371 713.7610 -619.5458
v 238.0595 653.8070 -616.6763
v 238.0595 653.8070 -616.6763
v 234.7371 713.7610 -619.5458
v 199.9826 652.7693 -594.6520
v 234.7371 713.7610 -619.5458
v 196.6620 712.6911 -597.5200
v 199.9826 652.7693 -594.6520
v 196.6620 712.6911 -597.5200
v 193.2793 772.5621 -600.4415
v 158.6465 709.4929 -619.4425
v 193.2793 772.5621 -600.4415
v 155.2654 769.3359 -622.3627
v 158.6465 709.4929 -619.4425
v 158.6465 709.4929 -619.4425
v 155.2654 769.3359 -622.3627
v 158.7062 707.3646 -663.3909
v 155.2654 769.3359 -622.3627
v 155.3262 767.1891 -666.3102
v 158.7062 707.3646 -663.3909
v 158.7062 707.3646 -663.3909
v 155.3262 767.1891 -666.3102
v 196.7813 708.4345 -685.4169
v 155.3262 767.1891 -666.3102
v 193.4008 768.2683 -688.3366
v 196.7813 708.4345 -685.4169
v 196.7813 708.4345 -685.4169
v 193.4008 768.2683 -688.3366
v 234.7968 711.6327 -663.4943
v 193.4008 768.2683 -688.3366
v 231.4146 771.4944 -666.4154
v 234.7968 711.6327 -663.4943
v 234.7968 711.6327 -663.4943
v 231.4146 771.4944 -666.4154
v 234.7371 713.7610 -619.5458
v 231.4146 771.4944 -666.4154
v 231.3539 773.6413 -622.4679
v 234.7371 713.7610 -619.5458
v 234.7371 713.7610 -619.5458
v 231.3539 773.6413 -622.4679
v 196.6620 712.6911 -597.5200
v 231.3539 773.6413 -622.4679
v 193.2793 772.5621 -600.4415
v 196.6620 712.6911 -597.5200
v 193.2793 772.5621 -600.4415
v 189.9034 832.3899 -603.3572
v 155.2654 769.3359 -622.3627
v 189.9034 832.3899 -603.3572
v 151.8875 829.2000 -625.2802
v 155.2654 769.3359 -622.3627
v 155.2654 769.3359 -622.3627
v 151.8875 829.2000 -625.2802
v 155.3262 767.1891 -666.3102
v 151.8875 829.2000 -625.2802
v 151.9469 827.0773 -669.2289
v 155.3262 767.1891 -666.3102
v 155.3262 767.1891 -666.3102
v 151.9469 827.0773 -669.2289
v 193.4008 768.2683 -688.3366
v 151.9469 827.0773 -669.2289
v 190.0222 828.1444 -691.2547
v 193.4008 768.2683 -688.3366
v 193.4008 768.2683 -688.3366
v 190.0222 828.1444 -691.2547
v 231.4146 771.4944 -666.4154
v 190.0222 828.1444 -691.2547
v 228.0381 831.3342 -669.3317
v 231.4146 771.4944 -666.4154
v 231.4146 771.4944 -666.4154
v 228.0381 831.3342 -669.3317
v 231.3539 773.6413 -622.4679
v 228.0381 831.3342 -669.3317
v 227.9787 833.4570 -625.3830
v 231.3539 773.6413 -622.4679
v 231.3539 773.6413 -622.4679
v 227.9787 833.4570 -625.3830
v 193.2793 772.5621 -600.4415
v 227.9787 833.4570 -625.3830
v 189.9034 832.3899 -603.3572
v 193.2793 772.5621 -600.4415
v 189.9034 832.3899 -603.3572
v 186.6039 892.1796 -606.2070
v 151.8875 829.2000 -625.2802
v 186.6039 892.1796 -606.2070
v 148.5821 889.0959 -628.1350
v 151.8875 829.2000 -625.2802
v 151.8875 829.2000 -625.2802
v 148.5821 889.0959 -628.1350
v 151.9469 827.0773 -669.2289
v 148.5821 889.0959 -628.1350
v 148.6376 887.0439 -672.0871
v 151.9469 827.0773 -669.2289
v 151.9469 827.0773 -669.2289
v 148.6376 887.0439 -672.0871
v 190.0222 828.1444 -691.2547
v 148.6376 887.0439 -672.0871
v 186.7148 888.0754 -694.1112
v 190.0222 828.1444 -691.2547
v 190.0222 828.1444 -691.2547
v 186.7148 888.0754 -694.1112
v 228.0381 831.3342 -669.3317
v 186.7148 888.0754 -694.1112
v 224.7366 891.1591 -672.1832
v 228.0381 831.3342 -669.3317
v 228.0381 831.3342 -669.3317
v 224.7366 891.1591 -672.1832
v 227.9787 833.4570 -625.3830
v 224.7366 891.1591 -672.1832
v 224.6811 893.2112 -628.2311
v 227.9787 833.4570 -625.3830
v 227.9787 833.4570 -625.3830
v 224.6811 893.2112 -628.2311
v 189.9034 832.3899 -603.3572
v 224.6811 893.2112 -628.2311
v 186.6039 892.1796 -606.2070
v 189.9034 832.3899 -603.3572
v 186.6039 892.1796 -606.2070
v 183.4632 951.9224 -608.9196
v 148.5821 889.0959 -628.1350
v 183.4632 951.9224 -608.9196
v 145.4313 949.0336 -630.8564
v 148.5821 889.0959 -628.1350
v 148.5821 889.0959 -628.1350
v 145.4313 949.0336 -630.8564
v 148.6376 887.0439 -672.0871
v 145.4313 949.0336 -630.8564
v 145.4799 947.1113 -674.8143
v 148.6376 887.0439 -672.0871
v 148.6376 887.0439 -672.0871
v 145.4799 947.1113 -674.8143
v 186.7148 888.0754 -694.1112
v 145.4799 947.1113 -674.8143
v 183.5606 948.0776 -696.8355
v 186.7148 888.0754 -694.1112
v 186.7148 888.0754 -694.1112
v 183.5606 948.0776 -696.8355
v 224.7366 891.1591 -672.1832
v 183.5606 948.0776 -696.8355
v 221.5926 950.9664 -674.8987
v 224.7366 891.1591 -672.1832
v 224.7366 891.1591 -672.1832
v 221.5926 950.9664 -674.8987
v 224.6811 893.2112 -628.2311
v 221.5926 950.9664 -674.8987
v 221.5439 952.8887 -630.9407
v 224.6811 893.2112 -628.2311
v 224.6811 893.2112 -628.2311
v 221.5439 952.8887 -630.9407
v 186.6039 892.1796 -606.2070
v 221.5439 952.8887 -630.9407
v 183.4632 951.9224 -608.9196
v 186.6039 892.1796 -606.2070
v 254.0000 230.9993 -378.0000
v 254.3857 264.3071 -377.6017
v 232.0000 230.9990 -339.8949
v 254.3857 264.3071 -377.6017
v 232.3820 263.9487 -339.5005
v 232.0000 230.9990 -339.8949
v 232.0000 230.9990 -339.8949
v 232.3820 263.9487 -339.5005
v 188.0000 230.9997 -339.8949
v 232.3820 263.9487 -339.5005
v 188.3914 264.8581 -339.4908
v 188.0000 230.9997 -339.8949
v 188.0000 230.9997 -339.8949
v 188.3914 264.8581 -339.4908
v 166.0000 231.0007 -378.0000
v 188.3914 264.8581 -339.4908
v 166.4045 266.1259 -377.5823
v 166.0000 231.0007 -378.0000
v 166.0000 231.0007 -378.0000
v 166.4045 266.1259 -377.5823
v 188.0000 231.0010 -416.1051
v 166.4045 266.1259 -377.5823
v 188.4082 266.4843 -415.6837
v 188.0000 231.0010 -416.1051
v 188.0000 231.0010 -416.1051
v 188.4082 266.4843 -415.6837
v 232.0000 231.0003 -416.1051
v 188.4082 266.4843 -415.6837
v 232.3988 265.5749 -415.6934
v 232.0000 231.0003 -416.1051
v 232.0000 231.0003 -416.1051
v 232.3988 265.5749 -415.6934
v 254.0000 230.9993 -378.0000
v 232.3988 265.5749 -415.6934
v 254.3857 264.3071 -377.6017
v 254.0000 230.9993 -378.0000
v 254.3857 264.3071 -377.6017
v 255.2319 298.2418 -376.7281
v 232.3820 263.9487 -339.5005
v 255.2319 298.2418 -376.7281
v 233.2258 297.7787 -338.6294
v 232.3820 263.9487 -339.5005
v 232.3820 263.9487 -339.5005
v 233.2258 297.7787 -338.6294
v 188.3914 264.8581 -339.4908
v 233.2258 297.7787 -338.6294
v 189.2415 298.9538 -338.6132
v 188.3914 264.8581 -339.4908
v 188.3914 264.8581 -339.4908
v 189.2415 298.9538 -338.6132
v 166.4045 266.1259 -377.5823
v 189.2415 298.9538 -338.6132
v 167.2634 300.5919 -376.6957
v 166.4045 266.1259 -377.5823
v 166.4045 266.1259 -377.5823
v 167.2634 300.5919 -376.6957
v 188.4082 266.4843 -415.6837
v 167.2634 300.5919 -376.6957
v 189.2695 301.0551 -414.7945
v 188.4082 266.4843 -415.6837
v 188.4082 266.4843 -415.6837
v 189.2695 301.0551 -414.7945
v 232.3988 265.5749 -415.6934
v 189.2695 301.0551 -414.7945
v 233.2538 299.8799 -414.8107
v 232.3988 265.5749 -415.6934
v 232.3988 265.5749 -415.6934
v 233.2538 299.8799 -414.8107
v 254.3857 264.3071 -377.6017
v 233.2538 299.8799 -414.8107
v 255.2319 298.2418 -376.7281
v 254.3857 264.3071 -377.6017
v 255.2319 298.2418 -376.7281
v 256.0484 332.8245 -375.8852
v 233.2258 297.7787 -338.6294
v 256.0484 332.8245 -375.8852
v 234.0456 332.5112 -337.7830
v 233.2258 297.7787 -338.6294
v 233.2258 297.7787 -338.6294
v 234.0456 332.5112 -337.7830
v 189.2415 298.9538 -338.6132
v 234.0456 332.5112 -337.7830
v 190.0528 333.3061 -337.7756
v 189.2415 298.9538 -338.6132
v 189.2415 298.9538 -338.6132
v 190.0528 333.3061 -337.7756
v 167.2634 300.5919 -376.6957
v 190.0528 333.3061 -337.7756
v 168.0628 334.4142 -375.8704
v 167.2634 300.5919 -376.6957
v 167.2634 300.5919 -376.6957
v 168.0628 334.4142 -375.8704
v 189.2695 301.0551 -414.7945
v 168.0628 334.4142 -375.8704
v 190.0656 334.7275 -413.9726
v 189.2695 301.0551 -414.7945
v 189.2695 301.0551 -414.7945
v 190.0656 334.7275 -413.9726
v 233.2538 299.8799 -414.8107
v 190.0656 334.7275 -413.9726
v 234.0584 333.9326 -413.9800
v 233.2538 299.8799 -414.8107
v 233.2538 299.8799 -414.8107
v 234.0584 333.9326 -413.9800
v 255.2319 298.2418 -376.7281
v 234.0584 333.9326 -413.9800
v 256.0484 332.8245 -375.8852
v 255.2319 298.2418 -376.7281
v 256.0484 332.8245 -375.8852
v 256.3169 368.0659 -375.6081
v 234.0456 332.5112 -337.7830
v 256.3169 368.0659 -375.6081
v 234.3167 368.1556 -337.5032
v 234.0456 332.5112 -337.7830
v 234.0456 332.5112 -337.7830
v 234.3167 368.1556 -337.5032
v 190.0528 333.3061 -337.7756
v 234.3167 368.1556 -337.5032
v 190.3172 367.9279 -337.5026
v 190.0528 333.3061 -337.7756
v 190.0528 333.3061 -337.7756
v 190.3172 367.9279 -337.5026
v 168.0628 334.4142 -375.8704
v 190.3172 367.9279 -337.5026
v 168.3181 367.6104 -375.6068
v 168.0628 334.4142 -375.8704
v 168.0628 334.4142 -375.8704
v 168.3181 367.6104 -375.6068
v 190.0656 334.7275 -413.9726
v 168.3181 367.6104 -375.6068
v 190.3183 367.5206 -413.7117
v 190.0656 334.7275 -413.9726
v 190.0656 334.7275 -413.9726
v 190.3183 367.5206 -413.7117
v 234.0584 333.9326 -413.9800
v 190.3183 367.5206 -413.7117
v 234.3177 367.7484 -413.7123
v 234.0584 333.9326 -413.9800
v 234.0584 333.9326 -413.9800
v 234.3177 367.7484 -413.7123
v 256.0484 332.8245 -375.8852
v 234.3177 367.7484 -413.7123
v 256.3169 368.0659 -375.6081
v 256.0484 332.8245 -375.8852
v 256.3169 368.0659 -375.6081
v 255.4995 403.9116 -376.4519
v 234.3167 368.1556 -337.5032
v 255.4995 403.9116 -376.4519
v 233.4838 404.6499 -338.3630
v 234.3167 368.1556 -337.5032
v 234.3167 368.1556 -337.5032
v 233.4838 404.6499 -338.3630
v 190.3172 367.9279 -337.5026
v 233.4838 404.6499 -338.3630
v 189.5237 402.7765 -338.3218
v 190.3172 367.9279 -337.5026
v 190.3172 367.9279 -337.5026
v 189.5237 402.7765 -338.3218
v 168.3181 367.6104 -375.6068
v 189.5237 402.7765 -338.3218
v 167.5794 400.1647 -376.3695
v 168.3181 367.6104 -375.6068
v 168.3181 367.6104 -375.6068
v 167.5794 400.1647 -376.3695
v 190.3183 367.5206 -413.7117
v 167.5794 400.1647 -376.3695
v 189.5951 399.4264 -414.4583
v 190.3183 367.5206 -413.7117
v 190.3183 367.5206 -413.7117
v 189.5951 399.4264 -414.4583
v 234.3177 367.7484 -413.7123
v 189.5951 399.4264 -414.4583
v 233.5552 401.2998 -414.4996
v 234.3177 367.7484 -413.7123
v 234.3177 367.7484 -413.7123
v 233.5552 401.2998 -414.4996
v 256.3169 368.0659 -375.6081
v 233.5552 401.2998 -414.4996
v 255.4995 403.9116 -376.4519
v 256.3169 368.0659 -375.6081
v 255.4995 403.9116 -376.4519
v 253.0723 440.1409 -378.9578
v 233.4838 404.6499 -338.3630
v 253.0723 440.1409 -378.9578
v 230.9987 441.7350 -340.9287
v 233.4838 404.6499 -338.3630
v 233.4838 404.6499 -338.3630
v 230.9987 441.7350 -340.9287
v 189.5237 402.7765 -338.3218
v 230.9987 441.7350 -340.9287
v 187.1854 437.6899 -340.7359
v 189.5237 402.7765 -338.3218
v 189.5237 402.7765 -338.3218
v 187.1854 437.6899 -340.7359
v 167.5794 400.1647 -376.3695
v 187.1854 437.6899 -340.7359
v 165.4458 432.0507 -378.5722
v 167.5794 400.1647 -376.3695
v 167.5794 400.1647 -376.3695
v 165.4458 432.0507 -378.5722
v 189.5951 399.4264 -414.4583
v 165.4458 432.0507 -378.5722
v 187.5194 430.4566 -416.6013
v 189.5951 399.4264 -414.4583
v 189.5951 399.4264 -414.4583
v 187.5194 430.4566 -416.6013
v 233.5552 401.2998 -414.4996
v 187.5194 430.4566 -416.6013
v 231.3326 434.5017 -416.7941
v 233.5552 401.2998 -414.4996
v 233.5552 401.2998 -414.4996
v 231.3326 434.5017 -416.7941
v 255.4995 403.9116 -376.4519
v 231.3326 434.5017 -416.7941
v 253.0723 440.1409 -378.9578
v 255.4995 403.9116 -376.4519
v 253.0723 440.1409 -378.9578
v 248.9615 475.7290 -383.2017
v 230.9987 441.7350 -340.9287
v 248.9615 475.7290 -383.2017
v 226.8053 478.0456 -345.2579
v 230.9987 441.7350 -340.9287
v 230.9987 441.7350 -340.9287
v 226.8053 478.0456 -345.2579
v 187.1854 437.6899 -340.7359
v 226.8053 478.0456 -345.2579
v 183.2017 472.1670 -344.8486
v 187.1854 437.6899 -340.7359
v 187.1854 437.6899 -340.7359
v 183.2017 472.1670 -344.8486
v 165.4458 432.0507 -378.5722
v 183.2017 472.1670 -344.8486
v 161.7543 463.9718 -382.3832
v 165.4458 432.0507 -378.5722
v 165.4458 432.0507 -378.5722
v 161.7543 463.9718 -382.3832
v 187.5194 430.4566 -416.6013
v 161.7543 463.9718 -382.3832
v 183.9105 461.6551 -420.3271
v 187.5194 430.4566 -416.6013
v 187.5194 430.4566 -416.6013
v 183.9105 461.6551 -420.3271
v 231.3326 434.5017 -416.7941
v 183.9105 461.6551 -420.3271
v 227.5141 467.5337 -420.7363
v 231.3326 434.5017 -416.7941
v 231.3326 434.5017 -416.7941
v 227.5141 467.5337 -420.7363
v 253.0723 440.1409 -378.9578
v 227.5141 467.5337 -420.7363
v 248.9615 475.7290 -383.2017
v 253.0723 440.1409 -378.9578
v 248.9615 475.7290 -383.2017
v 243.6904 510.3851 -388.6436
v 226.8053 478.0456 -345.2579
v 243.6904 510.3851 -388.6436
v 221.4613 513.1849 -350.7751
v 226.8053 478.0456 -345.2579
v 226.8053 478.0456 -345.2579
v 221.4613 513.1849 -350.7751
v 183.2017 472.1670 -344.8486
v 221.4613 513.1849 -350.7751
v 178.0428 506.0804 -350.1747
v 183.2017 472.1670 -344.8486
v 183.2017 472.1670 -344.8486
v 178.0428 506.0804 -350.1747
v 161.7543 463.9718 -382.3832
v 178.0428 506.0804 -350.1747
v 156.8535 496.1761 -387.4429
v 161.7543 463.9718 -382.3832
v 161.7543 463.9718 -382.3832
v 156.8535 496.1761 -387.4429
v 183.9105 461.6551 -420.3271
v 156.8535 496.1761 -387.4429
v 179.0826 493.3763 -425.3114
v 183.9105 461.6551 -420.3271
v 183.9105 461.6551 -420.3271
v 179.0826 493.3763 -425.3114
v 227.5141 467.5337 -420.7363
v 179.0826 493.3763 -425.3114
v 222.5011 500.4808 -425.9118
v 227.5141 467.5337 -420.7363
v 227.5141 467.5337 -420.7363
v 222.5011 500.4808 -425.9118
v 248.9615 475.7290 -383.2017
v 222.5011 500.4808 -425.9118
v 243.6904 510.3851 -388.6436
v 248.9615 475.7290 -383.2017
v 243.6904 510.3851 -388.6436
v 237.7444 544.2536 -394.7823
v 221.4613 513.1849 -350.7751
v 237.7444 544.2536 -394.7823
v 215.4680 547.3242 -356.9626
v 221.4613 513.1849 -350.7751
v 221.4613 513.1849 -350.7751
v 215.4680 547.3242 -356.9626
v 178.0428 506.0804 -350.1747
v 215.4680 547.3242 -356.9626
v 172.1694 539.5325 -356.2384
v 178.0428 506.0804 -350.1747
v 178.0428 506.0804 -350.1747
v 172.1694 539.5325 -356.2384
v 156.8535 496.1761 -387.4429
v 172.1694 539.5325 -356.2384
v 151.1472 528.6703 -393.3340
v 156.8535 496.1761 -387.4429
v 156.8535 496.1761 -387.4429
v 151.1472 528.6703 -393.3340
v 179.0826 493.3763 -425.3114
v 151.1472 528.6703 -393.3340
v 173.4237 525.5998 -431.1537
v 179.0826 493.3763 -425.3114
v 179.0826 493.3763 -425.3114
v 173.4237 525.5998 -431.1537
v 222.5011 500.4808 -425.9118
v 173.4237 525.5998 -431.1537
v 216.7222 533.3914 -431.8779
v 222.5011 500.4808 -425.9118
v 222.5011 500.4808 -425.9118
v 216.7222 533.3914 -431.8779
v 243.6904 510.3851 -388.6436
v 216.7222 533.3914 -431.8779
v 237.7444 544.2536 -394.7823
v 243.6904 510.3851 -388.6436
v 237.7444 544.2536 -394.7823
v 231.5422 577.5012 -401.1854
v 215.4680 547.3242 -356.9626
v 231.5422 577.5012 -401.1854
v 209.2517 580.6477 -363.3802
v 215.4680 547.3242 -356.9626
v 215.4680 547.3242 -356.9626
v 209.2517 580.6477 -363.3802
v 172.1694 539.5325 -356.2384
v 209.2517 580.6477 -363.3802
v 165.9889 572.6634 -362.6191
v 172.1694 539.5325 -356.2384
v 172.1694 539.5325 -356.2384
v 165.9889 572.6634 -362.6191
v 151.1472 528.6703 -393.3340
v 165.9889 572.6634 -362.6191
v 145.0166 561.5325 -399.6632
v 151.1472 528.6703 -393.3340
v 151.1472 528.6703 -393.3340
v 145.0166 561.5325 -399.6632
v 173.4237 525.5998 -431.1537
v 145.0166 561.5325 -399.6632
v 167.3071 558.3860 -437.4684
v 173.4237 525.5998 -431.1537
v 173.4237 525.5998 -431.1537
v 167.3071 558.3860 -437.4684
v 216.7222 533.3914 -431.8779
v 167.3071 558.3860 -437.4684
v 210.5699 566.3704 -438.2295
v 216.7222 533.3914 -431.8779
v 216.7222 533.3914 -431.8779
v 210.5699 566.3704 -438.2295
v 237.7444 544.2536 -394.7823
v 210.5699 566.3704 -438.2295
v 231.5422 577.5012 -401.1854
v 237.7444 544.2536 -394.7823
v 231.5422 577.5012 -401.1854
v 225.4661 610.2817 -407.4584
v 209.2517 580.6477 -363.3802
v 225.4661 610.2817 -407.4584
v 203.1965 613.3145 -369.6315
v 209.2517 580.6477 -363.3802
v 209.2517 580.6477 -363.3802
v 203.1965 613.3145 -369.6315
v 165.9889 572.6634 -362.6191
v 203.1965 613.3145 -369.6315
v 159.8805 605.6187 -368.9254
v 165.9889 572.6634 -362.6191
v 165.9889 572.6634 -362.6191
v 159.8805 605.6187 -368.9254
v 145.0166 561.5325 -399.6632
v 159.8805 605.6187 -368.9254
v 138.8341 594.8900 -406.0461
v 145.0166 561.5325 -399.6632
v 145.0166 561.5325 -399.6632
v 138.8341 594.8900 -406.0461
v 167.3071 558.3860 -437.4684
v 138.8341 594.8900 -406.0461
v 161.1037 591.8572 -443.8729
v 167.3071 558.3860 -437.4684
v 167.3071 558.3860 -437.4684
v 161.1037 591.8572 -443.8729
v 210.5699 566.3704 -438.2295
v 161.1037 591.8572 -443.8729
v 204.4196 599.5530 -444.5790
v 210.5699 566.3704 -438.2295
v 210.5699 566.3704 -438.2295
v 204.4196 599.5530 -444.5790
v 231.5422 577.5012 -401.1854
v 204.4196 599.5530 -444.5790
v 225.4661 610.2817 -407.4584
v 231.5422 577.5012 -401.1854
v 225.4661 610.2817 -407.4584
v 219.8884 642.7148 -413.2168
v 203.1965 613.3145 -369.6315
v 219.8884 642.7148 -413.2168
v 197.6720 645.4368 -375.3351
v 203.1965 613.3145 -369.6315
v 203.1965 613.3145 -369.6315
v 197.6720 645.4368 -375.3351
v 159.8805 605.6187 -368.9254
v 197.6720 645.4368 -375.3351
v 154.2212 638.5297 -374.7681
v 159.8805 605.6187 -368.9254
v 159.8805 605.6187 -368.9254
v 154.2212 638.5297 -374.7681
v 138.8341 594.8900 -406.0461
v 154.2212 638.5297 -374.7681
v 132.9869 628.9006 -412.0827
v 138.8341 594.8900 -406.0461
v 138.8341 594.8900 -406.0461
v 132.9869 628.9006 -412.0827
v 161.1037 591.8572 -443.8729
v 132.9869 628.9006 -412.0827
v 155.2033 626.1786 -449.9644
v 161.1037 591.8572 -443.8729
v 161.1037 591.8572 -443.8729
v 155.2033 626.1786 -449.9644
v 204.4196 599.5530 -444.5790
v 155.2033 626.1786 -449.9644
v 198.6541 633.0858 -450.5314
v 204.4196 599.5530 -444.5790
v 204.4196 599.5530 -444.5790
v 198.6541 633.0858 -450.5314
v 225.4661 610.2817 -407.4584
v 198.6541 633.0858 -450.5314
v 219.8884 642.7148 -413.2168
v 225.4661 610.2817 -407.4584
v 254.0000 230.9998 -126.0000
v 254.1280 272.5869 -125.8094
v 232.0000 230.9997 -87.8949
v 254.1280 272.5869 -125.8094
v 232.1275 272.4002 -87.7050
v 232.0000 230.9997 -87.8949
v 232.0000 230.9997 -87.8949
v 232.1275 272.4002 -87.7050
v 188.0000 230.9999 -87.8949
v 232.1275 272.4002 -87.7050
v 188.1281 272.6366 -87.7041
v 188.0000 230.9999 -87.8949
v 188.0000 230.9999 -87.8949
v 188.1281 272.6366 -87.7041
v 166.0000 231.0002 -126.0000
v 188.1281 272.6366 -87.7041
v 166.1292 273.0595 -125.8075
v 166.0000 231.0002 -126.0000
v 166.0000 231.0002 -126.0000
v 166.1292 273.0595 -125.8075
v 188.0000 231.0003 -164.1051
v 166.1292 273.0595 -125.8075
v 188.1297 273.2462 -163.9119
v 188.0000 231.0003 -164.1051
v 188.0000 231.0003 -164.1051
v 188.1297 273.2462 -163.9119
v 232.0000 231.0001 -164.1051
v 188.1297 273.2462 -163.9119
v 232.1291 273.0099 -163.9128
v 232.0000 231.0001 -164.1051
v 232.0000 231.0001 -164.1051
v 232.1291 273.0099 -163.9128
v 254.0000 230.9998 -126.0000
v 232.1291 273.0099 -163.9128
v 254.1280 272.5869 -125.8094
v 254.0000 230.9998 -126.0000
v 254.1280 272.5869 -125.8094
v 254.3752 314.4012 -125.4412
v 232.1275 272.4002 -87.7050
v 254.3752 314.4012 -125.4412
v 232.3746 314.2091 -87.3369
v 232.1275 272.4002 -87.7050
v 232.1275 272.4002 -87.7050
v 232.3746 314.2091 -87.3369
v 188.1281 272.6366 -87.7041
v 232.3746 314.2091 -87.3369
v 188.3753 314.4523 -87.3359
v 188.1281 272.6366 -87.7041
v 188.1281 272.6366 -87.7041
v 188.3753 314.4523 -87.3359
v 166.1292 273.0595 -125.8075
v 188.3753 314.4523 -87.3359
v 166.3765 314.8876 -125.4392
v 166.1292 273.0595 -125.8075
v 166.1292 273.0595 -125.8075
v 166.3765 314.8876 -125.4392
v 188.1297 273.2462 -163.9119
v 166.3765 314.8876 -125.4392
v 188.3770 315.0797 -163.5436
v 188.1297 273.2462 -163.9119
v 188.1297 273.2462 -163.9119
v 188.3770 315.0797 -163.5436
v 232.1291 273.0099 -163.9128
v 188.3770 315.0797 -163.5436
v 232.3764 314.8365 -163.5446
v 232.1291 273.0099 -163.9128
v 232.1291 273.0099 -163.9128
v 232.3764 314.8365 -163.5446
v 254.1280 272.5869 -125.8094
v 232.3764 314.8365 -163.5446
v 254.3752 314.4012 -125.4412
v 254.1280 272.5869 -125.8094
v 254.3752 314.4012 -125.4412
v 254.5168 356.4484 -125.2303
v 232.3746 314.2091 -87.3369
v 254.5168 356.4484 -125.2303
v 232.5168 356.4337 -87.1252
v 232.3746 314.2091 -87.3369
v 232.3746 314.2091 -87.3369
v 232.5168 356.4337 -87.1252
v 188.3753 314.4523 -87.3359
v 232.5168 356.4337 -87.1252
v 188.5168 356.4523 -87.1252
v 188.3753 314.4523 -87.3359
v 188.3753 314.4523 -87.3359
v 188.5168 356.4523 -87.1252
v 166.3765 314.8876 -125.4392
v 188.5168 356.4523 -87.1252
v 166.5168 356.4855 -125.2303
v 166.3765 314.8876 -125.4392
v 166.3765 314.8876 -125.4392
v 166.5168 356.4855 -125.2303
v 188.3770 315.0797 -163.5436
v 166.5168 356.4855 -125.2303
v 188.5168 356.5002 -163.3354
v 188.3770 315.0797 -163.5436
v 188.3770 315.0797 -163.5436
v 188.5168 356.5002 -163.3354
v 232.3764 314.8365 -163.5446
v 188.5168 356.5002 -163.3354
v 232.5168 356.4816 -163.3354
v 232.3764 314.8365 -163.5446
v 232.3764 314.8365 -163.5446
v 232.5168 356.4816 -163.3354
v 254.3752 314.4012 -125.4412
v 232.5168 356.4816 -163.3354
v 254.5168 356.4484 -125.2303
v 254.3752 314.4012 -125.4412
v 254.5168 356.4484 -125.2303
v 254.3556 398.6646 -125.4704
v 232.5168 356.4337 -87.1252
v 254.3556 398.6646 -125.4704
v 232.3544 398.9612 -87.3671
v 232.5168 356.4337 -87.1252
v 232.5168 356.4337 -87.1252
v 232.3544 398.9612 -87.3671
v 188.5168 356.4523 -87.1252
v 232.3544 398.9612 -87.3671
v 188.3560 398.5858 -87.3647
v 188.5168 356.4523 -87.1252
v 188.5168 356.4523 -87.1252
v 188.3560 398.5858 -87.3647
v 166.5168 356.4855 -125.2303
v 188.3560 398.5858 -87.3647
v 166.3588 397.9138 -125.4656
v 166.5168 356.4855 -125.2303
v 166.5168 356.4855 -125.2303
v 166.3588 397.9138 -125.4656
v 188.5168 356.5002 -163.3354
v 166.3588 397.9138 -125.4656
v 188.3601 397.6173 -163.5688
v 188.5168 356.5002 -163.3354
v 188.5168 356.5002 -163.3354
v 188.3601 397.6173 -163.5688
v 232.5168 356.4816 -163.3354
v 188.3601 397.6173 -163.5688
v 232.3585 397.9927 -163.5712
v 232.5168 356.4816 -163.3354
v 232.5168 356.4816 -163.3354
v 232.3585 397.9927 -163.5712
v 254.5168 356.4484 -125.2303
v 232.3585 397.9927 -163.5712
v 254.3556 398.6646 -125.4704
v 254.5168 356.4484 -125.2303
v 254.3556 398.6646 -125.4704
v 253.7699 440.9408 -126.3427
v 232.3544 398.9612 -87.3671
v 253.7699 440.9408 -126.3427
v 231.7635 441.6060 -88.2471
v 232.3544 398.9612 -87.3671
v 232.3544 398.9612 -87.3671
v 231.7635 441.6060 -88.2471
v 188.3560 398.5858 -87.3647
v 231.7635 441.6060 -88.2471
v 187.7716 440.7638 -88.2351
v 188.3560 398.5858 -87.3647
v 188.3560 398.5858 -87.3647
v 187.7716 440.7638 -88.2351
v 166.3588 397.9138 -125.4656
v 187.7716 440.7638 -88.2351
v 165.7860 439.2565 -126.3187
v 166.3588 397.9138 -125.4656
v 166.3588 397.9138 -125.4656
v 165.7860 439.2565 -126.3187
v 188.3601 397.6173 -163.5688
v 165.7860 439.2565 -126.3187
v 187.7924 438.5913 -164.4143
v 188.3601 397.6173 -163.5688
v 188.3601 397.6173 -163.5688
v 187.7924 438.5913 -164.4143
v 232.3585 397.9927 -163.5712
v 187.7924 438.5913 -164.4143
v 231.7843 439.4335 -164.4263
v 232.3585 397.9927 -163.5712
v 232.3585 397.9927 -163.5712
v 231.7843 439.4335 -164.4263
v 254.3556 398.6646 -125.4704
v 231.7843 439.4335 -164.4263
v 253.7699 440.9408 -126.3427
v 254.3556 398.6646 -125.4704
v 253.7699 440.9408 -126.3427
v 252.7860 483.0725 -127.8081
v 231.7635 441.6060 -88.2471
v 252.7860 483.0725 -127.8081
v 230.7733 484.0094 -89.7218
v 231.7635 441.6060 -88.2471
v 231.7635 441.6060 -88.2471
v 230.7733 484.0094 -89.7218
v 187.7716 440.7638 -88.2351
v 230.7733 484.0094 -89.7218
v 186.7894 482.8232 -89.6980
v 187.7716 440.7638 -88.2351
v 187.7716 440.7638 -88.2351
v 186.7894 482.8232 -89.6980
v 165.7860 439.2565 -126.3187
v 186.7894 482.8232 -89.6980
v 164.8180 480.7000 -127.7604
v 165.7860 439.2565 -126.3187
v 165.7860 439.2565 -126.3187
v 164.8180 480.7000 -127.7604
v 187.7924 438.5913 -164.4143
v 164.8180 480.7000 -127.7604
v 186.8306 479.7630 -165.8467
v 187.7924 438.5913 -164.4143
v 187.7924 438.5913 -164.4143
v 186.8306 479.7630 -165.8467
v 231.7843 439.4335 -164.4263
v 186.8306 479.7630 -165.8467
v 230.8146 480.9493 -165.8706
v 231.7843 439.4335 -164.4263
v 231.7843 439.4335 -164.4263
v 230.8146 480.9493 -165.8706
v 253.7699 440.9408 -126.3427
v 230.8146 480.9493 -165.8706
v 252.7860 483.0725 -127.8081
v 253.7699 440.9408 -126.3427
v 252.7860 483.0725 -127.8081
v 251.5390 525.0579 -129.6653
v 230.7733 484.0094 -89.7218
v 251.5390 525.0579 -129.6653
v 229.5212 526.1691 -91.5867
v 230.7733 484.0094 -89.7218
v 230.7733 484.0094 -89.7218
v 229.5212 526.1691 -91.5867
v 186.7894 482.8232 -89.6980
v 229.5212 526.1691 -91.5867
v 185.5437 524.7622 -91.5532
v 186.7894 482.8232 -89.6980
v 186.7894 482.8232 -89.6980
v 185.5437 524.7622 -91.5532
v 164.8180 480.7000 -127.7604
v 185.5437 524.7622 -91.5532
v 163.5840 522.2441 -129.5983
v 164.8180 480.7000 -127.7604
v 164.8180 480.7000 -127.7604
v 163.5840 522.2441 -129.5983
v 186.8306 479.7630 -165.8467
v 163.5840 522.2441 -129.5983
v 185.6018 521.1329 -167.6769
v 186.8306 479.7630 -165.8467
v 186.8306 479.7630 -165.8467
v 185.6018 521.1329 -167.6769
v 230.8146 480.9493 -165.8706
v 185.6018 521.1329 -167.6769
v 229.5793 522.5398 -167.7104
v 230.8146 480.9493 -165.8706
v 230.8146 480.9493 -165.8706
v 229.5793 522.5398 -167.7104
v 252.7860 483.0725 -127.8081
v 229.5793 522.5398 -167.7104
v 251.5390 525.0579 -129.6653
v 252.7860 483.0725 -127.8081
v 251.5390 525.0579 -129.6653
v 250.1280 566.9384 -131.7668
v 229.5212 526.1691 -91.5867
v 250.1280 566.9384 -131.7668
v 228.1067 568.1545 -93.6934
v 229.5212 526.1691 -91.5867
v 229.5212 526.1691 -91.5867
v 228.1067 568.1545 -93.6934
v 185.5437 524.7622 -91.5532
v 228.1067 568.1545 -93.6934
v 184.1337 566.6147 -93.6532
v 185.5437 524.7622 -91.5532
v 185.5437 524.7622 -91.5532
v 184.1337 566.6147 -93.6532
v 163.5840 522.2441 -129.5983
v 184.1337 566.6147 -93.6532
v 162.1819 563.8589 -131.6864
v 163.5840 522.2441 -129.5983
v 163.5840 522.2441 -129.5983
v 162.1819 563.8589 -131.6864
v 185.6018 521.1329 -167.6769
v 162.1819 563.8589 -131.6864
v 184.2032 562.6428 -169.7598
v 185.6018 521.1329 -167.6769
v 185.6018 521.1329 -167.6769
v 184.2032 562.6428 -169.7598
v 229.5793 522.5398 -167.7104
v 184.2032 562.6428 -169.7598
v 228.1763 564.1825 -169.8000
v 229.5793 522.5398 -167.7104
v 229.5793 522.5398 -167.7104
v 228.1763 564.1825 -169.8000
v 251.5390 525.0579 -129.6653
v 228.1763 564.1825 -169.8000
v 250.1280 566.9384 -131.7668
v 251.5390 525.0579 -129.6653
v 250.1280 566.9384 -131.7668
v 248.6271 608.7390 -134.0021
v 228.1067 568.1545 -93.6934
v 248.6271 608.7390 -134.0021
v 226.6041 610.0048 -95.9313
v 228.1067 568.1545 -93.6934
v 228.1067 568.1545 -93.6934
v 226.6041 610.0048 -95.9313
v 184.1337 566.6147 -93.6532
v 226.6041 610.0048 -95.9313
v 182.6333 608.4022 -95.8878
v 184.1337 566.6147 -93.6532
v 184.1337 566.6147 -93.6532
v 182.6333 608.4022 -95.8878
v 162.1819 563.8589 -131.6864
v 182.6333 608.4022 -95.8878
v 160.6856 605.5338 -133.9150
v 162.1819 563.8589 -131.6864
v 162.1819 563.8589 -131.6864
v 160.6856 605.5338 -133.9150
v 184.2032 562.6428 -169.7598
v 160.6856 605.5338 -133.9150
v 182.7086 604.2681 -171.9858
v 184.2032 562.6428 -169.7598
v 184.2032 562.6428 -169.7598
v 182.7086 604.2681 -171.9858
v 228.1763 564.1825 -169.8000
v 182.7086 604.2681 -171.9858
v 226.6794 605.8707 -172.0293
v 228.1763 564.1825 -169.8000
v 228.1763 564.1825 -169.8000
v 226.6794 605.8707 -172.0293
v 250.1280 566.9384 -131.7668
v 226.6794 605.8707 -172.0293
v 248.6271 608.7390 -134.0021
v 250.1280 566.9384 -131.7668
v 248.6271 608.7390 -134.0021
v 247.0988 650.4734 -136.2784
v 226.6041 610.0048 -95.9313
v 247.0988 650.4734 -136.2784
v 225.0757 651.7394 -98.2076
v 226.6041 610.0048 -95.9313
v 226.6041 610.0048 -95.9313
v 225.0757 651.7394 -98.2076
v 182.6333 608.4022 -95.8878
v 225.0757 651.7394 -98.2076
v 181.1049 650.1365 -98.1641
v 182.6333 608.4022 -95.8878
v 182.6333 608.4022 -95.8878
v 181.1049 650.1365 -98.1641
v 160.6856 605.5338 -133.9150
v 181.1049 650.1365 -98.1641
v 159.1572 647.2674 -136.1913
v 160.6856 605.5338 -133.9150
v 160.6856 605.5338 -133.9150
v 159.1572 647.2674 -136.1913
v 182.7086 604.2681 -171.9858
v 159.1572 647.2674 -136.1913
v 181.1803 646.0013 -174.2620
v 182.7086 604.2681 -171.9858
v 182.7086 604.2681 -171.9858
v 181.1803 646.0013 -174.2620
v 226.6794 605.8707 -172.0293
v 181.1803 646.0013 -174.2620
v 225.1511 647.6044 -174.3055
v 226.6794 605.8707 -172.0293
v 226.6794 605.8707 -172.0293
v 225.1511 647.6044 -174.3055
v 248.6271 608.7390 -134.0021
v 225.1511 647.6044 -174.3055
v 247.0988 650.4734 -136.2784
v 248.6271 608.7390 -134.0021
v 247.0988 650.4734 -136.2784
v 245.6016 692.1490 -138.5081
v 225.0757 651.7394 -98.2076
v 245.6016 692.1490 -138.5081
v 223.5803 693.3661 -100.4348
v 225.0757 651.7394 -98.2076
v 225.0757 651.7394 -98.2076
v 223.5803 693.3661 -100.4348
v 181.1049 650.1365 -98.1641
v 223.5803 693.3661 -100.4348
v 179.6073 691.8251 -100.3946
v 181.1049 650.1365 -98.1641
v 181.1049 650.1365 -98.1641
v 179.6073 691.8251 -100.3946
v 159.1572 647.2674 -136.1913
v 179.6073 691.8251 -100.3946
v 157.6556 689.0671 -138.4277
v 159.1572 647.2674 -136.1913
v 159.1572 647.2674 -136.1913
v 157.6556 689.0671 -138.4277
v 181.1803 646.0013 -174.2620
v 157.6556 689.0671 -138.4277
v 179.6770 687.8500 -176.5010
v 181.1803 646.0013 -174.2620
v 181.1803 646.0013 -174.2620
v 179.6770 687.8500 -176.5010
v 225.1511 647.6044 -174.3055
v 179.6770 687.8500 -176.5010
v 223.6499 689.3910 -176.5412
v 225.1511 647.6044 -174.3055
v 225.1511 647.6044 -174.3055
v 223.6499 689.3910 -176.5412
v 247.0988 650.4734 -136.2784
v 223.6499 689.3910 -176.5412
v 245.6016 692.1490 -138.5081
v 247.0988 650.4734 -136.2784
v 245.6016 692.1490 -138.5081
v 244.1979 733.7643 -140.5988
v 223.5803 693.3661 -100.4348
v 244.1979 733.7643 -140.5988
v 222.1800 734.8773 -102.5202
v 223.5803 693.3661 -100.4348
v 223.5803 693.3661 -100.4348
v 222.1800 734.8773 -102.5202
v 179.6073 691.8251 -100.3946
v 222.1800 734.8773 -102.5202
v 178.2026 733.4681 -102.4866
v 179.6073 691.8251 -100.3946
v 179.6073 691.8251 -100.3946
v 178.2026 733.4681 -102.4866
v 157.6556 689.0671 -138.4277
v 178.2026 733.4681 -102.4866
v 156.2430 730.9457 -140.5315
v 157.6556 689.0671 -138.4277
v 157.6556 689.0671 -138.4277
v 156.2430 730.9457 -140.5315
v 179.6770 687.8500 -176.5010
v 156.2430 730.9457 -140.5315
v 178.2609 729.8326 -178.6100
v 179.6770 687.8500 -176.5010
v 179.6770 687.8500 -176.5010
v 178.2609 729.8326 -178.6100
v 223.6499 689.3910 -176.5412
v 178.2609 729.8326 -178.6100
v 222.2383 731.2419 -178.6437
v 223.6499 689.3910 -176.5412
v 223.6499 689.3910 -176.5412
v 222.2383 731.2419 -178.6437
v 245.6016 692.1490 -138.5081
v 222.2383 731.2419 -178.6437
v 244.1979 733.7643 -140.5988
v 245.6016 692.1490 -138.5081
v 210.0000 231.0002 170.0000
v 209.6307 288.8899 169.6963
v 171.8949 230.9999 148.0000
v 209.6307 288.8899 169.6963
v 171.5285 288.3153 147.6987
v 171.8949 230.9999 148.0000
v 171.8949 230.9999 148.0000
v 171.5285 288.3153 147.6987
v 171.8949 230.9997 104.0000
v 171.5285 288.3153 147.6987
v 171.5304 287.9454 103.7003
v 171.8949 230.9997 104.0000
v 171.8949 230.9997 104.0000
v 171.5304 287.9454 103.7003
v 210.0000 230.9998 82.0000
v 171.5304 287.9454 103.7003
v 209.6345 288.1500 81.6994
v 210.0000 230.9998 82.0000
v 210.0000 230.9998 82.0000
v 209.6345 288.1500 81.6994
v 248.1051 231.0001 104.0000
v 209.6345 288.1500 81.6994
v 247.7367 288.7245 103.6970
v 248.1051 231.0001 104.0000
v 248.1051 231.0001 104.0000
v 247.7367 288.7245 103.6970
v 248.1051 231.0003 148.0000
v 247.7367 288.7245 103.6970
v 247.7348 289.0945 147.6954
v 248.1051 231.0003 148.0000
v 248.1051 231.0003 148.0000
v 247.7348 289.0945 147.6954
v 210.0000 231.0002 170.0000
v 247.7348 289.0945 147.6954
v 209.6307 288.8899 169.6963
v 210.0000 231.0002 170.0000
v 209.6307 288.8899 169.6963
v 209.1810 346.1330 169.3265
v 171.5285 288.3153 147.6987
v 209.1810 346.1330 169.3265
v 171.0761 345.9861 147.3266
v 171.5285 288.3153 147.6987
v 171.5285 288.3153 147.6987
v 171.0761 345.9861 147.3266
v 171.5304 287.9454 103.7003
v 171.0761 345.9861 147.3266
v 171.0762 345.8914 103.3267
v 171.5304 287.9454 103.7003
v 171.5304 287.9454 103.7003
v 171.0762 345.8914 103.3267
v 209.6345 288.1500 81.6994
v 171.0762 345.8914 103.3267
v 209.1813 345.9438 81.3267
v 209.6345 288.1500 81.6994
v 209.6345 288.1500 81.6994
v 209.1813 345.9438 81.3267
v 247.7367 288.7245 103.6970
v 209.1813 345.9438 81.3267
v 247.2862 346.0907 103.3265
v 247.7367 288.7245 103.6970
v 247.7367 288.7245 103.6970
v 247.2862 346.0907 103.3265
v 247.7348 289.0945 147.6954
v 247.2862 346.0907 103.3265
v 247.2861 346.1853 147.3264
v 247.7348 289.0945 147.6954
v 247.7348 289.0945 147.6954
v 247.2861 346.1853 147.3264
v 209.6307 288.8899 169.6963
v 247.2861 346.1853 147.3264
v 209.1810 346.1330 169.3265
v 209.6307 288.8899 169.6963
v 209.1810 346.1330 169.3265
v 209.5300 402.9949 169.6135
v 171.0761 345.9861 147.3266
v 209.5300 402.9949 169.6135
v 171.4317 403.8669 147.6191
v 171.0761 345.9861 147.3266
v 171.0761 345.9861 147.3266
v 171.4317 403.8669 147.6191
v 171.0762 345.8914 103.3267
v 171.4317 403.8669 147.6191
v 171.4360 404.4284 103.6226
v 171.0762 345.8914 103.3267
v 171.0762 345.8914 103.3267
v 171.4360 404.4284 103.6226
v 209.1813 345.9438 81.3267
v 171.4360 404.4284 103.6226
v 209.5387 404.1179 81.6207
v 209.1813 345.9438 81.3267
v 209.1813 345.9438 81.3267
v 209.5387 404.1179 81.6207
v 247.2862 346.0907 103.3265
v 209.5387 404.1179 81.6207
v 247.6371 403.2458 103.6151
v 247.2862 346.0907 103.3265
v 247.2862 346.0907 103.3265
v 247.6371 403.2458 103.6151
v 247.2861 346.1853 147.3264
v 247.6371 403.2458 103.6151
v 247.6327 402.6844 147.6115
v 247.2861 346.1853 147.3264
v 247.2861 346.1853 147.3264
v 247.6327 402.6844 147.6115
v 209.1810 346.1330 169.3265
v 247.6327 402.6844 147.6115
v 209.5300 402.9949 169.6135
v 209.1810 346.1330 169.3265
v 209.5300 402.9949 169.6135
v 210.9188 459.8889 170.7556
v 171.4317 403.8669 147.6191
v 210.9188 459.8889 170.7556
v 172.8424 461.6857 148.7793
v 171.4317 403.8669 147.6191
v 171.4317 403.8669 147.6191
v 172.8424 461.6857 148.7793
v 171.4360 404.4284 103.6226
v 172.8424 461.6857 148.7793
v 172.8609 462.8426 104.7945
v 171.4360 404.4284 103.6226
v 171.4360 404.4284 103.6226
v 172.8609 462.8426 104.7945
v 209.5387 404.1179 81.6207
v 172.8609 462.8426 104.7945
v 210.9558 462.2028 82.7861
v 209.5387 404.1179 81.6207
v 209.5387 404.1179 81.6207
v 210.9558 462.2028 82.7861
v 247.6371 403.2458 103.6151
v 210.9558 462.2028 82.7861
v 249.0322 460.4059 104.7624
v 247.6371 403.2458 103.6151
v 247.6371 403.2458 103.6151
v 249.0322 460.4059 104.7624
v 247.6327 402.6844 147.6115
v 249.0322 460.4059 104.7624
v 249.0137 459.2490 148.7472
v 247.6327 402.6844 147.6115
v 247.6327 402.6844 147.6115
v 249.0137 459.2490 148.7472
v 209.5300 402.9949 169.6135
v 249.0137 459.2490 148.7472
v 210.9188 459.8889 170.7556
v 209.5300 402.9949 169.6135
v 210.9188 459.8889 170.7556
v 213.0358 517.0119 172.4967
v 172.8424 461.6857 148.7793
v 213.0358 517.0119 172.4967
v 174.9784 519.3270 150.5359
v 172.8424 461.6857 148.7793
v 172.8424 461.6857 148.7793
v 174.9784 519.3270 150.5359
v 172.8609 462.8426 104.7945
v 174.9784 519.3270 150.5359
v 175.0092 520.8176 106.5612
v 172.8609 462.8426 104.7945
v 172.8609 462.8426 104.7945
v 175.0092 520.8176 106.5612
v 210.9558 462.2028 82.7861
v 175.0092 520.8176 106.5612
v 213.0973 519.9932 84.5472
v 210.9558 462.2028 82.7861
v 210.9558 462.2028 82.7861
v 213.0973 519.9932 84.5472
v 249.0322 460.4059 104.7624
v 213.0973 519.9932 84.5472
v 251.1547 517.6782 106.5080
v 249.0322 460.4059 104.7624
v 249.0322 460.4059 104.7624
v 251.1547 517.6782 106.5080
v 249.0137 459.2490 148.7472
v 251.1547 517.6782 106.5080
v 251.1240 516.1875 150.4827
v 249.0137 459.2490 148.7472
v 249.0137 459.2490 148.7472
v 251.1240 516.1875 150.4827
v 210.9188 459.8889 170.7556
v 251.1240 516.1875 150.4827
v 213.0358 517.0119 172.4967
v 210.9188 459.8889 170.7556
v 213.0358 517.0119 172.4967
v 215.5660 574.2448 174.5775
v 174.9784 519.3270 150.5359
v 215.5660 574.2448 174.5775
v 177.5220 576.8647 152.6277
v 174.9784 519.3270 150.5359
v 174.9784 519.3270 150.5359
v 177.5220 576.8647 152.6277
v 175.0092 520.8176 106.5612
v 177.5220 576.8647 152.6277
v 177.5614 578.5516 108.6601
v 175.0092 520.8176 106.5612
v 175.0092 520.8176 106.5612
v 177.5614 578.5516 108.6601
v 213.0973 519.9932 84.5472
v 177.5614 578.5516 108.6601
v 215.6447 577.6187 86.6422
v 213.0973 519.9932 84.5472
v 213.0973 519.9932 84.5472
v 215.6447 577.6187 86.6422
v 251.1547 517.6782 106.5080
v 215.6447 577.6187 86.6422
v 253.6887 574.9988 108.5919
v 251.1547 517.6782 106.5080
v 251.1547 517.6782 106.5080
v 253.6887 574.9988 108.5919
v 251.1240 516.1875 150.4827
v 253.6887 574.9988 108.5919
v 253.6494 573.3118 152.5596
v 251.1240 516.1875 150.4827
v 251.1240 516.1875 150.4827
v 253.6494 573.3118 152.5596
v 213.0358 517.0119 172.4967
v 253.6494 573.3118 152.5596
v 215.5660 574.2448 174.5775
v 213.0358 517.0119 172.4967
v 215.5660 574.2448 174.5775
v 218.3435 631.5387 176.8617
v 177.5220 576.8647 152.6277
v 218.3435 631.5387 176.8617
v 180.3083 634.3405 154.9192
v 177.5220 576.8647 152.6277
v 177.5220 576.8647 152.6277
v 180.3083 634.3405 154.9192
v 177.5614 578.5516 108.6601
v 180.3083 634.3405 154.9192
v 180.3533 636.1446 110.9562
v 177.5614 578.5516 108.6601
v 177.5614 578.5516 108.6601
v 180.3533 636.1446 110.9562
v 215.6447 577.6187 86.6422
v 180.3533 636.1446 110.9562
v 218.4335 635.1469 88.9357
v 215.6447 577.6187 86.6422
v 215.6447 577.6187 86.6422
v 218.4335 635.1469 88.9357
v 253.6887 574.9988 108.5919
v 218.4335 635.1469 88.9357
v 256.4688 632.3450 110.8782
v 253.6887 574.9988 108.5919
v 253.6887 574.9988 108.5919
v 256.4688 632.3450 110.8782
v 253.6494 573.3118 152.5596
v 256.4688 632.3450 110.8782
v 256.4237 630.5410 154.8412
v 253.6494 573.3118 152.5596
v 253.6494 573.3118 152.5596
v 256.4237 630.5410 154.8412
v 215.5660 574.2448 174.5775
v 256.4237 630.5410 154.8412
v 218.3435 631.5387 176.8617
v 215.5660 574.2448 174.5775
v 218.3435 631.5387 176.8617
v 221.2645 688.8738 179.2638
v 180.3083 634.3405 154.9192
v 221.2645 688.8738 179.2638
v 183.2342 691.7734 157.3254
v 180.3083 634.3405 154.9192
v 180.3083 634.3405 154.9192
v 183.2342 691.7734 157.3254
v 180.3533 636.1446 110.9562
v 183.2342 691.7734 157.3254
v 183.2824 693.6405 113.3651
v 180.3533 636.1446 110.9562
v 180.3533 636.1446 110.9562
v 183.2824 693.6405 113.3651
v 218.4335 635.1469 88.9357
v 183.2824 693.6405 113.3651
v 221.3609 692.6079 91.3431
v 218.4335 635.1469 88.9357
v 218.4335 635.1469 88.9357
v 221.3609 692.6079 91.3431
v 256.4688 632.3450 110.8782
v 221.3609 692.6079 91.3431
v 259.3911 689.7083 113.2815
v 256.4688 632.3450 110.8782
v 256.4688 632.3450 110.8782
v 259.3911 689.7083 113.2815
v 256.4237 630.5410 154.8412
v 259.3911 689.7083 113.2815
v 259.3429 687.8412 157.2419
v 256.4237 630.5410 154.8412
v 256.4237 630.5410 154.8412
v 259.3429 687.8412 157.2419
v 218.3435 631.5387 176.8617
v 259.3429 687.8412 157.2419
v 221.2645 688.8738 179.2638
v 218.3435 631.5387 176.8617
v 221.2645 688.8738 179.2638
v 224.2525 746.2463 181.7212
v 183.2342 691.7734 157.3254
v 224.2525 746.2463 181.7212
v 186.2239 749.1768 159.7841
v 183.2342 691.7734 157.3254
v 183.2342 691.7734 157.3254
v 186.2239 749.1768 159.7841
v 183.2824 693.6405 113.3651
v 186.2239 749.1768 159.7841
v 186.2731 751.0636 115.8246
v 183.2824 693.6405 113.3651
v 183.2824 693.6405 113.3651
v 186.2731 751.0636 115.8246
v 221.3609 692.6079 91.3431
v 186.2731 751.0636 115.8246
v 224.3510 750.0201 93.8022
v 221.3609 692.6079 91.3431
v 221.3609 692.6079 91.3431
v 224.3510 750.0201 93.8022
v 259.3911 689.7083 113.2815
v 224.3510 750.0201 93.8022
v 262.3796 747.0897 115.7393
v 259.3911 689.7083 113.2815
v 259.3911 689.7083 113.2815
v 262.3796 747.0897 115.7393
v 259.3429 687.8412 157.2419
v 262.3796 747.0897 115.7393
v 262.3304 745.2028 159.6988
v 259.3429 687.8412 157.2419
v 259.3429 687.8412 157.2419
v 262.3304 745.2028 159.6988
v 221.2645 688.8738 179.2638
v 262.3304 745.2028 159.6988
v 224.2525 746.2463 181.7212
v 221.2645 688.8738 179.2638
v 224.2525 746.2463 181.7212
v 227.2423 803.6595 184.1800
v 186.2239 749.1768 159.7841
v 227.2423 803.6595 184.1800
v 189.2121 806.5584 162.2416
v 186.2239 749.1768 159.7841
v 186.2239 749.1768 159.7841
v 189.2121 806.5584 162.2416
v 186.2731 751.0636 115.8246
v 189.2121 806.5584 162.2416
v 189.2603 808.4250 118.2812
v 186.2731 751.0636 115.8246
v 186.2731 751.0636 115.8246
v 189.2603 808.4250 118.2812
v 224.3510 750.0201 93.8022
v 189.2603 808.4250 118.2812
v 227.3387 807.3927 96.2593
v 224.3510 750.0201 93.8022
v 224.3510 750.0201 93.8022
v 227.3387 807.3927 96.2593
v 262.3796 747.0897 115.7393
v 227.3387 807.3927 96.2593
v 265.3690 804.4938 118.1977
v 262.3796 747.0897 115.7393
v 262.3796 747.0897 115.7393
v 265.3690 804.4938 118.1977
v 262.3304 745.2028 159.6988
v 265.3690 804.4938 118.1977
v 265.3208 802.6271 162.1581
v 262.3304 745.2028 159.6988
v 262.3304 745.2028 159.6988
v 265.3208 802.6271 162.1581
v 224.2525 746.2463 181.7212
v 265.3208 802.6271 162.1581
v 227.2423 803.6595 184.1800
v 224.2525 746.2463 181.7212
v 227.2423 803.6595 184.1800
v 230.1686 861.1215 186.5866
v 189.2121 806.5584 162.2416
v 230.1686 861.1215 186.5866
v 192.1333 863.9218 164.6440
v 189.2121 806.5584 162.2416
v 189.2121 806.5584 162.2416
v 192.1333 863.9218 164.6440
v 189.2603 808.4250 118.2812
v 192.1333 863.9218 164.6440
v 192.1783 865.7249 120.6810
v 189.2603 808.4250 118.2812
v 189.2603 808.4250 118.2812
v 192.1783 865.7249 120.6810
v 227.3387 807.3927 96.2593
v 192.1783 865.7249 120.6810
v 230.2586 864.7277 98.6605
v 227.3387 807.3927 96.2593
v 227.3387 807.3927 96.2593
v 230.2586 864.7277 98.6605
v 265.3690 804.4938 118.1977
v 230.2586 864.7277 98.6605
v 268.2938 861.9274 120.6031
v 265.3690 804.4938 118.1977
v 265.3690 804.4938 118.1977
v 268.2938 861.9274 120.6031
v 265.3208 802.6271 162.1581
v 268.2938 861.9274 120.6031
v 268.2489 860.1243 164.5661
v 265.3208 802.6271 162.1581
v 265.3208 802.6271 162.1581
v 268.2489 860.1243 164.5661
v 227.2423 803.6595 184.1800
v 268.2489 860.1243 164.5661
v 230.1686 861.1215 186.5866
v 227.2423 803.6595 184.1800
v 230.1686 861.1215 186.5866
v 232.9552 918.6469 188.8783
v 192.1333 863.9218 164.6440
v 232.9552 918.6469 188.8783
v 194.9111 921.2643 166.9285
v 192.1333 863.9218 164.6440
v 192.1333 863.9218 164.6440
v 194.9111 921.2643 166.9285
v 192.1783 865.7249 120.6810
v 194.9111 921.2643 166.9285
v 194.9504 922.9498 122.9608
v 192.1783 865.7249 120.6810
v 192.1783 865.7249 120.6810
v 194.9504 922.9498 122.9608
v 230.2586 864.7277 98.6605
v 194.9504 922.9498 122.9608
v 233.0338 922.0176 100.9429
v 230.2586 864.7277 98.6605
v 230.2586 864.7277 98.6605
v 233.0338 922.0176 100.9429
v 268.2938 861.9274 120.6031
v 233.0338 922.0176 100.9429
v 271.0779 919.4001 122.8927
v 268.2938 861.9274 120.6031
v 268.2938 861.9274 120.6031
v 271.0779 919.4001 122.8927
v 268.2489 860.1243 164.5661
v 271.0779 919.4001 122.8927
v 271.0386 917.7147 166.8604
v 268.2489 860.1243 164.5661
v 268.2489 860.1243 164.5661
v 271.0386 917.7147 166.8604
v 230.1686 861.1215 186.5866
v 271.0386 917.7147 166.8604
v 232.9552 918.6469 188.8783
v 230.1686 861.1215 186.5866
v 254.0000 231.0009 378.0000
v 253.6027 261.6505 377.5984
v 232.0000 231.0013 416.1051
v 253.6027 261.6505 377.5984
v 231.5981 262.0391 415.6989
v 232.0000 231.0013 416.1051
v 232.0000 231.0013 416.1051
v 231.5981 262.0391 415.6989
v 188.0000 231.0003 416.1051
v 231.5981 262.0391 415.6989
v 187.6103 261.0039 415.7112
v 188.0000 231.0003 416.1051
v 188.0000 231.0003 416.1051
v 187.6103 261.0039 415.7112
v 166.0000 230.9991 378.0000
v 187.6103 261.0039 415.7112
v 165.6270 259.5803 377.6230
v 166.0000 230.9991 378.0000
v 166.0000 230.9991 378.0000
v 165.6270 259.5803 377.6230
v 188.0000 230.9987 339.8949
v 165.6270 259.5803 377.6230
v 187.6316 259.1917 339.5225
v 188.0000 230.9987 339.8949
v 188.0000 230.9987 339.8949
v 187.6316 259.1917 339.5225
v 232.0000 230.9997 339.8949
v 187.6316 259.1917 339.5225
v 231.6194 260.2269 339.5102
v 232.0000 230.9997 339.8949
v 232.0000 230.9997 339.8949
v 231.6194 260.2269 339.5102
v 254.0000 231.0009 378.0000
v 231.6194 260.2269 339.5102
v 253.6027 261.6505 377.5984
v 254.0000 231.0009 378.0000
v 253.6027 261.6505 377.5984
v 252.7186 291.6707 376.7048
v 231.5981 262.0391 415.6989
v 252.7186 291.6707 376.7048
v 230.7095 292.2186 414.8007
v 231.5981 262.0391 415.6989
v 231.5981 262.0391 415.6989
v 230.7095 292.2186 414.8007
v 187.6103 261.0039 415.7112
v 230.7095 292.2186 414.8007
v 186.7337 290.7590 414.8252
v 187.6103 261.0039 415.7112
v 187.6103 261.0039 415.7112
v 186.7337 290.7590 414.8252
v 165.6270 259.5803 377.6230
v 186.7337 290.7590 414.8252
v 164.7670 288.7515 376.7538
v 165.6270 259.5803 377.6230
v 165.6270 259.5803 377.6230
v 164.7670 288.7515 376.7538
v 187.6316 259.1917 339.5225
v 164.7670 288.7515 376.7538
v 186.7761 288.2037 338.6578
v 187.6316 259.1917 339.5225
v 187.6316 259.1917 339.5225
v 186.7761 288.2037 338.6578
v 231.6194 260.2269 339.5102
v 186.7761 288.2037 338.6578
v 230.7519 289.6633 338.6333
v 231.6194 260.2269 339.5102
v 231.6194 260.2269 339.5102
v 230.7519 289.6633 338.6333
v 253.6027 261.6505 377.5984
v 230.7519 289.6633 338.6333
v 252.7186 291.6707 376.7048
v 253.6027 261.6505 377.5984
v 252.7186 291.6707 376.7048
v 251.7559 321.1211 375.7318
v 230.7095 292.2186 414.8007
v 251.7559 321.1211 375.7318
v 229.7485 321.6165 413.8294
v 230.7095 292.2186 414.8007
v 230.7095 292.2186 414.8007
v 229.7485 321.6165 413.8294
v 186.7337 290.7590 414.8252
v 229.7485 321.6165 413.8294
v 185.7683 320.2966 413.8494
v 186.7337 290.7590 414.8252
v 186.7337 290.7590 414.8252
v 185.7683 320.2966 413.8494
v 164.7670 288.7515 376.7538
v 185.7683 320.2966 413.8494
v 163.7955 318.4814 375.7718
v 164.7670 288.7515 376.7538
v 164.7670 288.7515 376.7538
v 163.7955 318.4814 375.7718
v 186.7761 288.2037 338.6578
v 163.7955 318.4814 375.7718
v 185.8030 317.9861 337.6742
v 186.7761 288.2037 338.6578
v 186.7761 288.2037 338.6578
v 185.8030 317.9861 337.6742
v 230.7519 289.6633 338.6333
v 185.8030 317.9861 337.6742
v 229.7832 319.3059 337.6542
v 230.7519 289.6633 338.6333
v 230.7519 289.6633 338.6333
v 229.7832 319.3059 337.6542
v 252.7186 291.6707 376.7048
v 229.7832 319.3059 337.6542
v 251.7559 321.1211 375.7318
v 252.7186 291.6707 376.7048
v 251.7559 321.1211 375.7318
v 251.0912 350.0072 375.0599
v 229.7485 321.6165 413.8294
v 251.0912 350.0072 375.0599
v 229.0897 350.2325 413.1635
v 229.7485 321.6165 413.8294
v 229.7485 321.6165 413.8294
v 229.0897 350.2325 413.1635
v 185.7683 320.2966 413.8494
v 229.0897 350.2325 413.1635
v 185.0938 349.6321 413.1676
v 185.7683 320.2966 413.8494
v 185.7683 320.2966 413.8494
v 185.0938 349.6321 413.1676
v 163.7955 318.4814 375.7718
v 185.0938 349.6321 413.1676
v 163.0994 348.8063 375.0682
v 163.7955 318.4814 375.7718
v 163.7955 318.4814 375.7718
v 163.0994 348.8063 375.0682
v 185.8030 317.9861 337.6742
v 163.0994 348.8063 375.0682
v 185.1010 348.5809 336.9646
v 185.8030 317.9861 337.6742
v 185.8030 317.9861 337.6742
v 185.1010 348.5809 336.9646
v 229.7832 319.3059 337.6542
v 185.1010 348.5809 336.9646
v 229.0968 349.1814 336.9605
v 229.7832 319.3059 337.6542
v 229.7832 319.3059 337.6542
v 229.0968 349.1814 336.9605
v 251.7559 321.1211 375.7318
v 229.0968 349.1814 336.9605
v 251.0912 350.0072 375.0599
v 251.7559 321.1211 375.7318
v 251.0912 350.0072 375.0599
v 251.1075 378.2495 375.0764
v 229.0897 350.2325 413.1635
v 251.1075 378.2495 375.0764
v 229.1050 377.9580 413.1790
v 229.0897 350.2325 413.1635
v 229.0897 350.2325 413.1635
v 229.1050 377.9580 413.1790
v 185.0938 349.6321 413.1676
v 229.1050 377.9580 413.1790
v 185.1118 378.7348 413.1859
v 185.0938 349.6321 413.1676
v 185.0938 349.6321 413.1676
v 185.1118 378.7348 413.1859
v 163.0994 348.8063 375.0682
v 185.1118 378.7348 413.1859
v 163.1213 379.8032 375.0903
v 163.0994 348.8063 375.0682
v 163.0994 348.8063 375.0682
v 163.1213 379.8032 375.0903
v 185.1010 348.5809 336.9646
v 163.1213 379.8032 375.0903
v 185.1238 380.0947 336.9878
v 185.1010 348.5809 336.9646
v 185.1010 348.5809 336.9646
v 185.1238 380.0947 336.9878
v 229.0968 349.1814 336.9605
v 185.1238 380.0947 336.9878
v 229.1170 379.3179 336.9808
v 229.0968 349.1814 336.9605
v 229.0968 349.1814 336.9605
v 229.1170 379.3179 336.9808
v 251.0912 350.0072 375.0599
v 229.1170 379.3179 336.9808
v 251.1075 378.2495 375.0764
v 251.0912 350.0072 375.0599
v 251.1075 378.2495 375.0764
v 252.2212 405.6369 376.2021
v 229.1050 377.9580 413.1790
v 252.2212 405.6369 376.2021
v 230.1839 404.5275 414.2694
v 229.1050 377.9580 413.1790
v 229.1050 377.9580 413.1790
v 230.1839 404.5275 414.2694
v 185.1118 378.7348 413.1859
v 230.1839 404.5275 414.2694
v 186.2834 407.4832 414.3700
v 185.1118 378.7348 413.1859
v 185.1118 378.7348 413.1859
v 186.2834 407.4832 414.3700
v 163.1213 379.8032 375.0903
v 186.2834 407.4832 414.3700
v 164.4202 411.5482 376.4032
v 163.1213 379.8032 375.0903
v 163.1213 379.8032 375.0903
v 164.4202 411.5482 376.4032
v 185.1238 380.0947 336.9878
v 164.4202 411.5482 376.4032
v 186.4576 412.6575 338.3358
v 185.1238 380.0947 336.9878
v 185.1238 380.0947 336.9878
v 186.4576 412.6575 338.3358
v 229.1170 379.3179 336.9808
v 186.4576 412.6575 338.3358
v 230.3580 409.7019 338.2353
v 229.1170 379.3179 336.9808
v 229.1170 379.3179 336.9808
v 230.3580 409.7019 338.2353
v 251.1075 378.2495 375.0764
v 230.3580 409.7019 338.2353
v 252.2212 405.6369 376.2021
v 251.1075 378.2495 375.0764
v 252.2212 405.6369 376.2021
v 254.8930 431.8809 378.9026
v 230.1839 404.5275 414.2694
v 254.8930 431.8809 378.9026
v 232.7372 429.6234 416.8502
v 230.1839 404.5275 414.2694
v 230.1839 404.5275 414.2694
v 232.7372 429.6234 416.8502
v 186.2834 407.4832 414.3700
v 232.7372 429.6234 416.8502
v 189.1522 435.6380 417.2697
v 186.2834 407.4832 414.3700
v 186.2834 407.4832 414.3700
v 189.1522 435.6380 417.2697
v 164.4202 411.5482 376.4032
v 189.1522 435.6380 417.2697
v 167.7230 443.9101 379.7416
v 164.4202 411.5482 376.4032
v 164.4202 411.5482 376.4032
v 167.7230 443.9101 379.7416
v 186.4576 412.6575 338.3358
v 167.7230 443.9101 379.7416
v 189.8788 446.1676 341.7939
v 186.4576 412.6575 338.3358
v 186.4576 412.6575 338.3358
v 189.8788 446.1676 341.7939
v 230.3580 409.7019 338.2353
v 189.8788 446.1676 341.7939
v 233.4638 440.1530 341.3744
v 230.3580 409.7019 338.2353
v 230.3580 409.7019 338.2353
v 233.4638 440.1530 341.3744
v 252.2212 405.6369 376.2021
v 233.4638 440.1530 341.3744
v 254.8930 431.8809 378.9026
v 252.2212 405.6369 376.2021
v 254.8930 431.8809 378.9026
v 259.4308 457.9415 383.4893
v 232.7372 429.6234 416.8502
v 259.4308 457.9415 383.4893
v 237.1014 454.6762 421.2614
v 232.7372 429.6234 416.8502
v 232.7372 429.6234 416.8502
v 237.1014 454.6762 421.2614
v 189.1522 435.6380 417.2697
v 237.1014 454.6762 421.2614
v 193.9791 463.3757 422.1486
v 189.1522 435.6380 417.2697
v 189.1522 435.6380 417.2697
v 193.9791 463.3757 422.1486
v 167.7230 443.9101 379.7416
v 193.9791 463.3757 422.1486
v 173.1863 475.3406 385.2636
v 167.7230 443.9101 379.7416
v 167.7230 443.9101 379.7416
v 173.1863 475.3406 385.2636
v 189.8788 446.1676 341.7939
v 173.1863 475.3406 385.2636
v 195.5157 478.6059 347.4915
v 189.8788 446.1676 341.7939
v 189.8788 446.1676 341.7939
v 195.5157 478.6059 347.4915
v 233.4638 440.1530 341.3744
v 195.5157 478.6059 347.4915
v 238.6380 469.9063 346.6043
v 233.4638 440.1530 341.3744
v 233.4638 440.1530 341.3744
v 238.6380 469.9063 346.6043
v 254.8930 431.8809 378.9026
v 238.6380 469.9063 346.6043
v 259.4308 457.9415 383.4893
v 254.8930 431.8809 378.9026
v 259.4308 457.9415 383.4893
v 265.5320 484.3250 389.6560
v 237.1014 454.6762 421.2614
v 265.5320 484.3250 389.6560
v 243.0518 480.4014 427.2758
v 237.1014 454.6762 421.2614
v 237.1014 454.6762 421.2614
v 243.0518 480.4014 427.2758
v 193.9791 463.3757 422.1486
v 243.0518 480.4014 427.2758
v 200.3311 490.8548 428.5689
v 193.9791 463.3757 422.1486
v 193.9791 463.3757 422.1486
v 200.3311 490.8548 428.5689
v 173.1863 475.3406 385.2636
v 200.3311 490.8548 428.5689
v 180.0907 505.2318 392.2422
v 173.1863 475.3406 385.2636
v 173.1863 475.3406 385.2636
v 180.0907 505.2318 392.2422
v 195.5157 478.6059 347.4915
v 180.0907 505.2318 392.2422
v 202.5709 509.1553 354.6225
v 195.5157 478.6059 347.4915
v 195.5157 478.6059 347.4915
v 202.5709 509.1553 354.6225
v 238.6380 469.9063 346.6043
v 202.5709 509.1553 354.6225
v 245.2915 498.7019 353.3293
v 238.6380 469.9063 346.6043
v 238.6380 469.9063 346.6043
v 245.2915 498.7019 353.3293
v 259.4308 457.9415 383.4893
v 245.2915 498.7019 353.3293
v 265.5320 484.3250 389.6560
v 259.4308 457.9415 383.4893
v 265.5320 484.3250 389.6560
v 272.6817 511.3006 396.8827
v 243.0518 480.4014 427.2758
v 272.6817 511.3006 396.8827
v 250.1283 507.0980 434.4284
v 243.0518 480.4014 427.2758
v 243.0518 480.4014 427.2758
v 250.1283 507.0980 434.4284
v 200.3311 490.8548 428.5689
v 250.1283 507.0980 434.4284
v 207.6028 518.2947 435.9188
v 200.3311 490.8548 428.5689
v 200.3311 490.8548 428.5689
v 207.6028 518.2947 435.9188
v 180.0907 505.2318 392.2422
v 207.6028 518.2947 435.9188
v 187.6309 533.6940 399.8636
v 180.0907 505.2318 392.2422
v 180.0907 505.2318 392.2422
v 187.6309 533.6940 399.8636
v 202.5709 509.1553 354.6225
v 187.6309 533.6940 399.8636
v 210.1843 537.8966 362.3178
v 202.5709 509.1553 354.6225
v 202.5709 509.1553 354.6225
v 210.1843 537.8966 362.3178
v 245.2915 498.7019 353.3293
v 210.1843 537.8966 362.3178
v 252.7098 526.6999 360.8274
v 245.2915 498.7019 353.3293
v 245.2915 498.7019 353.3293
v 252.7098 526.6999 360.8274
v 265.5320 484.3250 389.6560
v 252.7098 526.6999 360.8274
v 272.6817 511.3006 396.8827
v 265.5320 484.3250 389.6560
v 272.6817 511.3006 396.8827
v 280.2581 539.2145 404.5406
v 250.1283 507.0980 434.4284
v 280.2581 539.2145 404.5406
v 257.7329 535.1166 442.1148
v 250.1283 507.0980 434.4284
v 250.1283 507.0980 434.4284
v 257.7329 535.1166 442.1148
v 207.6028 518.2947 435.9188
v 257.7329 535.1166 442.1148
v 215.1324 546.0344 443.5293
v 207.6028 518.2947 435.9188
v 207.6028 518.2947 435.9188
v 215.1324 546.0344 443.5293
v 187.6309 533.6940 399.8636
v 215.1324 546.0344 443.5293
v 195.0572 561.0500 407.3697
v 187.6309 533.6940 399.8636
v 187.6309 533.6940 399.8636
v 195.0572 561.0500 407.3697
v 210.1843 537.8966 362.3178
v 195.0572 561.0500 407.3697
v 217.5825 565.1479 369.7956
v 210.1843 537.8966 362.3178
v 210.1843 537.8966 362.3178
v 217.5825 565.1479 369.7956
v 252.7098 526.6999 360.8274
v 217.5825 565.1479 369.7956
v 260.1830 554.2301 368.3810
v 252.7098 526.6999 360.8274
v 252.7098 526.6999 360.8274
v 260.1830 554.2301 368.3810
v 272.6817 511.3006 396.8827
v 260.1830 554.2301 368.3810
v 280.2581 539.2145 404.5406
v 272.6817 511.3006 396.8827
v 280.2581 539.2145 404.5406
v 287.5491 568.4244 411.9100
v 257.7329 535.1166 442.1148
v 287.5491 568.4244 411.9100
v 265.1443 564.8135 449.6060
v 257.7329 535.1166 442.1148
v 257.7329 535.1166 442.1148
v 265.1443 564.8135 449.6060
v 215.1324 546.0344 443.5293
v 265.1443 564.8135 449.6060
v 222.2228 574.4338 450.6960
v 215.1324 546.0344 443.5293
v 215.1324 546.0344 443.5293
v 222.2228 574.4338 450.6960
v 195.0572 561.0500 407.3697
v 222.2228 574.4338 450.6960
v 201.7059 587.6650 414.0900
v 195.0572 561.0500 407.3697
v 195.0572 561.0500 407.3697
v 201.7059 587.6650 414.0900
v 217.5825 565.1479 369.7956
v 201.7059 587.6650 414.0900
v 224.1107 591.2758 376.3940
v 217.5825 565.1479 369.7956
v 217.5825 565.1479 369.7956
v 224.1107 591.2758 376.3940
v 260.1830 554.2301 368.3810
v 224.1107 591.2758 376.3940
v 267.0323 581.6556 375.3040
v 260.1830 554.2301 368.3810
v 260.1830 554.2301 368.3810
v 267.0323 581.6556 375.3040
v 280.2581 539.2145 404.5406
v 267.0323 581.6556 375.3040
v 287.5491 568.4244 411.9100
v 280.2581 539.2145 404.5406
v 254.0000 231.0002 630.0000
v 253.7858 281.9137 629.7191
v 232.0000 231.0003 668.1051
v 253.7858 281.9137 629.7191
v 231.7850 282.1109 667.8233
v 232.0000 231.0003 668.1051
v 232.0000 231.0003 668.1051
v 231.7850 282.1109 667.8233
v 188.0000 231.0001 668.1051
v 231.7850 282.1109 667.8233
v 187.7861 281.8005 667.8248
v 188.0000 231.0001 668.1051
v 188.0000 231.0001 668.1051
v 187.7861 281.8005 667.8248
v 166.0000 230.9998 630.0000
v 187.7861 281.8005 667.8248
v 165.7879 281.2929 629.7220
v 166.0000 230.9998 630.0000
v 166.0000 230.9998 630.0000
v 165.7879 281.2929 629.7220
v 188.0000 230.9997 591.8949
v 165.7879 281.2929 629.7220
v 187.7886 281.0956 591.6178
v 188.0000 230.9997 591.8949
v 188.0000 230.9997 591.8949
v 187.7886 281.0956 591.6178
v 232.0000 230.9999 591.8949
v 187.7886 281.0956 591.6178
v 231.7875 281.4061 591.6163
v 232.0000 230.9999 591.8949
v 232.0000 230.9999 591.8949
v 231.7875 281.4061 591.6163
v 254.0000 231.0002 630.0000
v 231.7875 281.4061 591.6163
v 253.7858 281.9137 629.7191
v 254.0000 231.0002 630.0000
v 253.7858 281.9137 629.7191
v 253.4530 332.4001 629.2828
v 231.7850 282.1109 667.8233
v 253.4530 332.4001 629.2828
v 231.4527 332.5244 667.3876
v 231.7850 282.1109 667.8233
v 231.7850 282.1109 667.8233
v 231.4527 332.5244 667.3876
v 187.7861 281.8005 667.8248
v 231.4527 332.5244 667.3876
v 187.4531 332.3289 667.3881
v 187.7861 281.8005 667.8248
v 187.7861 281.8005 667.8248
v 187.4531 332.3289 667.3881
v 165.7879 281.2929 629.7220
v 187.4531 332.3289 667.3881
v 165.4538 332.0091 629.2839
v 165.7879 281.2929 629.7220
v 165.7879 281.2929 629.7220
v 165.4538 332.0091 629.2839
v 187.7886 281.0956 591.6178
v 165.4538 332.0091 629.2839
v 187.4541 331.8849 591.1792
v 187.7886 281.0956 591.6178
v 187.7886 281.0956 591.6178
v 187.4541 331.8849 591.1792
v 231.7875 281.4061 591.6163
v 187.4541 331.8849 591.1792
v 231.4537 332.0804 591.1786
v 231.7875 281.4061 591.6163
v 231.7875 281.4061 591.6163
v 231.4537 332.0804 591.1786
v 253.7858 281.9137 629.7191
v 231.4537 332.0804 591.1786
v 253.4530 332.4001 629.2828
v 253.7858 281.9137 629.7191
v 253.4530 332.4001 629.2828
v 253.4719 382.5405 629.3076
v 231.4527 332.5244 667.3876
v 253.4719 382.5405 629.3076
v 231.4714 382.3708 667.4121
v 231.4527 332.5244 667.3876
v 231.4527 332.5244 667.3876
v 231.4714 382.3708 667.4121
v 187.4531 332.3289 667.3881
v 231.4714 382.3708 667.4121
v 187.4722 382.6378 667.4131
v 187.4531 332.3289 667.3881
v 187.4531 332.3289 667.3881
v 187.4722 382.6378 667.4131
v 165.4538 332.0091 629.2839
v 187.4722 382.6378 667.4131
v 165.4735 383.0747 629.3098
v 165.4538 332.0091 629.2839
v 165.4538 332.0091 629.2839
v 165.4735 383.0747 629.3098
v 187.4541 331.8849 591.1792
v 165.4735 383.0747 629.3098
v 187.4740 383.2444 591.2053
v 187.4541 331.8849 591.1792
v 187.4541 331.8849 591.1792
v 187.4740 383.2444 591.2053
v 231.4537 332.0804 591.1786
v 187.4740 383.2444 591.2053
v 231.4732 382.9773 591.2043
v 231.4537 332.0804 591.1786
v 231.4537 332.0804 591.1786
v 231.4732 382.9773 591.2043
v 253.4530 332.4001 629.2828
v 231.4732 382.9773 591.2043
v 253.4719 382.5405 629.3076
v 253.4530 332.4001 629.2828
v 253.4719 382.5405 629.3076
v 254.1001 432.5618 630.1312
v 231.4714 382.3708 667.4121
v 254.1001 432.5618 630.1312
v 232.0950 432.0299 668.2297
v 231.4714 382.3708 667.4121
v 231.4714 382.3708 667.4121
v 232.0950 432.0299 668.2297
v 187.4722 382.6378 667.4131
v 232.0950 432.0299 668.2297
v 188.1030 432.8670 668.2401
v 187.4722 382.6378 667.4131
v 187.4722 382.6378 667.4131
v 188.1030 432.8670 668.2401
v 165.4735 383.0747 629.3098
v 188.1030 432.8670 668.2401
v 166.1160 434.2359 630.1520
v 165.4735 383.0747 629.3098
v 165.4735 383.0747 629.3098
v 166.1160 434.2359 630.1520
v 187.4740 383.2444 591.2053
v 166.1160 434.2359 630.1520
v 188.1210 434.7677 592.0536
v 187.4740 383.2444 591.2053
v 187.4740 383.2444 591.2053
v 188.1210 434.7677 592.0536
v 231.4732 382.9773 591.2043
v 188.1210 434.7677 592.0536
v 232.1131 433.9307 592.0432
v 231.4732 382.9773 591.2043
v 231.4732 382.9773 591.2043
v 232.1131 433.9307 592.0432
v 253.4719 382.5405 629.3076
v 232.1131 433.9307 592.0432
v 254.1001 432.5618 630.1312
v 253.4719 382.5405 629.3076
v 254.1001 432.5618 630.1312
v 255.3069 482.7230 631.7134
v 232.0950 432.0299 668.2297
v 255.3069 482.7230 631.7134
v 233.2958 481.9343 669.8039
v 232.0950 432.0299 668.2297
v 232.0950 432.0299 668.2297
v 233.2958 481.9343 669.8039
v 188.1030 432.8670 668.2401
v 233.2958 481.9343 669.8039
v 189.3133 483.1755 669.8269
v 188.1030 432.8670 668.2401
v 188.1030 432.8670 668.2401
v 189.3133 483.1755 669.8269
v 166.1160 434.2359 630.1520
v 189.3133 483.1755 669.8269
v 167.3419 485.2055 631.7593
v 166.1160 434.2359 630.1520
v 166.1160 434.2359 630.1520
v 167.3419 485.2055 631.7593
v 188.1210 434.7677 592.0536
v 167.3419 485.2055 631.7593
v 189.3531 485.9942 593.6688
v 188.1210 434.7677 592.0536
v 188.1210 434.7677 592.0536
v 189.3531 485.9942 593.6688
v 232.1131 433.9307 592.0432
v 189.3531 485.9942 593.6688
v 233.3356 484.7529 593.6458
v 232.1131 433.9307 592.0432
v 232.1131 433.9307 592.0432
v 233.3356 484.7529 593.6458
v 254.1001 432.5618 630.1312
v 233.3356 484.7529 593.6458
v 255.3069 482.7230 631.7134
v 254.1001 432.5618 630.1312
v 255.3069 482.7230 631.7134
v 256.8769 533.0198 633.7717
v 233.2958 481.9343 669.8039
v 256.8769 533.0198 633.7717
v 234.8610 532.0779 671.8561
v 233.2958 481.9343 669.8039
v 233.2958 481.9343 669.8039
v 234.8610 532.0779 671.8561
v 189.3133 483.1755 669.8269
v 234.8610 532.0779 671.8561
v 190.8860 533.5602 671.8888
v 189.3133 483.1755 669.8269
v 189.3133 483.1755 669.8269
v 190.8860 533.5602 671.8888
v 167.3419 485.2055 631.7593
v 190.8860 533.5602 671.8888
v 168.9269 535.9843 633.8373
v 167.3419 485.2055 631.7593
v 167.3419 485.2055 631.7593
v 168.9269 535.9843 633.8373
v 189.3531 485.9942 593.6688
v 168.9269 535.9843 633.8373
v 190.9428 536.9260 595.7529
v 189.3531 485.9942 593.6688
v 189.3531 485.9942 593.6688
v 190.9428 536.9260 595.7529
v 233.3356 484.7529 593.6458
v 190.9428 536.9260 595.7529
v 234.9178 535.4438 595.7202
v 233.3356 484.7529 593.6458
v 233.3356 484.7529 593.6458
v 234.9178 535.4438 595.7202
v 255.3069 482.7230 631.7134
v 234.9178 535.4438 595.7202
v 256.8769 533.0198 633.7717
v 255.3069 482.7230 631.7134
v 256.8769 533.0198 633.7717
v 258.6680 583.3926 636.1199
v 234.8610 532.0779 671.8561
v 258.6680 583.3926 636.1199
v 236.6488 582.3577 674.1999
v 234.8610 532.0779 671.8561
v 234.8610 532.0779 671.8561
v 236.6488 582.3577 674.1999
v 190.8860 533.5602 671.8888
v 236.6488 582.3577 674.1999
v 192.6790 583.9865 674.2395
v 190.8860 533.5602 671.8888
v 190.8860 533.5602 671.8888
v 192.6790 583.9865 674.2395
v 168.9269 535.9843 633.8373
v 192.6790 583.9865 674.2395
v 170.7284 586.6503 636.1990
v 168.9269 535.9843 633.8373
v 168.9269 535.9843 633.8373
v 170.7284 586.6503 636.1990
v 190.9428 536.9260 595.7529
v 170.7284 586.6503 636.1990
v 192.7475 587.6852 598.1191
v 190.9428 536.9260 595.7529
v 190.9428 536.9260 595.7529
v 192.7475 587.6852 598.1191
v 234.9178 535.4438 595.7202
v 192.7475 587.6852 598.1191
v 236.7174 586.0563 598.0795
v 234.9178 535.4438 595.7202
v 234.9178 535.4438 595.7202
v 236.7174 586.0563 598.0795
v 256.8769 533.0198 633.7717
v 236.7174 586.0563 598.0795
v 258.6680 583.3926 636.1199
v 256.8769 533.0198 633.7717
v 258.6680 583.3926 636.1199
v 260.5908 633.8150 638.6407
v 236.6488 582.3577 674.1999
v 260.5908 633.8150 638.6407
v 238.5696 632.7278 676.7181
v 236.6488 582.3577 674.1999
v 236.6488 582.3577 674.1999
v 238.5696 632.7278 676.7181
v 192.6790 583.9865 674.2395
v 238.5696 632.7278 676.7181
v 194.6029 634.4388 676.7618
v 192.6790 583.9865 674.2395
v 192.6790 583.9865 674.2395
v 194.6029 634.4388 676.7618
v 170.7284 586.6503 636.1990
v 194.6029 634.4388 676.7618
v 172.6574 637.2371 638.7280
v 170.7284 586.6503 636.1990
v 170.7284 586.6503 636.1990
v 172.6574 637.2371 638.7280
v 192.7475 587.6852 598.1191
v 172.6574 637.2371 638.7280
v 194.6785 638.3242 600.6507
v 192.7475 587.6852 598.1191
v 192.7475 587.6852 598.1191
v 194.6785 638.3242 600.6507
v 236.7174 586.0563 598.0795
v 194.6785 638.3242 600.6507
v 238.6452 636.6132 600.6070
v 236.7174 586.0563 598.0795
v 236.7174 586.0563 598.0795
v 238.6452 636.6132 600.6070
v 258.6680 583.3926 636.1199
v 238.6452 636.6132 600.6070
v 260.5908 633.8150 638.6407
v 258.6680 583.3926 636.1199
v 260.5908 633.8150 638.6407
v 262.5800 684.2818 641.2487
v 238.5696 632.7278 676.7181
v 262.5800 684.2818 641.2487
v 240.5581 683.1746 679.3251
v 238.5696 632.7278 676.7181
v 238.5696 632.7278 676.7181
v 240.5581 683.1746 679.3251
v 194.6029 634.4388 676.7618
v 240.5581 683.1746 679.3251
v 196.5926 684.9172 679.3704
v 194.6029 634.4388 676.7618
v 194.6029 634.4388 676.7618
v 196.5926 684.9172 679.3704
v 172.6574 637.2371 638.7280
v 196.5926 684.9172 679.3704
v 174.6491 687.7670 641.3393
v 172.6574 637.2371 638.7280
v 172.6574 637.2371 638.7280
v 174.6491 687.7670 641.3393
v 194.6785 638.3242 600.6507
v 174.6491 687.7670 641.3393
v 196.6711 688.8741 603.2630
v 194.6785 638.3242 600.6507
v 194.6785 638.3242 600.6507
v 196.6711 688.8741 603.2630
v 238.6452 636.6132 600.6070
v 196.6711 688.8741 603.2630
v 240.6365 687.1316 603.2177
v 238.6452 636.6132 600.6070
v 238.6452 636.6132 600.6070
v 240.6365 687.1316 603.2177
v 260.5908 633.8150 638.6407
v 240.6365 687.1316 603.2177
v 262.5800 684.2818 641.2487
v 260.5908 633.8150 638.6407
v 262.5800 684.2818 641.2487
v 264.5809 734.7937 643.8719
v 240.5581 683.1746 679.3251
v 264.5809 734.7937 643.8719
v 242.5593 733.6956 681.9487
v 240.5581 683.1746 679.3251
v 240.5581 683.1746 679.3251
v 242.5593 733.6956 681.9487
v 196.5926 684.9172 679.3704
v 242.5593 733.6956 681.9487
v 198.5932 735.4238 681.9932
v 196.5926 684.9172 679.3704
v 196.5926 684.9172 679.3704
v 198.5932 735.4238 681.9932
v 174.6491 687.7670 641.3393
v 198.5932 735.4238 681.9932
v 176.6488 738.2500 643.9610
v 174.6491 687.7670 641.3393
v 174.6491 687.7670 641.3393
v 176.6488 738.2500 643.9610
v 196.6711 688.8741 603.2630
v 176.6488 738.2500 643.9610
v 198.6704 739.3481 605.8842
v 196.6711 688.8741 603.2630
v 196.6711 688.8741 603.2630
v 198.6704 739.3481 605.8842
v 240.6365 687.1316 603.2177
v 198.6704 739.3481 605.8842
v 242.6364 737.6199 605.8396
v 240.6365 687.1316 603.2177
v 240.6365 687.1316 603.2177
v 242.6364 737.6199 605.8396
v 262.5800 684.2818 641.2487
v 242.6364 737.6199 605.8396
v 264.5809 734.7937 643.8719
v 262.5800 684.2818 641.2487
v 264.5809 734.7937 643.8719
v 266.5398 785.3580 646.4402
v 242.5593 733.6956 681.9487
v 266.5398 785.3580 646.4402
v 244.5198 784.2996 684.5190
v 242.5593 733.6956 681.9487
v 242.5593 733.6956 681.9487
v 244.5198 784.2996 684.5190
v 198.5932 735.4238 681.9932
v 244.5198 784.2996 684.5190
v 200.5513 785.9653 684.5604
v 198.5932 735.4238 681.9932
v 198.5932 735.4238 681.9932
v 200.5513 785.9653 684.5604
v 176.6488 738.2500 643.9610
v 200.5513 785.9653 684.5604
v 178.6030 788.6893 646.5229
v 176.6488 738.2500 643.9610
v 176.6488 738.2500 643.9610
v 178.6030 788.6893 646.5229
v 198.6704 739.3481 605.8842
v 178.6030 788.6893 646.5229
v 200.6230 789.7477 608.4441
v 198.6704 739.3481 605.8842
v 198.6704 739.3481 605.8842
v 200.6230 789.7477 608.4441
v 242.6364 737.6199 605.8396
v 200.6230 789.7477 608.4441
v 244.5914 788.0820 608.4027
v 242.6364 737.6199 605.8396
v 242.6364 737.6199 605.8396
v 244.5914 788.0820 608.4027
v 264.5809 734.7937 643.8719
v 244.5914 788.0820 608.4027
v 266.5398 785.3580 646.4402
v 264.5809 734.7937 643.8719
v 266.5398 785.3580 646.4402
v 268.3970 835.9902 648.8750
v 244.5198 784.2996 684.5190
v 268.3970 835.9902 648.8750
v 246.3797 835.0084 686.9575
v 244.5198 784.2996 684.5190
v 244.5198 784.2996 684.5190
v 246.3797 835.0084 686.9575
v 200.5513 785.9653 684.5604
v 246.3797 835.0084 686.9575
v 202.4069 836.5537 686.9931
v 200.5513 785.9653 684.5604
v 200.5513 785.9653 684.5604
v 202.4069 836.5537 686.9931
v 178.6030 788.6893 646.5229
v 202.4069 836.5537 686.9931
v 180.4513 839.0809 648.9462
v 178.6030 788.6893 646.5229
v 178.6030 788.6893 646.5229
v 180.4513 839.0809 648.9462
v 200.6230 789.7477 608.4441
v 180.4513 839.0809 648.9462
v 202.4686 840.0629 610.8637
v 200.6230 789.7477 608.4441
v 200.6230 789.7477 608.4441
v 202.4686 840.0629 610.8637
v 244.5914 788.0820 608.4027
v 202.4686 840.0629 610.8637
v 246.4414 838.5175 610.8281
v 244.5914 788.0820 608.4027
v 244.5914 788.0820 608.4027
v 246.4414 838.5175 610.8281
v 266.5398 785.3580 646.4402
v 246.4414 838.5175 610.8281
v 268.3970 835.9902 648.8750
v 266.5398 785.3580 646.4402
v 420.0000 231.0001 -586.0000
v 420.5510 291.2019 -586.1630
v 381.8949 231.0004 -608.0000
v 420.5510 291.2019 -586.1630
v 382.4491 291.6561 -608.1639
v 381.8949 231.0004 -608.0000
v 381.8949 231.0004 -608.0000
v 382.4491 291.6561 -608.1639
v 381.8949 231.0002 -652.0000
v 382.4491 291.6561 -608.1639
v 382.4478 291.4690 -652.1636
v 381.8949 231.0002 -652.0000
v 381.8949 231.0002 -652.0000
v 382.4478 291.4690 -652.1636
v 420.0000 230.9999 -674.0000
v 382.4478 291.4690 -652.1636
v 420.5482 290.8277 -674.1622
v 420.0000 230.9999 -674.0000
v 420.0000 230.9999 -674.0000
v 420.5482 290.8277 -674.1622
v 458.1051 230.9996 -652.0000
v 420.5482 290.8277 -674.1622
v 458.6501 290.3734 -652.1612
v 458.1051 230.9996 -652.0000
v 458.1051 230.9996 -652.0000
v 458.6501 290.3734 -652.1612
v 458.1051 230.9998 -608.0000
v 458.6501 290.3734 -652.1612
v 458.6515 290.5605 -608.1616
v 458.1051 230.9998 -608.0000
v 458.1051 230.9998 -608.0000
v 458.6515 290.5605 -608.1616
v 420.0000 231.0001 -586.0000
v 458.6515 290.5605 -608.1616
v 420.5510 291.2019 -586.1630
v 420.0000 231.0001 -586.0000
v 420.5510 291.2019 -586.1630
v 421.1538 351.0488 -586.3413
v 382.4491 291.6561 -608.1639
v 421.1538 351.0488 -586.3413
v 383.0487 351.0993 -608.3413
v 382.4491 291.6561 -608.1639
v 382.4491 291.6561 -608.1639
v 383.0487 351.0993 -608.3413
v 382.4478 291.4690 -652.1636
v 383.0487 351.0993 -608.3413
v 383.0487 351.0785 -652.3413
v 382.4478 291.4690 -652.1636
v 382.4478 291.4690 -652.1636
v 383.0487 351.0785 -652.3413
v 420.5482 290.8277 -674.1622
v 383.0487 351.0785 -652.3413
v 421.1537 351.0072 -674.3413
v 420.5482 290.8277 -674.1622
v 420.5482 290.8277 -674.1622
v 421.1537 351.0072 -674.3413
v 458.6501 290.3734 -652.1612
v 421.1537 351.0072 -674.3413
v 459.2589 350.9567 -652.3413
v 458.6501 290.3734 -652.1612
v 458.6501 290.3734 -652.1612
v 459.2589 350.9567 -652.3413
v 458.6515 290.5605 -608.1616
v 459.2589 350.9567 -652.3413
v 459.2589 350.9775 -608.3413
v 458.6515 290.5605 -608.1616
v 458.6515 290.5605 -608.1616
v 459.2589 350.9775 -608.3413
v 420.5510 291.2019 -586.1630
v 459.2589 350.9775 -608.3413
v 421.1538 351.0488 -586.3413
v 420.5510 291.2019 -586.1630
v 421.1538 351.0488 -586.3413
v 420.4734 410.7165 -586.1401
v 383.0487 351.0993 -608.3413
v 420.4734 410.7165 -586.1401
v 382.3781 409.9299 -608.1429
v 383.0487 351.0993 -608.3413
v 383.0487 351.0993 -608.3413
v 382.3781 409.9299 -608.1429
v 383.0487 351.0785 -652.3413
v 382.3781 409.9299 -608.1429
v 382.3741 410.2539 -652.1418
v 383.0487 351.0785 -652.3413
v 383.0487 351.0785 -652.3413
v 382.3741 410.2539 -652.1418
v 421.1537 351.0072 -674.3413
v 382.3741 410.2539 -652.1418
v 420.4654 411.3645 -674.1377
v 421.1537 351.0072 -674.3413
v 421.1537 351.0072 -674.3413
v 420.4654 411.3645 -674.1377
v 459.2589 350.9567 -652.3413
v 420.4654 411.3645 -674.1377
v 458.5607 412.1510 -652.1348
v 459.2589 350.9567 -652.3413
v 459.2589 350.9567 -652.3413
v 458.5607 412.1510 -652.1348
v 459.2589 350.9775 -608.3413
v 458.5607 412.1510 -652.1348
v 458.5647 411.8270 -608.1360
v 459.2589 350.9775 -608.3413
v 459.2589 350.9775 -608.3413
v 458.5647 411.8270 -608.1360
v 421.1538 351.0488 -586.3413
v 458.5647 411.8270 -608.1360
v 420.4734 410.7165 -586.1401
v 421.1538 351.0488 -586.3413
v 420.4734 410.7165 -586.1401
v 418.2792 470.4053 -585.4910
v 382.3781 409.9299 -608.1429
v 418.2792 470.4053 -585.4910
v 380.2082 468.9393 -607.5010
v 382.3781 409.9299 -608.1429
v 382.3781 409.9299 -608.1429
v 380.2082 468.9393 -607.5010
v 382.3741 410.2539 -652.1418
v 380.2082 468.9393 -607.5010
v 380.1942 469.5432 -651.4969
v 382.3741 410.2539 -652.1418
v 382.3741 410.2539 -652.1418
v 380.1942 469.5432 -651.4969
v 420.4654 411.3645 -674.1377
v 380.1942 469.5432 -651.4969
v 418.2512 471.6130 -673.4827
v 420.4654 411.3645 -674.1377
v 420.4654 411.3645 -674.1377
v 418.2512 471.6130 -673.4827
v 458.5607 412.1510 -652.1348
v 418.2512 471.6130 -673.4827
v 456.3223 473.0790 -651.4726
v 458.5607 412.1510 -652.1348
v 458.5607 412.1510 -652.1348
v 456.3223 473.0790 -651.4726
v 458.5647 411.8270 -608.1360
v 456.3223 473.0790 -651.4726
v 456.3363 472.4751 -607.4767
v 458.5647 411.8270 -608.1360
v 458.5647 411.8270 -608.1360
v 456.3363 472.4751 -607.4767
v 420.4734 410.7165 -586.1401
v 456.3363 472.4751 -607.4767
v 418.2792 470.4053 -585.4910
v 420.4734 410.7165 -586.1401
v 418.2792 470.4053 -585.4910
v 415.1220 530.1849 -584.5570
v 380.2082 468.9393 -607.5010
v 415.1220 530.1849 -584.5570
v 377.0701 528.3528 -606.5728
v 380.2082 468.9393 -607.5010
v 380.2082 468.9393 -607.5010
v 377.0701 528.3528 -606.5728
v 380.1942 469.5432 -651.4969
v 377.0701 528.3528 -606.5728
v 377.0482 529.1075 -650.5663
v 380.1942 469.5432 -651.4969
v 380.1942 469.5432 -651.4969
v 377.0482 529.1075 -650.5663
v 418.2512 471.6130 -673.4827
v 377.0482 529.1075 -650.5663
v 415.0782 531.6943 -672.5441
v 418.2512 471.6130 -673.4827
v 418.2512 471.6130 -673.4827
v 415.0782 531.6943 -672.5441
v 456.3223 473.0790 -651.4726
v 415.0782 531.6943 -672.5441
v 453.1302 533.5264 -650.5283
v 456.3223 473.0790 -651.4726
v 456.3223 473.0790 -651.4726
v 453.1302 533.5264 -650.5283
v 456.3363 472.4751 -607.4767
v 453.1302 533.5264 -650.5283
v 453.1521 532.7717 -606.5349
v 456.3363 472.4751 -607.4767
v 456.3363 472.4751 -607.4767
v 453.1521 532.7717 -606.5349
v 418.2792 470.4053 -585.4910
v 453.1521 532.7717 -606.5349
v 415.1220 530.1849 -584.5570
v 418.2792 470.4053 -585.4910
v 415.1220 530.1849 -584.5570
v 411.4261 589.9892 -583.4637
v 377.0701 528.3528 -606.5728
v 411.4261 589.9892 -583.4637
v 373.3874 587.9423 -605.4834
v 377.0701 528.3528 -606.5728
v 377.0701 528.3528 -606.5728
v 373.3874 587.9423 -605.4834
v 377.0482 529.1075 -650.5663
v 373.3874 587.9423 -605.4834
v 373.3600 588.7855 -649.4753
v 377.0482 529.1075 -650.5663
v 377.0482 529.1075 -650.5663
v 373.3600 588.7855 -649.4753
v 415.0782 531.6943 -672.5441
v 373.3600 588.7855 -649.4753
v 411.3714 591.6756 -671.4476
v 415.0782 531.6943 -672.5441
v 415.0782 531.6943 -672.5441
v 411.3714 591.6756 -671.4476
v 453.1302 533.5264 -650.5283
v 411.3714 591.6756 -671.4476
v 449.4102 593.7226 -649.4279
v 453.1302 533.5264 -650.5283
v 453.1302 533.5264 -650.5283
v 449.4102 593.7226 -649.4279
v 453.1521 532.7717 -606.5349
v 449.4102 593.7226 -649.4279
v 449.4375 592.8794 -605.4360
v 453.1521 532.7717 -606.5349
v 453.1521 532.7717 -606.5349
v 449.4375 592.8794 -605.4360
v 415.1220 530.1849 -584.5570
v 449.4375 592.8794 -605.4360
v 411.4261 589.9892 -583.4637
v 415.1220 530.1849 -584.5570
v 411.4261 589.9892 -583.4637
v 407.4092 649.8095 -582.2755
v 373.3874 587.9423 -605.4834
v 407.4092 649.8095 -582.2755
v 369.3790 647.6349 -604.2976
v 373.3874 587.9423 -605.4834
v 373.3874 587.9423 -605.4834
v 369.3790 647.6349 -604.2976
v 373.3600 588.7855 -649.4753
v 369.3790 647.6349 -604.2976
v 369.3481 648.5307 -648.2885
v 373.3600 588.7855 -649.4753
v 373.3600 588.7855 -649.4753
v 369.3481 648.5307 -648.2885
v 411.3714 591.6756 -671.4476
v 369.3481 648.5307 -648.2885
v 407.3474 651.6010 -670.2572
v 411.3714 591.6756 -671.4476
v 411.3714 591.6756 -671.4476
v 407.3474 651.6010 -670.2572
v 449.4102 593.7226 -649.4279
v 407.3474 651.6010 -670.2572
v 445.3777 653.7756 -648.2350
v 449.4102 593.7226 -649.4279
v 449.4102 593.7226 -649.4279
v 445.3777 653.7756 -648.2350
v 449.4375 592.8794 -605.4360
v 445.3777 653.7756 -648.2350
v 445.4085 652.8798 -604.2442
v 449.4375 592.8794 -605.4360
v 449.4375 592.8794 -605.4360
v 445.4085 652.8798 -604.2442
v 411.4261 589.9892 -583.4637
v 445.4085 652.8798 -604.2442
v 407.4092 649.8095 -582.2755
v 411.4261 589.9892 -583.4637
v 407.4092 649.8095 -582.2755
v 403.2082 709.6392 -581.0328
v 369.3790 647.6349 -604.2976
v 403.2082 709.6392 -581.0328
v 365.1827 707.3970 -603.0563
v 369.3790 647.6349 -604.2976
v 369.3790 647.6349 -604.2976
v 365.1827 707.3970 -603.0563
v 369.3481 648.5307 -648.2885
v 365.1827 707.3970 -603.0563
v 365.1499 708.3206 -647.0466
v 369.3481 648.5307 -648.2885
v 369.3481 648.5307 -648.2885
v 365.1499 708.3206 -647.0466
v 407.3474 651.6010 -670.2572
v 365.1499 708.3206 -647.0466
v 403.1425 711.4865 -669.0134
v 407.3474 651.6010 -670.2572
v 407.3474 651.6010 -670.2572
v 403.1425 711.4865 -669.0134
v 445.3777 653.7756 -648.2350
v 403.1425 711.4865 -669.0134
v 441.1680 713.7286 -646.9898
v 445.3777 653.7756 -648.2350
v 445.3777 653.7756 -648.2350
v 441.1680 713.7286 -646.9898
v 445.4085 652.8798 -604.2442
v 441.1680 713.7286 -646.9898
v 441.2008 712.8050 -602.9995
v 445.4085 652.8798 -604.2442
v 445.4085 652.8798 -604.2442
v 441.2008 712.8050 -602.9995
v 407.4092 649.8095 -582.2755
v 441.2008 712.8050 -602.9995
v 403.2082 709.6392 -581.0328
v 407.4092 649.8095 -582.2755
v 403.2082 709.6392 -581.0328
v 398.9240 769.4835 -579.7654
v 365.1827 707.3970 -603.0563
v 398.9240 769.4835 -579.7654
v 360.8999 767.2218 -601.7894
v 365.1827 707.3970 -603.0563
v 365.1827 707.3970 -603.0563
v 360.8999 767.2218 -601.7894
v 365.1499 708.3206 -647.0466
v 360.8999 767.2218 -601.7894
v 360.8665 768.1534 -645.7795
v 365.1499 708.3206 -647.0466
v 365.1499 708.3206 -647.0466
v 360.8665 768.1534 -645.7795
v 403.1425 711.4865 -669.0134
v 360.8665 768.1534 -645.7795
v 398.8572 771.3469 -667.7457
v 403.1425 711.4865 -669.0134
v 403.1425 711.4865 -669.0134
v 398.8572 771.3469 -667.7457
v 441.1680 713.7286 -646.9898
v 398.8572 771.3469 -667.7457
v 436.8813 773.6086 -645.7217
v 441.1680 713.7286 -646.9898
v 441.1680 713.7286 -646.9898
v 436.8813 773.6086 -645.7217
v 441.2008 712.8050 -602.9995
v 436.8813 773.6086 -645.7217
v 436.9146 772.6769 -601.7316
v 441.2008 712.8050 -602.9995
v 441.2008 712.8050 -602.9995
v 436.9146 772.6769 -601.7316
v 403.2082 709.6392 -581.0328
v 436.9146 772.6769 -601.7316
v 398.9240 769.4835 -579.7654
v 403.2082 709.6392 -581.0328
v 398.9240 769.4835 -579.7654
v 394.6440 829.3459 -578.4994
v 360.8999 767.2218 -601.7894
v 394.6440 829.3459 -578.4994
v 356.6182 827.1096 -600.5228
v 360.8999 767.2218 -601.7894
v 360.8999 767.2218 -601.7894
v 356.6182 827.1096 -600.5228
v 360.8665 768.1534 -645.7795
v 356.6182 827.1096 -600.5228
v 356.5855 828.0308 -644.5132
v 360.8665 768.1534 -645.7795
v 360.8665 768.1534 -645.7795
v 356.5855 828.0308 -644.5132
v 398.8572 771.3469 -667.7457
v 356.5855 828.0308 -644.5132
v 394.5787 831.1884 -666.4800
v 398.8572 771.3469 -667.7457
v 398.8572 771.3469 -667.7457
v 394.5787 831.1884 -666.4800
v 436.8813 773.6086 -645.7217
v 394.5787 831.1884 -666.4800
v 432.6046 833.4247 -644.4566
v 436.8813 773.6086 -645.7217
v 436.8813 773.6086 -645.7217
v 432.6046 833.4247 -644.4566
v 436.9146 772.6769 -601.7316
v 432.6046 833.4247 -644.4566
v 432.6373 832.5035 -600.4663
v 436.9146 772.6769 -601.7316
v 436.9146 772.6769 -601.7316
v 432.6373 832.5035 -600.4663
v 398.9240 769.4835 -579.7654
v 432.6373 832.5035 -600.4663
v 394.6440 829.3459 -578.4994
v 398.9240 769.4835 -579.7654
v 394.6440 829.3459 -578.4994
v 390.4562 889.2370 -577.2606
v 356.6182 827.1096 -600.5228
v 390.4562 889.2370 -577.2606
v 352.4251 887.0751 -599.2825
v 356.6182 827.1096 -600.5228
v 356.6182 827.1096 -600.5228
v 352.4251 887.0751 -599.2825
v 356.5855 828.0308 -644.5132
v 352.4251 887.0751 -599.2825
v 352.3946 887.9656 -643.2734
v 356.5855 828.0308 -644.5132
v 356.5855 828.0308 -644.5132
v 352.3946 887.9656 -643.2734
v 394.5787 831.1884 -666.4800
v 352.3946 887.9656 -643.2734
v 390.3952 891.0181 -665.2425
v 394.5787 831.1884 -666.4800
v 394.5787 831.1884 -666.4800
v 390.3952 891.0181 -665.2425
v 432.6046 833.4247 -644.4566
v 390.3952 891.0181 -665.2425
v 428.4262 893.1799 -643.2206
v 432.6046 833.4247 -644.4566
v 432.6046 833.4247 -644.4566
v 428.4262 893.1799 -643.2206
v 432.6373 832.5035 -600.4663
v 428.4262 893.1799 -643.2206
v 428.4567 892.2894 -599.2296
v 432.6373 832.5035 -600.4663
v 432.6373 832.5035 -600.4663
v 428.4567 892.2894 -599.2296
v 394.6440 829.3459 -578.4994
v 428.4567 892.2894 -599.2296
v 390.4562 889.2370 -577.2606
v 394.6440 829.3459 -578.4994
v 390.4562 889.2370 -577.2606
v 386.4644 949.1658 -576.0797
v 352.4251 887.0751 -599.2825
v 386.4644 949.1658 -576.0797
v 348.4243 947.1405 -598.0989
v 352.4251 887.0751 -599.2825
v 352.4251 887.0751 -599.2825
v 348.4243 947.1405 -598.0989
v 352.3946 887.9656 -643.2734
v 348.4243 947.1405 -598.0989
v 348.3975 947.9748 -642.0911
v 352.3946 887.9656 -643.2734
v 352.3946 887.9656 -643.2734
v 348.3975 947.9748 -642.0911
v 390.3952 891.0181 -665.2425
v 348.3975 947.9748 -642.0911
v 386.4109 950.8342 -664.0639
v 390.3952 891.0181 -665.2425
v 390.3952 891.0181 -665.2425
v 386.4109 950.8342 -664.0639
v 428.4262 893.1799 -643.2206
v 386.4109 950.8342 -664.0639
v 424.4510 952.8595 -642.0447
v 428.4262 893.1799 -643.2206
v 428.4262 893.1799 -643.2206
v 424.4510 952.8595 -642.0447
v 428.4567 892.2894 -599.2296
v 424.4510 952.8595 -642.0447
v 424.4778 952.0252 -598.0526
v 428.4567 892.2894 -599.2296
v 428.4567 892.2894 -599.2296
v 424.4778 952.0252 -598.0526
v 390.4562 889.2370 -577.2606
v 424.4778 952.0252 -598.0526
v 386.4644 949.1658 -576.0797
v 390.4562 889.2370 -577.2606
v 464.0000 230.9999 -378.0000
v 464.1405 279.4271 -377.6714
v 442.0000 230.9997 -339.8949
v 464.1405 279.4271 -377.6714
v 442.1397 279.0976 -339.5681
v 442.0000 230.9997 -339.8949
v 442.0000 230.9997 -339.8949
v 442.1397 279.0976 -339.5681
v 398.0000 230.9998 -339.8949
v 442.1397 279.0976 -339.5681
v 398.1402 279.3135 -339.5669
v 398.0000 230.9998 -339.8949
v 398.0000 230.9998 -339.8949
v 398.1402 279.3135 -339.5669
v 376.0000 231.0001 -378.0000
v 398.1402 279.3135 -339.5669
v 376.1415 279.8589 -377.6689
v 376.0000 231.0001 -378.0000
v 376.0000 231.0001 -378.0000
v 376.1415 279.8589 -377.6689
v 398.0000 231.0003 -416.1051
v 376.1415 279.8589 -377.6689
v 398.1423 280.1884 -415.7721
v 398.0000 231.0003 -416.1051
v 398.0000 231.0003 -416.1051
v 398.1423 280.1884 -415.7721
v 442.0000 231.0002 -416.1051
v 398.1423 280.1884 -415.7721
v 442.1418 279.9724 -415.7734
v 442.0000 231.0002 -416.1051
v 442.0000 231.0002 -416.1051
v 442.1418 279.9724 -415.7734
v 464.0000 230.9999 -378.0000
v 442.1418 279.9724 -415.7734
v 464.1405 279.4271 -377.6714
v 464.0000 230.9999 -378.0000
v 464.1405 279.4271 -377.6714
v 464.3736 328.1262 -377.1260
v 442.1397 279.0976 -339.5681
v 464.3736 328.1262 -377.1260
v 442.3732 327.8866 -339.0219
v 442.1397 279.0976 -339.5681
v 442.1397 279.0976 -339.5681
v 442.3732 327.8866 -339.0219
v 398.1402 279.3135 -339.5669
v 442.3732 327.8866 -339.0219
v 398.3735 328.0436 -339.0212
v 398.1402 279.3135 -339.5669
v 398.1402 279.3135 -339.5669
v 398.3735 328.0436 -339.0212
v 376.1415 279.8589 -377.6689
v 398.3735 328.0436 -339.0212
v 376.3742 328.4402 -377.1247
v 376.1415 279.8589 -377.6689
v 376.1415 279.8589 -377.6689
v 376.3742 328.4402 -377.1247
v 398.1423 280.1884 -415.7721
v 376.3742 328.4402 -377.1247
v 398.3746 328.6798 -415.2288
v 398.1423 280.1884 -415.7721
v 398.1423 280.1884 -415.7721
v 398.3746 328.6798 -415.2288
v 442.1418 279.9724 -415.7734
v 398.3746 328.6798 -415.2288
v 442.3743 328.5228 -415.2294
v 442.1418 279.9724 -415.7734
v 442.1418 279.9724 -415.7734
v 442.3743 328.5228 -415.2294
v 464.1405 279.4271 -377.6714
v 442.3743 328.5228 -415.2294
v 464.3736 328.1262 -377.1260
v 464.1405 279.4271 -377.6714
v 464.3736 328.1262 -377.1260
v 464.3980 377.0683 -377.0689
v 442.3732 327.8866 -339.0219
v 464.3980 377.0683 -377.0689
v 442.3977 377.2850 -338.9646
v 442.3732 327.8866 -339.0219
v 442.3732 327.8866 -339.0219
v 442.3977 377.2850 -338.9646
v 398.3735 328.0436 -339.0212
v 442.3977 377.2850 -338.9646
v 398.3979 377.1430 -338.9641
v 398.3735 328.0436 -339.0212
v 398.3735 328.0436 -339.0212
v 398.3979 377.1430 -338.9641
v 376.3742 328.4402 -377.1247
v 398.3979 377.1430 -338.9641
v 376.3985 376.7843 -377.0678
v 376.3742 328.4402 -377.1247
v 376.3742 328.4402 -377.1247
v 376.3985 376.7843 -377.0678
v 398.3746 328.6798 -415.2288
v 376.3985 376.7843 -377.0678
v 398.3988 376.5677 -415.1721
v 398.3746 328.6798 -415.2288
v 398.3746 328.6798 -415.2288
v 398.3988 376.5677 -415.1721
v 442.3743 328.5228 -415.2294
v 398.3988 376.5677 -415.1721
v 442.3986 376.7097 -415.1727
v 442.3743 328.5228 -415.2294
v 442.3743 328.5228 -415.2294
v 442.3986 376.7097 -415.1727
v 464.3736 328.1262 -377.1260
v 442.3986 376.7097 -415.1727
v 464.3980 377.0683 -377.0689
v 464.3736 328.1262 -377.1260
v 464.3980 377.0683 -377.0689
v 464.0208 426.1004 -377.9512
v 442.3977 377.2850 -338.9646
v 464.0208 426.1004 -377.9512
v 442.0158 426.9242 -339.8579
v 442.3977 377.2850 -338.9646
v 442.3977 377.2850 -338.9646
v 442.0158 426.9242 -339.8579
v 398.3979 377.1430 -338.9641
v 442.0158 426.9242 -339.8579
v 398.0191 426.3843 -339.8502
v 398.3979 377.1430 -338.9641
v 398.3979 377.1430 -338.9641
v 398.0191 426.3843 -339.8502
v 376.3985 376.7843 -377.0678
v 398.0191 426.3843 -339.8502
v 376.0275 425.0208 -377.9357
v 376.3985 376.7843 -377.0678
v 376.3985 376.7843 -377.0678
v 376.0275 425.0208 -377.9357
v 398.3988 376.5677 -415.1721
v 376.0275 425.0208 -377.9357
v 398.0325 424.1971 -416.0290
v 398.3988 376.5677 -415.1721
v 398.3988 376.5677 -415.1721
v 398.0325 424.1971 -416.0290
v 442.3986 376.7097 -415.1727
v 398.0325 424.1971 -416.0290
v 442.0292 424.7369 -416.0368
v 442.3986 376.7097 -415.1727
v 442.3986 376.7097 -415.1727
v 442.0292 424.7369 -416.0368
v 464.3980 377.0683 -377.0689
v 442.0292 424.7369 -416.0368
v 464.0208 426.1004 -377.9512
v 464.3980 377.0683 -377.0689
v 464.0208 426.1004 -377.9512
v 463.2285 475.0185 -379.8048
v 442.0158 426.9242 -339.8579
v 463.2285 475.0185 -379.8048
v 441.2158 476.3250 -341.7295
v 442.0158 426.9242 -339.8579
v 442.0158 426.9242 -339.8579
v 441.2158 476.3250 -341.7295
v 398.0191 426.3843 -339.8502
v 441.2158 476.3250 -341.7295
v 397.2241 475.4688 -341.7100
v 398.0191 426.3843 -339.8502
v 398.0191 426.3843 -339.8502
v 397.2241 475.4688 -341.7100
v 376.0275 425.0208 -377.9357
v 397.2241 475.4688 -341.7100
v 375.2451 473.3060 -379.7658
v 376.0275 425.0208 -377.9357
v 376.0275 425.0208 -377.9357
v 375.2451 473.3060 -379.7658
v 398.0325 424.1971 -416.0290
v 375.2451 473.3060 -379.7658
v 397.2579 471.9994 -417.8412
v 398.0325 424.1971 -416.0290
v 398.0325 424.1971 -416.0290
v 397.2579 471.9994 -417.8412
v 442.0292 424.7369 -416.0368
v 397.2579 471.9994 -417.8412
v 441.2495 472.8557 -417.8607
v 442.0292 424.7369 -416.0368
v 442.0292 424.7369 -416.0368
v 441.2495 472.8557 -417.8607
v 464.0208 426.1004 -377.9512
v 441.2495 472.8557 -417.8607
v 463.2285 475.0185 -379.8048
v 464.0208 426.1004 -377.9512
v 463.2285 475.0185 -379.8048
v 462.1641 523.7793 -382.2947
v 441.2158 476.3250 -341.7295
v 462.1641 523.7793 -382.2947
v 440.1451 525.3760 -344.2340
v 441.2158 476.3250 -341.7295
v 441.2158 476.3250 -341.7295
v 440.1451 525.3760 -344.2340
v 397.2241 475.4688 -341.7100
v 440.1451 525.3760 -344.2340
v 396.1576 524.3297 -344.2049
v 397.2241 475.4688 -341.7100
v 397.2241 475.4688 -341.7100
v 396.1576 524.3297 -344.2049
v 375.2451 473.3060 -379.7658
v 396.1576 524.3297 -344.2049
v 374.1890 521.6865 -382.2365
v 375.2451 473.3060 -379.7658
v 375.2451 473.3060 -379.7658
v 374.1890 521.6865 -382.2365
v 397.2579 471.9994 -417.8412
v 374.1890 521.6865 -382.2365
v 396.2080 520.0898 -420.2971
v 397.2579 471.9994 -417.8412
v 397.2579 471.9994 -417.8412
v 396.2080 520.0898 -420.2971
v 441.2495 472.8557 -417.8607
v 396.2080 520.0898 -420.2971
v 440.1956 521.1362 -420.3262
v 441.2495 472.8557 -417.8607
v 441.2495 472.8557 -417.8607
v 440.1956 521.1362 -420.3262
v 463.2285 475.0185 -379.8048
v 440.1956 521.1362 -420.3262
v 462.1641 523.7793 -382.2947
v 463.2285 475.0185 -379.8048
v 462.1641 523.7793 -382.2947
v 460.9346 572.4391 -385.1711
v 440.1451 525.3760 -344.2340
v 460.9346 572.4391 -385.1711
v 438.9111 574.2136 -347.1208
v 440.1451 525.3760 -344.2340
v 440.1451 525.3760 -344.2340
v 438.9111 574.2136 -347.1208
v 396.1576 524.3297 -344.2049
v 438.9111 574.2136 -347.1208
v 394.9265 573.0507 -347.0849
v 396.1576 524.3297 -344.2049
v 396.1576 524.3297 -344.2049
v 394.9265 573.0507 -347.0849
v 374.1890 521.6865 -382.2365
v 394.9265 573.0507 -347.0849
v 372.9653 570.1133 -385.0991
v 374.1890 521.6865 -382.2365
v 374.1890 521.6865 -382.2365
v 372.9653 570.1133 -385.0991
v 396.2080 520.0898 -420.2971
v 372.9653 570.1133 -385.0991
v 394.9888 568.3389 -423.1493
v 396.2080 520.0898 -420.2971
v 396.2080 520.0898 -420.2971
v 394.9888 568.3389 -423.1493
v 440.1956 521.1362 -420.3262
v 394.9888 568.3389 -423.1493
v 438.9734 569.5018 -423.1853
v 440.1956 521.1362 -420.3262
v 440.1956 521.1362 -420.3262
v 438.9734 569.5018 -423.1853
v 462.1641 523.7793 -382.2947
v 438.9734 569.5018 -423.1853
v 460.9346 572.4391 -385.1711
v 462.1641 523.7793 -382.2947
v 460.9346 572.4391 -385.1711
v 459.6065 621.0333 -388.2778
v 438.9111 574.2136 -347.1208
v 459.6065 621.0333 -388.2778
v 437.5803 622.9088 -350.2341
v 438.9111 574.2136 -347.1208
v 438.9111 574.2136 -347.1208
v 437.5803 622.9088 -350.2341
v 394.9265 573.0507 -347.0849
v 437.5803 622.9088 -350.2341
v 393.5975 621.6797 -350.1938
v 394.9265 573.0507 -347.0849
v 394.9265 573.0507 -347.0849
v 393.5975 621.6797 -350.1938
v 372.9653 570.1133 -385.0991
v 393.5975 621.6797 -350.1938
v 371.6409 618.5751 -388.1974
v 372.9653 570.1133 -385.0991
v 372.9653 570.1133 -385.0991
v 371.6409 618.5751 -388.1974
v 394.9888 568.3389 -423.1493
v 371.6409 618.5751 -388.1974
v 393.6671 616.6996 -426.2411
v 394.9888 568.3389 -423.1493
v 394.9888 568.3389 -423.1493
v 393.6671 616.6996 -426.2411
v 438.9734 569.5018 -423.1853
v 393.6671 616.6996 -426.2411
v 437.6499 617.9287 -426.2814
v 438.9734 569.5018 -423.1853
v 438.9734 569.5018 -423.1853
v 437.6499 617.9287 -426.2814
v 460.9346 572.4391 -385.1711
v 437.6499 617.9287 -426.2814
v 459.6065 621.0333 -388.2778
v 460.9346 572.4391 -385.1711
v 459.6065 621.0333 -388.2778
v 458.2288 669.5786 -391.5008
v 437.5803 622.9088 -350.2341
v 458.2288 669.5786 -391.5008
v 436.2014 671.4948 -353.4597
v 437.5803 622.9088 -350.2341
v 437.5803 622.9088 -350.2341
v 436.2014 671.4948 -353.4597
v 393.5975 621.6797 -350.1938
v 436.2014 671.4948 -353.4597
v 392.2193 670.2390 -353.4178
v 393.5975 621.6797 -350.1938
v 393.5975 621.6797 -350.1938
v 392.2193 670.2390 -353.4178
v 371.6409 618.5751 -388.1974
v 392.2193 670.2390 -353.4178
v 370.2646 667.0670 -391.4168
v 371.6409 618.5751 -388.1974
v 371.6409 618.5751 -388.1974
v 370.2646 667.0670 -391.4168
v 393.6671 616.6996 -426.2411
v 370.2646 667.0670 -391.4168
v 392.2920 665.1507 -429.4579
v 393.6671 616.6996 -426.2411
v 393.6671 616.6996 -426.2411
v 392.2920 665.1507 -429.4579
v 437.6499 617.9287 -426.2814
v 392.2920 665.1507 -429.4579
v 436.2741 666.4065 -429.4999
v 437.6499 617.9287 -426.2814
v 437.6499 617.9287 -426.2814
v 436.2741 666.4065 -429.4999
v 459.6065 621.0333 -388.2778
v 436.2741 666.4065 -429.4999
v 458.2288 669.5786 -391.5008
v 459.6065 621.0333 -388.2778
v 458.2288 669.5786 -391.5008
v 456.8423 718.0865 -394.7441
v 436.2014 671.4948 -353.4597
v 456.8423 718.0865 -394.7441
v 434.8153 719.9891 -356.7022
v 436.2014 671.4948 -353.4597
v 436.2014 671.4948 -353.4597
v 434.8153 719.9891 -356.7022
v 392.2193 670.2390 -353.4178
v 434.8153 719.9891 -356.7022
v 390.8330 718.7422 -356.6608
v 392.2193 670.2390 -353.4178
v 392.2193 670.2390 -353.4178
v 390.8330 718.7422 -356.6608
v 370.2646 667.0670 -391.4168
v 390.8330 718.7422 -356.6608
v 368.8777 715.5927 -394.6614
v 370.2646 667.0670 -391.4168
v 370.2646 667.0670 -391.4168
v 368.8777 715.5927 -394.6614
v 392.2920 665.1507 -429.4579
v 368.8777 715.5927 -394.6614
v 390.9047 713.6901 -432.7033
v 392.2920 665.1507 -429.4579
v 392.2920 665.1507 -429.4579
v 390.9047 713.6901 -432.7033
v 436.2741 666.4065 -429.4999
v 390.9047 713.6901 -432.7033
v 434.8870 714.9370 -432.7447
v 436.2741 666.4065 -429.4999
v 436.2741 666.4065 -429.4999
v 434.8870 714.9370 -432.7447
v 458.2288 669.5786 -391.5008
v 434.8870 714.9370 -432.7447
v 456.8423 718.0865 -394.7441
v 458.2288 669.5786 -391.5008
v 456.8423 718.0865 -394.7441
v 455.4868 766.5630 -397.9151
v 434.8153 719.9891 -356.7022
v 455.4868 766.5630 -397.9151
v 433.4618 768.3956 -359.8686
v 434.8153 719.9891 -356.7022
v 434.8153 719.9891 -356.7022
v 433.4618 768.3956 -359.8686
v 390.8330 718.7422 -356.6608
v 433.4618 768.3956 -359.8686
v 389.4782 767.1946 -359.8302
v 390.8330 718.7422 -356.6608
v 390.8330 718.7422 -356.6608
v 389.4782 767.1946 -359.8302
v 368.8777 715.5927 -394.6614
v 389.4782 767.1946 -359.8302
v 367.5197 764.1609 -397.8383
v 368.8777 715.5927 -394.6614
v 368.8777 715.5927 -394.6614
v 367.5197 764.1609 -397.8383
v 390.9047 713.6901 -432.7033
v 367.5197 764.1609 -397.8383
v 389.5447 762.3282 -435.8848
v 390.9047 713.6901 -432.7033
v 390.9047 713.6901 -432.7033
v 389.5447 762.3282 -435.8848
v 434.8870 714.9370 -432.7447
v 389.5447 762.3282 -435.8848
v 433.5283 763.5292 -435.9232
v 434.8870 714.9370 -432.7447
v 434.8870 714.9370 -432.7447
v 433.5283 763.5292 -435.9232
v 456.8423 718.0865 -394.7441
v 433.5283 763.5292 -435.9232
v 455.4868 766.5630 -397.9151
v 456.8423 718.0865 -394.7441
v 455.4868 766.5630 -397.9151
v 454.2064 815.0072 -400.9104
v 433.4618 768.3956 -359.8686
v 454.2064 815.0072 -400.9104
v 432.1850 816.7032 -362.8554
v 433.4618 768.3956 -359.8686
v 433.4618 768.3956 -359.8686
v 432.1850 816.7032 -362.8554
v 389.4782 767.1946 -359.8302
v 432.1850 816.7032 -362.8554
v 388.1990 815.5917 -362.8226
v 389.4782 767.1946 -359.8302
v 389.4782 767.1946 -359.8302
v 388.1990 815.5917 -362.8226
v 367.5197 764.1609 -397.8383
v 388.1990 815.5917 -362.8226
v 366.2345 812.7844 -400.8447
v 367.5197 764.1609 -397.8383
v 367.5197 764.1609 -397.8383
v 366.2345 812.7844 -400.8447
v 389.5447 762.3282 -435.8848
v 366.2345 812.7844 -400.8447
v 388.2560 811.0885 -438.8996
v 389.5447 762.3282 -435.8848
v 389.5447 762.3282 -435.8848
v 388.2560 811.0885 -438.8996
v 433.5283 763.5292 -435.9232
v 388.2560 811.0885 -438.8996
v 432.2419 812.1999 -438.9325
v 433.5283 763.5292 -435.9232
v 433.5283 763.5292 -435.9232
v 432.2419 812.1999 -438.9325
v 455.4868 766.5630 -397.9151
v 432.2419 812.1999 -438.9325
v 454.2064 815.0072 -400.9104
v 455.4868 766.5630 -397.9151
v 464.0000 231.0005 -126.0000
v 463.7344 262.8947 -125.5998
v 442.0000 230.9996 -87.8949
v 463.7344 262.8947 -125.5998
v 441.7434 261.6992 -87.5082
v 442.0000 230.9996 -87.8949
v 442.0000 230.9996 -87.8949
v 441.7434 261.6992 -87.5082
v 398.0000 230.9990 -87.8949
v 441.7434 261.6992 -87.5082
v 397.7484 261.0369 -87.5157
v 398.0000 230.9990 -87.8949
v 398.0000 230.9990 -87.8949
v 397.7484 261.0369 -87.5157
v 376.0000 230.9995 -126.0000
v 397.7484 261.0369 -87.5157
v 375.7444 261.5701 -125.6148
v 376.0000 230.9995 -126.0000
v 376.0000 230.9995 -126.0000
v 375.7444 261.5701 -125.6148
v 398.0000 231.0004 -164.1051
v 375.7444 261.5701 -125.6148
v 397.7354 262.7656 -163.7064
v 398.0000 231.0004 -164.1051
v 398.0000 231.0004 -164.1051
v 397.7354 262.7656 -163.7064
v 442.0000 231.0010 -164.1051
v 397.7354 262.7656 -163.7064
v 441.7304 263.4279 -163.6989
v 442.0000 231.0010 -164.1051
v 442.0000 231.0010 -164.1051
v 441.7304 263.4279 -163.6989
v 464.0000 231.0005 -126.0000
v 441.7304 263.4279 -163.6989
v 463.7344 262.8947 -125.5998
v 464.0000 231.0005 -126.0000
v 463.7344 262.8947 -125.5998
v 463.1483 294.3606 -124.7167
v 441.7434 261.6992 -87.5082
v 463.1483 294.3606 -124.7167
v 441.1653 292.7198 -86.6371
v 441.7434 261.6992 -87.5082
v 441.7434 261.6992 -87.5082
v 441.1653 292.7198 -86.6371
v 397.7484 261.0369 -87.5157
v 441.1653 292.7198 -86.6371
v 397.1747 291.8109 -86.6513
v 397.7484 261.0369 -87.5157
v 397.7484 261.0369 -87.5157
v 397.1747 291.8109 -86.6513
v 375.7444 261.5701 -125.6148
v 397.1747 291.8109 -86.6513
v 375.1671 292.5426 -124.7450
v 375.7444 261.5701 -125.6148
v 375.7444 261.5701 -125.6148
v 375.1671 292.5426 -124.7450
v 397.7354 262.7656 -163.7064
v 375.1671 292.5426 -124.7450
v 397.1502 294.1833 -162.8246
v 397.7354 262.7656 -163.7064
v 397.7354 262.7656 -163.7064
v 397.1502 294.1833 -162.8246
v 441.7304 263.4279 -163.6989
v 397.1502 294.1833 -162.8246
v 441.1408 295.0923 -162.8104
v 441.7304 263.4279 -163.6989
v 441.7304 263.4279 -163.6989
v 441.1408 295.0923 -162.8104
v 463.7344 262.8947 -125.5998
v 441.1408 295.0923 -162.8104
v 463.1483 294.3606 -124.7167
v 463.7344 262.8947 -125.5998
v 463.1483 294.3606 -124.7167
v 462.5368 325.4241 -123.7951
v 441.1653 292.7198 -86.6371
v 462.5368 325.4241 -123.7951
v 440.5485 324.0608 -85.7077
v 441.1653 292.7198 -86.6371
v 441.1653 292.7198 -86.6371
v 440.5485 324.0608 -85.7077
v 397.1747 291.8109 -86.6513
v 440.5485 324.0608 -85.7077
v 396.5550 323.3055 -85.7174
v 397.1747 291.8109 -86.6513
v 397.1747 291.8109 -86.6513
v 396.5550 323.3055 -85.7174
v 375.1671 292.5426 -124.7450
v 396.5550 323.3055 -85.7174
v 374.5498 323.9135 -123.8147
v 375.1671 292.5426 -124.7450
v 375.1671 292.5426 -124.7450
v 374.5498 323.9135 -123.8147
v 397.1502 294.1833 -162.8246
v 374.5498 323.9135 -123.8147
v 396.5381 325.2768 -161.9022
v 397.1502 294.1833 -162.8246
v 397.1502 294.1833 -162.8246
v 396.5381 325.2768 -161.9022
v 441.1408 295.0923 -162.8104
v 396.5381 325.2768 -161.9022
v 440.5316 326.0321 -161.8924
v 441.1408 295.0923 -162.8104
v 441.1408 295.0923 -162.8104
v 440.5316 326.0321 -161.8924
v 463.1483 294.3606 -124.7167
v 440.5316 326.0321 -161.8924
v 462.5368 325.4241 -123.7951
v 463.1483 294.3606 -124.7167
v 462.5368 325.4241 -123.7951
v 462.1818 356.0898 -123.2602
v 440.5485 324.0608 -85.7077
v 462.1818 356.0898 -123.2602
v 440.1825 355.7440 -85.1562
v 440.5485 324.0608 -85.7077
v 440.5485 324.0608 -85.7077
v 440.1825 355.7440 -85.1562
v 396.5550 323.3055 -85.7174
v 440.1825 355.7440 -85.1562
v 396.1830 355.5525 -85.1568
v 396.5550 323.3055 -85.7174
v 396.5550 323.3055 -85.7174
v 396.1830 355.5525 -85.1568
v 374.5498 323.9135 -123.8147
v 396.1830 355.5525 -85.1568
v 374.1826 355.7067 -123.2614
v 374.5498 323.9135 -123.8147
v 374.5498 323.9135 -123.8147
v 374.1826 355.7067 -123.2614
v 396.5381 325.2768 -161.9022
v 374.1826 355.7067 -123.2614
v 396.1819 356.0524 -161.3654
v 396.5381 325.2768 -161.9022
v 396.5381 325.2768 -161.9022
v 396.1819 356.0524 -161.3654
v 440.5316 326.0321 -161.8924
v 396.1819 356.0524 -161.3654
v 440.1814 356.2440 -161.3648
v 440.5316 326.0321 -161.8924
v 440.5316 326.0321 -161.8924
v 440.1814 356.2440 -161.3648
v 462.5368 325.4241 -123.7951
v 440.1814 356.2440 -161.3648
v 462.1818 356.0898 -123.2602
v 462.5368 325.4241 -123.7951
v 462.1818 356.0898 -123.2602
v 462.3685 386.3157 -123.5415
v 440.1825 355.7440 -85.1562
v 462.3685 386.3157 -123.5415
v 440.3821 387.7874 -85.4570
v 440.1825 355.7440 -85.1562
v 440.1825 355.7440 -85.1562
v 440.3821 387.7874 -85.4570
v 396.1830 355.5525 -85.1568
v 440.3821 387.7874 -85.4570
v 396.3897 388.6028 -85.4683
v 396.1830 355.5525 -85.1568
v 396.1830 355.5525 -85.1568
v 396.3897 388.6028 -85.4683
v 374.1826 355.7067 -123.2614
v 396.3897 388.6028 -85.4683
v 374.3836 387.9464 -123.5643
v 374.1826 355.7067 -123.2614
v 374.1826 355.7067 -123.2614
v 374.3836 387.9464 -123.5643
v 396.1819 356.0524 -161.3654
v 374.3836 387.9464 -123.5643
v 396.3700 386.4747 -161.6489
v 396.1819 356.0524 -161.3654
v 396.1819 356.0524 -161.3654
v 396.3700 386.4747 -161.6489
v 440.1814 356.2440 -161.3648
v 396.3700 386.4747 -161.6489
v 440.3624 385.6593 -161.6375
v 440.1814 356.2440 -161.3648
v 440.1814 356.2440 -161.3648
v 440.3624 385.6593 -161.6375
v 462.1818 356.0898 -123.2602
v 440.3624 385.6593 -161.6375
v 462.3685 386.3157 -123.5415
v 462.1818 356.0898 -123.2602
v 462.3685 386.3157 -123.5415
v 463.3955 415.9865 -125.0892
v 440.3821 387.7874 -85.4570
v 463.3955 415.9865 -125.0892
v 441.5058 420.1659 -87.1501
v 440.3821 387.7874 -85.4570
v 440.3821 387.7874 -85.4570
v 441.5058 420.1659 -87.1501
v 396.3897 388.6028 -85.4683
v 441.5058 420.1659 -87.1501
v 397.5668 422.4813 -87.2421
v 396.3897 388.6028 -85.4683
v 396.3897 388.6028 -85.4683
v 397.5668 422.4813 -87.2421
v 374.3836 387.9464 -123.5643
v 397.5668 422.4813 -87.2421
v 375.5177 420.6174 -125.2732
v 374.3836 387.9464 -123.5643
v 374.3836 387.9464 -123.5643
v 375.5177 420.6174 -125.2732
v 396.3700 386.4747 -161.6489
v 375.5177 420.6174 -125.2732
v 397.4074 416.4381 -163.2122
v 396.3700 386.4747 -161.6489
v 396.3700 386.4747 -161.6489
v 397.4074 416.4381 -163.2122
v 440.3624 385.6593 -161.6375
v 397.4074 416.4381 -163.2122
v 441.3464 414.1226 -163.1202
v 440.3624 385.6593 -161.6375
v 440.3624 385.6593 -161.6375
v 441.3464 414.1226 -163.1202
v 462.3685 386.3157 -123.5415
v 441.3464 414.1226 -163.1202
v 463.3955 415.9865 -125.0892
v 462.3685 386.3157 -123.5415
v 463.3955 415.9865 -125.0892
v 465.5576 445.1468 -128.3471
v 441.5058 420.1659 -87.1501
v 465.5576 445.1468 -128.3471
v 443.9062 452.5616 -90.7673
v 441.5058 420.1659 -87.1501
v 441.5058 420.1659 -87.1501
v 443.9062 452.5616 -90.7673
v 397.5668 422.4813 -87.2421
v 443.9062 452.5616 -90.7673
v 400.0994 456.6695 -91.0584
v 397.5668 422.4813 -87.2421
v 397.5668 422.4813 -87.2421
v 400.0994 456.6695 -91.0584
v 375.5177 420.6174 -125.2732
v 400.0994 456.6695 -91.0584
v 377.9439 453.3626 -128.9292
v 375.5177 420.6174 -125.2732
v 375.5177 420.6174 -125.2732
v 377.9439 453.3626 -128.9292
v 397.4074 416.4381 -163.2122
v 377.9439 453.3626 -128.9292
v 399.5953 445.9479 -166.5090
v 397.4074 416.4381 -163.2122
v 397.4074 416.4381 -163.2122
v 399.5953 445.9479 -166.5090
v 441.3464 414.1226 -163.1202
v 399.5953 445.9479 -166.5090
v 443.4021 441.8400 -166.2179
v 441.3464 414.1226 -163.1202
v 441.3464 414.1226 -163.1202
v 443.4021 441.8400 -166.2179
v 463.3955 415.9865 -125.0892
v 443.4021 441.8400 -166.2179
v 465.5576 445.1468 -128.3471
v 463.3955 415.9865 -125.0892
v 465.5576 445.1468 -128.3471
v 468.8351 474.4003 -133.2858
v 443.9062 452.5616 -90.7673
v 468.8351 474.4003 -133.2858
v 447.4557 484.2657 -96.1159
v 443.9062 452.5616 -90.7673
v 443.9062 452.5616 -90.7673
v 447.4557 484.2657 -96.1159
v 400.0994 456.6695 -91.0584
v 447.4557 484.2657 -96.1159
v 403.7996 489.7313 -96.6341
v 400.0994 456.6695 -91.0584
v 400.0994 456.6695 -91.0584
v 403.7996 489.7313 -96.6341
v 377.9439 453.3626 -128.9292
v 403.7996 489.7313 -96.6341
v 381.5228 485.3315 -134.3221
v 377.9439 453.3626 -128.9292
v 377.9439 453.3626 -128.9292
v 381.5228 485.3315 -134.3221
v 399.5953 445.9479 -166.5090
v 381.5228 485.3315 -134.3221
v 402.9021 475.4662 -171.4920
v 399.5953 445.9479 -166.5090
v 399.5953 445.9479 -166.5090
v 402.9021 475.4662 -171.4920
v 443.4021 441.8400 -166.2179
v 402.9021 475.4662 -171.4920
v 446.5583 470.0005 -170.9738
v 443.4021 441.8400 -166.2179
v 443.4021 441.8400 -166.2179
v 446.5583 470.0005 -170.9738
v 465.5576 445.1468 -128.3471
v 446.5583 470.0005 -170.9738
v 468.8351 474.4003 -133.2858
v 465.5576 445.1468 -128.3471
v 468.8351 474.4003 -133.2858
v 472.9288 503.8526 -139.4546
v 447.4557 484.2657 -96.1159
v 472.9288 503.8526 -139.4546
v 451.7588 515.2359 -102.6001
v 447.4557 484.2657 -96.1159
v 447.4557 484.2657 -96.1159
v 451.7588 515.2359 -102.6001
v 403.7996 489.7313 -96.6341
v 451.7588 515.2359 -102.6001
v 408.2186 521.5425 -103.2930
v 403.7996 489.7313 -96.6341
v 403.7996 489.7313 -96.6341
v 408.2186 521.5425 -103.2930
v 381.5228 485.3315 -134.3221
v 408.2186 521.5425 -103.2930
v 385.8485 516.4658 -140.8403
v 381.5228 485.3315 -134.3221
v 381.5228 485.3315 -134.3221
v 385.8485 516.4658 -140.8403
v 402.9021 475.4662 -171.4920
v 385.8485 516.4658 -140.8403
v 407.0185 505.0825 -177.6948
v 402.9021 475.4662 -171.4920
v 402.9021 475.4662 -171.4920
v 407.0185 505.0825 -177.6948
v 446.5583 470.0005 -170.9738
v 407.0185 505.0825 -177.6948
v 450.5587 498.7759 -177.0019
v 446.5583 470.0005 -170.9738
v 446.5583 470.0005 -170.9738
v 450.5587 498.7759 -177.0019
v 468.8351 474.4003 -133.2858
v 450.5587 498.7759 -177.0019
v 472.9288 503.8526 -139.4546
v 468.8351 474.4003 -133.2858
v 472.9288 503.8526 -139.4546
v 477.5012 533.6344 -146.3445
v 451.7588 515.2359 -102.6001
v 477.5012 533.6344 -146.3445
v 456.4182 545.5889 -109.6212
v 451.7588 515.2359 -102.6001
v 451.7588 515.2359 -102.6001
v 456.4182 545.5889 -109.6212
v 408.2186 521.5425 -103.2930
v 456.4182 545.5889 -109.6212
v 412.9262 552.2119 -110.3868
v 408.2186 521.5425 -103.2930
v 408.2186 521.5425 -103.2930
v 412.9262 552.2119 -110.3868
v 385.8485 516.4658 -140.8403
v 412.9262 552.2119 -110.3868
v 390.5173 546.8805 -147.8756
v 385.8485 516.4658 -140.8403
v 385.8485 516.4658 -140.8403
v 390.5173 546.8805 -147.8756
v 407.0185 505.0825 -177.6948
v 390.5173 546.8805 -147.8756
v 411.6003 534.9260 -184.5989
v 407.0185 505.0825 -177.6948
v 407.0185 505.0825 -177.6948
v 411.6003 534.9260 -184.5989
v 450.5587 498.7759 -177.0019
v 411.6003 534.9260 -184.5989
v 455.0922 528.3030 -183.8333
v 450.5587 498.7759 -177.0019
v 450.5587 498.7759 -177.0019
v 455.0922 528.3030 -183.8333
v 472.9288 503.8526 -139.4546
v 455.0922 528.3030 -183.8333
v 477.5012 533.6344 -146.3445
v 472.9288 503.8526 -139.4546
v 477.5012 533.6344 -146.3445
v 482.1924 563.9206 -153.4135
v 456.4182 545.5889 -109.6212
v 482.1924 563.9206 -153.4135
v 461.0518 575.5009 -116.6035
v 456.4182 545.5889 -109.6212
v 456.4182 545.5889 -109.6212
v 461.0518 575.5009 -116.6035
v 412.9262 552.2119 -110.3868
v 461.0518 575.5009 -116.6035
v 417.5280 581.9166 -117.3210
v 412.9262 552.2119 -110.3868
v 412.9262 552.2119 -110.3868
v 417.5280 581.9166 -117.3210
v 390.5173 546.8805 -147.8756
v 417.5280 581.9166 -117.3210
v 395.1447 576.7521 -154.8485
v 390.5173 546.8805 -147.8756
v 390.5173 546.8805 -147.8756
v 395.1447 576.7521 -154.8485
v 411.6003 534.9260 -184.5989
v 395.1447 576.7521 -154.8485
v 416.2852 565.1718 -191.6585
v 411.6003 534.9260 -184.5989
v 411.6003 534.9260 -184.5989
v 416.2852 565.1718 -191.6585
v 455.0922 528.3030 -183.8333
v 416.2852 565.1718 -191.6585
v 459.8090 558.7560 -190.9410
v 455.0922 528.3030 -183.8333
v 455.0922 528.3030 -183.8333
v 459.8090 558.7560 -190.9410
v 477.5012 533.6344 -146.3445
v 459.8090 558.7560 -190.9410
v 482.1924 563.9206 -153.4135
v 477.5012 533.6344 -146.3445
v 482.1924 563.9206 -153.4135
v 486.6222 594.8918 -160.0886
v 461.0518 575.5009 -116.6035
v 486.6222 594.8918 -160.0886
v 465.2943 605.1524 -122.9963
v 461.0518 575.5009 -116.6035
v 461.0518 575.5009 -116.6035
v 465.2943 605.1524 -122.9963
v 417.5280 581.9166 -117.3210
v 465.2943 605.1524 -122.9963
v 421.6666 610.8369 -123.5574
v 417.5280 581.9166 -117.3210
v 417.5280 581.9166 -117.3210
v 421.6666 610.8369 -123.5574
v 395.1447 576.7521 -154.8485
v 421.6666 610.8369 -123.5574
v 399.3669 606.2609 -161.2108
v 395.1447 576.7521 -154.8485
v 395.1447 576.7521 -154.8485
v 399.3669 606.2609 -161.2108
v 416.2852 565.1718 -191.6585
v 399.3669 606.2609 -161.2108
v 420.6948 596.0004 -198.3032
v 416.2852 565.1718 -191.6585
v 416.2852 565.1718 -191.6585
v 420.6948 596.0004 -198.3032
v 459.8090 558.7560 -190.9410
v 420.6948 596.0004 -198.3032
v 464.3224 590.3159 -197.7421
v 459.8090 558.7560 -190.9410
v 459.8090 558.7560 -190.9410
v 464.3224 590.3159 -197.7421
v 482.1924 563.9206 -153.4135
v 464.3224 590.3159 -197.7421
v 486.6222 594.8918 -160.0886
v 482.1924 563.9206 -153.4135
v 420.0000 230.9997 170.0000
v 419.6063 262.9718 170.1656
v 381.8949 230.9991 148.0000
v 419.6063 262.9718 170.1656
v 381.5082 262.3333 148.1626
v 381.8949 230.9991 148.0000
v 381.8949 230.9991 148.0000
v 381.5082 262.3333 148.1626
v 381.8949 230.9995 104.0000
v 381.5082 262.3333 148.1626
v 381.5037 262.7429 104.1645
v 381.8949 230.9995 104.0000
v 381.8949 230.9995 104.0000
v 381.5037 262.7429 104.1645
v 420.0000 231.0003 82.0000
v 381.5037 262.7429 104.1645
v 419.5972 263.7910 82.1694
v 420.0000 231.0003 82.0000
v 420.0000 231.0003 82.0000
v 419.5972 263.7910 82.1694
v 458.1051 231.0009 104.0000
v 419.5972 263.7910 82.1694
v 457.6953 264.4295 104.1724
v 458.1051 231.0009 104.0000
v 458.1051 231.0009 104.0000
v 457.6953 264.4295 104.1724
v 458.1051 231.0005 148.0000
v 457.6953 264.4295 104.1724
v 457.6998 264.0200 148.1705
v 458.1051 231.0005 148.0000
v 458.1051 231.0005 148.0000
v 457.6998 264.0200 148.1705
v 420.0000 230.9997 170.0000
v 457.6998 264.0200 148.1705
v 419.6063 262.9718 170.1656
v 420.0000 230.9997 170.0000
v 419.6063 262.9718 170.1656
v 418.7315 295.2024 170.5335
v 381.5082 262.3333 148.1626
v 418.7315 295.2024 170.5335
v 380.6392 294.3448 148.5282
v 381.5082 262.3333 148.1626
v 381.5082 262.3333 148.1626
v 380.6392 294.3448 148.5282
v 381.5037 262.7429 104.1645
v 380.6392 294.3448 148.5282
v 380.6310 294.8949 104.5316
v 381.5037 262.7429 104.1645
v 381.5037 262.7429 104.1645
v 380.6310 294.8949 104.5316
v 419.5972 263.7910 82.1694
v 380.6310 294.8949 104.5316
v 418.7152 296.3026 82.5404
v 419.5972 263.7910 82.1694
v 419.5972 263.7910 82.1694
v 418.7152 296.3026 82.5404
v 457.6953 264.4295 104.1724
v 418.7152 296.3026 82.5404
v 456.8076 297.1601 104.5458
v 457.6953 264.4295 104.1724
v 457.6953 264.4295 104.1724
v 456.8076 297.1601 104.5458
v 457.6998 264.0200 148.1705
v 456.8076 297.1601 104.5458
v 456.8157 296.6100 148.5423
v 457.6998 264.0200 148.1705
v 457.6998 264.0200 148.1705
v 456.8157 296.6100 148.5423
v 419.6063 262.9718 170.1656
v 456.8157 296.6100 148.5423
v 418.7315 295.2024 170.5335
v 419.6063 262.9718 170.1656
v 418.7315 295.2024 170.5335
v 417.8359 327.6975 170.9103
v 380.6392 294.3448 148.5282
v 417.8359 327.6975 170.9103
v 379.7384 327.0340 148.9071
v 380.6392 294.3448 148.5282
v 380.6392 294.3448 148.5282
v 379.7384 327.0340 148.9071
v 380.6310 294.8949 104.5316
v 379.7384 327.0340 148.9071
v 379.7335 327.4596 104.9091
v 380.6310 294.8949 104.5316
v 380.6310 294.8949 104.5316
v 379.7335 327.4596 104.9091
v 418.7152 296.3026 82.5404
v 379.7335 327.4596 104.9091
v 417.8261 328.5487 82.9144
v 418.7152 296.3026 82.5404
v 418.7152 296.3026 82.5404
v 417.8261 328.5487 82.9144
v 456.8076 297.1601 104.5458
v 417.8261 328.5487 82.9144
v 455.9236 329.2121 104.9176
v 456.8076 297.1601 104.5458
v 456.8076 297.1601 104.5458
v 455.9236 329.2121 104.9176
v 456.8157 296.6100 148.5423
v 455.9236 329.2121 104.9176
v 455.9285 328.7865 148.9155
v 456.8157 296.6100 148.5423
v 456.8157 296.6100 148.5423
v 455.9285 328.7865 148.9155
v 418.7315 295.2024 170.5335
v 455.9285 328.7865 148.9155
v 417.8359 327.6975 170.9103
v 418.7315 295.2024 170.5335
v 417.8359 327.6975 170.9103
v 417.3905 360.4716 171.0976
v 379.7384 327.0340 148.9071
v 417.3905 360.4716 171.0976
v 379.2855 360.4210 149.0976
v 379.7384 327.0340 148.9071
v 379.7384 327.0340 148.9071
v 379.2855 360.4210 149.0976
v 379.7335 327.4596 104.9091
v 379.2855 360.4210 149.0976
v 379.2854 360.4534 105.0976
v 379.7335 327.4596 104.9091
v 379.7335 327.4596 104.9091
v 379.2854 360.4534 105.0976
v 417.8261 328.5487 82.9144
v 379.2854 360.4534 105.0976
v 417.3905 360.5364 83.0976
v 417.8261 328.5487 82.9144
v 417.8261 328.5487 82.9144
v 417.3905 360.5364 83.0976
v 455.9236 329.2121 104.9176
v 417.3905 360.5364 83.0976
v 455.4955 360.5870 105.0976
v 455.9236 329.2121 104.9176
v 455.9236 329.2121 104.9176
v 455.4955 360.5870 105.0976
v 455.9285 328.7865 148.9155
v 455.4955 360.5870 105.0976
v 455.4956 360.5546 149.0976
v 455.9285 328.7865 148.9155
v 455.9285 328.7865 148.9155
v 455.4956 360.5546 149.0976
v 417.8359 327.6975 170.9103
v 455.4956 360.5546 149.0976
v 417.3905 360.4716 171.0976
v 417.8359 327.6975 170.9103
v 417.3905 360.4716 171.0976
v 417.8909 393.5217 170.8871
v 379.2855 360.4210 149.0976
v 417.8909 393.5217 170.8871
v 379.8029 394.5179 148.8799
v 379.2855 360.4210 149.0976
v 379.2855 360.4210 149.0976
v 379.8029 394.5179 148.8799
v 379.2854 360.4534 105.0976
v 379.8029 394.5179 148.8799
v 379.7919 393.8789 104.8846
v 379.2854 360.4534 105.0976
v 379.2854 360.4534 105.0976
v 379.7919 393.8789 104.8846
v 417.3905 360.5364 83.0976
v 379.7919 393.8789 104.8846
v 417.8688 392.2436 82.8964
v 417.3905 360.5364 83.0976
v 417.3905 360.5364 83.0976
v 417.8688 392.2436 82.8964
v 455.4955 360.5870 105.0976
v 417.8688 392.2436 82.8964
v 455.9567 391.2474 104.9037
v 455.4955 360.5870 105.0976
v 455.4955 360.5870 105.0976
v 455.9567 391.2474 104.9037
v 455.4956 360.5546 149.0976
v 455.9567 391.2474 104.9037
v 455.9677 391.8864 148.8990
v 455.4956 360.5546 149.0976
v 455.4956 360.5546 149.0976
v 455.9677 391.8864 148.8990
v 417.3905 360.4716 171.0976
v 455.9677 391.8864 148.8990
v 417.8909 393.5217 170.8871
v 417.3905 360.4716 171.0976
v 417.8909 393.5217 170.8871
v 419.8643 426.7953 170.0571
v 379.8029 394.5179 148.8799
v 419.8643 426.7953 170.0571
v 381.8671 429.2872 148.0117
v 379.8029 394.5179 148.8799
v 379.8029 394.5179 148.8799
v 381.8671 429.2872 148.0117
v 379.7919 393.8789 104.8846
v 381.8671 429.2872 148.0117
v 381.7979 427.6887 104.0408
v 379.7919 393.8789 104.8846
v 379.7919 393.8789 104.8846
v 381.7979 427.6887 104.0408
v 417.8688 392.2436 82.8964
v 381.7979 427.6887 104.0408
v 419.7260 423.5982 82.1153
v 417.8688 392.2436 82.8964
v 417.8688 392.2436 82.8964
v 419.7260 423.5982 82.1153
v 455.9567 391.2474 104.9037
v 419.7260 423.5982 82.1153
v 457.7233 421.1063 104.1606
v 455.9567 391.2474 104.9037
v 455.9567 391.2474 104.9037
v 457.7233 421.1063 104.1606
v 455.9677 391.8864 148.8990
v 457.7233 421.1063 104.1606
v 457.7924 422.7048 148.1315
v 455.9677 391.8864 148.8990
v 455.9677 391.8864 148.8990
v 457.7924 422.7048 148.1315
v 417.8909 393.5217 170.8871
v 457.7924 422.7048 148.1315
v 419.8643 426.7953 170.0571
v 417.8909 393.5217 170.8871
v 419.8643 426.7953 170.0571
v 423.6931 459.9258 168.4466
v 381.8671 429.2872 148.0117
v 423.6931 459.9258 168.4466
v 385.8744 463.9794 146.3261
v 381.8671 429.2872 148.0117
v 381.8671 429.2872 148.0117
v 385.8744 463.9794 146.3261
v 381.7979 427.6887 104.0408
v 385.8744 463.9794 146.3261
v 385.6906 461.3791 102.4034
v 381.7979 427.6887 104.0408
v 381.7979 427.6887 104.0408
v 385.6906 461.3791 102.4034
v 419.7260 423.5982 82.1153
v 385.6906 461.3791 102.4034
v 423.3256 454.7251 80.6012
v 419.7260 423.5982 82.1153
v 419.7260 423.5982 82.1153
v 423.3256 454.7251 80.6012
v 457.7233 421.1063 104.1606
v 423.3256 454.7251 80.6012
v 461.1443 450.6715 102.7217
v 457.7233 421.1063 104.1606
v 457.7233 421.1063 104.1606
v 461.1443 450.6715 102.7217
v 457.7924 422.7048 148.1315
v 461.1443 450.6715 102.7217
v 461.3280 453.2718 146.6444
v 457.7924 422.7048 148.1315
v 457.7924 422.7048 148.1315
v 461.3280 453.2718 146.6444
v 419.8643 426.7953 170.0571
v 461.3280 453.2718 146.6444
v 423.6931 459.9258 168.4466
v 419.8643 426.7953 170.0571
v 423.6931 459.9258 168.4466
v 429.0261 492.5240 166.2034
v 385.8744 463.9794 146.3261
v 429.0261 492.5240 166.2034
v 391.3881 497.6907 144.0069
v 385.8744 463.9794 146.3261
v 385.8744 463.9794 146.3261
v 391.3881 497.6907 144.0069
v 385.6906 461.3791 102.4034
v 391.3881 497.6907 144.0069
v 391.0884 494.3764 100.1330
v 385.6906 461.3791 102.4034
v 385.6906 461.3791 102.4034
v 391.0884 494.3764 100.1330
v 423.3256 454.7251 80.6012
v 391.0884 494.3764 100.1330
v 428.4268 485.8953 78.4555
v 423.3256 454.7251 80.6012
v 423.3256 454.7251 80.6012
v 428.4268 485.8953 78.4555
v 461.1443 450.6715 102.7217
v 428.4268 485.8953 78.4555
v 466.0649 480.7286 100.6519
v 461.1443 450.6715 102.7217
v 461.1443 450.6715 102.7217
v 466.0649 480.7286 100.6519
v 461.3280 453.2718 146.6444
v 466.0649 480.7286 100.6519
v 466.3645 484.0429 144.5259
v 461.3280 453.2718 146.6444
v 461.3280 453.2718 146.6444
v 466.3645 484.0429 144.5259
v 423.6931 459.9258 168.4466
v 466.3645 484.0429 144.5259
v 429.0261 492.5240 166.2034
v 423.6931 459.9258 168.4466
v 429.0261 492.5240 166.2034
v 435.3235 524.6253 163.5546
v 391.3881 497.6907 144.0069
v 435.3235 524.6253 163.5546
v 397.8150 530.4571 141.3036
v 391.3881 497.6907 144.0069
v 391.3881 497.6907 144.0069
v 397.8150 530.4571 141.3036
v 391.0884 494.3764 100.1330
v 397.8150 530.4571 141.3036
v 397.4323 526.7162 97.4646
v 391.0884 494.3764 100.1330
v 391.0884 494.3764 100.1330
v 397.4323 526.7162 97.4646
v 428.4268 485.8953 78.4555
v 397.4323 526.7162 97.4646
v 434.5580 517.1435 75.8766
v 428.4268 485.8953 78.4555
v 428.4268 485.8953 78.4555
v 434.5580 517.1435 75.8766
v 466.0649 480.7286 100.6519
v 434.5580 517.1435 75.8766
v 472.0664 511.3117 98.1275
v 466.0649 480.7286 100.6519
v 466.0649 480.7286 100.6519
v 472.0664 511.3117 98.1275
v 466.3645 484.0429 144.5259
v 472.0664 511.3117 98.1275
v 472.4492 515.0527 141.9666
v 466.3645 484.0429 144.5259
v 466.3645 484.0429 144.5259
v 472.4492 515.0527 141.9666
v 429.0261 492.5240 166.2034
v 472.4492 515.0527 141.9666
v 435.3235 524.6253 163.5546
v 429.0261 492.5240 166.2034
v 435.3235 524.6253 163.5546
v 442.0681 556.3261 160.7176
v 397.8150 530.4571 141.3036
v 442.0681 556.3261 160.7176
v 404.6076 562.3846 138.4465
v 397.8150 530.4571 141.3036
v 397.8150 530.4571 141.3036
v 404.6076 562.3846 138.4465
v 397.4323 526.7162 97.4646
v 404.6076 562.3846 138.4465
v 404.1941 558.4982 94.6204
v 397.4323 526.7162 97.4646
v 397.4323 526.7162 97.4646
v 404.1941 558.4982 94.6204
v 434.5580 517.1435 75.8766
v 404.1941 558.4982 94.6204
v 441.2411 548.5533 73.0655
v 434.5580 517.1435 75.8766
v 434.5580 517.1435 75.8766
v 441.2411 548.5533 73.0655
v 472.0664 511.3117 98.1275
v 441.2411 548.5533 73.0655
v 478.7017 542.4949 95.3366
v 472.0664 511.3117 98.1275
v 472.0664 511.3117 98.1275
v 478.7017 542.4949 95.3366
v 472.4492 515.0527 141.9666
v 478.7017 542.4949 95.3366
v 479.1152 546.3812 139.1627
v 472.4492 515.0527 141.9666
v 472.4492 515.0527 141.9666
v 479.1152 546.3812 139.1627
v 435.3235 524.6253 163.5546
v 479.1152 546.3812 139.1627
v 442.0681 556.3261 160.7176
v 435.3235 524.6253 163.5546
v 442.0681 556.3261 160.7176
v 448.7651 587.7460 157.9008
v 404.6076 562.3846 138.4465
v 448.7651 587.7460 157.9008
v 411.2607 593.5976 135.6481
v 404.6076 562.3846 138.4465
v 404.6076 562.3846 138.4465
v 411.2607 593.5976 135.6481
v 404.1941 558.4982 94.6204
v 411.2607 593.5976 135.6481
v 410.8753 589.8439 91.8102
v 404.1941 558.4982 94.6204
v 404.1941 558.4982 94.6204
v 410.8753 589.8439 91.8102
v 441.2411 548.5533 73.0655
v 410.8753 589.8439 91.8102
v 447.9943 580.2386 70.2250
v 441.2411 548.5533 73.0655
v 441.2411 548.5533 73.0655
v 447.9943 580.2386 70.2250
v 478.7017 542.4949 95.3366
v 447.9943 580.2386 70.2250
v 485.4987 574.3870 92.4777
v 478.7017 542.4949 95.3366
v 478.7017 542.4949 95.3366
v 485.4987 574.3870 92.4777
v 479.1152 546.3812 139.1627
v 485.4987 574.3870 92.4777
v 485.8840 578.1406 136.3156
v 479.1152 546.3812 139.1627
v 479.1152 546.3812 139.1627
v 485.8840 578.1406 136.3156
v 442.0681 556.3261 160.7176
v 485.8840 578.1406 136.3156
v 448.7651 587.7460 157.9008
v 442.0681 556.3261 160.7176
v 448.7651 587.7460 157.9008
v 454.9319 618.9997 155.3068
v 411.2607 593.5976 135.6481
v 454.9319 618.9997 155.3068
v 417.3014 624.2070 133.1072
v 411.2607 593.5976 135.6481
v 411.2607 593.5976 135.6481
v 417.3014 624.2070 133.1072
v 410.8753 589.8439 91.8102
v 417.3014 624.2070 133.1072
v 416.9969 620.8666 89.2353
v 410.8753 589.8439 91.8102
v 410.8753 589.8439 91.8102
v 416.9969 620.8666 89.2353
v 447.9943 580.2386 70.2250
v 416.9969 620.8666 89.2353
v 454.3232 612.3189 67.5629
v 447.9943 580.2386 70.2250
v 447.9943 580.2386 70.2250
v 454.3232 612.3189 67.5629
v 485.4987 574.3870 92.4777
v 454.3232 612.3189 67.5629
v 491.9537 607.1115 89.7625
v 485.4987 574.3870 92.4777
v 485.4987 574.3870 92.4777
v 491.9537 607.1115 89.7625
v 485.8840 578.1406 136.3156
v 491.9537 607.1115 89.7625
v 492.2581 610.4519 133.6345
v 485.8840 578.1406 136.3156
v 485.8840 578.1406 136.3156
v 492.2581 610.4519 133.6345
v 448.7651 587.7460 157.9008
v 492.2581 610.4519 133.6345
v 454.9319 618.9997 155.3068
v 448.7651 587.7460 157.9008
v 464.0000 231.0002 378.0000
v 463.7857 281.9137 377.7191
v 442.0000 231.0003 416.1051
v 463.7857 281.9137 377.7191
v 441.7851 282.1109 415.8233
v 442.0000 231.0003 416.1051
v 442.0000 231.0003 416.1051
v 441.7851 282.1109 415.8233
v 398.0000 231.0001 416.1051
v 441.7851 282.1109 415.8233
v 397.7862 281.8005 415.8247
v 398.0000 231.0001 416.1051
v 398.0000 231.0001 416.1051
v 397.7862 281.8005 415.8247
v 376.0000 230.9998 378.0000
v 397.7862 281.8005 415.8247
v 375.7879 281.2929 377.7220
v 376.0000 230.9998 378.0000
v 376.0000 230.9998 378.0000
v 375.7879 281.2929 377.7220
v 398.0000 230.9997 339.8949
v 375.7879 281.2929 377.7220
v 397.7886 281.0956 339.6178
v 398.0000 230.9997 339.8949
v 398.0000 230.9997 339.8949
v 397.7886 281.0956 339.6178
v 442.0000 230.9999 339.8949
v 397.7886 281.0956 339.6178
v 441.7875 281.4061 339.6163
v 442.0000 230.9999 339.8949
v 442.0000 230.9999 339.8949
v 441.7875 281.4061 339.6163
v 464.0000 231.0002 378.0000
v 441.7875 281.4061 339.6163
v 463.7857 281.9137 377.7191
v 464.0000 231.0002 378.0000
v 463.7857 281.9137 377.7191
v 463.4529 332.4001 377.2828
v 441.7851 282.1109 415.8233
v 463.4529 332.4001 377.2828
v 441.4527 332.5244 415.3876
v 441.7851 282.1109 415.8233
v 441.7851 282.1109 415.8233
v 441.4527 332.5244 415.3876
v 397.7862 281.8005 415.8247
v 441.4527 332.5244 415.3876
v 397.4531 332.3289 415.3881
v 397.7862 281.8005 415.8247
v 397.7862 281.8005 415.8247
v 397.4531 332.3289 415.3881
v 375.7879 281.2929 377.7220
v 397.4531 332.3289 415.3881
v 375.4538 332.0091 377.2839
v 375.7879 281.2929 377.7220
v 375.7879 281.2929 377.7220
v 375.4538 332.0091 377.2839
v 397.7886 281.0956 339.6178
v 375.4538 332.0091 377.2839
v 397.4541 331.8849 339.1792
v 397.7886 281.0956 339.6178
v 397.7886 281.0956 339.6178
v 397.4541 331.8849 339.1792
v 441.7875 281.4061 339.6163
v 397.4541 331.8849 339.1792
v 441.4537 332.0804 339.1786
v 441.7875 281.4061 339.6163
v 441.7875 281.4061 339.6163
v 441.4537 332.0804 339.1786
v 463.7857 281.9137 377.7191
v 441.4537 332.0804 339.1786
v 463.4529 332.4001 377.2828
v 463.7857 281.9137 377.7191
v 463.4529 332.4001 377.2828
v 463.4719 382.5405 377.3076
v 441.4527 332.5244 415.3876
v 463.4719 382.5405 377.3076
v 441.4714 382.3708 415.4121
v 441.4527 332.5244 415.3876
v 441.4527 332.5244 415.3876
v 441.4714 382.3708 415.4121
v 397.4531 332.3289 415.3881
v 441.4714 382.3708 415.4121
v 397.4722 382.6378 415.4131
v 397.4531 332.3289 415.3881
v 397.4531 332.3289 415.3881
v 397.4722 382.6378 415.4131
v 375.4538 332.0091 377.2839
v 397.4722 382.6378 415.4131
v 375.4735 383.0747 377.3098
v 375.4538 332.0091 377.2839
v 375.4538 332.0091 377.2839
v 375.4735 383.0747 377.3098
v 397.4541 331.8849 339.1792
v 375.4735 383.0747 377.3098
v 397.4740 383.2444 339.2053
v 397.4541 331.8849 339.1792
v 397.4541 331.8849 339.1792
v 397.4740 383.2444 339.2053
v 441.4537 332.0804 339.1786
v 397.4740 383.2444 339.2053
v 441.4732 382.9773 339.2043
v 441.4537 332.0804 339.1786
v 441.4537 332.0804 339.1786
v 441.4732 382.9773 339.2043
v 463.4529 332.4001 377.2828
v 441.4732 382.9773 339.2043
v 463.4719 382.5405 377.3076
v 463.4529 332.4001 377.2828
v 463.4719 382.5405 377.3076
v 464.1001 432.5618 378.1312
v 441.4714 382.3708 415.4121
v 464.1001 432.5618 378.1312
v 442.0950 432.0299 416.2297
v 441.4714 382.3708 415.4121
v 441.4714 382.3708 415.4121
v 442.0950 432.0299 416.2297
v 397.4722 382.6378 415.4131
v 442.0950 432.0299 416.2297
v 398.1030 432.8670 416.2401
v 397.4722 382.6378 415.4131
v 397.4722 382.6378 415.4131
v 398.1030 432.8670 416.2401
v 375.4735 383.0747 377.3098
v 398.1030 432.8670 416.2401
v 376.1160 434.2359 378.1521
v 375.4735 383.0747 377.3098
v 375.4735 383.0747 377.3098
v 376.1160 434.2359 378.1521
v 397.4740 383.2444 339.2053
v 376.1160 434.2359 378.1521
v 398.1210 434.7677 340.0536
v 397.4740 383.2444 339.2053
v 397.4740 383.2444 339.2053
v 398.1210 434.7677 340.0536
v 441.4732 382.9773 339.2043
v 398.1210 434.7677 340.0536
v 442.1131 433.9307 340.0431
v 441.4732 382.9773 339.2043
v 441.4732 382.9773 339.2043
v 442.1131 433.9307 340.0431
v 463.4719 382.5405 377.3076
v 442.1131 433.9307 340.0431
v 464.1001 432.5618 378.1312
v 463.4719 382.5405 377.3076
v 464.1001 432.5618 378.1312
v 465.3069 482.7230 379.7134
v 442.0950 432.0299 416.2297
v 465.3069 482.7230 379.7134
v 443.2958 481.9343 417.8039
v 442.0950 432.0299 416.2297
v 442.0950 432.0299 416.2297
v 443.2958 481.9343 417.8039
v 398.1030 432.8670 416.2401
v 443.2958 481.9343 417.8039
v 399.3133 483.1755 417.8269
v 398.1030 432.8670 416.2401
v 398.1030 432.8670 416.2401
v 399.3133 483.1755 417.8269
v 376.1160 434.2359 378.1521
v 399.3133 483.1755 417.8269
v 377.3419 485.2055 379.7593
v 376.1160 434.2359 378.1521
v 376.1160 434.2359 378.1521
v 377.3419 485.2055 379.7593
v 398.1210 434.7677 340.0536
v 377.3419 485.2055 379.7593
v 399.3531 485.9942 341.6688
v 398.1210 434.7677 340.0536
v 398.1210 434.7677 340.0536
v 399.3531 485.9942 341.6688
v 442.1131 433.9307 340.0431
v 399.3531 485.9942 341.6688
v 443.3355 484.7529 341.6458
v 442.1131 433.9307 340.0431
v 442.1131 433.9307 340.0431
v 443.3355 484.7529 341.6458
v 464.1001 432.5618 378.1312
v 443.3355 484.7529 341.6458
v 465.3069 482.7230 379.7134
v 464.1001 432.5618 378.1312
v 465.3069 482.7230 379.7134
v 466.8769 533.0198 381.7718
v 443.2958 481.9343 417.8039
v 466.8769 533.0198 381.7718
v 444.8611 532.0779 419.8560
v 443.2958 481.9343 417.8039
v 443.2958 481.9343 417.8039
v 444.8611 532.0779 419.8560
v 399.3133 483.1755 417.8269
v 444.8611 532.0779 419.8560
v 400.8860 533.5602 419.8888
v 399.3133 483.1755 417.8269
v 399.3133 483.1755 417.8269
v 400.8860 533.5602 419.8888
v 377.3419 485.2055 379.7593
v 400.8860 533.5602 419.8888
v 378.9269 535.9843 381.8372
v 377.3419 485.2055 379.7593
v 377.3419 485.2055 379.7593
v 378.9269 535.9843 381.8372
v 399.3531 485.9942 341.6688
v 378.9269 535.9843 381.8372
v 400.9428 536.9260 343.7530
v 399.3531 485.9942 341.6688
v 399.3531 485.9942 341.6688
v 400.9428 536.9260 343.7530
v 443.3355 484.7529 341.6458
v 400.9428 536.9260 343.7530
v 444.9178 535.4438 343.7202
v 443.3355 484.7529 341.6458
v 443.3355 484.7529 341.6458
v 444.9178 535.4438 343.7202
v 465.3069 482.7230 379.7134
v 444.9178 535.4438 343.7202
v 466.8769 533.0198 381.7718
v 465.3069 482.7230 379.7134
v 466.8769 533.0198 381.7718
v 468.6680 583.3926 384.1199
v 444.8611 532.0779 419.8560
v 468.6680 583.3926 384.1199
v 446.6488 582.3577 422.1999
v 444.8611 532.0779 419.8560
v 444.8611 532.0779 419.8560
v 446.6488 582.3577 422.1999
v 400.8860 533.5602 419.8888
v 446.6488 582.3577 422.1999
v 402.6790 583.9865 422.2395
v 400.8860 533.5602 419.8888
v 400.8860 533.5602 419.8888
v 402.6790 583.9865 422.2395
v 378.9269 535.9843 381.8372
v 402.6790 583.9865 422.2395
v 380.7284 586.6503 384.1991
v 378.9269 535.9843 381.8372
v 378.9269 535.9843 381.8372
v 380.7284 586.6503 384.1991
v 400.9428 536.9260 343.7530
v 380.7284 586.6503 384.1991
v 402.7475 587.6852 346.1191
v 400.9428 536.9260 343.7530
v 400.9428 536.9260 343.7530
v 402.7475 587.6852 346.1191
v 444.9178 535.4438 343.7202
v 402.7475 587.6852 346.1191
v 446.7173 586.0563 346.0795
v 444.9178 535.4438 343.7202
v 444.9178 535.4438 343.7202
v 446.7173 586.0563 346.0795
v 466.8769 533.0198 381.7718
v 446.7173 586.0563 346.0795
v 468.6680 583.3926 384.1199
v 466.8769 533.0198 381.7718
v 468.6680 583.3926 384.1199
v 470.5908 633.8150 386.6407
v 446.6488 582.3577 422.1999
v 470.5908 633.8150 386.6407
v 448.5696 632.7278 424.7181
v 446.6488 582.3577 422.1999
v 446.6488 582.3577 422.1999
v 448.5696 632.7278 424.7181
v 402.6790 583.9865 422.2395
v 448.5696 632.7278 424.7181
v 404.6029 634.4388 424.7618
v 402.6790 583.9865 422.2395
v 402.6790 583.9865 422.2395
v 404.6029 634.4388 424.7618
v 380.7284 586.6503 384.1991
v 404.6029 634.4388 424.7618
v 382.6574 637.2371 386.7281
v 380.7284 586.6503 384.1991
v 380.7284 586.6503 384.1991
v 382.6574 637.2371 386.7281
v 402.7475 587.6852 346.1191
v 382.6574 637.2371 386.7281
v 404.6785 638.3242 348.6507
v 402.7475 587.6852 346.1191
v 402.7475 587.6852 346.1191
v 404.6785 638.3242 348.6507
v 446.7173 586.0563 346.0795
v 404.6785 638.3242 348.6507
v 448.6452 636.6132 348.6070
v 446.7173 586.0563 346.0795
v 446.7173 586.0563 346.0795
v 448.6452 636.6132 348.6070
v 468.6680 583.3926 384.1199
v 448.6452 636.6132 348.6070
v 470.5908 633.8150 386.6407
v 468.6680 583.3926 384.1199
v 470.5908 633.8150 386.6407
v 472.5800 684.2818 389.2487
v 448.5696 632.7278 424.7181
v 472.5800 684.2818 389.2487
v 450.5581 683.1746 427.3251
v 448.5696 632.7278 424.7181
v 448.5696 632.7278 424.7181
v 450.5581 683.1746 427.3251
v 404.6029 634.4388 424.7618
v 450.5581 683.1746 427.3251
v 406.5926 684.9172 427.3704
v 404.6029 634.4388 424.7618
v 404.6029 634.4388 424.7618
v 406.5926 684.9172 427.3704
v 382.6574 637.2371 386.7281
v 406.5926 684.9172 427.3704
v 384.6491 687.7670 389.3393
v 382.6574 637.2371 386.7281
v 382.6574 637.2371 386.7281
v 384.6491 687.7670 389.3393
v 404.6785 638.3242 348.6507
v 384.6491 687.7670 389.3393
v 406.6711 688.8741 351.2630
v 404.6785 638.3242 348.6507
v 404.6785 638.3242 348.6507
v 406.6711 688.8741 351.2630
v 448.6452 636.6132 348.6070
v 406.6711 688.8741 351.2630
v 450.6365 687.1316 351.2177
v 448.6452 636.6132 348.6070
v 448.6452 636.6132 348.6070
v 450.6365 687.1316 351.2177
v 470.5908 633.8150 386.6407
v 450.6365 687.1316 351.2177
v 472.5800 684.2818 389.2487
v 470.5908 633.8150 386.6407
v 472.5800 684.2818 389.2487
v 474.5809 734.7937 391.8719
v 450.5581 683.1746 427.3251
v 474.5809 734.7937 391.8719
v 452.5593 733.6956 429.9487
v 450.5581 683.1746 427.3251
v 450.5581 683.1746 427.3251
v 452.5593 733.6956 429.9487
v 406.5926 684.9172 427.3704
v 452.5593 733.6956 429.9487
v 408.5933 735.4238 429.9933
v 406.5926 684.9172 427.3704
v 406.5926 684.9172 427.3704
v 408.5933 735.4238 429.9933
v 384.6491 687.7670 389.3393
v 408.5933 735.4238 429.9933
v 386.6488 738.2500 391.9610
v 384.6491 687.7670 389.3393
v 384.6491 687.7670 389.3393
v 386.6488 738.2500 391.9610
v 406.6711 688.8741 351.2630
v 386.6488 738.2500 391.9610
v 408.6704 739.3481 353.8842
v 406.6711 688.8741 351.2630
v 406.6711 688.8741 351.2630
v 408.6704 739.3481 353.8842
v 450.6365 687.1316 351.2177
v 408.6704 739.3481 353.8842
v 452.6364 737.6199 353.8396
v 450.6365 687.1316 351.2177
v 450.6365 687.1316 351.2177
v 452.6364 737.6199 353.8396
v 472.5800 684.2818 389.2487
v 452.6364 737.6199 353.8396
v 474.5809 734.7937 391.8719
v 472.5800 684.2818 389.2487
v 474.5809 734.7937 391.8719
v 476.5398 785.3580 394.4402
v 452.5593 733.6956 429.9487
v 476.5398 785.3580 394.4402
v 454.5198 784.2996 432.5190
v 452.5593 733.6956 429.9487
v 452.5593 733.6956 429.9487
v 454.5198 784.2996 432.5190
v 408.5933 735.4238 429.9933
v 454.5198 784.2996 432.5190
v 410.5513 785.9653 432.5604
v 408.5933 735.4238 429.9933
v 408.5933 735.4238 429.9933
v 410.5513 785.9653 432.5604
v 386.6488 738.2500 391.9610
v 410.5513 785.9653 432.5604
v 388.6029 788.6893 394.5229
v 386.6488 738.2500 391.9610
v 386.6488 738.2500 391.9610
v 388.6029 788.6893 394.5229
v 408.6704 739.3481 353.8842
v 388.6029 788.6893 394.5229
v 410.6230 789.7477 356.4441
v 408.6704 739.3481 353.8842
v 408.6704 739.3481 353.8842
v 410.6230 789.7477 356.4441
v 452.6364 737.6199 353.8396
v 410.6230 789.7477 356.4441
v 454.5914 788.0820 356.4027
v 452.6364 737.6199 353.8396
v 452.6364 737.6199 353.8396
v 454.5914 788.0820 356.4027
v 474.5809 734.7937 391.8719
v 454.5914 788.0820 356.4027
v 476.5398 785.3580 394.4402
v 474.5809 734.7937 391.8719
v 476.5398 785.3580 394.4402
v 478.3970 835.9902 396.8750
v 454.5198 784.2996 432.5190
v 478.3970 835.9902 396.8750
v 456.3797 835.0084 434.9575
v 454.5198 784.2996 432.5190
v 454.5198 784.2996 432.5190
v 456.3797 835.0084 434.9575
v 410.5513 785.9653 432.5604
v 456.3797 835.0084 434.9575
v 412.4069 836.5537 434.9931
v 410.5513 785.9653 432.5604
v 410.5513 785.9653 432.5604
v 412.4069 836.5537 434.9931
v 388.6029 788.6893 394.5229
v 412.4069 836.5537 434.9931
v 390.4513 839.0809 396.9462
v 388.6029 788.6893 394.5229
v 388.6029 788.6893 394.5229
v 390.4513 839.0809 396.9462
v 410.6230 789.7477 356.4441
v 390.4513 839.0809 396.9462
v 412.4686 840.0629 358.8637
v 410.6230 789.7477 356.4441
v 410.6230 789.7477 356.4441
v 412.4686 840.0629 358.8637
v 454.5914 788.0820 356.4027
v 412.4686 840.0629 358.8637
v 456.4414 838.5175 358.8281
v 454.5914 788.0820 356.4027
v 454.5914 788.0820 356.4027
v 456.4414 838.5175 358.8281
v 476.5398 785.3580 394.4402
v 456.4414 838.5175 358.8281
v 478.3970 835.9902 396.8750
v 476.5398 785.3580 394.4402
v 464.0000 230.9998 630.0000
v 464.3100 290.5455 629.4302
v 442.0000 231.0002 668.1051
v 464.3100 290.5455 629.4302
v 442.3130 291.2973 667.5297
v 442.0000 231.0002 668.1051
v 442.0000 231.0002 668.1051
v 442.3130 291.2973 667.5297
v 398.0000 231.0004 668.1051
v 442.3130 291.2973 667.5297
v 398.3145 291.6566 667.5270
v 398.0000 231.0004 668.1051
v 398.0000 231.0004 668.1051
v 398.3145 291.6566 667.5270
v 376.0000 231.0002 630.0000
v 398.3145 291.6566 667.5270
v 376.3129 291.2643 629.4249
v 376.0000 231.0002 630.0000
v 376.0000 231.0002 630.0000
v 376.3129 291.2643 629.4249
v 398.0000 230.9998 591.8949
v 376.3129 291.2643 629.4249
v 398.3098 290.5125 591.3254
v 398.0000 230.9998 591.8949
v 398.0000 230.9998 591.8949
v 398.3098 290.5125 591.3254
v 442.0000 230.9996 591.8949
v 398.3098 290.5125 591.3254
v 442.3083 290.1531 591.3281
v 442.0000 230.9996 591.8949
v 442.0000 230.9996 591.8949
v 442.3083 290.1531 591.3281
v 464.0000 230.9998 630.0000
v 442.3083 290.1531 591.3281
v 464.3100 290.5455 629.4302
v 464.0000 230.9998 630.0000
v 464.3100 290.5455 629.4302
v 464.6556 350.7656 628.7948
v 442.3130 291.2973 667.5297
v 464.6556 350.7656 628.7948
v 442.6557 350.8543 666.8998
v 442.3130 291.2973 667.5297
v 442.3130 291.2973 667.5297
v 442.6557 350.8543 666.8998
v 398.3145 291.6566 667.5270
v 442.6557 350.8543 666.8998
v 398.6557 350.8967 666.8998
v 398.3145 291.6566 667.5270
v 398.3145 291.6566 667.5270
v 398.6557 350.8967 666.8998
v 376.3129 291.2643 629.4249
v 398.6557 350.8967 666.8998
v 376.6557 350.8504 628.7947
v 376.3129 291.2643 629.4249
v 376.3129 291.2643 629.4249
v 376.6557 350.8504 628.7947
v 398.3098 290.5125 591.3254
v 376.6557 350.8504 628.7947
v 398.6556 350.7617 590.6897
v 398.3098 290.5125 591.3254
v 398.3098 290.5125 591.3254
v 398.6556 350.7617 590.6897
v 442.3083 290.1531 591.3281
v 398.6556 350.7617 590.6897
v 442.6556 350.7193 590.6898
v 442.3083 290.1531 591.3281
v 442.3083 290.1531 591.3281
v 442.6556 350.7193 590.6898
v 464.3100 290.5455 629.4302
v 442.6556 350.7193 590.6898
v 464.6556 350.7656 628.7948
v 464.3100 290.5455 629.4302
v 464.6556 350.7656 628.7948
v 464.2673 411.3289 629.5086
v 442.6557 350.8543 666.8998
v 464.2673 411.3289 629.5086
v 442.2765 410.0336 667.5969
v 442.6557 350.8543 666.8998
v 442.6557 350.8543 666.8998
v 442.2765 410.0336 667.5969
v 398.6557 350.8967 666.8998
v 442.2765 410.0336 667.5969
v 398.2808 409.4145 667.5889
v 398.6557 350.8967 666.8998
v 398.6557 350.8967 666.8998
v 398.2808 409.4145 667.5889
v 376.6557 350.8504 628.7947
v 398.2808 409.4145 667.5889
v 376.2761 410.0905 629.4926
v 376.6557 350.8504 628.7947
v 376.6557 350.8504 628.7947
v 376.2761 410.0905 629.4926
v 398.6556 350.7617 590.6897
v 376.2761 410.0905 629.4926
v 398.2669 411.3858 591.4042
v 398.6556 350.7617 590.6897
v 398.6556 350.7617 590.6897
v 398.2669 411.3858 591.4042
v 442.6556 350.7193 590.6898
v 398.2669 411.3858 591.4042
v 442.2626 412.0050 591.4122
v 442.6556 350.7193 590.6898
v 442.6556 350.7193 590.6898
v 442.2626 412.0050 591.4122
v 464.6556 350.7656 628.7948
v 442.2626 412.0050 591.4122
v 464.2673 411.3289 629.5086
v 464.6556 350.7656 628.7948
v 464.2673 411.3289 629.5086
v 463.0093 471.7161 631.8210
v 442.2765 410.0336 667.5969
v 463.0093 471.7161 631.8210
v 441.0413 469.2920 669.8674
v 442.2765 410.0336 667.5969
v 442.2765 410.0336 667.5969
v 441.0413 469.2920 669.8674
v 398.2808 409.4145 667.5889
v 441.0413 469.2920 669.8674
v 397.0565 468.1331 669.8394
v 398.2808 409.4145 667.5889
v 398.2808 409.4145 667.5889
v 397.0565 468.1331 669.8394
v 376.2761 410.0905 629.4926
v 397.0565 468.1331 669.8394
v 375.0399 469.3984 631.7649
v 376.2761 410.0905 629.4926
v 376.2761 410.0905 629.4926
v 375.0399 469.3984 631.7649
v 398.2669 411.3858 591.4042
v 375.0399 469.3984 631.7649
v 397.0079 471.8226 593.7185
v 398.2669 411.3858 591.4042
v 398.2669 411.3858 591.4042
v 397.0079 471.8226 593.7185
v 442.2626 412.0050 591.4122
v 397.0079 471.8226 593.7185
v 440.9926 472.9814 593.7466
v 442.2626 412.0050 591.4122
v 442.2626 412.0050 591.4122
v 440.9926 472.9814 593.7466
v 464.2673 411.3289 629.5086
v 440.9926 472.9814 593.7466
v 463.0093 471.7161 631.8210
v 464.2673 411.3289 629.5086
v 463.0093 471.7161 631.8210
v 461.2060 531.8019 635.1359
v 441.0413 469.2920 669.8674
v 461.2060 531.8019 635.1359
v 439.2560 528.7688 673.1490
v 441.0413 469.2920 669.8674
v 441.0413 469.2920 669.8674
v 439.2560 528.7688 673.1490
v 397.0565 468.1331 669.8394
v 439.2560 528.7688 673.1490
v 395.2799 527.3189 673.1050
v 397.0565 468.1331 669.8394
v 397.0565 468.1331 669.8394
v 395.2799 527.3189 673.1050
v 375.0399 469.3984 631.7649
v 395.2799 527.3189 673.1050
v 373.2538 528.9020 635.0479
v 375.0399 469.3984 631.7649
v 375.0399 469.3984 631.7649
v 373.2538 528.9020 635.0479
v 397.0079 471.8226 593.7185
v 373.2538 528.9020 635.0479
v 395.2038 531.9351 597.0348
v 397.0079 471.8226 593.7185
v 397.0079 471.8226 593.7185
v 395.2038 531.9351 597.0348
v 440.9926 472.9814 593.7466
v 395.2038 531.9351 597.0348
v 439.1799 533.3850 597.0787
v 440.9926 472.9814 593.7466
v 440.9926 472.9814 593.7466
v 439.1799 533.3850 597.0787
v 463.0093 471.7161 631.8210
v 439.1799 533.3850 597.0787
v 461.2060 531.8019 635.1359
v 463.0093 471.7161 631.8210
v 461.2060 531.8019 635.1359
v 459.0999 591.7180 639.0072
v 439.2560 528.7688 673.1490
v 459.0999 591.7180 639.0072
v 437.1624 588.3278 676.9974
v 439.2560 528.7688 673.1490
v 439.2560 528.7688 673.1490
v 437.1624 588.3278 676.9974
v 395.2799 527.3189 673.1050
v 437.1624 588.3278 676.9974
v 393.1923 586.7072 676.9424
v 395.2799 527.3189 673.1050
v 395.2799 527.3189 673.1050
v 393.1923 586.7072 676.9424
v 373.2538 528.9020 635.0479
v 393.1923 586.7072 676.9424
v 371.1597 588.4767 638.8973
v 373.2538 528.9020 635.0479
v 373.2538 528.9020 635.0479
v 371.1597 588.4767 638.8973
v 395.2038 531.9351 597.0348
v 371.1597 588.4767 638.8973
v 393.0971 591.8669 600.9072
v 395.2038 531.9351 597.0348
v 395.2038 531.9351 597.0348
v 393.0971 591.8669 600.9072
v 439.1799 533.3850 597.0787
v 393.0971 591.8669 600.9072
v 437.0672 593.4875 600.9621
v 439.1799 533.3850 597.0787
v 439.1799 533.3850 597.0787
v 437.0672 593.4875 600.9621
v 461.2060 531.8019 635.1359
v 437.0672 593.4875 600.9621
v 459.0999 591.7180 639.0072
v 461.2060 531.8019 635.1359
v 459.0999 591.7180 639.0072
v 456.8141 651.5394 643.2089
v 437.1624 588.3278 676.9974
v 456.8141 651.5394 643.2089
v 434.8847 647.9371 681.1843
v 437.1624 588.3278 676.9974
v 437.1624 588.3278 676.9974
v 434.8847 647.9371 681.1843
v 393.1923 586.7072 676.9424
v 434.8847 647.9371 681.1843
v 390.9184 646.2151 681.1222
v 393.1923 586.7072 676.9424
v 393.1923 586.7072 676.9424
v 390.9184 646.2151 681.1222
v 371.1597 588.4767 638.8973
v 390.9184 646.2151 681.1222
v 368.8816 648.0954 643.0848
v 371.1597 588.4767 638.8973
v 371.1597 588.4767 638.8973
v 368.8816 648.0954 643.0848
v 393.0971 591.8669 600.9072
v 368.8816 648.0954 643.0848
v 390.8110 651.6976 605.1095
v 393.0971 591.8669 600.9072
v 393.0971 591.8669 600.9072
v 390.8110 651.6976 605.1095
v 437.0672 593.4875 600.9621
v 390.8110 651.6976 605.1095
v 434.7772 653.4196 605.1715
v 437.0672 593.4875 600.9621
v 437.0672 593.4875 600.9621
v 434.7772 653.4196 605.1715
v 459.0999 591.7180 639.0072
v 434.7772 653.4196 605.1715
v 456.8141 651.5394 643.2089
v 459.0999 591.7180 639.0072
v 456.8141 651.5394 643.2089
v 454.4260 711.2939 647.5986
v 434.8847 647.9371 681.1843
v 454.4260 711.2939 647.5986
v 432.5011 707.5792 685.5656
v 434.8847 647.9371 681.1843
v 434.8847 647.9371 681.1843
v 432.5011 707.5792 685.5656
v 390.9184 646.2151 681.1222
v 432.5011 707.5792 685.5656
v 388.5370 705.8034 685.4996
v 390.9184 646.2151 681.1222
v 390.9184 646.2151 681.1222
v 388.5370 705.8034 685.4996
v 368.8816 648.0954 643.0848
v 388.5370 705.8034 685.4996
v 366.4978 707.7424 647.4666
v 368.8816 648.0954 643.0848
v 368.8816 648.0954 643.0848
v 366.4978 707.7424 647.4666
v 390.8110 651.6976 605.1095
v 366.4978 707.7424 647.4666
v 388.4227 711.4570 609.4995
v 390.8110 651.6976 605.1095
v 390.8110 651.6976 605.1095
v 388.4227 711.4570 609.4995
v 434.7772 653.4196 605.1715
v 388.4227 711.4570 609.4995
v 432.3868 713.2328 609.5655
v 434.7772 653.4196 605.1715
v 434.7772 653.4196 605.1715
v 432.3868 713.2328 609.5655
v 456.8141 651.5394 643.2089
v 432.3868 713.2328 609.5655
v 454.4260 711.2939 647.5986
v 456.8141 651.5394 643.2089
v 454.4260 711.2939 647.5986
v 451.9929 771.0029 652.0711
v 432.5011 707.5792 685.5656
v 451.9929 771.0029 652.0711
v 430.0693 767.2556 690.0358
v 432.5011 707.5792 685.5656
v 432.5011 707.5792 685.5656
v 430.0693 767.2556 690.0358
v 388.5370 705.8034 685.4996
v 430.0693 767.2556 690.0358
v 386.1058 765.4642 689.9686
v 388.5370 705.8034 685.4996
v 388.5370 705.8034 685.4996
v 386.1058 765.4642 689.9686
v 366.4978 707.7424 647.4666
v 386.1058 765.4642 689.9686
v 364.0659 767.4202 651.9368
v 366.4978 707.7424 647.4666
v 366.4978 707.7424 647.4666
v 364.0659 767.4202 651.9368
v 388.4227 711.4570 609.4995
v 364.0659 767.4202 651.9368
v 385.9895 771.1675 613.9722
v 388.4227 711.4570 609.4995
v 388.4227 711.4570 609.4995
v 385.9895 771.1675 613.9722
v 432.3868 713.2328 609.5655
v 385.9895 771.1675 613.9722
v 429.9529 772.9589 614.0393
v 432.3868 713.2328 609.5655
v 432.3868 713.2328 609.5655
v 429.9529 772.9589 614.0393
v 454.4260 711.2939 647.5986
v 429.9529 772.9589 614.0393
v 451.9929 771.0029 652.0711
v 454.4260 711.2939 647.5986
v 451.9929 771.0029 652.0711
v 449.5641 830.6760 656.5355
v 430.0693 767.2556 690.0358
v 449.5641 830.6760 656.5355
v 427.6389 826.9706 694.5032
v 430.0693 767.2556 690.0358
v 430.0693 767.2556 690.0358
v 427.6389 826.9706 694.5032
v 386.1058 765.4642 689.9686
v 427.6389 826.9706 694.5032
v 383.6746 825.1994 694.4376
v 386.1058 765.4642 689.9686
v 386.1058 765.4642 689.9686
v 383.6746 825.1994 694.4376
v 364.0659 767.4202 651.9368
v 383.6746 825.1994 694.4376
v 361.6356 827.1334 656.4041
v 364.0659 767.4202 651.9368
v 364.0659 767.4202 651.9368
v 361.6356 827.1334 656.4041
v 385.9895 771.1675 613.9722
v 361.6356 827.1334 656.4041
v 383.5609 830.8387 618.4363
v 385.9895 771.1675 613.9722
v 385.9895 771.1675 613.9722
v 383.5609 830.8387 618.4363
v 429.9529 772.9589 614.0393
v 383.5609 830.8387 618.4363
v 427.5251 832.6100 618.5020
v 429.9529 772.9589 614.0393
v 429.9529 772.9589 614.0393
v 427.5251 832.6100 618.5020
v 451.9929 771.0029 652.0711
v 427.5251 832.6100 618.5020
v 449.5641 830.6760 656.5355
v 451.9929 771.0029 652.0711
v 449.5641 830.6760 656.5355
v 447.1900 890.3207 660.8995
v 427.6389 826.9706 694.5032
v 447.1900 890.3207 660.8995
v 425.2599 886.7387 698.8762
v 427.6389 826.9706 694.5032
v 427.6389 826.9706 694.5032
v 425.2599 886.7387 698.8762
v 383.6746 825.1994 694.4376
v 425.2599 886.7387 698.8762
v 381.2932 885.0264 698.8149
v 383.6746 825.1994 694.4376
v 383.6746 825.1994 694.4376
v 381.2932 885.0264 698.8149
v 361.6356 827.1334 656.4041
v 381.2932 885.0264 698.8149
v 359.2568 886.8961 660.7767
v 361.6356 827.1334 656.4041
v 361.6356 827.1334 656.4041
v 359.2568 886.8961 660.7767
v 383.5609 830.8387 618.4363
v 359.2568 886.8961 660.7767
v 381.1870 890.4780 622.8000
v 383.5609 830.8387 618.4363
v 383.5609 830.8387 618.4363
v 381.1870 890.4780 622.8000
v 427.5251 832.6100 618.5020
v 381.1870 890.4780 622.8000
v 425.1536 892.1904 622.8613
v 427.5251 832.6100 618.5020
v 427.5251 832.6100 618.5020
v 425.1536 892.1904 622.8613
v 449.5641 830.6760 656.5355
v 425.1536 892.1904 622.8613
v 447.1900 890.3207 660.8995
v 449.5641 830.6760 656.5355
v 447.1900 890.3207 660.8995
v 444.9300 949.9326 665.0538
v 425.2599 886.7387 698.8762
v 444.9300 949.9326 665.0538
v 422.9912 946.5771 703.0463
v 425.2599 886.7387 698.8762
v 425.2599 886.7387 698.8762
v 422.9912 946.5771 703.0463
v 381.2932 885.0264 698.8149
v 422.9912 946.5771 703.0463
v 379.0205 944.9731 702.9926
v 381.2932 885.0264 698.8149
v 381.2932 885.0264 698.8149
v 379.0205 944.9731 702.9926
v 359.2568 886.8961 660.7767
v 379.0205 944.9731 702.9926
v 356.9886 946.7245 664.9462
v 359.2568 886.8961 660.7767
v 359.2568 886.8961 660.7767
v 356.9886 946.7245 664.9462
v 381.1870 890.4780 622.8000
v 356.9886 946.7245 664.9462
v 378.9273 950.0800 626.9537
v 381.1870 890.4780 622.8000
v 381.1870 890.4780 622.8000
v 378.9273 950.0800 626.9537
v 425.1536 892.1904 622.8613
v 378.9273 950.0800 626.9537
v 422.8980 951.6840 627.0074
v 425.1536 892.1904 622.8613
v 425.1536 892.1904 622.8613
v 422.8980 951.6840 627.0074
v 447.1900 890.3207 660.8995
v 422.8980 951.6840 627.0074
v 444.9300 949.9326 665.0538
v 447.1900 890.3207 660.8995
v 674.0000 230.9999 -630.0000
v 674.1598 290.8304 -630.5490
v 652.0000 231.0003 -591.8949
v 674.1598 290.8304 -630.5490
v 652.1611 291.4711 -592.4485
v 652.0000 231.0003 -591.8949
v 652.0000 231.0003 -591.8949
v 652.1611 291.4711 -592.4485
v 608.0000 231.0004 -591.8949
v 652.1611 291.4711 -592.4485
v 608.1615 291.6554 -592.4498
v 608.0000 231.0004 -591.8949
v 608.0000 231.0004 -591.8949
v 608.1615 291.6554 -592.4498
v 586.0000 231.0001 -630.0000
v 608.1615 291.6554 -592.4498
v 586.1605 291.1991 -630.5516
v 586.0000 231.0001 -630.0000
v 586.0000 231.0001 -630.0000
v 586.1605 291.1991 -630.5516
v 608.0000 230.9997 -668.1051
v 586.1605 291.1991 -630.5516
v 608.1592 290.5584 -668.6522
v 608.0000 230.9997 -668.1051
v 608.0000 230.9997 -668.1051
v 608.1592 290.5584 -668.6522
v 652.0000 230.9996 -668.1051
v 608.1592 290.5584 -668.6522
v 652.1588 290.3741 -668.6508
v 652.0000 230.9996 -668.1051
v 652.0000 230.9996 -668.1051
v 652.1588 290.3741 -668.6508
v 674.0000 230.9999 -630.0000
v 652.1588 290.3741 -668.6508
v 674.1598 290.8304 -630.5490
v 674.0000 230.9999 -630.0000
v 674.1598 290.8304 -630.5490
v 674.3362 351.0075 -631.1553
v 652.1611 291.4711 -592.4485
v 674.3362 351.0075 -631.1553
v 652.3362 351.0787 -593.0502
v 652.1611 291.4711 -592.4485
v 652.1611 291.4711 -592.4485
v 652.3362 351.0787 -593.0502
v 608.1615 291.6554 -592.4498
v 652.3362 351.0787 -593.0502
v 608.3362 351.0992 -593.0502
v 608.1615 291.6554 -592.4498
v 608.1615 291.6554 -592.4498
v 608.3362 351.0992 -593.0502
v 586.1605 291.1991 -630.5516
v 608.3362 351.0992 -593.0502
v 586.3362 351.0485 -631.1553
v 586.1605 291.1991 -630.5516
v 586.1605 291.1991 -630.5516
v 586.3362 351.0485 -631.1553
v 608.1592 290.5584 -668.6522
v 586.3362 351.0485 -631.1553
v 608.3362 350.9773 -669.2604
v 608.1592 290.5584 -668.6522
v 608.1592 290.5584 -668.6522
v 608.3362 350.9773 -669.2604
v 652.1588 290.3741 -668.6508
v 608.3362 350.9773 -669.2604
v 652.3362 350.9568 -669.2603
v 652.1588 290.3741 -668.6508
v 652.1588 290.3741 -668.6508
v 652.3362 350.9568 -669.2603
v 674.1598 290.8304 -630.5490
v 652.3362 350.9568 -669.2603
v 674.3362 351.0075 -631.1553
v 674.1598 290.8304 -630.5490
v 674.3362 351.0075 -631.1553
v 674.1356 411.3596 -630.4661
v 652.3362 351.0787 -593.0502
v 674.1356 411.3596 -630.4661
v 652.1396 410.2502 -592.3748
v 652.3362 351.0787 -593.0502
v 652.3362 351.0787 -593.0502
v 652.1396 410.2502 -592.3748
v 608.3362 351.0992 -593.0502
v 652.1396 410.2502 -592.3748
v 608.1408 409.9311 -592.3787
v 608.3362 351.0992 -593.0502
v 608.3362 351.0992 -593.0502
v 608.1408 409.9311 -592.3787
v 586.3362 351.0485 -631.1553
v 608.1408 409.9311 -592.3787
v 586.1379 410.7213 -630.4740
v 586.3362 351.0485 -631.1553
v 586.3362 351.0485 -631.1553
v 586.1379 410.7213 -630.4740
v 608.3362 350.9773 -669.2604
v 586.1379 410.7213 -630.4740
v 608.1339 411.8307 -668.5653
v 608.3362 350.9773 -669.2604
v 608.3362 350.9773 -669.2604
v 608.1339 411.8307 -668.5653
v 652.3362 350.9568 -669.2603
v 608.1339 411.8307 -668.5653
v 652.1328 412.1498 -668.5613
v 652.3362 350.9568 -669.2603
v 652.3362 350.9568 -669.2603
v 652.1328 412.1498 -668.5613
v 674.3362 351.0075 -631.1553
v 652.1328 412.1498 -668.5613
v 674.1356 411.3596 -630.4661
v 674.3362 351.0075 -631.1553
v 674.1356 411.3596 -630.4661
v 673.4905 471.6040 -628.2491
v 652.1396 410.2502 -592.3748
v 673.4905 471.6040 -628.2491
v 651.5045 469.5363 -590.1921
v 652.1396 410.2502 -592.3748
v 652.1396 410.2502 -592.3748
v 651.5045 469.5363 -590.1921
v 608.1408 409.9311 -592.3787
v 651.5045 469.5363 -590.1921
v 607.5085 468.9415 -590.2059
v 608.1408 409.9311 -592.3787
v 608.1408 409.9311 -592.3787
v 607.5085 468.9415 -590.2059
v 586.1379 410.7213 -630.4740
v 607.5085 468.9415 -590.2059
v 585.4985 470.4143 -628.2768
v 586.1379 410.7213 -630.4740
v 586.1379 410.7213 -630.4740
v 585.4985 470.4143 -628.2768
v 608.1339 411.8307 -668.5653
v 585.4985 470.4143 -628.2768
v 607.4846 472.4819 -666.3339
v 608.1339 411.8307 -668.5653
v 608.1339 411.8307 -668.5653
v 607.4846 472.4819 -666.3339
v 652.1328 412.1498 -668.5613
v 607.4846 472.4819 -666.3339
v 651.4805 473.0768 -666.3201
v 652.1328 412.1498 -668.5613
v 652.1328 412.1498 -668.5613
v 651.4805 473.0768 -666.3201
v 674.1356 411.3596 -630.4661
v 651.4805 473.0768 -666.3201
v 673.4905 471.6040 -628.2491
v 674.1356 411.3596 -630.4661
v 673.4905 471.6040 -628.2491
v 672.5660 531.6830 -625.0721
v 651.5045 469.5363 -590.1921
v 672.5660 531.6830 -625.0721
v 650.5878 529.0990 -587.0421
v 651.5045 469.5363 -590.1921
v 651.5045 469.5363 -590.1921
v 650.5878 529.0990 -587.0421
v 607.5085 468.9415 -590.2059
v 650.5878 529.0990 -587.0421
v 606.5941 528.3556 -587.0637
v 607.5085 468.9415 -590.2059
v 607.5085 468.9415 -590.2059
v 606.5941 528.3556 -587.0637
v 585.4985 470.4143 -628.2768
v 606.5941 528.3556 -587.0637
v 584.5786 530.1962 -625.1154
v 585.4985 470.4143 -628.2768
v 585.4985 470.4143 -628.2768
v 584.5786 530.1962 -625.1154
v 607.4846 472.4819 -666.3339
v 584.5786 530.1962 -625.1154
v 606.5567 532.7803 -663.1454
v 607.4846 472.4819 -666.3339
v 607.4846 472.4819 -666.3339
v 606.5567 532.7803 -663.1454
v 651.4805 473.0768 -666.3201
v 606.5567 532.7803 -663.1454
v 650.5504 533.5237 -663.1238
v 651.4805 473.0768 -666.3201
v 651.4805 473.0768 -666.3201
v 650.5504 533.5237 -663.1238
v 673.4905 471.6040 -628.2491
v 650.5504 533.5237 -663.1238
v 672.5660 531.6830 -625.0721
v 673.4905 471.6040 -628.2491
v 672.5660 531.6830 -625.0721
v 671.4859 591.6630 -621.3607
v 650.5878 529.0990 -587.0421
v 671.4859 591.6630 -621.3607
v 649.5132 588.7759 -583.3492
v 650.5878 529.0990 -587.0421
v 650.5878 529.0990 -587.0421
v 649.5132 588.7759 -583.3492
v 606.5941 528.3556 -587.0637
v 649.5132 588.7759 -583.3492
v 605.5210 587.9453 -583.3762
v 606.5941 528.3556 -587.0637
v 606.5941 528.3556 -587.0637
v 605.5210 587.9453 -583.3762
v 584.5786 530.1962 -625.1154
v 605.5210 587.9453 -583.3762
v 583.5016 590.0018 -621.4146
v 584.5786 530.1962 -625.1154
v 584.5786 530.1962 -625.1154
v 583.5016 590.0018 -621.4146
v 606.5567 532.7803 -663.1454
v 583.5016 590.0018 -621.4146
v 605.4743 592.8889 -659.4260
v 606.5567 532.7803 -663.1454
v 606.5567 532.7803 -663.1454
v 605.4743 592.8889 -659.4260
v 650.5504 533.5237 -663.1238
v 605.4743 592.8889 -659.4260
v 649.4664 593.7195 -659.3990
v 650.5504 533.5237 -663.1238
v 650.5504 533.5237 -663.1238
v 649.4664 593.7195 -659.3990
v 672.5660 531.6830 -625.0721
v 649.4664 593.7195 -659.3990
v 671.4859 591.6630 -621.3607
v 672.5660 531.6830 -625.0721
v 671.4859 591.6630 -621.3607
v 670.3134 651.5876 -617.3315
v 649.5132 588.7759 -583.3492
v 670.3134 651.5876 -617.3315
v 648.3442 648.5206 -579.3322
v 649.5132 588.7759 -583.3492
v 649.5132 588.7759 -583.3492
v 648.3442 648.5206 -579.3322
v 605.5210 587.9453 -583.3762
v 648.3442 648.5206 -579.3322
v 604.3530 647.6382 -579.3626
v 605.5210 587.9453 -583.3762
v 605.5210 587.9453 -583.3762
v 604.3530 647.6382 -579.3626
v 583.5016 590.0018 -621.4146
v 604.3530 647.6382 -579.3626
v 582.3311 649.8229 -617.3923
v 583.5016 590.0018 -621.4146
v 583.5016 590.0018 -621.4146
v 582.3311 649.8229 -617.3923
v 605.4743 592.8889 -659.4260
v 582.3311 649.8229 -617.3923
v 604.3003 652.8900 -655.3917
v 605.4743 592.8889 -659.4260
v 605.4743 592.8889 -659.4260
v 604.3003 652.8900 -655.3917
v 649.4664 593.7195 -659.3990
v 604.3003 652.8900 -655.3917
v 648.2914 653.7723 -655.3612
v 649.4664 593.7195 -659.3990
v 649.4664 593.7195 -659.3990
v 648.2914 653.7723 -655.3612
v 671.4859 591.6630 -621.3607
v 648.2914 653.7723 -655.3612
v 670.3134 651.5876 -617.3315
v 671.4859 591.6630 -621.3607
v 670.3134 651.5876 -617.3315
v 669.0881 711.4726 -613.1212
v 648.3442 648.5206 -579.3322
v 669.0881 711.4726 -613.1212
v 647.1209 708.3102 -575.1285
v 648.3442 648.5206 -579.3322
v 648.3442 648.5206 -579.3322
v 647.1209 708.3102 -575.1285
v 604.3530 647.6382 -579.3626
v 647.1209 708.3102 -575.1285
v 603.1303 707.4004 -575.1609
v 604.3530 647.6382 -579.3626
v 604.3530 647.6382 -579.3626
v 603.1303 707.4004 -575.1609
v 582.3311 649.8229 -617.3923
v 603.1303 707.4004 -575.1609
v 581.1070 709.6530 -613.1859
v 582.3311 649.8229 -617.3923
v 582.3311 649.8229 -617.3923
v 581.1070 709.6530 -613.1859
v 604.3003 652.8900 -655.3917
v 581.1070 709.6530 -613.1859
v 603.0742 712.8154 -651.1785
v 604.3003 652.8900 -655.3917
v 604.3003 652.8900 -655.3917
v 603.0742 712.8154 -651.1785
v 648.2914 653.7723 -655.3612
v 603.0742 712.8154 -651.1785
v 647.0648 713.7252 -651.1461
v 648.2914 653.7723 -655.3612
v 648.2914 653.7723 -655.3612
v 647.0648 713.7252 -651.1461
v 670.3134 651.5876 -617.3315
v 647.0648 713.7252 -651.1461
v 669.0881 711.4726 -613.1212
v 670.3134 651.5876 -617.3315
v 669.0881 711.4726 -613.1212
v 667.8395 771.3329 -608.8303
v 647.1209 708.3102 -575.1285
v 667.8395 771.3329 -608.8303
v 645.8728 768.1429 -570.8396
v 647.1209 708.3102 -575.1285
v 647.1209 708.3102 -575.1285
v 645.8728 768.1429 -570.8396
v 603.1303 707.4004 -575.1609
v 645.8728 768.1429 -570.8396
v 601.8824 767.2252 -570.8725
v 603.1303 707.4004 -575.1609
v 603.1303 707.4004 -575.1609
v 601.8824 767.2252 -570.8725
v 581.1070 709.6530 -613.1859
v 601.8824 767.2252 -570.8725
v 579.8586 769.4975 -608.8961
v 581.1070 709.6530 -613.1859
v 581.1070 709.6530 -613.1859
v 579.8586 769.4975 -608.8961
v 603.0742 712.8154 -651.1785
v 579.8586 769.4975 -608.8961
v 601.8253 772.6874 -646.8867
v 603.0742 712.8154 -651.1785
v 603.0742 712.8154 -651.1785
v 601.8253 772.6874 -646.8867
v 647.0648 713.7252 -651.1461
v 601.8253 772.6874 -646.8867
v 645.8157 773.6052 -646.8538
v 647.0648 713.7252 -651.1461
v 647.0648 713.7252 -651.1461
v 645.8157 773.6052 -646.8538
v 669.0881 711.4726 -613.1212
v 645.8157 773.6052 -646.8538
v 667.8395 771.3329 -608.8303
v 669.0881 711.4726 -613.1212
v 667.8395 771.3329 -608.8303
v 666.5928 831.1746 -604.5462
v 645.8728 768.1429 -570.8396
v 666.5928 831.1746 -604.5462
v 644.6254 828.0204 -566.5530
v 645.8728 768.1429 -570.8396
v 645.8728 768.1429 -570.8396
v 644.6254 828.0204 -566.5530
v 601.8824 767.2252 -570.8725
v 644.6254 828.0204 -566.5530
v 600.6347 827.1130 -566.5852
v 601.8824 767.2252 -570.8725
v 601.8824 767.2252 -570.8725
v 600.6347 827.1130 -566.5852
v 579.8586 769.4975 -608.8961
v 600.6347 827.1130 -566.5852
v 578.6115 829.3597 -604.6106
v 579.8586 769.4975 -608.8961
v 579.8586 769.4975 -608.8961
v 578.6115 829.3597 -604.6106
v 601.8253 772.6874 -646.8867
v 578.6115 829.3597 -604.6106
v 600.5790 832.5139 -642.6038
v 601.8253 772.6874 -646.8867
v 601.8253 772.6874 -646.8867
v 600.5790 832.5139 -642.6038
v 645.8157 773.6052 -646.8538
v 600.5790 832.5139 -642.6038
v 644.5696 833.4213 -642.5716
v 645.8157 773.6052 -646.8538
v 645.8157 773.6052 -646.8538
v 644.5696 833.4213 -642.5716
v 667.8395 771.3329 -608.8303
v 644.5696 833.4213 -642.5716
v 666.5928 831.1746 -604.5462
v 667.8395 771.3329 -608.8303
v 666.5928 831.1746 -604.5462
v 665.3737 891.0047 -600.3572
v 644.6254 828.0204 -566.5530
v 665.3737 891.0047 -600.3572
v 643.4042 887.9556 -562.3566
v 644.6254 828.0204 -566.5530
v 644.6254 828.0204 -566.5530
v 643.4042 887.9556 -562.3566
v 600.6347 827.1130 -566.5852
v 643.4042 887.9556 -562.3566
v 599.4130 887.0784 -562.3867
v 600.6347 827.1130 -566.5852
v 600.6347 827.1130 -566.5852
v 599.4130 887.0784 -562.3867
v 578.6115 829.3597 -604.6106
v 599.4130 887.0784 -562.3867
v 577.3912 889.2503 -600.4173
v 578.6115 829.3597 -604.6106
v 578.6115 829.3597 -604.6106
v 577.3912 889.2503 -600.4173
v 600.5790 832.5139 -642.6038
v 577.3912 889.2503 -600.4173
v 599.3608 892.2994 -638.4178
v 600.5790 832.5139 -642.6038
v 600.5790 832.5139 -642.6038
v 599.3608 892.2994 -638.4178
v 644.5696 833.4213 -642.5716
v 599.3608 892.2994 -638.4178
v 643.3521 893.1766 -638.3878
v 644.5696 833.4213 -642.5716
v 644.5696 833.4213 -642.5716
v 643.3521 893.1766 -638.3878
v 666.5928 831.1746 -604.5462
v 643.3521 893.1766 -638.3878
v 665.3737 891.0047 -600.3572
v 666.5928 831.1746 -604.5462
v 665.3737 891.0047 -600.3572
v 664.2128 950.8218 -596.3676
v 643.4042 887.9556 -562.3566
v 664.2128 950.8218 -596.3676
v 642.2395 947.9653 -558.3543
v 643.4042 887.9556 -562.3566
v 643.4042 887.9556 -562.3566
v 642.2395 947.9653 -558.3543
v 599.4130 887.0784 -562.3867
v 642.2395 947.9653 -558.3543
v 598.2471 947.1436 -558.3807
v 599.4130 887.0784 -562.3867
v 599.4130 887.0784 -562.3867
v 598.2471 947.1436 -558.3807
v 577.3912 889.2503 -600.4173
v 598.2471 947.1436 -558.3807
v 576.2281 949.1782 -596.4204
v 577.3912 889.2503 -600.4173
v 577.3912 889.2503 -600.4173
v 576.2281 949.1782 -596.4204
v 599.3608 892.2994 -638.4178
v 576.2281 949.1782 -596.4204
v 598.2014 952.0347 -634.4338
v 599.3608 892.2994 -638.4178
v 599.3608 892.2994 -638.4178
v 598.2014 952.0347 -634.4338
v 643.3521 893.1766 -638.3878
v 598.2014 952.0347 -634.4338
v 642.1937 952.8564 -634.4074
v 643.3521 893.1766 -638.3878
v 643.3521 893.1766 -638.3878
v 642.1937 952.8564 -634.4074
v 665.3737 891.0047 -600.3572
v 642.1937 952.8564 -634.4074
v 664.2128 950.8218 -596.3676
v 665.3737 891.0047 -600.3572
v 630.0000 231.0001 -334.0000
v 629.6249 290.5262 -334.1620
v 591.8949 230.9998 -356.0000
v 629.6249 290.5262 -334.1620
v 591.5221 290.0523 -356.1609
v 591.8949 230.9998 -356.0000
v 591.8949 230.9998 -356.0000
v 591.5221 290.0523 -356.1609
v 591.8949 230.9997 -400.0000
v 591.5221 290.0523 -356.1609
v 591.5231 289.8633 -400.1606
v 591.8949 230.9997 -400.0000
v 591.8949 230.9997 -400.0000
v 591.5231 289.8633 -400.1606
v 630.0000 230.9999 -422.0000
v 591.5231 289.8633 -400.1606
v 629.6268 290.1480 -422.1612
v 630.0000 230.9999 -422.0000
v 630.0000 230.9999 -422.0000
v 629.6268 290.1480 -422.1612
v 668.1051 231.0002 -400.0000
v 629.6268 290.1480 -422.1612
v 667.7295 290.6219 -400.1622
v 668.1051 231.0002 -400.0000
v 668.1051 231.0002 -400.0000
v 667.7295 290.6219 -400.1622
v 668.1051 231.0003 -356.0000
v 667.7295 290.6219 -400.1622
v 667.7286 290.8109 -356.1626
v 668.1051 231.0003 -356.0000
v 668.1051 231.0003 -356.0000
v 667.7286 290.8109 -356.1626
v 630.0000 231.0001 -334.0000
v 667.7286 290.8109 -356.1626
v 629.6249 290.5262 -334.1620
v 630.0000 231.0001 -334.0000
v 629.6249 290.5262 -334.1620
v 629.2013 349.7018 -334.3448
v 591.5221 290.0523 -356.1609
v 629.2013 349.7018 -334.3448
v 591.0963 349.6305 -356.3448
v 591.5221 290.0523 -356.1609
v 591.5221 290.0523 -356.1609
v 591.0963 349.6305 -356.3448
v 591.5231 289.8633 -400.1606
v 591.0963 349.6305 -356.3448
v 591.0963 349.6021 -400.3448
v 591.5231 289.8633 -400.1606
v 591.5231 289.8633 -400.1606
v 591.0963 349.6021 -400.3448
v 629.6268 290.1480 -422.1612
v 591.0963 349.6021 -400.3448
v 629.2014 349.6449 -422.3448
v 629.6268 290.1480 -422.1612
v 629.6268 290.1480 -422.1612
v 629.2014 349.6449 -422.3448
v 667.7295 290.6219 -400.1622
v 629.2014 349.6449 -422.3448
v 667.3064 349.7162 -400.3448
v 667.7295 290.6219 -400.1622
v 667.7295 290.6219 -400.1622
v 667.3064 349.7162 -400.3448
v 667.7286 290.8109 -356.1626
v 667.3064 349.7162 -400.3448
v 667.3064 349.7446 -356.3449
v 667.7286 290.8109 -356.1626
v 667.7286 290.8109 -356.1626
v 667.3064 349.7446 -356.3449
v 629.6249 290.5262 -334.1620
v 667.3064 349.7446 -356.3449
v 629.2013 349.7018 -334.3448
v 629.6249 290.5262 -334.1620
v 629.2013 349.7018 -334.3448
v 629.6365 408.6920 -334.1569
v 591.0963 349.6305 -356.3448
v 629.6365 408.6920 -334.1569
v 591.5380 409.4853 -356.1541
v 591.0963 349.6305 -356.3448
v 591.0963 349.6305 -356.3448
v 591.5380 409.4853 -356.1541
v 591.0963 349.6021 -400.3448
v 591.5380 409.4853 -356.1541
v 591.5406 409.8018 -400.1530
v 591.0963 349.6021 -400.3448
v 591.0963 349.6021 -400.3448
v 591.5406 409.8018 -400.1530
v 629.2014 349.6449 -422.3448
v 591.5406 409.8018 -400.1530
v 629.6418 409.3252 -422.1547
v 629.2014 349.6449 -422.3448
v 629.2014 349.6449 -422.3448
v 629.6418 409.3252 -422.1547
v 667.3064 349.7162 -400.3448
v 629.6418 409.3252 -422.1547
v 667.7403 408.5319 -400.1575
v 667.3064 349.7162 -400.3448
v 667.3064 349.7162 -400.3448
v 667.7403 408.5319 -400.1575
v 667.3064 349.7446 -356.3449
v 667.7403 408.5319 -400.1575
v 667.7377 408.2153 -356.1587
v 667.3064 349.7446 -356.3449
v 667.3064 349.7446 -356.3449
v 667.7377 408.2153 -356.1587
v 629.2013 349.7018 -334.3448
v 667.7377 408.2153 -356.1587
v 629.6365 408.6920 -334.1569
v 629.2013 349.7018 -334.3448
v 629.6365 408.6920 -334.1569
v 631.1119 467.7174 -333.5199
v 591.5380 409.4853 -356.1541
v 631.1119 467.7174 -333.5199
v 593.0310 469.2339 -355.5095
v 591.5380 409.4853 -356.1541
v 591.5380 409.4853 -356.1541
v 593.0310 469.2339 -355.5095
v 591.5406 409.8018 -400.1530
v 593.0310 469.2339 -355.5095
v 593.0406 469.8391 -399.5053
v 591.5406 409.8018 -400.1530
v 591.5406 409.8018 -400.1530
v 593.0406 469.8391 -399.5053
v 629.6418 409.3252 -422.1547
v 593.0406 469.8391 -399.5053
v 631.1312 468.9278 -421.5116
v 629.6418 409.3252 -422.1547
v 629.6418 409.3252 -422.1547
v 631.1312 468.9278 -421.5116
v 667.7403 408.5319 -400.1575
v 631.1312 468.9278 -421.5116
v 669.2122 467.4113 -399.5220
v 667.7403 408.5319 -400.1575
v 667.7403 408.5319 -400.1575
v 669.2122 467.4113 -399.5220
v 667.7377 408.2153 -356.1587
v 669.2122 467.4113 -399.5220
v 669.2026 466.8062 -355.5262
v 667.7377 408.2153 -356.1587
v 667.7377 408.2153 -356.1587
v 669.2026 466.8062 -355.5262
v 629.6365 408.6920 -334.1569
v 669.2026 466.8062 -355.5262
v 631.1119 467.7174 -333.5199
v 629.6365 408.6920 -334.1569
v 631.1119 467.7174 -333.5199
v 633.2646 526.8519 -332.5905
v 593.0310 469.2339 -355.5095
v 633.2646 526.8519 -332.5905
v 595.1979 528.7617 -354.5739
v 593.0310 469.2339 -355.5095
v 593.0310 469.2339 -355.5095
v 595.1979 528.7617 -354.5739
v 593.0406 469.8391 -399.5053
v 595.1979 528.7617 -354.5739
v 595.2131 529.5239 -398.5673
v 593.0406 469.8391 -399.5053
v 593.0406 469.8391 -399.5053
v 595.2131 529.5239 -398.5673
v 631.1312 468.9278 -421.5116
v 595.2131 529.5239 -398.5673
v 633.2952 528.3762 -420.5772
v 631.1312 468.9278 -421.5116
v 631.1312 468.9278 -421.5116
v 633.2952 528.3762 -420.5772
v 669.2122 467.4113 -399.5220
v 633.2952 528.3762 -420.5772
v 671.3621 526.4664 -398.5938
v 669.2122 467.4113 -399.5220
v 669.2122 467.4113 -399.5220
v 671.3621 526.4664 -398.5938
v 669.2026 466.8062 -355.5262
v 671.3621 526.4664 -398.5938
v 671.3467 525.7042 -354.6004
v 669.2026 466.8062 -355.5262
v 669.2026 466.8062 -355.5262
v 671.3467 525.7042 -354.6004
v 631.1119 467.7174 -333.5199
v 671.3467 525.7042 -354.6004
v 633.2646 526.8519 -332.5905
v 631.1119 467.7174 -333.5199
v 633.2646 526.8519 -332.5905
v 635.7975 586.0348 -331.4968
v 595.1979 528.7617 -354.5739
v 635.7975 586.0348 -331.4968
v 597.7406 588.1757 -353.4760
v 595.1979 528.7617 -354.5739
v 595.1979 528.7617 -354.5739
v 597.7406 588.1757 -353.4760
v 595.2131 529.5239 -398.5673
v 597.7406 588.1757 -353.4760
v 597.7598 589.0302 -397.4677
v 595.2131 529.5239 -398.5673
v 595.2131 529.5239 -398.5673
v 597.7598 589.0302 -397.4677
v 633.2952 528.3762 -420.5772
v 597.7598 589.0302 -397.4677
v 635.8360 587.7436 -419.4802
v 633.2952 528.3762 -420.5772
v 633.2952 528.3762 -420.5772
v 635.8360 587.7436 -419.4802
v 671.3621 526.4664 -398.5938
v 635.8360 587.7436 -419.4802
v 673.8929 585.6027 -397.5010
v 671.3621 526.4664 -398.5938
v 671.3621 526.4664 -398.5938
v 673.8929 585.6027 -397.5010
v 671.3467 525.7042 -354.6004
v 673.8929 585.6027 -397.5010
v 673.8737 584.7483 -353.5093
v 671.3467 525.7042 -354.6004
v 671.3467 525.7042 -354.6004
v 673.8737 584.7483 -353.5093
v 633.2646 526.8519 -332.5905
v 673.8737 584.7483 -353.5093
v 635.7975 586.0348 -331.4968
v 633.2646 526.8519 -332.5905
v 635.7975 586.0348 -331.4968
v 638.5572 645.2435 -330.3053
v 597.7406 588.1757 -353.4760
v 638.5572 645.2435 -330.3053
v 600.5067 647.5219 -352.2818
v 597.7406 588.1757 -353.4760
v 597.7406 588.1757 -353.4760
v 600.5067 647.5219 -352.2818
v 597.7598 589.0302 -397.4677
v 600.5067 647.5219 -352.2818
v 600.5284 648.4312 -396.2724
v 597.7598 589.0302 -397.4677
v 597.7598 589.0302 -397.4677
v 600.5284 648.4312 -396.2724
v 635.8360 587.7436 -419.4802
v 600.5284 648.4312 -396.2724
v 638.6008 647.0621 -418.2865
v 635.8360 587.7436 -419.4802
v 635.8360 587.7436 -419.4802
v 638.6008 647.0621 -418.2865
v 673.8929 585.6027 -397.5010
v 638.6008 647.0621 -418.2865
v 676.6513 644.7836 -396.3101
v 673.8929 585.6027 -397.5010
v 673.8929 585.6027 -397.5010
v 676.6513 644.7836 -396.3101
v 673.8737 584.7483 -353.5093
v 676.6513 644.7836 -396.3101
v 676.6295 643.8744 -352.3195
v 673.8737 584.7483 -353.5093
v 673.8737 584.7483 -353.5093
v 676.6295 643.8744 -352.3195
v 635.7975 586.0348 -331.4968
v 676.6295 643.8744 -352.3195
v 638.5572 645.2435 -330.3053
v 635.7975 586.0348 -331.4968
v 638.5572 645.2435 -330.3053
v 641.4473 704.4703 -329.0575
v 600.5067 647.5219 -352.2818
v 641.4473 704.4703 -329.0575
v 603.4003 706.8219 -351.0324
v 600.5067 647.5219 -352.2818
v 600.5067 647.5219 -352.2818
v 603.4003 706.8219 -351.0324
v 600.5284 648.4312 -396.2724
v 603.4003 706.8219 -351.0324
v 603.4235 707.7603 -395.0224
v 600.5284 648.4312 -396.2724
v 600.5284 648.4312 -396.2724
v 603.4235 707.7603 -395.0224
v 638.6008 647.0621 -418.2865
v 603.4235 707.7603 -395.0224
v 641.4937 706.3472 -417.0374
v 638.6008 647.0621 -418.2865
v 638.6008 647.0621 -418.2865
v 641.4937 706.3472 -417.0374
v 676.6513 644.7836 -396.3101
v 641.4937 706.3472 -417.0374
v 679.5406 703.9957 -395.0626
v 676.6513 644.7836 -396.3101
v 676.6513 644.7836 -396.3101
v 679.5406 703.9957 -395.0626
v 676.6295 643.8744 -352.3195
v 679.5406 703.9957 -395.0626
v 679.5175 703.0572 -351.0726
v 676.6295 643.8744 -352.3195
v 676.6295 643.8744 -352.3195
v 679.5175 703.0572 -351.0726
v 638.5572 645.2435 -330.3053
v 679.5175 703.0572 -351.0726
v 641.4473 704.4703 -329.0575
v 638.5572 645.2435 -330.3053
v 641.4473 704.4703 -329.0575
v 644.3967 763.7144 -327.7840
v 603.4003 706.8219 -351.0324
v 644.3967 763.7144 -327.7840
v 606.3508 766.0876 -349.7585
v 603.4003 706.8219 -351.0324
v 603.4003 706.8219 -351.0324
v 606.3508 766.0876 -349.7585
v 603.4235 707.7603 -395.0224
v 606.3508 766.0876 -349.7585
v 606.3744 767.0347 -393.7483
v 603.4235 707.7603 -395.0224
v 603.4235 707.7603 -395.0224
v 606.3744 767.0347 -393.7483
v 641.4937 706.3472 -417.0374
v 606.3744 767.0347 -393.7483
v 644.4440 765.6086 -415.7636
v 641.4937 706.3472 -417.0374
v 641.4937 706.3472 -417.0374
v 644.4440 765.6086 -415.7636
v 679.5406 703.9957 -395.0626
v 644.4440 765.6086 -415.7636
v 682.4899 763.2353 -393.7892
v 679.5406 703.9957 -395.0626
v 679.5406 703.9957 -395.0626
v 682.4899 763.2353 -393.7892
v 679.5175 703.0572 -351.0726
v 682.4899 763.2353 -393.7892
v 682.4662 762.2882 -349.7994
v 679.5175 703.0572 -351.0726
v 679.5175 703.0572 -351.0726
v 682.4662 762.2882 -349.7994
v 641.4473 704.4703 -329.0575
v 682.4662 762.2882 -349.7994
v 644.3967 763.7144 -327.7840
v 641.4473 704.4703 -329.0575
v 644.3967 763.7144 -327.7840
v 647.3441 822.9772 -326.5114
v 606.3508 766.0876 -349.7585
v 647.3441 822.9772 -326.5114
v 609.2969 825.3240 -348.4865
v 606.3508 766.0876 -349.7585
v 606.3508 766.0876 -349.7585
v 609.2969 825.3240 -348.4865
v 606.3744 767.0347 -393.7483
v 609.2969 825.3240 -348.4865
v 609.3200 826.2606 -392.4765
v 606.3744 767.0347 -393.7483
v 606.3744 767.0347 -393.7483
v 609.3200 826.2606 -392.4765
v 644.4440 765.6086 -415.7636
v 609.3200 826.2606 -392.4765
v 647.3903 824.8503 -414.4915
v 644.4440 765.6086 -415.7636
v 644.4440 765.6086 -415.7636
v 647.3903 824.8503 -414.4915
v 682.4899 763.2353 -393.7892
v 647.3903 824.8503 -414.4915
v 685.4376 822.5035 -392.5165
v 682.4899 763.2353 -393.7892
v 682.4899 763.2353 -393.7892
v 685.4376 822.5035 -392.5165
v 682.4662 762.2882 -349.7994
v 685.4376 822.5035 -392.5165
v 685.4145 821.5669 -348.5265
v 682.4662 762.2882 -349.7994
v 682.4662 762.2882 -349.7994
v 685.4145 821.5669 -348.5265
v 644.3967 763.7144 -327.7840
v 685.4145 821.5669 -348.5265
v 647.3441 822.9772 -326.5114
v 644.3967 763.7144 -327.7840
v 647.3441 822.9772 -326.5114
v 650.2280 882.2653 -325.2663
v 609.2969 825.3240 -348.4865
v 650.2280 882.2653 -325.2663
v 612.1769 884.5334 -347.2430
v 609.2969 825.3240 -348.4865
v 609.2969 825.3240 -348.4865
v 612.1769 884.5334 -347.2430
v 609.3200 826.2606 -392.4765
v 612.1769 884.5334 -347.2430
v 612.1985 885.4386 -391.2336
v 609.3200 826.2606 -392.4765
v 609.3200 826.2606 -392.4765
v 612.1985 885.4386 -391.2336
v 647.3903 824.8503 -414.4915
v 612.1985 885.4386 -391.2336
v 650.2711 884.0756 -413.2477
v 647.3903 824.8503 -414.4915
v 647.3903 824.8503 -414.4915
v 650.2711 884.0756 -413.2477
v 685.4376 822.5035 -392.5165
v 650.2711 884.0756 -413.2477
v 688.3222 881.8074 -391.2710
v 685.4376 822.5035 -392.5165
v 685.4376 822.5035 -392.5165
v 688.3222 881.8074 -391.2710
v 685.4145 821.5669 -348.5265
v 688.3222 881.8074 -391.2710
v 688.3006 880.9023 -347.2803
v 685.4145 821.5669 -348.5265
v 685.4145 821.5669 -348.5265
v 688.3006 880.9023 -347.2803
v 647.3441 822.9772 -326.5114
v 688.3006 880.9023 -347.2803
v 650.2280 882.2653 -325.2663
v 647.3441 822.9772 -326.5114
v 650.2280 882.2653 -325.2663
v 652.9756 941.5850 -324.0800
v 612.1769 884.5334 -347.2430
v 652.9756 941.5850 -324.0800
v 614.9179 943.7084 -346.0595
v 612.1769 884.5334 -347.2430
v 612.1769 884.5334 -347.2430
v 614.9179 943.7084 -346.0595
v 612.1985 885.4386 -391.2336
v 614.9179 943.7084 -346.0595
v 614.9368 944.5558 -390.0514
v 612.1985 885.4386 -391.2336
v 612.1985 885.4386 -391.2336
v 614.9368 944.5558 -390.0514
v 650.2711 884.0756 -413.2477
v 614.9368 944.5558 -390.0514
v 653.0134 943.2798 -412.0637
v 650.2711 884.0756 -413.2477
v 650.2711 884.0756 -413.2477
v 653.0134 943.2798 -412.0637
v 688.3222 881.8074 -391.2710
v 653.0134 943.2798 -412.0637
v 691.0712 941.1563 -390.0841
v 688.3222 881.8074 -391.2710
v 688.3222 881.8074 -391.2710
v 691.0712 941.1563 -390.0841
v 688.3006 880.9023 -347.2803
v 691.0712 941.1563 -390.0841
v 691.0522 940.3090 -346.0923
v 688.3006 880.9023 -347.2803
v 688.3006 880.9023 -347.2803
v 691.0522 940.3090 -346.0923
v 650.2280 882.2653 -325.2663
v 691.0522 940.3090 -346.0923
v 652.9756 941.5850 -324.0800
v 650.2280 882.2653 -325.2663
v 630.0000 230.9998 -82.0000
v 629.4500 288.1441 -81.6366
v 591.8949 230.9995 -104.0000
v 629.4500 288.1441 -81.6366
v 591.3477 287.7818 -103.6385
v 591.8949 230.9995 -104.0000
v 591.8949 230.9995 -104.0000
v 591.3477 287.7818 -103.6385
v 591.8949 230.9998 -148.0000
v 591.3477 287.7818 -103.6385
v 591.3442 288.2287 -147.6362
v 591.8949 230.9998 -148.0000
v 591.8949 230.9998 -148.0000
v 591.3442 288.2287 -147.6362
v 630.0000 231.0002 -170.0000
v 591.3442 288.2287 -147.6362
v 629.4431 289.0379 -169.6321
v 630.0000 231.0002 -170.0000
v 630.0000 231.0002 -170.0000
v 629.4431 289.0379 -169.6321
v 668.1051 231.0005 -148.0000
v 629.4431 289.0379 -169.6321
v 667.5455 289.4002 -147.6302
v 668.1051 231.0005 -148.0000
v 668.1051 231.0005 -148.0000
v 667.5455 289.4002 -147.6302
v 668.1051 231.0002 -104.0000
v 667.5455 289.4002 -147.6302
v 667.5489 288.9533 -103.6325
v 668.1051 231.0002 -104.0000
v 668.1051 231.0002 -104.0000
v 667.5489 288.9533 -103.6325
v 630.0000 230.9998 -82.0000
v 667.5489 288.9533 -103.6325
v 629.4500 288.1441 -81.6366
v 630.0000 230.9998 -82.0000
v 629.4500 288.1441 -81.6366
v 628.7684 346.0671 -81.1863
v 591.3477 287.7818 -103.6385
v 628.7684 346.0671 -81.1863
v 590.6634 345.9756 -103.1864
v 591.3477 287.7818 -103.6385
v 591.3477 287.7818 -103.6385
v 590.6634 345.9756 -103.1864
v 591.3442 288.2287 -147.6362
v 590.6634 345.9756 -103.1864
v 590.6632 346.0884 -147.1862
v 591.3442 288.2287 -147.6362
v 591.3442 288.2287 -147.6362
v 590.6632 346.0884 -147.1862
v 629.4431 289.0379 -169.6321
v 590.6632 346.0884 -147.1862
v 628.7679 346.2928 -169.1860
v 629.4431 289.0379 -169.6321
v 629.4431 289.0379 -169.6321
v 628.7679 346.2928 -169.1860
v 667.5455 289.4002 -147.6302
v 628.7679 346.2928 -169.1860
v 666.8729 346.3844 -147.1859
v 667.5455 289.4002 -147.6302
v 667.5455 289.4002 -147.6302
v 666.8729 346.3844 -147.1859
v 667.5489 288.9533 -103.6325
v 666.8729 346.3844 -147.1859
v 666.8730 346.2715 -103.1860
v 667.5489 288.9533 -103.6325
v 667.5489 288.9533 -103.6325
v 666.8730 346.2715 -103.1860
v 629.4500 288.1441 -81.6366
v 666.8730 346.2715 -103.1860
v 628.7684 346.0671 -81.1863
v 629.4500 288.1441 -81.6366
v 628.7684 346.0671 -81.1863
v 629.3125 404.4498 -81.5458
v 590.6634 345.9756 -103.1864
v 629.3125 404.4498 -81.5458
v 591.2139 405.0023 -103.5501
v 590.6634 345.9756 -103.1864
v 590.6634 345.9756 -103.1864
v 591.2139 405.0023 -103.5501
v 590.6632 346.0884 -147.1862
v 591.2139 405.0023 -103.5501
v 591.2059 404.3209 -147.5448
v 590.6632 346.0884 -147.1862
v 590.6632 346.0884 -147.1862
v 591.2059 404.3209 -147.5448
v 628.7679 346.2928 -169.1860
v 591.2059 404.3209 -147.5448
v 629.2965 403.0871 -169.5352
v 628.7679 346.2928 -169.1860
v 628.7679 346.2928 -169.1860
v 629.2965 403.0871 -169.5352
v 666.8729 346.3844 -147.1859
v 629.2965 403.0871 -169.5352
v 667.3951 402.5346 -147.5310
v 666.8729 346.3844 -147.1859
v 666.8729 346.3844 -147.1859
v 667.3951 402.5346 -147.5310
v 666.8730 346.2715 -103.1860
v 667.3951 402.5346 -147.5310
v 667.4031 403.2160 -103.5362
v 666.8730 346.2715 -103.1860
v 666.8730 346.2715 -103.1860
v 667.4031 403.2160 -103.5362
v 628.7684 346.0671 -81.1863
v 667.4031 403.2160 -103.5362
v 629.3125 404.4498 -81.5458
v 628.7684 346.0671 -81.1863
v 629.3125 404.4498 -81.5458
v 631.4567 462.7025 -82.9624
v 591.2139 405.0023 -103.5501
v 631.4567 462.7025 -82.9624
v 593.3790 463.8378 -104.9805
v 591.2139 405.0023 -103.5501
v 591.2139 405.0023 -103.5501
v 593.3790 463.8378 -104.9805
v 591.2059 404.3209 -147.5448
v 593.3790 463.8378 -104.9805
v 593.3452 462.4377 -148.9582
v 591.2059 404.3209 -147.5448
v 591.2059 404.3209 -147.5448
v 593.3452 462.4377 -148.9582
v 629.2965 403.0871 -169.5352
v 593.3452 462.4377 -148.9582
v 631.3892 459.9022 -170.9178
v 629.2965 403.0871 -169.5352
v 629.2965 403.0871 -169.5352
v 631.3892 459.9022 -170.9178
v 667.3951 402.5346 -147.5310
v 631.3892 459.9022 -170.9178
v 669.4670 458.7669 -148.8997
v 667.3951 402.5346 -147.5310
v 667.3951 402.5346 -147.5310
v 669.4670 458.7669 -148.8997
v 667.4031 403.2160 -103.5362
v 669.4670 458.7669 -148.8997
v 669.5007 460.1671 -104.9220
v 667.4031 403.2160 -103.5362
v 667.4031 403.2160 -103.5362
v 669.5007 460.1671 -104.9220
v 629.3125 404.4498 -81.5458
v 669.5007 460.1671 -104.9220
v 631.4567 462.7025 -82.9624
v 629.3125 404.4498 -81.5458
v 631.4567 462.7025 -82.9624
v 634.6885 520.5718 -85.0976
v 593.3790 463.8378 -104.9805
v 634.6885 520.5718 -85.0976
v 596.6287 522.0329 -107.1275
v 593.3790 463.8378 -104.9805
v 593.3790 463.8378 -104.9805
v 596.6287 522.0329 -107.1275
v 593.3452 462.4377 -148.9582
v 596.6287 522.0329 -107.1275
v 596.5728 520.2309 -151.0906
v 593.3452 462.4377 -148.9582
v 593.3452 462.4377 -148.9582
v 596.5728 520.2309 -151.0906
v 631.3892 459.9022 -170.9178
v 596.5728 520.2309 -151.0906
v 634.5767 516.9678 -173.0237
v 631.3892 459.9022 -170.9178
v 631.3892 459.9022 -170.9178
v 634.5767 516.9678 -173.0237
v 669.4670 458.7669 -148.8997
v 634.5767 516.9678 -173.0237
v 672.6364 515.5067 -150.9937
v 669.4670 458.7669 -148.8997
v 669.4670 458.7669 -148.8997
v 672.6364 515.5067 -150.9937
v 669.5007 460.1671 -104.9220
v 672.6364 515.5067 -150.9937
v 672.6924 517.3087 -107.0307
v 669.5007 460.1671 -104.9220
v 669.5007 460.1671 -104.9220
v 672.6924 517.3087 -107.0307
v 631.4567 462.7025 -82.9624
v 672.6924 517.3087 -107.0307
v 634.6885 520.5718 -85.0976
v 631.4567 462.7025 -82.9624
v 634.6885 520.5718 -85.0976
v 638.5281 578.2216 -87.6343
v 596.6287 522.0329 -107.1275
v 638.5281 578.2216 -87.6343
v 600.4810 579.8741 -109.6726
v 596.6287 522.0329 -107.1275
v 596.6287 522.0329 -107.1275
v 600.4810 579.8741 -109.6726
v 596.5728 520.2309 -151.0906
v 600.4810 579.8741 -109.6726
v 600.4094 577.8361 -153.6253
v 596.5728 520.2309 -151.0906
v 596.5728 520.2309 -151.0906
v 600.4094 577.8361 -153.6253
v 634.5767 516.9678 -173.0237
v 600.4094 577.8361 -153.6253
v 638.3849 574.1456 -175.5397
v 634.5767 516.9678 -173.0237
v 634.5767 516.9678 -173.0237
v 638.3849 574.1456 -175.5397
v 672.6364 515.5067 -150.9937
v 638.3849 574.1456 -175.5397
v 676.4320 572.4930 -153.5014
v 672.6364 515.5067 -150.9937
v 672.6364 515.5067 -150.9937
v 676.4320 572.4930 -153.5014
v 672.6924 517.3087 -107.0307
v 676.4320 572.4930 -153.5014
v 676.5036 574.5311 -109.5486
v 672.6924 517.3087 -107.0307
v 672.6924 517.3087 -107.0307
v 676.5036 574.5311 -109.5486
v 634.6885 520.5718 -85.0976
v 676.5036 574.5311 -109.5486
v 638.5281 578.2216 -87.6343
v 634.6885 520.5718 -85.0976
v 638.5281 578.2216 -87.6343
v 642.7283 635.7406 -90.4093
v 600.4810 579.8741 -109.6726
v 642.7283 635.7406 -90.4093
v 604.6896 637.5072 -112.4531
v 600.4810 579.8741 -109.6726
v 600.4810 579.8741 -109.6726
v 604.6896 637.5072 -112.4531
v 600.4094 577.8361 -153.6253
v 604.6896 637.5072 -112.4531
v 604.6077 635.3284 -156.3991
v 600.4094 577.8361 -153.6253
v 600.4094 577.8361 -153.6253
v 604.6077 635.3284 -156.3991
v 638.3849 574.1456 -175.5397
v 604.6077 635.3284 -156.3991
v 642.5647 631.3831 -178.3012
v 638.3849 574.1456 -175.5397
v 638.3849 574.1456 -175.5397
v 642.5647 631.3831 -178.3012
v 676.4320 572.4930 -153.5014
v 642.5647 631.3831 -178.3012
v 680.6035 629.6165 -156.2574
v 676.4320 572.4930 -153.5014
v 676.4320 572.4930 -153.5014
v 680.6035 629.6165 -156.2574
v 676.5036 574.5311 -109.5486
v 680.6035 629.6165 -156.2574
v 680.6853 631.7952 -112.3114
v 676.5036 574.5311 -109.5486
v 676.5036 574.5311 -109.5486
v 680.6853 631.7952 -112.3114
v 638.5281 578.2216 -87.6343
v 680.6853 631.7952 -112.3114
v 642.7283 635.7406 -90.4093
v 638.5281 578.2216 -87.6343
v 642.7283 635.7406 -90.4093
v 647.1352 693.1702 -93.3208
v 604.6896 637.5072 -112.4531
v 647.1352 693.1702 -93.3208
v 609.1011 694.9981 -115.3677
v 604.6896 637.5072 -112.4531
v 604.6896 637.5072 -112.4531
v 609.1011 694.9981 -115.3677
v 604.6077 635.3284 -156.3991
v 609.1011 694.9981 -115.3677
v 609.0135 692.7437 -159.3098
v 604.6077 635.3284 -156.3991
v 604.6077 635.3284 -156.3991
v 609.0135 692.7437 -159.3098
v 642.5647 631.3831 -178.3012
v 609.0135 692.7437 -159.3098
v 646.9600 688.6614 -181.2050
v 642.5647 631.3831 -178.3012
v 642.5647 631.3831 -178.3012
v 646.9600 688.6614 -181.2050
v 680.6035 629.6165 -156.2574
v 646.9600 688.6614 -181.2050
v 684.9941 686.8336 -159.1581
v 680.6035 629.6165 -156.2574
v 680.6035 629.6165 -156.2574
v 684.9941 686.8336 -159.1581
v 680.6853 631.7952 -112.3114
v 684.9941 686.8336 -159.1581
v 685.0817 689.0880 -115.2160
v 680.6853 631.7952 -112.3114
v 680.6853 631.7952 -112.3114
v 685.0817 689.0880 -115.2160
v 642.7283 635.7406 -90.4093
v 685.0817 689.0880 -115.2160
v 647.1352 693.1702 -93.3208
v 642.7283 635.7406 -90.4093
v 647.1352 693.1702 -93.3208
v 651.6352 750.5370 -96.2938
v 609.1011 694.9981 -115.3677
v 651.6352 750.5370 -96.2938
v 613.6026 752.3842 -118.3417
v 609.1011 694.9981 -115.3677
v 609.1011 694.9981 -115.3677
v 613.6026 752.3842 -118.3417
v 609.0135 692.7437 -159.3098
v 613.6026 752.3842 -118.3417
v 613.5131 750.1060 -162.2826
v 609.0135 692.7437 -159.3098
v 609.0135 692.7437 -159.3098
v 613.5131 750.1060 -162.2826
v 646.9600 688.6614 -181.2050
v 613.5131 750.1060 -162.2826
v 651.4562 745.9808 -184.1756
v 646.9600 688.6614 -181.2050
v 646.9600 688.6614 -181.2050
v 651.4562 745.9808 -184.1756
v 684.9941 686.8336 -159.1581
v 651.4562 745.9808 -184.1756
v 689.4888 744.1337 -162.1277
v 684.9941 686.8336 -159.1581
v 684.9941 686.8336 -159.1581
v 689.4888 744.1337 -162.1277
v 685.0817 689.0880 -115.2160
v 689.4888 744.1337 -162.1277
v 689.5783 746.4118 -118.1868
v 685.0817 689.0880 -115.2160
v 685.0817 689.0880 -115.2160
v 689.5783 746.4118 -118.1868
v 647.1352 693.1702 -93.3208
v 689.5783 746.4118 -118.1868
v 651.6352 750.5370 -96.2938
v 647.1352 693.1702 -93.3208
v 651.6352 750.5370 -96.2938
v 656.1307 807.8563 -99.2639
v 613.6026 752.3842 -118.3417
v 656.1307 807.8563 -99.2639
v 618.0966 809.6836 -121.3108
v 613.6026 752.3842 -118.3417
v 613.6026 752.3842 -118.3417
v 618.0966 809.6836 -121.3108
v 613.5131 750.1060 -162.2826
v 618.0966 809.6836 -121.3108
v 618.0090 807.4299 -165.2529
v 613.5131 750.1060 -162.2826
v 613.5131 750.1060 -162.2826
v 618.0090 807.4299 -165.2529
v 651.4562 745.9808 -184.1756
v 618.0090 807.4299 -165.2529
v 655.9556 803.3490 -187.1482
v 651.4562 745.9808 -184.1756
v 651.4562 745.9808 -184.1756
v 655.9556 803.3490 -187.1482
v 689.4888 744.1337 -162.1277
v 655.9556 803.3490 -187.1482
v 693.9897 801.5217 -165.1013
v 689.4888 744.1337 -162.1277
v 689.4888 744.1337 -162.1277
v 693.9897 801.5217 -165.1013
v 689.5783 746.4118 -118.1868
v 693.9897 801.5217 -165.1013
v 694.0773 803.7753 -121.1592
v 689.5783 746.4118 -118.1868
v 689.5783 746.4118 -118.1868
v 694.0773 803.7753 -121.1592
v 651.6352 750.5370 -96.2938
v 694.0773 803.7753 -121.1592
v 656.1307 807.8563 -99.2639
v 651.6352 750.5370 -96.2938
v 656.1307 807.8563 -99.2639
v 660.5237 865.1345 -102.1662
v 618.0966 809.6836 -121.3108
v 660.5237 865.1345 -102.1662
v 622.4848 866.8998 -124.2100
v 618.0966 809.6836 -121.3108
v 618.0966 809.6836 -121.3108
v 622.4848 866.8998 -124.2100
v 618.0090 807.4299 -165.2529
v 622.4848 866.8998 -124.2100
v 622.4031 864.7227 -168.1560
v 618.0090 807.4299 -165.2529
v 618.0090 807.4299 -165.2529
v 622.4031 864.7227 -168.1560
v 655.9556 803.3490 -187.1482
v 622.4031 864.7227 -168.1560
v 660.3603 860.7802 -190.0583
v 655.9556 803.3490 -187.1482
v 655.9556 803.3490 -187.1482
v 660.3603 860.7802 -190.0583
v 693.9897 801.5217 -165.1013
v 660.3603 860.7802 -190.0583
v 698.3992 859.0148 -168.0145
v 693.9897 801.5217 -165.1013
v 693.9897 801.5217 -165.1013
v 698.3992 859.0148 -168.0145
v 694.0773 803.7753 -121.1592
v 698.3992 859.0148 -168.0145
v 698.4808 861.1920 -124.0685
v 694.0773 803.7753 -121.1592
v 694.0773 803.7753 -121.1592
v 698.4808 861.1920 -124.0685
v 656.1307 807.8563 -99.2639
v 698.4808 861.1920 -124.0685
v 660.5237 865.1345 -102.1662
v 656.1307 807.8563 -99.2639
v 660.5237 865.1345 -102.1662
v 664.6989 922.3677 -104.9247
v 622.4848 866.8998 -124.2100
v 664.6989 922.3677 -104.9247
v 626.6517 924.0181 -126.9629
v 622.4848 866.8998 -124.2100
v 622.4848 866.8998 -124.2100
v 626.6517 924.0181 -126.9629
v 622.4031 864.7227 -168.1560
v 626.6517 924.0181 -126.9629
v 626.5803 921.9827 -170.9158
v 622.4031 864.7227 -168.1560
v 622.4031 864.7227 -168.1560
v 626.5803 921.9827 -170.9158
v 660.3603 860.7802 -190.0583
v 626.5803 921.9827 -170.9158
v 664.5562 918.2968 -192.8304
v 660.3603 860.7802 -190.0583
v 660.3603 860.7802 -190.0583
v 664.5562 918.2968 -192.8304
v 698.3992 859.0148 -168.0145
v 664.5562 918.2968 -192.8304
v 702.6034 916.6464 -170.7921
v 698.3992 859.0148 -168.0145
v 698.3992 859.0148 -168.0145
v 702.6034 916.6464 -170.7921
v 698.4808 861.1920 -124.0685
v 702.6034 916.6464 -170.7921
v 702.6748 918.6819 -126.8393
v 698.4808 861.1920 -124.0685
v 698.4808 861.1920 -124.0685
v 702.6748 918.6819 -126.8393
v 660.5237 865.1345 -102.1662
v 702.6748 918.6819 -126.8393
v 664.6989 922.3677 -104.9247
v 660.5237 865.1345 -102.1662
v 674.0000 231.0002 126.0000
v 673.7756 285.9616 126.5391
v 652.0000 230.9997 164.1051
v 673.7756 285.9616 126.5391
v 651.7781 285.2038 164.6382
v 652.0000 230.9997 164.1051
v 652.0000 230.9997 164.1051
v 651.7781 285.2038 164.6382
v 608.0000 230.9996 164.1051
v 651.7781 285.2038 164.6382
v 607.7791 284.9101 164.6358
v 608.0000 230.9996 164.1051
v 608.0000 230.9996 164.1051
v 607.7791 284.9101 164.6358
v 586.0000 230.9998 126.0000
v 607.7791 284.9101 164.6358
v 585.7775 285.3742 126.5344
v 586.0000 230.9998 126.0000
v 586.0000 230.9998 126.0000
v 585.7775 285.3742 126.5344
v 608.0000 231.0003 87.8949
v 585.7775 285.3742 126.5344
v 607.7750 286.1321 88.4354
v 608.0000 231.0003 87.8949
v 608.0000 231.0003 87.8949
v 607.7750 286.1321 88.4354
v 652.0000 231.0004 87.8949
v 607.7750 286.1321 88.4354
v 651.7740 286.4258 88.4377
v 652.0000 231.0004 87.8949
v 652.0000 231.0004 87.8949
v 651.7740 286.4258 88.4377
v 674.0000 231.0002 126.0000
v 651.7740 286.4258 88.4377
v 673.7756 285.9616 126.5391
v 674.0000 231.0002 126.0000
v 673.7756 285.9616 126.5391
v 673.4697 340.4550 127.2739
v 651.7781 285.2038 164.6382
v 673.4697 340.4550 127.2739
v 651.4702 340.1396 165.3780
v 651.7781 285.2038 164.6382
v 651.7781 285.2038 164.6382
v 651.4702 340.1396 165.3780
v 607.7791 284.9101 164.6358
v 651.4702 340.1396 165.3780
v 607.4703 340.0175 165.3775
v 607.7791 284.9101 164.6358
v 607.7791 284.9101 164.6358
v 607.4703 340.0175 165.3775
v 585.7775 285.3742 126.5344
v 607.4703 340.0175 165.3775
v 585.4700 340.2106 127.2731
v 585.7775 285.3742 126.5344
v 585.7775 285.3742 126.5344
v 585.4700 340.2106 127.2731
v 607.7750 286.1321 88.4354
v 585.4700 340.2106 127.2731
v 607.4696 340.5259 89.1690
v 607.7750 286.1321 88.4354
v 607.7750 286.1321 88.4354
v 607.4696 340.5259 89.1690
v 651.7740 286.4258 88.4377
v 607.4696 340.5259 89.1690
v 651.4694 340.6481 89.1694
v 651.7740 286.4258 88.4377
v 651.7740 286.4258 88.4377
v 651.4694 340.6481 89.1694
v 673.7756 285.9616 126.5391
v 651.4694 340.6481 89.1694
v 673.4697 340.4550 127.2739
v 673.7756 285.9616 126.5391
v 673.4697 340.4550 127.2739
v 673.6057 394.6310 126.9472
v 651.4702 340.1396 165.3780
v 673.6057 394.6310 126.9472
v 651.6097 395.5849 165.0426
v 651.4702 340.1396 165.3780
v 651.4702 340.1396 165.3780
v 651.6097 395.5849 165.0426
v 607.4703 340.0175 165.3775
v 651.6097 395.5849 165.0426
v 607.6113 395.9547 165.0389
v 607.4703 340.0175 165.3775
v 607.4703 340.0175 165.3775
v 607.6113 395.9547 165.0389
v 585.4700 340.2106 127.2731
v 607.6113 395.9547 165.0389
v 585.6088 395.3704 126.9397
v 585.4700 340.2106 127.2731
v 585.4700 340.2106 127.2731
v 585.6088 395.3704 126.9397
v 607.4696 340.5259 89.1690
v 585.6088 395.3704 126.9397
v 607.6048 394.4164 88.8442
v 607.4696 340.5259 89.1690
v 607.4696 340.5259 89.1690
v 607.6048 394.4164 88.8442
v 651.4694 340.6481 89.1694
v 607.6048 394.4164 88.8442
v 651.6033 394.0467 88.8479
v 651.4694 340.6481 89.1694
v 651.4694 340.6481 89.1694
v 651.6033 394.0467 88.8479
v 673.4697 340.4550 127.2739
v 651.6033 394.0467 88.8479
v 673.6057 394.6310 126.9472
v 673.4697 340.4550 127.2739
v 673.6057 394.6310 126.9472
v 674.3884 448.7540 125.0671
v 651.6097 395.5849 165.0426
v 674.3884 448.7540 125.0671
v 652.4109 451.0191 163.1179
v 651.6097 395.5849 165.0426
v 651.6097 395.5849 165.0426
v 652.4109 451.0191 163.1179
v 607.6113 395.9547 165.0389
v 652.4109 451.0191 163.1179
v 608.4197 451.8969 163.0968
v 607.6113 395.9547 165.0389
v 607.6113 395.9547 165.0389
v 608.4197 451.8969 163.0968
v 585.6088 395.3704 126.9397
v 608.4197 451.8969 163.0968
v 586.4059 450.5096 125.0250
v 585.6088 395.3704 126.9397
v 585.6088 395.3704 126.9397
v 586.4059 450.5096 125.0250
v 607.6048 394.4164 88.8442
v 586.4059 450.5096 125.0250
v 608.3833 448.2445 86.9742
v 607.6048 394.4164 88.8442
v 607.6048 394.4164 88.8442
v 608.3833 448.2445 86.9742
v 651.6033 394.0467 88.8479
v 608.3833 448.2445 86.9742
v 652.3745 447.3667 86.9952
v 651.6033 394.0467 88.8479
v 651.6033 394.0467 88.8479
v 652.3745 447.3667 86.9952
v 673.6057 394.6310 126.9472
v 652.3745 447.3667 86.9952
v 674.3884 448.7540 125.0671
v 673.6057 394.6310 126.9472
v 674.3884 448.7540 125.0671
v 675.6793 503.0133 121.9661
v 652.4109 451.0191 163.1179
v 675.6793 503.0133 121.9661
v 653.7203 506.0663 159.9725
v 652.4109 451.0191 163.1179
v 652.4109 451.0191 163.1179
v 653.7203 506.0663 159.9725
v 608.4197 451.8969 163.0968
v 653.7203 506.0663 159.9725
v 609.7363 507.2494 159.9342
v 608.4197 451.8969 163.0968
v 608.4197 451.8969 163.0968
v 609.7363 507.2494 159.9342
v 586.4059 450.5096 125.0250
v 609.7363 507.2494 159.9342
v 587.7111 505.3796 121.8896
v 586.4059 450.5096 125.0250
v 586.4059 450.5096 125.0250
v 587.7111 505.3796 121.8896
v 608.3833 448.2445 86.9742
v 587.7111 505.3796 121.8896
v 609.6700 502.3267 83.8832
v 608.3833 448.2445 86.9742
v 608.3833 448.2445 86.9742
v 609.6700 502.3267 83.8832
v 652.3745 447.3667 86.9952
v 609.6700 502.3267 83.8832
v 653.6541 501.1435 83.9214
v 652.3745 447.3667 86.9952
v 652.3745 447.3667 86.9952
v 653.6541 501.1435 83.9214
v 674.3884 448.7540 125.0671
v 653.6541 501.1435 83.9214
v 675.6793 503.0133 121.9661
v 674.3884 448.7540 125.0671
v 675.6793 503.0133 121.9661
v 677.2653 557.3489 118.1560
v 653.7203 506.0663 159.9725
v 677.2653 557.3489 118.1560
v 655.3199 560.8664 156.1300
v 653.7203 506.0663 159.9725
v 653.7203 506.0663 159.9725
v 655.3199 560.8664 156.1300
v 609.7363 507.2494 159.9342
v 655.3199 560.8664 156.1300
v 611.3411 562.2296 156.0792
v 609.7363 507.2494 159.9342
v 609.7363 507.2494 159.9342
v 611.3411 562.2296 156.0792
v 587.7111 505.3796 121.8896
v 611.3411 562.2296 156.0792
v 589.3076 560.0753 118.0544
v 587.7111 505.3796 121.8896
v 587.7111 505.3796 121.8896
v 589.3076 560.0753 118.0544
v 609.6700 502.3267 83.8832
v 589.3076 560.0753 118.0544
v 611.2531 556.5577 80.0804
v 609.6700 502.3267 83.8832
v 609.6700 502.3267 83.8832
v 611.2531 556.5577 80.0804
v 653.6541 501.1435 83.9214
v 611.2531 556.5577 80.0804
v 655.2319 555.1946 80.1312
v 653.6541 501.1435 83.9214
v 653.6541 501.1435 83.9214
v 655.2319 555.1946 80.1312
v 675.6793 503.0133 121.9661
v 655.2319 555.1946 80.1312
v 677.2653 557.3489 118.1560
v 675.6793 503.0133 121.9661
v 677.2653 557.3489 118.1560
v 679.0287 611.7192 113.9200
v 655.3199 560.8664 156.1300
v 679.0287 611.7192 113.9200
v 657.0923 615.5156 151.8723
v 655.3199 560.8664 156.1300
v 655.3199 560.8664 156.1300
v 657.0923 615.5156 151.8723
v 611.3411 562.2296 156.0792
v 657.0923 615.5156 151.8723
v 613.1169 616.9868 151.8131
v 611.3411 562.2296 156.0792
v 611.3411 562.2296 156.0792
v 613.1169 616.9868 151.8131
v 589.3076 560.0753 118.0544
v 613.1169 616.9868 151.8131
v 591.0780 614.6617 113.8016
v 589.3076 560.0753 118.0544
v 589.3076 560.0753 118.0544
v 591.0780 614.6617 113.8016
v 611.2531 556.5577 80.0804
v 591.0780 614.6617 113.8016
v 613.0144 610.8653 75.8492
v 611.2531 556.5577 80.0804
v 611.2531 556.5577 80.0804
v 613.0144 610.8653 75.8492
v 655.2319 555.1946 80.1312
v 613.0144 610.8653 75.8492
v 656.9898 609.3940 75.9084
v 655.2319 555.1946 80.1312
v 655.2319 555.1946 80.1312
v 656.9898 609.3940 75.9084
v 677.2653 557.3489 118.1560
v 656.9898 609.3940 75.9084
v 679.0287 611.7192 113.9200
v 677.2653 557.3489 118.1560
v 679.0287 611.7192 113.9200
v 680.8959 666.1160 109.4346
v 657.0923 615.5156 151.8723
v 680.8959 666.1160 109.4346
v 658.9647 670.0649 147.3744
v 657.0923 615.5156 151.8723
v 657.0923 615.5156 151.8723
v 658.9647 670.0649 147.3744
v 613.1169 616.9868 151.8131
v 658.9647 670.0649 147.3744
v 614.9914 671.5952 147.3103
v 613.1169 616.9868 151.8131
v 613.1169 616.9868 151.8131
v 614.9914 671.5952 147.3103
v 591.0780 614.6617 113.8016
v 614.9914 671.5952 147.3103
v 592.9493 669.1767 109.3065
v 591.0780 614.6617 113.8016
v 591.0780 614.6617 113.8016
v 592.9493 669.1767 109.3065
v 613.0144 610.8653 75.8492
v 592.9493 669.1767 109.3065
v 614.8804 665.2279 71.3667
v 613.0144 610.8653 75.8492
v 613.0144 610.8653 75.8492
v 614.8804 665.2279 71.3667
v 656.9898 609.3940 75.9084
v 614.8804 665.2279 71.3667
v 658.8538 663.6976 71.4307
v 656.9898 609.3940 75.9084
v 656.9898 609.3940 75.9084
v 658.8538 663.6976 71.4307
v 679.0287 611.7192 113.9200
v 658.8538 663.6976 71.4307
v 680.8959 666.1160 109.4346
v 679.0287 611.7192 113.9200
v 680.8959 666.1160 109.4346
v 682.8130 720.5399 104.8292
v 658.9647 670.0649 147.3744
v 682.8130 720.5399 104.8292
v 660.8837 724.5410 142.7646
v 658.9647 670.0649 147.3744
v 658.9647 670.0649 147.3744
v 660.8837 724.5410 142.7646
v 614.9914 671.5952 147.3103
v 660.8837 724.5410 142.7646
v 616.9111 726.0916 142.6989
v 614.9914 671.5952 147.3103
v 614.9914 671.5952 147.3103
v 616.9111 726.0916 142.6989
v 592.9493 669.1767 109.3065
v 616.9111 726.0916 142.6989
v 594.8678 723.6411 104.6977
v 592.9493 669.1767 109.3065
v 592.9493 669.1767 109.3065
v 594.8678 723.6411 104.6977
v 614.8804 665.2279 71.3667
v 594.8678 723.6411 104.6977
v 616.7972 719.6400 66.7623
v 614.8804 665.2279 71.3667
v 614.8804 665.2279 71.3667
v 616.7972 719.6400 66.7623
v 658.8538 663.6976 71.4307
v 616.7972 719.6400 66.7623
v 660.7698 718.0894 66.8281
v 658.8538 663.6976 71.4307
v 658.8538 663.6976 71.4307
v 660.7698 718.0894 66.8281
v 680.8959 666.1160 109.4346
v 660.7698 718.0894 66.8281
v 682.8130 720.5399 104.8292
v 680.8959 666.1160 109.4346
v 682.8130 720.5399 104.8292
v 684.7344 774.9983 100.2138
v 660.8837 724.5410 142.7646
v 684.7344 774.9983 100.2138
v 662.8036 778.9596 138.1525
v 660.8837 724.5410 142.7646
v 660.8837 724.5410 142.7646
v 662.8036 778.9596 138.1525
v 616.9111 726.0916 142.6989
v 662.8036 778.9596 138.1525
v 618.8305 780.4948 138.0880
v 616.9111 726.0916 142.6989
v 616.9111 726.0916 142.6989
v 618.8305 780.4948 138.0880
v 594.8678 723.6411 104.6977
v 618.8305 780.4948 138.0880
v 596.7881 778.0687 100.0848
v 594.8678 723.6411 104.6977
v 594.8678 723.6411 104.6977
v 596.7881 778.0687 100.0848
v 616.7972 719.6400 66.7623
v 596.7881 778.0687 100.0848
v 618.7188 774.1073 62.1460
v 616.7972 719.6400 66.7623
v 616.7972 719.6400 66.7623
v 618.7188 774.1073 62.1460
v 660.7698 718.0894 66.8281
v 618.7188 774.1073 62.1460
v 662.6920 772.5721 62.2105
v 660.7698 718.0894 66.8281
v 660.7698 718.0894 66.8281
v 662.6920 772.5721 62.2105
v 682.8130 720.5399 104.8292
v 662.6920 772.5721 62.2105
v 684.7344 774.9983 100.2138
v 682.8130 720.5399 104.8292
v 684.7344 774.9983 100.2138
v 686.6149 829.5057 95.6965
v 662.8036 778.9596 138.1525
v 686.6149 829.5057 95.6965
v 664.6794 833.3292 133.6467
v 662.8036 778.9596 138.1525
v 662.8036 778.9596 138.1525
v 664.6794 833.3292 133.6467
v 618.8305 780.4948 138.0880
v 664.6794 833.3292 133.6467
v 620.7044 834.8109 133.5866
v 618.8305 780.4948 138.0880
v 618.8305 780.4948 138.0880
v 620.7044 834.8109 133.5866
v 596.7881 778.0687 100.0848
v 620.7044 834.8109 133.5866
v 598.6649 832.4692 95.5764
v 596.7881 778.0687 100.0848
v 596.7881 778.0687 100.0848
v 598.6649 832.4692 95.5764
v 618.7188 774.1073 62.1460
v 598.6649 832.4692 95.5764
v 620.6004 828.6458 57.6262
v 618.7188 774.1073 62.1460
v 618.7188 774.1073 62.1460
v 620.6004 828.6458 57.6262
v 662.6920 772.5721 62.2105
v 620.6004 828.6458 57.6262
v 664.5754 827.1640 57.6863
v 662.6920 772.5721 62.2105
v 662.6920 772.5721 62.2105
v 664.5754 827.1640 57.6863
v 684.7344 774.9983 100.2138
v 664.5754 827.1640 57.6863
v 686.6149 829.5057 95.6965
v 684.7344 774.9983 100.2138
v 686.6149 829.5057 95.6965
v 688.4024 884.0789 91.4024
v 664.6794 833.3292 133.6467
v 688.4024 884.0789 91.4024
v 666.4585 887.6432 129.3729
v 664.6794 833.3292 133.6467
v 664.6794 833.3292 133.6467
v 666.4585 887.6432 129.3729
v 620.7044 834.8109 133.5866
v 666.4585 887.6432 129.3729
v 622.4802 889.0245 129.3208
v 620.7044 834.8109 133.5866
v 620.7044 834.8109 133.5866
v 622.4802 889.0245 129.3208
v 598.6649 832.4692 95.5764
v 622.4802 889.0245 129.3208
v 600.4459 886.8415 91.2981
v 598.6649 832.4692 95.5764
v 598.6649 832.4692 95.5764
v 600.4459 886.8415 91.2981
v 620.6004 828.6458 57.6262
v 600.4459 886.8415 91.2981
v 622.3898 883.2772 53.3276
v 620.6004 828.6458 57.6262
v 620.6004 828.6458 57.6262
v 622.3898 883.2772 53.3276
v 664.5754 827.1640 57.6863
v 622.3898 883.2772 53.3276
v 666.3681 881.8959 53.3798
v 664.5754 827.1640 57.6863
v 664.5754 827.1640 57.6863
v 666.3681 881.8959 53.3798
v 686.6149 829.5057 95.6965
v 666.3681 881.8959 53.3798
v 688.4024 884.0789 91.4024
v 686.6149 829.5057 95.6965
v 630.0000 230.9998 422.0000
v 630.2808 281.5462 422.2148
v 591.8949 231.0001 400.0000
v 630.2808 281.5462 422.2148
v 592.1780 282.0561 400.2166
v 591.8949 231.0001 400.0000
v 591.8949 231.0001 400.0000
v 592.1780 282.0561 400.2166
v 591.8949 231.0003 356.0000
v 592.1780 282.0561 400.2166
v 592.1795 282.3684 356.2177
v 591.8949 231.0003 356.0000
v 591.8949 231.0003 356.0000
v 592.1795 282.3684 356.2177
v 630.0000 231.0002 334.0000
v 592.1795 282.3684 356.2177
v 630.2837 282.1710 334.2170
v 630.0000 231.0002 334.0000
v 630.0000 231.0002 334.0000
v 630.2837 282.1710 334.2170
v 668.1051 230.9999 356.0000
v 630.2837 282.1710 334.2170
v 668.3865 281.6611 356.2152
v 668.1051 230.9999 356.0000
v 668.1051 230.9999 356.0000
v 668.3865 281.6611 356.2152
v 668.1051 230.9997 400.0000
v 668.3865 281.6611 356.2152
v 668.3850 281.3487 400.2141
v 668.1051 230.9997 400.0000
v 668.1051 230.9997 400.0000
v 668.3850 281.3487 400.2141
v 630.0000 230.9998 422.0000
v 668.3850 281.3487 400.2141
v 630.2808 281.5462 422.2148
v 630.0000 230.9998 422.0000
v 630.2808 281.5462 422.2148
v 630.7200 332.5224 422.5508
v 592.1780 282.0561 400.2166
v 630.7200 332.5224 422.5508
v 592.6158 332.8369 400.5514
v 592.1780 282.0561 400.2166
v 592.1780 282.0561 400.2166
v 592.6158 332.8369 400.5514
v 592.1795 282.3684 356.2177
v 592.6158 332.8369 400.5514
v 592.6163 333.0295 356.5518
v 592.1795 282.3684 356.2177
v 592.1795 282.3684 356.2177
v 592.6163 333.0295 356.5518
v 630.2837 282.1710 334.2170
v 592.6163 333.0295 356.5518
v 630.7211 332.9077 334.5516
v 630.2837 282.1710 334.2170
v 630.2837 282.1710 334.2170
v 630.7211 332.9077 334.5516
v 668.3865 281.6611 356.2152
v 630.7211 332.9077 334.5516
v 668.8253 332.5933 356.5509
v 668.3865 281.6611 356.2152
v 668.3865 281.6611 356.2152
v 668.8253 332.5933 356.5509
v 668.3850 281.3487 400.2141
v 668.8253 332.5933 356.5509
v 668.8248 332.4006 400.5505
v 668.3850 281.3487 400.2141
v 668.3850 281.3487 400.2141
v 668.8248 332.4006 400.5505
v 630.2808 281.5462 422.2148
v 668.8248 332.4006 400.5505
v 630.7200 332.5224 422.5508
v 630.2808 281.5462 422.2148
v 630.7200 332.5224 422.5508
v 630.6843 383.8517 422.5234
v 592.6158 332.8369 400.5514
v 630.6843 383.8517 422.5234
v 592.5810 383.3997 400.5248
v 592.6158 332.8369 400.5514
v 592.6158 332.8369 400.5514
v 592.5810 383.3997 400.5248
v 592.6163 333.0295 356.5518
v 592.5810 383.3997 400.5248
v 592.5821 383.1228 356.5257
v 592.6163 333.0295 356.5518
v 592.6163 333.0295 356.5518
v 592.5821 383.1228 356.5257
v 630.7211 332.9077 334.5516
v 592.5821 383.1228 356.5257
v 630.6865 383.2978 334.5251
v 630.7211 332.9077 334.5516
v 630.7211 332.9077 334.5516
v 630.6865 383.2978 334.5251
v 668.8253 332.5933 356.5509
v 630.6865 383.2978 334.5251
v 668.7898 383.7498 356.5237
v 668.8253 332.5933 356.5509
v 668.8253 332.5933 356.5509
v 668.7898 383.7498 356.5237
v 668.8248 332.4006 400.5505
v 668.7898 383.7498 356.5237
v 668.7886 384.0267 400.5229
v 668.8248 332.4006 400.5505
v 668.8248 332.4006 400.5505
v 668.7886 384.0267 400.5229
v 630.7200 332.5224 422.5508
v 668.7886 384.0267 400.5229
v 630.6843 383.8517 422.5234
v 630.7200 332.5224 422.5508
v 630.6843 383.8517 422.5234
v 629.8221 435.2715 421.8639
v 592.5810 383.3997 400.5248
v 629.8221 435.2715 421.8639
v 591.7344 433.8851 399.8773
v 592.5810 383.3997 400.5248
v 592.5810 383.3997 400.5248
v 591.7344 433.8851 399.8773
v 592.5821 383.1228 356.5257
v 591.7344 433.8851 399.8773
v 591.7452 433.0357 355.8855
v 592.5821 383.1228 356.5257
v 592.5821 383.1228 356.5257
v 591.7452 433.0357 355.8855
v 630.6865 383.2978 334.5251
v 591.7452 433.0357 355.8855
v 629.8435 433.5726 333.8803
v 630.6865 383.2978 334.5251
v 630.6865 383.2978 334.5251
v 629.8435 433.5726 333.8803
v 668.7898 383.7498 356.5237
v 629.8435 433.5726 333.8803
v 667.9312 434.9590 355.8669
v 668.7898 383.7498 356.5237
v 668.7898 383.7498 356.5237
v 667.9312 434.9590 355.8669
v 668.7886 384.0267 400.5229
v 667.9312 434.9590 355.8669
v 667.9204 435.8084 399.8587
v 668.7886 384.0267 400.5229
v 668.7886 384.0267 400.5229
v 667.9204 435.8084 399.8587
v 630.6843 383.8517 422.5234
v 667.9204 435.8084 399.8587
v 629.8221 435.2715 421.8639
v 630.6843 383.8517 422.5234
v 629.8221 435.2715 421.8639
v 628.1956 486.4910 420.6197
v 591.7344 433.8851 399.8773
v 628.1956 486.4910 420.6197
v 590.1284 484.4506 398.6487
v 591.7344 433.8851 399.8773
v 591.7344 433.8851 399.8773
v 590.1284 484.4506 398.6487
v 591.7452 433.0357 355.8855
v 590.1284 484.4506 398.6487
v 590.1516 483.2004 354.6665
v 591.7452 433.0357 355.8855
v 591.7452 433.0357 355.8855
v 590.1516 483.2004 354.6665
v 629.8435 433.5726 333.8803
v 590.1516 483.2004 354.6665
v 628.2420 483.9907 332.6552
v 629.8435 433.5726 333.8803
v 629.8435 433.5726 333.8803
v 628.2420 483.9907 332.6552
v 667.9312 434.9590 355.8669
v 628.2420 483.9907 332.6552
v 666.3092 486.0312 354.6262
v 667.9312 434.9590 355.8669
v 667.9312 434.9590 355.8669
v 666.3092 486.0312 354.6262
v 667.9204 435.8084 399.8587
v 666.3092 486.0312 354.6262
v 666.2860 487.2813 398.6085
v 667.9204 435.8084 399.8587
v 667.9204 435.8084 399.8587
v 666.2860 487.2813 398.6085
v 629.8221 435.2715 421.8639
v 666.2860 487.2813 398.6085
v 628.1956 486.4910 420.6197
v 629.8221 435.2715 421.8639
v 628.1956 486.4910 420.6197
v 626.1016 537.5220 419.0179
v 590.1284 484.4506 398.6487
v 626.1016 537.5220 419.0179
v 588.0503 535.0920 397.0591
v 590.1284 484.4506 398.6487
v 590.1284 484.4506 398.6487
v 588.0503 535.0920 397.0591
v 590.1516 483.2004 354.6665
v 588.0503 535.0920 397.0591
v 588.0833 533.6031 353.0843
v 590.1516 483.2004 354.6665
v 590.1516 483.2004 354.6665
v 588.0833 533.6031 353.0843
v 628.2420 483.9907 332.6552
v 588.0833 533.6031 353.0843
v 626.1675 534.5443 331.0684
v 628.2420 483.9907 332.6552
v 628.2420 483.9907 332.6552
v 626.1675 534.5443 331.0684
v 666.3092 486.0312 354.6262
v 626.1675 534.5443 331.0684
v 664.2189 536.9744 353.0272
v 666.3092 486.0312 354.6262
v 666.3092 486.0312 354.6262
v 664.2189 536.9744 353.0272
v 666.2860 487.2813 398.6085
v 664.2189 536.9744 353.0272
v 664.1859 538.4632 397.0020
v 666.2860 487.2813 398.6085
v 666.2860 487.2813 398.6085
v 664.1859 538.4632 397.0020
v 628.1956 486.4910 420.6197
v 664.1859 538.4632 397.0020
v 626.1016 537.5220 419.0179
v 628.1956 486.4910 420.6197
v 626.1016 537.5220 419.0179
v 623.7261 588.4391 417.2008
v 588.0503 535.0920 397.0591
v 623.7261 588.4391 417.2008
v 585.6858 585.7723 395.2504
v 588.0503 535.0920 397.0591
v 588.0503 535.0920 397.0591
v 585.6858 585.7723 395.2504
v 588.0833 533.6031 353.0843
v 585.6858 585.7723 395.2504
v 585.7255 584.1384 351.2807
v 588.0833 533.6031 353.0843
v 588.0833 533.6031 353.0843
v 585.7255 584.1384 351.2807
v 626.1675 534.5443 331.0684
v 585.7255 584.1384 351.2807
v 623.8055 585.1713 329.2615
v 626.1675 534.5443 331.0684
v 626.1675 534.5443 331.0684
v 623.8055 585.1713 329.2615
v 664.2189 536.9744 353.0272
v 623.8055 585.1713 329.2615
v 661.8458 587.8380 351.2120
v 664.2189 536.9744 353.0272
v 664.2189 536.9744 353.0272
v 661.8458 587.8380 351.2120
v 664.1859 538.4632 397.0020
v 661.8458 587.8380 351.2120
v 661.8062 589.4719 395.1816
v 664.1859 538.4632 397.0020
v 664.1859 538.4632 397.0020
v 661.8062 589.4719 395.1816
v 626.1016 537.5220 419.0179
v 661.8062 589.4719 395.1816
v 623.7261 588.4391 417.2008
v 626.1016 537.5220 419.0179
v 623.7261 588.4391 417.2008
v 621.1848 639.2807 415.2568
v 585.6858 585.7723 395.2504
v 621.1848 639.2807 415.2568
v 583.1510 636.4814 393.3114
v 585.6858 585.7723 395.2504
v 585.6858 585.7723 395.2504
v 583.1510 636.4814 393.3114
v 585.7255 584.1384 351.2807
v 583.1510 636.4814 393.3114
v 583.1948 634.7662 349.3449
v 585.7255 584.1384 351.2807
v 585.7255 584.1384 351.2807
v 583.1948 634.7662 349.3449
v 623.8055 585.1713 329.2615
v 583.1948 634.7662 349.3449
v 621.2722 635.8505 327.3237
v 623.8055 585.1713 329.2615
v 623.8055 585.1713 329.2615
v 621.2722 635.8505 327.3237
v 661.8458 587.8380 351.2120
v 621.2722 635.8505 327.3237
v 659.3060 638.6498 349.2691
v 661.8458 587.8380 351.2120
v 661.8458 587.8380 351.2120
v 659.3060 638.6498 349.2691
v 661.8062 589.4719 395.1816
v 659.3060 638.6498 349.2691
v 659.2622 640.3649 393.2357
v 661.8062 589.4719 395.1816
v 661.8062 589.4719 395.1816
v 659.2622 640.3649 393.2357
v 623.7261 588.4391 417.2008
v 659.2622 640.3649 393.2357
v 621.1848 639.2807 415.2568
v 623.7261 588.4391 417.2008
v 621.1848 639.2807 415.2568
v 618.5621 690.0645 413.2506
v 583.1510 636.4814 393.3114
v 618.5621 690.0645 413.2506
v 580.5310 687.2145 391.3073
v 583.1510 636.4814 393.3114
v 583.1510 636.4814 393.3114
v 580.5310 687.2145 391.3073
v 583.1948 634.7662 349.3449
v 580.5310 687.2145 391.3073
v 580.5764 685.4684 347.3419
v 583.1948 634.7662 349.3449
v 583.1948 634.7662 349.3449
v 580.5764 685.4684 347.3419
v 621.2722 635.8505 327.3237
v 580.5764 685.4684 347.3419
v 618.6528 686.5723 325.3200
v 621.2722 635.8505 327.3237
v 621.2722 635.8505 327.3237
v 618.6528 686.5723 325.3200
v 659.3060 638.6498 349.2691
v 618.6528 686.5723 325.3200
v 656.6840 689.4221 347.2634
v 659.3060 638.6498 349.2691
v 659.3060 638.6498 349.2691
v 656.6840 689.4221 347.2634
v 659.2622 640.3649 393.2357
v 656.6840 689.4221 347.2634
v 656.6386 691.1682 391.2287
v 659.2622 640.3649 393.2357
v 659.2622 640.3649 393.2357
v 656.6386 691.1682 391.2287
v 621.1848 639.2807 415.2568
v 656.6386 691.1682 391.2287
v 618.5621 690.0645 413.2506
v 621.1848 639.2807 415.2568
v 618.5621 690.0645 413.2506
v 615.9297 740.8021 411.2370
v 580.5310 687.2145 391.3073
v 615.9297 740.8021 411.2370
v 577.8973 737.9762 389.2926
v 580.5310 687.2145 391.3073
v 580.5310 687.2145 391.3073
v 577.8973 737.9762 389.2926
v 580.5764 685.4684 347.3419
v 577.8973 737.9762 389.2926
v 577.9420 736.2448 345.3268
v 580.5764 685.4684 347.3419
v 580.5764 685.4684 347.3419
v 577.9420 736.2448 345.3268
v 618.6528 686.5723 325.3200
v 577.9420 736.2448 345.3268
v 616.0189 737.3393 323.3052
v 618.6528 686.5723 325.3200
v 618.6528 686.5723 325.3200
v 616.0189 737.3393 323.3052
v 656.6840 689.4221 347.2634
v 616.0189 737.3393 323.3052
v 654.0512 740.1652 345.2495
v 656.6840 689.4221 347.2634
v 656.6840 689.4221 347.2634
v 654.0512 740.1652 345.2495
v 656.6386 691.1682 391.2287
v 654.0512 740.1652 345.2495
v 654.0067 741.8966 389.2154
v 656.6386 691.1682 391.2287
v 656.6386 691.1682 391.2287
v 654.0067 741.8966 389.2154
v 618.5621 690.0645 413.2506
v 654.0067 741.8966 389.2154
v 615.9297 740.8021 411.2370
v 618.5621 690.0645 413.2506
v 615.9297 740.8021 411.2370
v 613.3573 791.4960 409.2692
v 577.8973 737.9762 389.2926
v 613.3573 791.4960 409.2692
v 575.3198 788.7721 387.3209
v 577.8973 737.9762 389.2926
v 577.8973 737.9762 389.2926
v 575.3198 788.7721 387.3209
v 577.9420 736.2448 345.3268
v 575.3198 788.7721 387.3209
v 575.3612 787.1031 343.3526
v 577.9420 736.2448 345.3268
v 577.9420 736.2448 345.3268
v 575.3612 787.1031 343.3526
v 616.0189 737.3393 323.3052
v 575.3612 787.1031 343.3526
v 613.4401 788.1581 321.3326
v 616.0189 737.3393 323.3052
v 616.0189 737.3393 323.3052
v 613.4401 788.1581 321.3326
v 654.0512 740.1652 345.2495
v 613.4401 788.1581 321.3326
v 651.4777 790.8821 343.2809
v 654.0512 740.1652 345.2495
v 654.0512 740.1652 345.2495
v 651.4777 790.8821 343.2809
v 654.0067 741.8966 389.2154
v 651.4777 790.8821 343.2809
v 651.4362 792.5511 387.2492
v 654.0067 741.8966 389.2154
v 654.0067 741.8966 389.2154
v 651.4362 792.5511 387.2492
v 615.9297 740.8021 411.2370
v 651.4362 792.5511 387.2492
v 613.3573 791.4960 409.2692
v 615.9297 740.8021 411.2370
v 613.3573 791.4960 409.2692
v 610.9236 842.1429 407.4076
v 575.3198 788.7721 387.3209
v 610.9236 842.1429 407.4076
v 572.8767 839.6149 385.4521
v 575.3198 788.7721 387.3209
v 575.3198 788.7721 387.3209
v 572.8767 839.6149 385.4521
v 575.3612 787.1031 343.3526
v 572.8767 839.6149 385.4521
v 572.9124 838.0660 341.4794
v 575.3612 787.1031 343.3526
v 575.3612 787.1031 343.3526
v 572.9124 838.0660 341.4794
v 613.4401 788.1581 321.3326
v 572.9124 838.0660 341.4794
v 610.9949 839.0451 319.4622
v 613.4401 788.1581 321.3326
v 613.4401 788.1581 321.3326
v 610.9949 839.0451 319.4622
v 651.4777 790.8821 343.2809
v 610.9949 839.0451 319.4622
v 649.0418 841.5731 341.4176
v 651.4777 790.8821 343.2809
v 651.4777 790.8821 343.2809
v 649.0418 841.5731 341.4176
v 651.4362 792.5511 387.2492
v 649.0418 841.5731 341.4176
v 649.0062 843.1220 385.3903
v 651.4362 792.5511 387.2492
v 651.4362 792.5511 387.2492
v 649.0062 843.1220 385.3903
v 613.3573 791.4960 409.2692
v 649.0062 843.1220 385.3903
v 610.9236 842.1429 407.4076
v 613.3573 791.4960 409.2692
v 630.0000 231.0003 674.0000
v 630.4957 278.1399 673.7322
v 591.8949 231.0005 652.0000
v 630.4957 278.1399 673.7322
v 592.3948 278.6116 651.7299
v 591.8949 231.0005 652.0000
v 591.8949 231.0005 652.0000
v 592.3948 278.6116 651.7299
v 591.8949 231.0003 608.0000
v 592.3948 278.6116 651.7299
v 592.3909 278.1838 607.7320
v 591.8949 231.0003 608.0000
v 591.8949 231.0003 608.0000
v 592.3909 278.1838 607.7320
v 630.0000 230.9997 586.0000
v 592.3909 278.1838 607.7320
v 630.4880 277.2844 585.7363
v 630.0000 230.9997 586.0000
v 630.0000 230.9997 586.0000
v 630.4880 277.2844 585.7363
v 668.1051 230.9995 608.0000
v 630.4880 277.2844 585.7363
v 668.5889 276.8127 607.7386
v 668.1051 230.9995 608.0000
v 668.1051 230.9995 608.0000
v 668.5889 276.8127 607.7386
v 668.1051 230.9997 652.0000
v 668.5889 276.8127 607.7386
v 668.5927 277.2404 651.7366
v 668.1051 230.9997 652.0000
v 668.1051 230.9997 652.0000
v 668.5927 277.2404 651.7366
v 630.0000 231.0003 674.0000
v 668.5927 277.2404 651.7366
v 630.4957 278.1399 673.7322
v 630.0000 231.0003 674.0000
v 630.4957 278.1399 673.7322
v 631.3472 324.7684 673.2722
v 592.3948 278.6116 651.7299
v 631.3472 324.7684 673.2722
v 593.2449 325.1552 651.2706
v 592.3948 278.6116 651.7299
v 592.3948 278.6116 651.7299
v 593.2449 325.1552 651.2706
v 592.3909 278.1838 607.7320
v 593.2449 325.1552 651.2706
v 593.2423 324.8044 607.2720
v 592.3909 278.1838 607.7320
v 592.3909 278.1838 607.7320
v 593.2423 324.8044 607.2720
v 630.4880 277.2844 585.7363
v 593.2423 324.8044 607.2720
v 631.3420 324.0669 585.2749
v 630.4880 277.2844 585.7363
v 630.4880 277.2844 585.7363
v 631.3420 324.0669 585.2749
v 668.5889 276.8127 607.7386
v 631.3420 324.0669 585.2749
v 669.4442 323.6800 607.2765
v 668.5889 276.8127 607.7386
v 668.5889 276.8127 607.7386
v 669.4442 323.6800 607.2765
v 668.5927 277.2404 651.7366
v 669.4442 323.6800 607.2765
v 669.4468 324.0308 651.2751
v 668.5927 277.2404 651.7366
v 668.5927 277.2404 651.7366
v 669.4468 324.0308 651.2751
v 630.4957 278.1399 673.7322
v 669.4468 324.0308 651.2751
v 631.3472 324.7684 673.2722
v 630.4957 278.1399 673.7322
v 631.3472 324.7684 673.2722
v 631.5608 370.9384 673.1567
v 593.2449 325.1552 651.2706
v 631.5608 370.9384 673.1567
v 593.4565 370.7258 651.1562
v 593.2449 325.1552 651.2706
v 593.2449 325.1552 651.2706
v 593.4565 370.7258 651.1562
v 593.2423 324.8044 607.2720
v 593.4565 370.7258 651.1562
v 593.4557 370.9186 607.1566
v 593.2423 324.8044 607.2720
v 593.2423 324.8044 607.2720
v 593.4557 370.9186 607.1566
v 631.3420 324.0669 585.2749
v 593.4557 370.9186 607.1566
v 631.5593 371.3240 585.1575
v 631.3420 324.0669 585.2749
v 631.3420 324.0669 585.2749
v 631.5593 371.3240 585.1575
v 669.4442 323.6800 607.2765
v 631.5593 371.3240 585.1575
v 669.6635 371.5366 607.1580
v 669.4442 323.6800 607.2765
v 669.4442 323.6800 607.2765
v 669.6635 371.5366 607.1580
v 669.4468 324.0308 651.2751
v 669.6635 371.5366 607.1580
v 669.6643 371.3438 651.1576
v 669.4468 324.0308 651.2751
v 669.4468 324.0308 651.2751
v 669.6643 371.3438 651.1576
v 631.3472 324.7684 673.2722
v 669.6643 371.3438 651.1576
v 631.5608 370.9384 673.1567
v 631.3472 324.7684 673.2722
v 631.5608 370.9384 673.1567
v 630.4517 416.8521 673.7559
v 593.4565 370.7258 651.1562
v 630.4517 416.8521 673.7559
v 592.3686 415.7774 651.7440
v 593.4565 370.7258 651.1562
v 593.4565 370.7258 651.1562
v 592.3686 415.7774 651.7440
v 593.4557 370.9186 607.1566
v 592.3686 415.7774 651.7440
v 592.3486 416.7519 607.7548
v 593.4557 370.9186 607.1566
v 593.4557 370.9186 607.1566
v 592.3486 416.7519 607.7548
v 631.5593 371.3240 585.1575
v 592.3486 416.7519 607.7548
v 630.4117 418.8011 585.7775
v 631.5593 371.3240 585.1575
v 631.5593 371.3240 585.1575
v 630.4117 418.8011 585.7775
v 669.6635 371.5366 607.1580
v 630.4117 418.8011 585.7775
v 668.4948 419.8758 607.7894
v 669.6635 371.5366 607.1580
v 669.6635 371.5366 607.1580
v 668.4948 419.8758 607.7894
v 669.6643 371.3438 651.1576
v 668.4948 419.8758 607.7894
v 668.5148 418.9013 651.7786
v 669.6643 371.3438 651.1576
v 669.6643 371.3438 651.1576
v 668.5148 418.9013 651.7786
v 631.5608 370.9384 673.1567
v 668.5148 418.9013 651.7786
v 630.4517 416.8521 673.7559
v 631.5608 370.9384 673.1567
v 630.4517 416.8521 673.7559
v 627.8348 462.7670 675.1699
v 592.3686 415.7774 651.7440
v 627.8348 462.7670 675.1699
v 589.7949 460.9199 653.1346
v 592.3686 415.7774 651.7440
v 592.3686 415.7774 651.7440
v 589.7949 460.9199 653.1346
v 592.3486 416.7519 607.7548
v 589.7949 460.9199 653.1346
v 589.7358 462.5948 609.1666
v 592.3486 416.7519 607.7548
v 592.3486 416.7519 607.7548
v 589.7358 462.5948 609.1666
v 630.4117 418.8011 585.7775
v 589.7358 462.5948 609.1666
v 627.7167 466.1167 587.2337
v 630.4117 418.8011 585.7775
v 630.4117 418.8011 585.7775
v 627.7167 466.1167 587.2337
v 668.4948 419.8758 607.7894
v 627.7167 466.1167 587.2337
v 665.7567 467.9637 609.2689
v 668.4948 419.8758 607.7894
v 668.4948 419.8758 607.7894
v 665.7567 467.9637 609.2689
v 668.5148 418.9013 651.7786
v 665.7567 467.9637 609.2689
v 665.8157 466.2889 653.2370
v 668.5148 418.9013 651.7786
v 668.5148 418.9013 651.7786
v 665.8157 466.2889 653.2370
v 630.4517 416.8521 673.7559
v 665.8157 466.2889 653.2370
v 627.8348 462.7670 675.1699
v 630.4517 416.8521 673.7559
v 627.8348 462.7670 675.1699
v 624.1219 508.8589 677.1760
v 589.7949 460.9199 653.1346
v 624.1219 508.8589 677.1760
v 586.1198 506.5377 655.1203
v 589.7949 460.9199 653.1346
v 589.7949 460.9199 653.1346
v 586.1198 506.5377 655.1203
v 589.7358 462.5948 609.1666
v 586.1198 506.5377 655.1203
v 586.0264 508.6425 611.1708
v 589.7358 462.5948 609.1666
v 589.7358 462.5948 609.1666
v 586.0264 508.6425 611.1708
v 627.7167 466.1167 587.2337
v 586.0264 508.6425 611.1708
v 623.9351 513.0685 589.2769
v 627.7167 466.1167 587.2337
v 627.7167 466.1167 587.2337
v 623.9351 513.0685 589.2769
v 665.7567 467.9637 609.2689
v 623.9351 513.0685 589.2769
v 661.9371 515.3898 611.3326
v 665.7567 467.9637 609.2689
v 665.7567 467.9637 609.2689
v 661.9371 515.3898 611.3326
v 665.8157 466.2889 653.2370
v 661.9371 515.3898 611.3326
v 662.0306 513.2850 655.2821
v 665.8157 466.2889 653.2370
v 665.8157 466.2889 653.2370
v 662.0306 513.2850 655.2821
v 627.8348 462.7670 675.1699
v 662.0306 513.2850 655.2821
v 624.1219 508.8589 677.1760
v 627.8348 462.7670 675.1699
v 624.1219 508.8589 677.1760
v 619.7288 555.0395 679.5496
v 586.1198 506.5377 655.1203
v 619.7288 555.0395 679.5496
v 581.7543 552.4258 657.4790
v 586.1198 506.5377 655.1203
v 586.1198 506.5377 655.1203
v 581.7543 552.4258 657.4790
v 586.0264 508.6425 611.1708
v 581.7543 552.4258 657.4790
v 581.6358 554.7958 613.5430
v 586.0264 508.6425 611.1708
v 586.0264 508.6425 611.1708
v 581.6358 554.7958 613.5430
v 623.9351 513.0685 589.2769
v 581.6358 554.7958 613.5430
v 619.4918 559.7795 591.6777
v 623.9351 513.0685 589.2769
v 623.9351 513.0685 589.2769
v 619.4918 559.7795 591.6777
v 661.9371 515.3898 611.3326
v 619.4918 559.7795 591.6777
v 657.4661 562.3932 613.7483
v 661.9371 515.3898 611.3326
v 661.9371 515.3898 611.3326
v 657.4661 562.3932 613.7483
v 662.0306 513.2850 655.2821
v 657.4661 562.3932 613.7483
v 657.5847 560.0232 657.6843
v 662.0306 513.2850 655.2821
v 662.0306 513.2850 655.2821
v 657.5847 560.0232 657.6843
v 624.1219 508.8589 677.1760
v 657.5847 560.0232 657.6843
v 619.7288 555.0395 679.5496
v 624.1219 508.8589 677.1760
v 619.7288 555.0395 679.5496
v 614.9217 601.2800 682.1469
v 581.7543 552.4258 657.4790
v 614.9217 601.2800 682.1469
v 576.9647 598.4980 660.0669
v 581.7543 552.4258 657.4790
v 581.7543 552.4258 657.4790
v 576.9647 598.4980 660.0669
v 581.6358 554.7958 613.5430
v 576.9647 598.4980 660.0669
v 576.8304 601.0206 616.1395
v 581.6358 554.7958 613.5430
v 581.6358 554.7958 613.5430
v 576.8304 601.0206 616.1395
v 619.4918 559.7795 591.6777
v 576.8304 601.0206 616.1395
v 614.6531 606.3251 594.2921
v 619.4918 559.7795 591.6777
v 619.4918 559.7795 591.6777
v 614.6531 606.3251 594.2921
v 657.4661 562.3932 613.7483
v 614.6531 606.3251 594.2921
v 652.6100 609.1070 616.3721
v 657.4661 562.3932 613.7483
v 657.4661 562.3932 613.7483
v 652.6100 609.1070 616.3721
v 657.5847 560.0232 657.6843
v 652.6100 609.1070 616.3721
v 652.7444 606.5845 660.2996
v 657.5847 560.0232 657.6843
v 657.5847 560.0232 657.6843
v 652.7444 606.5845 660.2996
v 619.7288 555.0395 679.5496
v 652.7444 606.5845 660.2996
v 614.9217 601.2800 682.1469
v 619.7288 555.0395 679.5496
v 614.9217 601.2800 682.1469
v 609.8951 647.5806 684.8628
v 576.9647 598.4980 660.0669
v 609.8951 647.5806 684.8628
v 571.9459 644.7277 662.7786
v 576.9647 598.4980 660.0669
v 576.9647 598.4980 660.0669
v 571.9459 644.7277 662.7786
v 576.8304 601.0206 616.1395
v 571.9459 644.7277 662.7786
v 571.8046 647.3146 618.8550
v 576.8304 601.0206 616.1395
v 576.8304 601.0206 616.1395
v 571.8046 647.3146 618.8550
v 614.6531 606.3251 594.2921
v 571.8046 647.3146 618.8550
v 609.6126 652.7545 597.0155
v 614.6531 606.3251 594.2921
v 614.6531 606.3251 594.2921
v 609.6126 652.7545 597.0155
v 652.6100 609.1070 616.3721
v 609.6126 652.7545 597.0155
v 647.5619 655.6074 619.0997
v 652.6100 609.1070 616.3721
v 652.6100 609.1070 616.3721
v 647.5619 655.6074 619.0997
v 652.7444 606.5845 660.2996
v 647.5619 655.6074 619.0997
v 647.7032 653.0204 663.0233
v 652.7444 606.5845 660.2996
v 652.7444 606.5845 660.2996
v 647.7032 653.0204 663.0233
v 614.9217 601.2800 682.1469
v 647.7032 653.0204 663.0233
v 609.8951 647.5806 684.8628
v 614.9217 601.2800 682.1469
v 609.8951 647.5806 684.8628
v 604.8118 693.9531 687.6094
v 571.9459 644.7277 662.7786
v 604.8118 693.9531 687.6094
v 566.8607 691.1163 665.5262
v 571.9459 644.7277 662.7786
v 571.9459 644.7277 662.7786
v 566.8607 691.1163 665.5262
v 571.8046 647.3146 618.8550
v 566.8607 691.1163 665.5262
v 566.7210 693.6885 621.6016
v 571.8046 647.3146 618.8550
v 571.8046 647.3146 618.8550
v 566.7210 693.6885 621.6016
v 609.6126 652.7545 597.0155
v 566.7210 693.6885 621.6016
v 604.5323 699.0977 599.7604
v 609.6126 652.7545 597.0155
v 609.6126 652.7545 597.0155
v 604.5323 699.0977 599.7604
v 647.5619 655.6074 619.0997
v 604.5323 699.0977 599.7604
v 642.4835 701.9344 621.8436
v 647.5619 655.6074 619.0997
v 647.5619 655.6074 619.0997
v 642.4835 701.9344 621.8436
v 647.7032 653.0204 663.0233
v 642.4835 701.9344 621.8436
v 642.6231 699.3622 665.7681
v 647.7032 653.0204 663.0233
v 647.7032 653.0204 663.0233
v 642.6231 699.3622 665.7681
v 609.8951 647.5806 684.8628
v 642.6231 699.3622 665.7681
v 604.8118 693.9531 687.6094
v 609.8951 647.5806 684.8628
v 604.8118 693.9531 687.6094
v 599.8267 740.4220 690.3029
v 566.8607 691.1163 665.5262
v 599.8267 740.4220 690.3029
v 561.8643 737.6906 668.2257
v 566.8607 691.1163 665.5262
v 566.8607 691.1163 665.5262
v 561.8643 737.6906 668.2257
v 566.7210 693.6885 621.6016
v 561.8643 737.6906 668.2257
v 561.7349 740.1673 624.2957
v 566.7210 693.6885 621.6016
v 566.7210 693.6885 621.6016
v 561.7349 740.1673 624.2957
v 604.5323 699.0977 599.7604
v 561.7349 740.1673 624.2957
v 599.5677 745.3754 602.4427
v 604.5323 699.0977 599.7604
v 604.5323 699.0977 599.7604
v 599.5677 745.3754 602.4427
v 642.4835 701.9344 621.8436
v 599.5677 745.3754 602.4427
v 637.5301 748.1068 624.5199
v 642.4835 701.9344 621.8436
v 642.4835 701.9344 621.8436
v 637.5301 748.1068 624.5199
v 642.6231 699.3622 665.7681
v 637.5301 748.1068 624.5199
v 637.6595 745.6301 668.4500
v 642.6231 699.3622 665.7681
v 642.6231 699.3622 665.7681
v 637.6595 745.6301 668.4500
v 604.8118 693.9531 687.6094
v 637.6595 745.6301 668.4500
v 599.8267 740.4220 690.3029
v 604.8118 693.9531 687.6094
v 599.8267 740.4220 690.3029
v 595.1106 787.0216 692.8510
v 561.8643 737.6906 668.2257
v 595.1106 787.0216 692.8510
v 557.1271 784.5004 670.7853
v 561.8643 737.6906 668.2257
v 561.8643 737.6906 668.2257
v 557.1271 784.5004 670.7853
v 561.7349 740.1673 624.2957
v 557.1271 784.5004 670.7853
v 557.0168 786.7865 626.8449
v 561.7349 740.1673 624.2957
v 561.7349 740.1673 624.2957
v 557.0168 786.7865 626.8449
v 599.5677 745.3754 602.4427
v 557.0168 786.7865 626.8449
v 594.8901 791.5939 604.9702
v 599.5677 745.3754 602.4427
v 599.5677 745.3754 602.4427
v 594.8901 791.5939 604.9702
v 637.5301 748.1068 624.5199
v 594.8901 791.5939 604.9702
v 632.8736 794.1152 627.0358
v 637.5301 748.1068 624.5199
v 637.5301 748.1068 624.5199
v 632.8736 794.1152 627.0358
v 637.6595 745.6301 668.4500
v 632.8736 794.1152 627.0358
v 632.9839 791.8290 670.9763
v 637.6595 745.6301 668.4500
v 637.6595 745.6301 668.4500
v 632.9839 791.8290 670.9763
v 599.8267 740.4220 690.3029
v 632.9839 791.8290 670.9763
v 595.1106 787.0216 692.8510
v 599.8267 740.4220 690.3029
f 1 2 3
f 4 5 6
f 7 8 9
f 10 11 12
f 13 14 15
f 16 17 18
f 19 20 21
f 22 23 24
f 25 26 27
f 28 29 30
f 31 32 33
f 34 35 36
f 37 38 39
f 40 41 42
f 43 44 45
f 46 47 48
f 49 50 51
f 52 53 54
f 55 56 57
f 58 59 60
f 61 62 63
f 64 65 66
f 67 68 69
f 70 71 72
f 73 74 75
f 76 77 78
f 79 80 81
f 82 83 84
f 85 86 87
f 88 89 90
f 91 92 93
f 94 95 96
f 97 98 99
f 100 101 102
f 103 104 105
f 106 107 108
f 109 110 111
f 112 113 114
f 115 116 117
f 118 119 120
f 121 122 123
f 124 125 126
f 127 128 129
f 130 131 132
f 133 134 135
f 136 137 138
f 139 140 141
f 142 143 144
f 145 146 147
f 148 149 150
f 151 152 153
f 154 155 156
f 157 158 159
f 160 161 162
f 163 164 165
f 166 167 168
f 169 170 171
f 172 173 174
f 175 176 177
f 178 179 180
f 181 182 183
f 184 185 186
f 187 188 189
f 190 191 192
f 193 194 195
f 196 197 198
f 199 200 201
f 202 203 204
f 205 206 207
f 208 209 210
f 211 212 213
f 214 215 216
f 217 218 219
f 220 221 222
f 223 224 225
f 226 227 228
f 229 230 231
f 232 233 234
f 235 236 237
f 238 239 240
f 241 242 243
f 244 245 246
f 247 248 249
f 250 251 252
f 253 254 255
f 256 257 258
f 259 260 261
f 262 263 264
f 265 266 267
f 268 269 270
f 271 272 273
f 274 275 276
f 277 278 279
f 280 281 282
f 283 284 285
f 286 287 288
f 289 290 291
f 292 293 294
f 295 296 297
f 298 299 300
f 301 302 303
f 304 305 306
f 307 308 309
f 310 311 312
f 313 314 315
f 316 317 318
f 319 320 321
f 322 323 324
f 325 326 327
f 328 329 330
f 331 332 333
f 334 335 336
f 337 338 339
f 340 341 342
f 343 344 345
f 346 347 348
f 349 350 351
f 352 353 354
f 355 356 357
f 358 359 360
f 361 362 363
f 364 365 366
f 367 368 369
f 370 371 372
f 373 374 375
f 376 377 378
f 379 380 381
f 382 383 384
f 385 386 387
f 388 389 390
f 391 392 393
f 394 395 396
f 397 398 399
f 400 401 402
f 403 404 405
f 406 407 408
f 409 410 411
f 412 413 414
f 415 416 417
f 418 419 420
f 421 422 423
f 424 425 426
f 427 428 429
f 430 431 432
f 433 434 435
f 436 437 438
f 439 440 441
f 442 443 444
f 445 446 447
f 448 449 450
f 451 452 453
f 454 455 456
f 457 458 459
f 460 461 462
f 463 464 465
f 466 467 468
f 469 470 471
f 472 473 474
f 475 476 477
f 478 479 480
f 481 482 483
f 484 485 486
f 487 488 489
f 490 491 492
f 493 494 495
f 496 497 498
f 499 500 501
f 502 503 504
f 505 506 507
f 508 509 510
f 511 512 513
f 514 515 516
f 517 518 519
f 520 521 522
f 523 524 525
f 526 527 528
f 529 530 531
f 532 533 534
f 535 536 537
f 538 539 540
f 541 542 543
f 544 545 546
f 547 548 549
f 550 551 552
f 553 554 555
f 556 557 558
f 559 560 561
f 562 563 564
f 565 566 567
f 568 569 570
f 571 572 573
f 574 575 576
f 577 578 579
f 580 581 582
f 583 584 585
f 586 587 588
f 589 590 591
f 592 593 594
f 595 596 597
f 598 599 600
f 601 602 603
f 604 605 606
f 607 608 609
f 610 611 612
f 613 614 615
f 616 617 618
f 619 620 621
f 622 623 624
f 625 626 627
f 628 629 630
f 631 632 633
f 634 635 636
f 637 638 639
f 640 641 642
f 643 644 645
f 646 647 648
f 649 650 651
f 652 653 654
f 655 656 657
f 658 659 660
f 661 662 663
f 664 665 666
f 667 668 669
f 670 671 672
f 673 674 675
f 676 677 678
f 679 680 681
f 682 683 684
f 685 686 687
f 688 689 690
f 691 692 693
f 694 695 696
f 697 698 699
f 700 701 702
f 703 704 705
f 706 707 708
f 709 710 711
f 712 713 714
f 715 716 717
f 718 719 720
f 721 722 723
f 724 725 726
f 727 728 729
f 730 731 732
f 733 734 735
f 736 737 738
f 739 740 741
f 742 743 744
f 745 746 747
f 748 749 750
f 751 752 753
f 754 755 756
f 757 758 759
f 760 761 762
f 763 764 765
f 766 767 768
f 769 770 771
f 772 773 774
f 775 776 777
f 778 779 780
f 781 782 783
f 784 785 786
f 787 788 789
f 790 791 792
f 793 794 795
f 796 797 798
f 799 800 801
f 802 803 804
f 805 806 807
f 808 809 810
f 811 812 813
f 814 815 816
f 817 818 819
f 820 821 822
f 823 824 825
f 826 827 828
f 829 830 831
f 832 833 834
f 835 836 837
f 838 839 840
f 841 842 843
f 844 845 846
f 847 848 849
f 850 851 852
f 853 854 855
f 856 857 858
f 859 860 861
f 862 863 864
f 865 866 867
f 868 869 870
f 871 872 873
f 874 875 876
f 877 878 879
f 880 881 882
f 883 884 885
f 886 887 888
f 889 890 891
f 892 893 894
f 895 896 897
f 898 899 900
f 901 902 903
f 904 905 906
f 907 908 909
f 910 911 912
f 913 914 915
f 916 917 918
f 919 920 921
f 922 923 924
f 925 926 927
f 928 929 930
f 931 932 933
f 934 935 936
f 937 938 939
f 940 941 942
f 943 944 945
f 946 947 948
f 949 950 951
f 952 953 954
f 955 956 957
f 958 959 960
f 961 962 963
f 964 965 966
f 967 968 969
f 970 971 972
f 973 974 975
f 976 977 978
f 979 980 981
f 982 983 984
f 985 986 987
f 988 989 990
f 991 992 993
f 994 995 996
f 997 998 999
f 1000 1001 1002
f 1003 1004 1005
f 1006 1007 1008
f 1009 1010 1011
f 1012 1013 1014
f 1015 1016 1017
f 1018 1019 1020
f 1021 1022 1023
f 1024 1025 1026
f 1027 1028 1029
f 1030 1031 1032
f 1033 1034 1035
f 1036 1037 1038
f 1039 1040 1041
f 1042 1043 1044
f 1045 1046 1047
f 1048 1049 1050
f 1051 1052 1053
f 1054 1055 1056
f 1057 1058 1059
f 1060 1061 1062
f 1063 1064 1065
f 1066 1067 1068
f 1069 1070 1071
f 1072 1073 1074
f 1075 1076 1077
f 1078 1079 1080
f 1081 1082 1083
f 1084 1085 1086
f 1087 1088 1089
f 1090 1091 1092
f 1093 1094 1095
f 1096 1097 1098
f 1099 1100 1101
f 1102 1103 1104
f 1105 1106 1107
f 1108 1109 1110
f 1111 1112 1113
f 1114 1115 1116
f 1117 1118 1119
f 1120 1121 1122
f 1123 1124 1125
f 1126 1127 1128
f 1129 1130 1131
f 1132 1133 1134
f 1135 1136 1137
f 1138 1139 1140
f 1141 1142 1143
f 1144 1145 1146
f 1147 1148 1149
f 1150 1151 1152
f 1153 1154 1155
f 1156 1157 1158
f 1159 1160 1161
f 1162 1163 1164
f 1165 1166 1167
f 1168 1169 1170
f 1171 1172 1173
f 1174 1175 1176
f 1177 1178 1179
f 1180 1181 1182
f 1183 1184 1185
f 1186 1187 1188
f 1189 1190 1191
f 1192 1193 1194
f 1195 1196 1197
f 1198 1199 1200
f 1201 1202 1203
f 1204 1205 1206
f 1207 1208 1209
f 1210 1211 1212
f 1213 1214 1215
f 1216 1217 1218
f 1219 1220 1221
f 1222 1223 1224
f 1225 1226 1227
f 1228 1229 1230
f 1231 1232 1233
f 1234 1235 1236
f 1237 1238 1239
f 1240 1241 1242
f 1243 1244 1245
f 1246 1247 1248
f 1249 1250 1251
f 1252 1253 1254
f 1255 1256 1257
f 1258 1259 1260
f 1261 1262 1263
f 1264 1265 1266
f 1267 1268 1269
f 1270 1271 1272
f 1273 1274 1275
f 1276 1277 1278
f 1279 1280 1281
f 1282 1283 1284
f 1285 1286 1287
f 1288 1289 1290
f 1291 1292 1293
f 1294 1295 1296
f 1297 1298 1299
f 1300 1301 1302
f 1303 1304 1305
f 1306 1307 1308
f 1309 1310 1311
f 1312 1313 1314
f 1315 1316 1317
f 1318 1319 1320
f 1321 1322 1323
f 1324 1325 1326
f 1327 1328 1329
f 1330 1331 1332
f 1333 1334 1335
f 1336 1337 1338
f 1339 1340 1341
f 1342 1343 1344
f 1345 1346 1347
f 1348 1349 1350
f 1351 1352 1353
f 1354 1355 1356
f 1357 1358 1359
f 1360 1361 1362
f 1363 1364 1365
f 1366 1367 1368
f 1369 1370 1371
f 1372 1373 1374
f 1375 1376 1377
f 1378 1379 1380
f 1381 1382 1383
f 1384 1385 1386
f 1387 1388 1389
f 1390 1391 1392
f 1393 1394 1395
f 1396 1397 1398
f 1399 1400 1401
f 1402 1403 1404
f 1405 1406 1407
f 1408 1409 1410
f 1411 1412 1413
f 1414 1415 1416
f 1417 1418 1419
f 1420 1421 1422
f 1423 1424 1425
f 1426 1427 1428
f 1429 1430 1431
f 1432 1433 1434
f 1435 1436 1437
f 1438 1439 1440
f 1441 1442 1443
f 1444 1445 1446
f 1447 1448 1449
f 1450 1451 1452
f 1453 1454 1455
f 1456 1457 1458
f 1459 1460 1461
f 1462 1463 1464
f 1465 1466 1467
f 1468 1469 1470
f 1471 1472 1473
f 1474 1475 1476
f 1477 1478 1479
f 1480 1481 1482
f 1483 1484 1485
f 1486 1487 1488
f 1489 1490 1491
f 1492 1493 1494
f 1495 1496 1497
f 1498 1499 1500
f 1501 1502 1503
f 1504 1505 1506
f 1507 1508 1509
f 1510 1511 1512
f 1513 1514 1515
f 1516 1517 1518
f 1519 1520 1521
f 1522 1523 1524
f 1525 1526 1527
f 1528 1529 1530
f 1531 1532 1533
f 1534 1535 1536
f 1537 1538 1539
f 1540 1541 1542
f 1543 1544 1545
f 1546 1547 1548
f 1549 1550 1551
f 1552 1553 1554
f 1555 1556 1557
f 1558 1559 1560
f 1561 1562 1563
f 1564 1565 1566
f 1567 1568 1569
f 1570 1571 1572
f 1573 1574 1575
f 1576 1577 1578
f 1579 1580 1581
f 1582 1583 1584
f 1585 1586 1587
f 1588 1589 1590
f 1591 1592 1593
f 1594 1595 1596
f 1597 1598 1599
f 1600 1601 1602
f 1603 1604 1605
f 1606 1607 1608
f 1609 1610 1611
f 1612 1613 1614
f 1615 1616 1617
f 1618 1619 1620
f 1621 1622 1623
f 1624 1625 1626
f 1627 1628 1629
f 1630 1631 1632
f 1633 1634 1635
f 1636 1637 1638
f 1639 1640 1641
f 1642 1643 1644
f 1645 1646 1647
f 1648 1649 1650
f 1651 1652 1653
f 1654 1655 1656
f 1657 1658 1659
f 1660 1661 1662
f 1663 1664 1665
f 1666 1667 1668
f 1669 1670 1671
f 1672 1673 1674
f 1675 1676 1677
f 1678 1679 1680
f 1681 1682 1683
f 1684 1685 1686
f 1687 1688 1689
f 1690 1691 1692
f 1693 1694 1695
f 1696 1697 1698
f 1699 1700 1701
f 1702 1703 1704
f 1705 1706 1707
f 1708 1709 1710
f 1711 1712 1713
f 1714 1715 1716
f 1717 1718 1719
f 1720 1721 1722
f 1723 1724 1725
f 1726 1727 1728
f 1729 1730 1731
f 1732 1733 1734
f 1735 1736 1737
f 1738 1739 1740
f 1741 1742 1743
f 1744 1745 1746
f 1747 1748 1749
f 1750 1751 1752
f 1753 1754 1755
f 1756 1757 1758
f 1759 1760 1761
f 1762 1763 1764
f 1765 1766 1767
f 1768 1769 1770
f 1771 1772 1773
f 1774 1775 1776
f 1777 1778 1779
f 1780 1781 1782
f 1783 1784 1785
f 1786 1787 1788
f 1789 1790 1791
f 1792 1793 1794
f 1795 1796 1797
f 1798 1799 1800
f 1801 1802 1803
f 1804 1805 1806
f 1807 1808 1809
f 1810 1811 1812
f 1813 1814 1815
f 1816 1817 1818
f 1819 1820 1821
f 1822 1823 1824
f 1825 1826 1827
f 1828 1829 1830
f 1831 1832 1833
f 1834 1835 1836
f 1837 1838 1839
f 1840 1841 1842
f 1843 1844 1845
f 1846 1847 1848
f 1849 1850 1851
f 1852 1853 1854
f 1855 1856 1857
f 1858 1859 1860
f 1861 1862 1863
f 1864 1865 1866
f 1867 1868 1869
f 1870 1871 1872
f 1873 1874 1875
f 1876 1877 1878
f 1879 1880 1881
f 1882 1883 1884
f 1885 1886 1887
f 1888 1889 1890
f 1891 1892 1893
f 1894 1895 1896
f 1897 1898 1899
f 1900 1901 1902
f 1903 1904 1905
f 1906 1907 1908
f 1909 1910 1911
f 1912 1913 1914
f 1915 1916 1917
f 1918 1919 1920
f 1921 1922 1923
f 1924 1925 1926
f 1927 1928 1929
f 1930 1931 1932
f 1933 1934 1935
f 1936 1937 1938
f 1939 1940 1941
f 1942 1943 1944
f 1945 1946 1947
f 1948 1949 1950
f 1951 1952 1953
f 1954 1955 1956
f 1957 1958 1959
f 1960 1961 1962
f 1963 1964 1965
f 1966 1967 1968
f 1969 1970 1971
f 1972 1973 1974
f 1975 1976 1977
f 1978 1979 1980
f 1981 1982 1983
f 1984 1985 1986
f 1987 1988 1989
f 1990 1991 1992
f 1993 1994 1995
f 1996 1997 1998
f 1999 2000 2001
f 2002 2003 2004
f 2005 2006 2007
f 2008 2009 2010
f 2011 2012 2013
f 2014 2015 2016
f 2017 2018 2019
f 2020 2021 2022
f 2023 2024 2025
f 2026 2027 2028
f 2029 2030 2031
f 2032 2033 2034
f 2035 2036 2037
f 2038 2039 2040
f 2041 2042 2043
f 2044 2045 2046
f 2047 2048 2049
f 2050 2051 2052
f 2053 2054 2055
f 2056 2057 2058
f 2059 2060 2061
f 2062 2063 2064
f 2065 2066 2067
f 2068 2069 2070
f 2071 2072 2073
f 2074 2075 2076
f 2077 2078 2079
f 2080 2081 2082
f 2083 2084 2085
f 2086 2087 2088
f 2089 2090 2091
f 2092 2093 2094
f 2095 2096 2097
f 2098 2099 2100
f 2101 2102 2103
f 2104 2105 2106
f 2107 2108 2109
f 2110 2111 2112
f 2113 2114 2115
f 2116 2117 2118
f 2119 2120 2121
f 2122 2123 2124
f 2125 2126 2127
f 2128 2129 2130
f 2131 2132 2133
f 2134 2135 2136
f 2137 2138 2139
f 2140 2141 2142
f 2143 2144 2145
f 2146 2147 2148
f 2149 2150 2151
f 2152 2153 2154
f 2155 2156 2157
f 2158 2159 2160
f 2161 2162 2163
f 2164 2165 2166
f 2167 2168 2169
f 2170 2171 2172
f 2173 2174 2175
f 2176 2177 2178
f 2179 2180 2181
f 2182 2183 2184
f 2185 2186 2187
f 2188 2189 2190
f 2191 2192 2193
f 2194 2195 2196
f 2197 2198 2199
f 2200 2201 2202
f 2203 2204 2205
f 2206 2207 2208
f 2209 2210 2211
f 2212 2213 2214
f 2215 2216 2217
f 2218 2219 2220
f 2221 2222 2223
f 2224 2225 2226
f 2227 2228 2229
f 2230 2231 2232
f 2233 2234 2235
f 2236 2237 2238
f 2239 2240 2241
f 2242 2243 2244
f 2245 2246 2247
f 2248 2249 2250
f 2251 2252 2253
f 2254 2255 2256
f 2257 2258 2259
f 2260 2261 2262
f 2263 2264 2265
f 2266 2267 2268
f 2269 2270 2271
f 2272 2273 2274
f 2275 2276 2277
f 2278 2279 2280
f 2281 2282 2283
f 2284 2285 2286
f 2287 2288 2289
f 2290 2291 2292
f 2293 2294 2295
f 2296 2297 2298
f 2299 2300 2301
f 2302 2303 2304
f 2305 2306 2307
f 2308 2309 2310
f 2311 2312 2313
f 2314 2315 2316
f 2317 2318 2319
f 2320 2321 2322
f 2323 2324 2325
f 2326 2327 2328
f 2329 2330 2331
f 2332 2333 2334
f 2335 2336 2337
f 2338 2339 2340
f 2341 2342 2343
f 2344 2345 2346
f 2347 2348 2349
f 2350 2351 2352
f 2353 2354 2355
f 2356 2357 2358
f 2359 2360 2361
f 2362 2363 2364
f 2365 2366 2367
f 2368 2369 2370
f 2371 2372 2373
f 2374 2375 2376
f 2377 2378 2379
f 2380 2381 2382
f 2383 2384 2385
f 2386 2387 2388
f 2389 2390 2391
f 2392 2393 2394
f 2395 2396 2397
f 2398 2399 2400
f 2401 2402 2403
f 2404 2405 2406
f 2407 2408 2409
f 2410 2411 2412
f 2413 2414 2415
f 2416 2417 2418
f 2419 2420 2421
f 2422 2423 2424
f 2425 2426 2427
f 2428 2429 2430
f 2431 2432 2433
f 2434 2435 2436
f 2437 2438 2439
f 2440 2441 2442
f 2443 2444 2445
f 2446 2447 2448
f 2449 2450 2451
f 2452 2453 2454
f 2455 2456 2457
f 2458 2459 2460
f 2461 2462 2463
f 2464 2465 2466
f 2467 2468 2469
f 2470 2471 2472
f 2473 2474 2475
f 2476 2477 2478
f 2479 2480 2481
f 2482 2483 2484
f 2485 2486 2487
f 2488 2489 2490
f 2491 2492 2493
f 2494 2495 2496
f 2497 2498 2499
f 2500 2501 2502
f 2503 2504 2505
f 2506 2507 2508
f 2509 2510 2511
f 2512 2513 2514
f 2515 2516 2517
f 2518 2519 2520
f 2521 2522 2523
f 2524 2525 2526
f 2527 2528 2529
f 2530 2531 2532
f 2533 2534 2535
f 2536 2537 2538
f 2539 2540 2541
f 2542 2543 2544
f 2545 2546 2547
f 2548 2549 2550
f 2551 2552 2553
f 2554 2555 2556
f 2557 2558 2559
f 2560 2561 2562
f 2563 2564 2565
f 2566 2567 2568
f 2569 2570 2571
f 2572 2573 2574
f 2575 2576 2577
f 2578 2579 2580
f 2581 2582 2583
f 2584 2585 2586
f 2587 2588 2589
f 2590 2591 2592
f 2593 2594 2595
f 2596 2597 2598
f 2599 2600 2601
f 2602 2603 2604
f 2605 2606 2607
f 2608 2609 2610
f 2611 2612 2613
f 2614 2615 2616
f 2617 2618 2619
f 2620 2621 2622
f 2623 2624 2625
f 2626 2627 2628
f 2629 2630 2631
f 2632 2633 2634
f 2635 2636 2637
f 2638 2639 2640
f 2641 2642 2643
f 2644 2645 2646
f 2647 2648 2649
f 2650 2651 2652
f 2653 2654 2655
f 2656 2657 2658
f 2659 2660 2661
f 2662 2663 2664
f 2665 2666 2667
f 2668 2669 2670
f 2671 2672 2673
f 2674 2675 2676
f 2677 2678 2679
f 2680 2681 2682
f 2683 2684 2685
f 2686 2687 2688
f 2689 2690 2691
f 2692 2693 2694
f 2695 2696 2697
f 2698 2699 2700
f 2701 2702 2703
f 2704 2705 2706
f 2707 2708 2709
f 2710 2711 2712
f 2713 2714 2715
f 2716 2717 2718
f 2719 2720 2721
f 2722 2723 2724
f 2725 2726 2727
f 2728 2729 2730
f 2731 2732 2733
f 2734 2735 2736
f 2737 2738 2739
f 2740 2741 2742
f 2743 2744 2745
f 2746 2747 2748
f 2749 2750 2751
f 2752 2753 2754
f 2755 2756 2757
f 2758 2759 2760
f 2761 2762 2763
f 2764 2765 2766
f 2767 2768 2769
f 2770 2771 2772
f 2773 2774 2775
f 2776 2777 2778
f 2779 2780 2781
f 2782 2783 2784
f 2785 2786 2787
f 2788 2789 2790
f 2791 2792 2793
f 2794 2795 2796
f 2797 2798 2799
f 2800 2801 2802
f 2803 2804 2805
f 2806 2807 2808
f 2809 2810 2811
f 2812 2813 2814
f 2815 2816 2817
f 2818 2819 2820
f 2821 2822 2823
f 2824 2825 2826
f 2827 2828 2829
f 2830 2831 2832
f 2833 2834 2835
f 2836 2837 2838
f 2839 2840 2841
f 2842 2843 2844
f 2845 2846 2847
f 2848 2849 2850
f 2851 2852 2853
f 2854 2855 2856
f 2857 2858 2859
f 2860 2861 2862
f 2863 2864 2865
f 2866 2867 2868
f 2869 2870 2871
f 2872 2873 2874
f 2875 2876 2877
f 2878 2879 2880
f 2881 2882 2883
f 2884 2885 2886
f 2887 2888 2889
f 2890 2891 2892
f 2893 2894 2895
f 2896 2897 2898
f 2899 2900 2901
f 2902 2903 2904
f 2905 2906 2907
f 2908 2909 2910
f 2911 2912 2913
f 2914 2915 2916
f 2917 2918 2919
f 2920 2921 2922
f 2923 2924 2925
f 2926 2927 2928
f 2929 2930 2931
f 2932 2933 2934
f 2935 2936 2937
f 2938 2939 2940
f 2941 2942 2943
f 2944 2945 2946
f 2947 2948 2949
f 2950 2951 2952
f 2953 2954 2955
f 2956 2957 2958
f 2959 2960 2961
f 2962 2963 2964
f 2965 2966 2967
f 2968 2969 2970
f 2971 2972 2973
f 2974 2975 2976
f 2977 2978 2979
f 2980 2981 2982
f 2983 2984 2985
f 2986 2987 2988
f 2989 2990 2991
f 2992 2993 2994
f 2995 2996 2997
f 2998 2999 3000
f 3001 3002 3003
f 3004 3005 3006
f 3007 3008 3009
f 3010 3011 3012
f 3013 3014 3015
f 3016 3017 3018
f 3019 3020 3021
f 3022 3023 3024
f 3025 3026 3027
f 3028 3029 3030
f 3031 3032 3033
f 3034 3035 3036
f 3037 3038 3039
f 3040 3041 3042
f 3043 3044 3045
f 3046 3047 3048
f 3049 3050 3051
f 3052 3053 3054
f 3055 3056 3057
f 3058 3059 3060
f 3061 3062 3063
f 3064 3065 3066
f 3067 3068 3069
f 3070 3071 3072
f 3073 3074 3075
f 3076 3077 3078
f 3079 3080 3081
f 3082 3083 3084
f 3085 3086 3087
f 3088 3089 3090
f 3091 3092 3093
f 3094 3095 3096
f 3097 3098 3099
f 3100 3101 3102
f 3103 3104 3105
f 3106 3107 3108
f 3109 3110 3111
f 3112 3113 3114
f 3115 3116 3117
f 3118 3119 3120
f 3121 3122 3123
f 3124 3125 3126
f 3127 3128 3129
f 3130 3131 3132
f 3133 3134 3135
f 3136 3137 3138
f 3139 3140 3141
f 3142 3143 3144
f 3145 3146 3147
f 3148 3149 3150
f 3151 3152 3153
f 3154 3155 3156
f 3157 3158 3159
f 3160 3161 3162
f 3163 3164 3165
f 3166 3167 3168
f 3169 3170 3171
f 3172 3173 3174
f 3175 3176 3177
f 3178 3179 3180
f 3181 3182 3183
f 3184 3185 3186
f 3187 3188 3189
f 3190 3191 3192
f 3193 3194 3195
f 3196 3197 3198
f 3199 3200 3201
f 3202 3203 3204
f 3205 3206 3207
f 3208 3209 3210
f 3211 3212 3213
f 3214 3215 3216
f 3217 3218 3219
f 3220 3221 3222
f 3223 3224 3225
f 3226 3227 3228
f 3229 3230 3231
f 3232 3233 3234
f 3235 3236 3237
f 3238 3239 3240
f 3241 3242 3243
f 3244 3245 3246
f 3247 3248 3249
f 3250 3251 3252
f 3253 3254 3255
f 3256 3257 3258
f 3259 3260 3261
f 3262 3263 3264
f 3265 3266 3267
f 3268 3269 3270
f 3271 3272 3273
f 3274 3275 3276
f 3277 3278 3279
f 3280 3281 3282
f 3283 3284 3285
f 3286 3287 3288
f 3289 3290 3291
f 3292 3293 3294
f 3295 3296 3297
f 3298 3299 3300
f 3301 3302 3303
f 3304 3305 3306
f 3307 3308 3309
f 3310 3311 3312
f 3313 3314 3315
f 3316 3317 3318
f 3319 3320 3321
f 3322 3323 3324
f 3325 3326 3327
f 3328 3329 3330
f 3331 3332 3333
f 3334 3335 3336
f 3337 3338 3339
f 3340 3341 3342
f 3343 3344 3345
f 3346 3347 3348
f 3349 3350 3351
f 3352 3353 3354
f 3355 3356 3357
f 3358 3359 3360
f 3361 3362 3363
f 3364 3365 3366
f 3367 3368 3369
f 3370 3371 3372
f 3373 3374 3375
f 3376 3377 3378
f 3379 3380 3381
f 3382 3383 3384
f 3385 3386 3387
f 3388 3389 3390
f 3391 3392 3393
f 3394 3395 3396
f 3397 3398 3399
f 3400 3401 3402
f 3403 3404 3405
f 3406 3407 3408
f 3409 3410 3411
f 3412 3413 3414
f 3415 3416 3417
f 3418 3419 3420
f 3421 3422 3423
f 3424 3425 3426
f 3427 3428 3429
f 3430 3431 3432
f 3433 3434 3435
f 3436 3437 3438
f 3439 3440 3441
f 3442 3443 3444
f 3445 3446 3447
f 3448 3449 3450
f 3451 3452 3453
f 3454 3455 3456
f 3457 3458 3459
f 3460 3461 3462
f 3463 3464 3465
f 3466 3467 3468
f 3469 3470 3471
f 3472 3473 3474
f 3475 3476 3477
f 3478 3479 3480
f 3481 3482 3483
f 3484 3485 3486
f 3487 3488 3489
f 3490 3491 3492
f 3493 3494 3495
f 3496 3497 3498
f 3499 3500 3501
f 3502 3503 3504
f 3505 3506 3507
f 3508 3509 3510
f 3511 3512 3513
f 3514 3515 3516
f 3517 3518 3519
f 3520 3521 3522
f 3523 3524 3525
f 3526 3527 3528
f 3529 3530 3531
f 3532 3533 3534
f 3535 3536 3537
f 3538 3539 3540
f 3541 3542 3543
f 3544 3545 3546
f 3547 3548 3549
f 3550 3551 3552
f 3553 3554 3555
f 3556 3557 3558
f 3559 3560 3561
f 3562 3563 3564
f 3565 3566 3567
f 3568 3569 3570
f 3571 3572 3573
f 3574 3575 3576
f 3577 3578 3579
f 3580 3581 3582
f 3583 3584 3585
f 3586 3587 3588
f 3589 3590 3591
f 3592 3593 3594
f 3595 3596 3597
f 3598 3599 3600
f 3601 3602 3603
f 3604 3605 3606
f 3607 3608 3609
f 3610 3611 3612
f 3613 3614 3615
f 3616 3617 3618
f 3619 3620 3621
f 3622 3623 3624
f 3625 3626 3627
f 3628 3629 3630
f 3631 3632 3633
f 3634 3635 3636
f 3637 3638 3639
f 3640 3641 3642
f 3643 3644 3645
f 3646 3647 3648
f 3649 3650 3651
f 3652 3653 3654
f 3655 3656 3657
f 3658 3659 3660
f 3661 3662 3663
f 3664 3665 3666
f 3667 3668 3669
f 3670 3671 3672
f 3673 3674 3675
f 3676 3677 3678
f 3679 3680 3681
f 3682 3683 3684
f 3685 3686 3687
f 3688 3689 3690
f 3691 3692 3693
f 3694 3695 3696
f 3697 3698 3699
f 3700 3701 3702
f 3703 3704 3705
f 3706 3707 3708
f 3709 3710 3711
f 3712 3713 3714
f 3715 3716 3717
f 3718 3719 3720
f 3721 3722 3723
f 3724 3725 3726
f 3727 3728 3729
f 3730 3731 3732
f 3733 3734 3735
f 3736 3737 3738
f 3739 3740 3741
f 3742 3743 3744
f 3745 3746 3747
f 3748 3749 3750
f 3751 3752 3753
f 3754 3755 3756
f 3757 3758 3759
f 3760 3761 3762
f 3763 3764 3765
f 3766 3767 3768
f 3769 3770 3771
f 3772 3773 3774
f 3775 3776 3777
f 3778 3779 3780
f 3781 3782 3783
f 3784 3785 3786
f 3787 3788 3789
f 3790 3791 3792
f 3793 3794 3795
f 3796 3797 3798
f 3799 3800 3801
f 3802 3803 3804
f 3805 3806 3807
f 3808 3809 3810
f 3811 3812 3813
f 3814 3815 3816
f 3817 3818 3819
f 3820 3821 3822
f 3823 3824 3825
f 3826 3827 3828
f 3829 3830 3831
f 3832 3833 3834
f 3835 3836 3837
f 3838 3839 3840
f 3841 3842 3843
f 3844 3845 3846
f 3847 3848 3849
f 3850 3851 3852
f 3853 3854 3855
f 3856 3857 3858
f 3859 3860 3861
f 3862 3863 3864
f 3865 3866 3867
f 3868 3869 3870
f 3871 3872 3873
f 3874 3875 3876
f 3877 3878 3879
f 3880 3881 3882
f 3883 3884 3885
f 3886 3887 3888
f 3889 3890 3891
f 3892 3893 3894
f 3895 3896 3897
f 3898 3899 3900
f 3901 3902 3903
f 3904 3905 3906
f 3907 3908 3909
f 3910 3911 3912
f 3913 3914 3915
f 3916 3917 3918
f 3919 3920 3921
f 3922 3923 3924
f 3925 3926 3927
f 3928 3929 3930
f 3931 3932 3933
f 3934 3935 3936
f 3937 3938 3939
f 3940 3941 3942
f 3943 3944 3945
f 3946 3947 3948
f 3949 3950 3951
f 3952 3953 3954
f 3955 3956 3957
f 3958 3959 3960
f 3961 3962 3963
f 3964 3965 3966
f 3967 3968 3969
f 3970 3971 3972
f 3973 3974 3975
f 3976 3977 3978
f 3979 3980 3981
f 3982 3983 3984
f 3985 3986 3987
f 3988 3989 3990
f 3991 3992 3993
f 3994 3995 3996
f 3997 3998 3999
f 4000 4001 4002
f 4003 4004 4005
f 4006 4007 4008
f 4009 4010 4011
f 4012 4013 4014
f 4015 4016 4017
f 4018 4019 4020
f 4021 4022 4023
f 4024 4025 4026
f 4027 4028 4029
f 4030 4031 4032
f 4033 4034 4035
f 4036 4037 4038
f 4039 4040 4041
f 4042 4043 4044
f 4045 4046 4047
f 4048 4049 4050
f 4051 4052 4053
f 4054 4055 4056
f 4057 4058 4059
f 4060 4061 4062
f 4063 4064 4065
f 4066 4067 4068
f 4069 4070 4071
f 4072 4073 4074
f 4075 4076 4077
f 4078 4079 4080
f 4081 4082 4083
f 4084 4085 4086
f 4087 4088 4089
f 4090 4091 4092
f 4093 4094 4095
f 4096 4097 4098
f 4099 4100 4101
f 4102 4103 4104
f 4105 4106 4107
f 4108 4109 4110
f 4111 4112 4113
f 4114 4115 4116
f 4117 4118 4119
f 4120 4121 4122
f 4123 4124 4125
f 4126 4127 4128
f 4129 4130 4131
f 4132 4133 4134
f 4135 4136 4137
f 4138 4139 4140
f 4141 4142 4143
f 4144 4145 4146
f 4147 4148 4149
f 4150 4151 4152
f 4153 4154 4155
f 4156 4157 4158
f 4159 4160 4161
f 4162 4163 4164
f 4165 4166 4167
f 4168 4169 4170
f 4171 4172 4173
f 4174 4175 4176
f 4177 4178 4179
f 4180 4181 4182
f 4183 4184 4185
f 4186 4187 4188
f 4189 4190 4191
f 4192 4193 4194
f 4195 4196 4197
f 4198 4199 4200
f 4201 4202 4203
f 4204 4205 4206
f 4207 4208 4209
f 4210 4211 4212
f 4213 4214 4215
f 4216 4217 4218
f 4219 4220 4221
f 4222 4223 4224
f 4225 4226 4227
f 4228 4229 4230
f 4231 4232 4233
f 4234 4235 4236
f 4237 4238 4239
f 4240 4241 4242
f 4243 4244 4245
f 4246 4247 4248
f 4249 4250 4251
f 4252 4253 4254
f 4255 4256 4257
f 4258 4259 4260
f 4261 4262 4263
f 4264 4265 4266
f 4267 4268 4269
f 4270 4271 4272
f 4273 4274 4275
f 4276 4277 4278
f 4279 4280 4281
f 4282 4283 4284
f 4285 4286 4287
f 4288 4289 4290
f 4291 4292 4293
f 4294 4295 4296
f 4297 4298 4299
f 4300 4301 4302
f 4303 4304 4305
f 4306 4307 4308
f 4309 4310 4311
f 4312 4313 4314
f 4315 4316 4317
f 4318 4319 4320
f 4321 4322 4323
f 4324 4325 4326
f 4327 4328 4329
f 4330 4331 4332
f 4333 4334 4335
f 4336 4337 4338
f 4339 4340 4341
f 4342 4343 4344
f 4345 4346 4347
f 4348 4349 4350
f 4351 4352 4353
f 4354 4355 4356
f 4357 4358 4359
f 4360 4361 4362
f 4363 4364 4365
f 4366 4367 4368
f 4369 4370 4371
f 4372 4373 4374
f 4375 4376 4377
f 4378 4379 4380
f 4381 4382 4383
f 4384 4385 4386
f 4387 4388 4389
f 4390 4391 4392
f 4393 4394 4395
f 4396 4397 4398
f 4399 4400 4401
f 4402 4403 4404
f 4405 4406 4407
f 4408 4409 4410
f 4411 4412 4413
f 4414 4415 4416
f 4417 4418 4419
f 4420 4421 4422
f 4423 4424 4425
f 4426 4427 4428
f 4429 4430 4431
f 4432 4433 4434
f 4435 4436 4437
f 4438 4439 4440
f 4441 4442 4443
f 4444 4445 4446
f 4447 4448 4449
f 4450 4451 4452
f 4453 4454 4455
f 4456 4457 4458
f 4459 4460 4461
f 4462 4463 4464
f 4465 4466 4467
f 4468 4469 4470
f 4471 4472 4473
f 4474 4475 4476
f 4477 4478 4479
f 4480 4481 4482
f 4483 4484 4485
f 4486 4487 4488
f 4489 4490 4491
f 4492 4493 4494
f 4495 4496 4497
f 4498 4499 4500
f 4501 4502 4503
f 4504 4505 4506
f 4507 4508 4509
f 4510 4511 4512
f 4513 4514 4515
f 4516 4517 4518
f 4519 4520 4521
f 4522 4523 4524
f 4525 4526 4527
f 4528 4529 4530
f 4531 4532 4533
f 4534 4535 4536
f 4537 4538 4539
f 4540 4541 4542
f 4543 4544 4545
f 4546 4547 4548
f 4549 4550 4551
f 4552 4553 4554
f 4555 4556 4557
f 4558 4559 4560
f 4561 4562 4563
f 4564 4565 4566
f 4567 4568 4569
f 4570 4571 4572
f 4573 4574 4575
f 4576 4577 4578
f 4579 4580 4581
f 4582 4583 4584
f 4585 4586 4587
f 4588 4589 4590
f 4591 4592 4593
f 4594 4595 4596
f 4597 4598 4599
f 4600 4601 4602
f 4603 4604 4605
f 4606 4607 4608
f 4609 4610 4611
f 4612 4613 4614
f 4615 4616 4617
f 4618 4619 4620
f 4621 4622 4623
f 4624 4625 4626
f 4627 4628 4629
f 4630 4631 4632
f 4633 4634 4635
f 4636 4637 4638
f 4639 4640 4641
f 4642 4643 4644
f 4645 4646 4647
f 4648 4649 4650
f 4651 4652 4653
f 4654 4655 4656
f 4657 4658 4659
f 4660 4661 4662
f 4663 4664 4665
f 4666 4667 4668
f 4669 4670 4671
f 4672 4673 4674
f 4675 4676 4677
f 4678 4679 4680
f 4681 4682 4683
f 4684 4685 4686
f 4687 4688 4689
f 4690 4691 4692
f 4693 4694 4695
f 4696 4697 4698
f 4699 4700 4701
f 4702 4703 4704
f 4705 4706 4707
f 4708 4709 4710
f 4711 4712 4713
f 4714 4715 4716
f 4717 4718 4719
f 4720 4721 4722
f 4723 4724 4725
f 4726 4727 4728
f 4729 4730 4731
f 4732 4733 4734
f 4735 4736 4737
f 4738 4739 4740
f 4741 4742 4743
f 4744 4745 4746
f 4747 4748 4749
f 4750 4751 4752
f 4753 4754 4755
f 4756 4757 4758
f 4759 4760 4761
f 4762 4763 4764
f 4765 4766 4767
f 4768 4769 4770
f 4771 4772 4773
f 4774 4775 4776
f 4777 4778 4779
f 4780 4781 4782
f 4783 4784 4785
f 4786 4787 4788
f 4789 4790 4791
f 4792 4793 4794
f 4795 4796 4797
f 4798 4799 4800
f 4801 4802 4803
f 4804 4805 4806
f 4807 4808 4809
f 4810 4811 4812
f 4813 4814 4815
f 4816 4817 4818
f 4819 4820 4821
f 4822 4823 4824
f 4825 4826 4827
f 4828 4829 4830
f 4831 4832 4833
f 4834 4835 4836
f 4837 4838 4839
f 4840 4841 4842
f 4843 4844 4845
f 4846 4847 4848
f 4849 4850 4851
f 4852 4853 4854
f 4855 4856 4857
f 4858 4859 4860
f 4861 4862 4863
f 4864 4865 4866
f 4867 4868 4869
f 4870 4871 4872
f 4873 4874 4875
f 4876 4877 4878
f 4879 4880 4881
f 4882 4883 4884
f 4885 4886 4887
f 4888 4889 4890
f 4891 4892 4893
f 4894 4895 4896
f 4897 4898 4899
f 4900 4901 4902
f 4903 4904 4905
f 4906 4907 4908
f 4909 4910 4911
f 4912 4913 4914
f 4915 4916 4917
f 4918 4919 4920
f 4921 4922 4923
f 4924 4925 4926
f 4927 4928 4929
f 4930 4931 4932
f 4933 4934 4935
f 4936 4937 4938
f 4939 4940 4941
f 4942 4943 4944
f 4945 4946 4947
f 4948 4949 4950
f 4951 4952 4953
f 4954 4955 4956
f 4957 4958 4959
f 4960 4961 4962
f 4963 4964 4965
f 4966 4967 4968
f 4969 4970 4971
f 4972 4973 4974
f 4975 4976 4977
f 4978 4979 4980
f 4981 4982 4983
f 4984 4985 4986
f 4987 4988 4989
f 4990 4991 4992
f 4993 4994 4995
f 4996 4997 4998
f 4999 5000 5001
f 5002 5003 5004
f 5005 5006 5007
f 5008 5009 5010
f 5011 5012 5013
f 5014 5015 5016
f 5017 5018 5019
f 5020 5021 5022
f 5023 5024 5025
f 5026 5027 5028
f 5029 5030 5031
f 5032 5033 5034
f 5035 5036 5037
f 5038 5039 5040
f 5041 5042 5043
f 5044 5045 5046
f 5047 5048 5049
f 5050 5051 5052
f 5053 5054 5055
f 5056 5057 5058
f 5059 5060 5061
f 5062 5063 5064
f 5065 5066 5067
f 5068 5069 5070
f 5071 5072 5073
f 5074 5075 5076
f 5077 5078 5079
f 5080 5081 5082
f 5083 5084 5085
f 5086 5087 5088
f 5089 5090 5091
f 5092 5093 5094
f 5095 5096 5097
f 5098 5099 5100
f 5101 5102 5103
f 5104 5105 5106
f 5107 5108 5109
f 5110 5111 5112
f 5113 5114 5115
f 5116 5117 5118
f 5119 5120 5121
f 5122 5123 5124
f 5125 5126 5127
f 5128 5129 5130
f 5131 5132 5133
f 5134 5135 5136
f 5137 5138 5139
f 5140 5141 5142
f 5143 5144 5145
f 5146 5147 5148
f 5149 5150 5151
f 5152 5153 5154
f 5155 5156 5157
f 5158 5159 5160
f 5161 5162 5163
f 5164 5165 5166
f 5167 5168 5169
f 5170 5171 5172
f 5173 5174 5175
f 5176 5177 5178
f 5179 5180 5181
f 5182 5183 5184
f 5185 5186 5187
f 5188 5189 5190
f 5191 5192 5193
f 5194 5195 5196
f 5197 5198 5199
f 5200 5201 5202
f 5203 5204 5205
f 5206 5207 5208
f 5209 5210 5211
f 5212 5213 5214
f 5215 5216 5217
f 5218 5219 5220
f 5221 5222 5223
f 5224 5225 5226
f 5227 5228 5229
f 5230 5231 5232
f 5233 5234 5235
f 5236 5237 5238
f 5239 5240 5241
f 5242 5243 5244
f 5245 5246 5247
f 5248 5249 5250
f 5251 5252 5253
f 5254 5255 5256
f 5257 5258 5259
f 5260 5261 5262
f 5263 5264 5265
f 5266 5267 5268
f 5269 5270 5271
f 5272 5273 5274
f 5275 5276 5277
f 5278 5279 5280
f 5281 5282 5283
f 5284 5285 5286
f 5287 5288 5289
f 5290 5291 5292
f 5293 5294 5295
f 5296 5297 5298
f 5299 5300 5301
f 5302 5303 5304
f 5305 5306 5307
f 5308 5309 5310
f 5311 5312 5313
f 5314 5315 5316
f 5317 5318 5319
f 5320 5321 5322
f 5323 5324 5325
f 5326 5327 5328
f 5329 5330 5331
f 5332 5333 5334
f 5335 5336 5337
f 5338 5339 5340
f 5341 5342 5343
f 5344 5345 5346
f 5347 5348 5349
f 5350 5351 5352
f 5353 5354 5355
f 5356 5357 5358
f 5359 5360 5361
f 5362 5363 5364
f 5365 5366 5367
f 5368 5369 5370
f 5371 5372 5373
f 5374 5375 5376
f 5377 5378 5379
f 5380 5381 5382
f 5383 5384 5385
f 5386 5387 5388
f 5389 5390 5391
f 5392 5393 5394
f 5395 5396 5397
f 5398 5399 5400
f 5401 5402 5403
f 5404 5405 5406
f 5407 5408 5409
f 5410 5411 5412
f 5413 5414 5415
f 5416 5417 5418
f 5419 5420 5421
f 5422 5423 5424
f 5425 5426 5427
f 5428 5429 5430
f 5431 5432 5433
f 5434 5435 5436
f 5437 5438 5439
f 5440 5441 5442
f 5443 5444 5445
f 5446 5447 5448
f 5449 5450 5451
f 5452 5453 5454
f 5455 5456 5457
f 5458 5459 5460
f 5461 5462 5463
f 5464 5465 5466
f 5467 5468 5469
f 5470 5471 5472
f 5473 5474 5475
f 5476 5477 5478
f 5479 5480 5481
f 5482 5483 5484
f 5485 5486 5487
f 5488 5489 5490
f 5491 5492 5493
f 5494 5495 5496
f 5497 5498 5499
f 5500 5501 5502
f 5503 5504 5505
f 5506 5507 5508
f 5509 5510 5511
f 5512 5513 5514
f 5515 5516 5517
f 5518 5519 5520
f 5521 5522 5523
f 5524 5525 5526
f 5527 5528 5529
f 5530 5531 5532
f 5533 5534 5535
f 5536 5537 5538
f 5539 5540 5541
f 5542 5543 5544
f 5545 5546 5547
f 5548 5549 5550
f 5551 5552 5553
f 5554 5555 5556
f 5557 5558 5559
f 5560 5561 5562
f 5563 5564 5565
f 5566 5567 5568
f 5569 5570 5571
f 5572 5573 5574
f 5575 5576 5577
f 5578 5579 5580
f 5581 5582 5583
f 5584 5585 5586
f 5587 5588 5589
f 5590 5591 5592
f 5593 5594 5595
f 5596 5597 5598
f 5599 5600 5601
f 5602 5603 5604
f 5605 5606 5607
f 5608 5609 5610
f 5611 5612 5613
f 5614 5615 5616
f 5617 5618 5619
f 5620 5621 5622
f 5623 5624 5625
f 5626 5627 5628
f 5629 5630 5631
f 5632 5633 5634
f 5635 5636 5637
f 5638 5639 5640
f 5641 5642 5643
f 5644 5645 5646
f 5647 5648 5649
f 5650 5651 5652
f 5653 5654 5655
f 5656 5657 5658
f 5659 5660 5661
f 5662 5663 5664
f 5665 5666 5667
f 5668 5669 5670
f 5671 5672 5673
f 5674 5675 5676
f 5677 5678 5679
f 5680 5681 5682
f 5683 5684 5685
f 5686 5687 5688
f 5689 5690 5691
f 5692 5693 5694
f 5695 5696 5697
f 5698 5699 5700
f 5701 5702 5703
f 5704 5705 5706
f 5707 5708 5709
f 5710 5711 5712
f 5713 5714 5715
f 5716 5717 5718
f 5719 5720 5721
f 5722 5723 5724
f 5725 5726 5727
f 5728 5729 5730
f 5731 5732 5733
f 5734 5735 5736
f 5737 5738 5739
f 5740 5741 5742
f 5743 5744 5745
f 5746 5747 5748
f 5749 5750 5751
f 5752 5753 5754
f 5755 5756 5757
f 5758 5759 5760
f 5761 5762 5763
f 5764 5765 5766
f 5767 5768 5769
f 5770 5771 5772
f 5773 5774 5775
f 5776 5777 5778
f 5779 5780 5781
f 5782 5783 5784
f 5785 5786 5787
f 5788 5789 5790
f 5791 5792 5793
f 5794 5795 5796
f 5797 5798 5799
f 5800 5801 5802
f 5803 5804 5805
f 5806 5807 5808
f 5809 5810 5811
f 5812 5813 5814
f 5815 5816 5817
f 5818 5819 5820
f 5821 5822 5823
f 5824 5825 5826
f 5827 5828 5829
f 5830 5831 5832
f 5833 5834 5835
f 5836 5837 5838
f 5839 5840 5841
f 5842 5843 5844
f 5845 5846 5847
f 5848 5849 5850
f 5851 5852 5853
f 5854 5855 5856
f 5857 5858 5859
f 5860 5861 5862
f 5863 5864 5865
f 5866 5867 5868
f 5869 5870 5871
f 5872 5873 5874
f 5875 5876 5877
f 5878 5879 5880
f 5881 5882 5883
f 5884 5885 5886
f 5887 5888 5889
f 5890 5891 5892
f 5893 5894 5895
f 5896 5897 5898
f 5899 5900 5901
f 5902 5903 5904
f 5905 5906 5907
f 5908 5909 5910
f 5911 5912 5913
f 5914 5915 5916
f 5917 5918 5919
f 5920 5921 5922
f 5923 5924 5925
f 5926 5927 5928
f 5929 5930 5931
f 5932 5933 5934
f 5935 5936 5937
f 5938 5939 5940
f 5941 5942 5943
f 5944 5945 5946
f 5947 5948 5949
f 5950 5951 5952
f 5953 5954 5955
f 5956 5957 5958
f 5959 5960 5961
f 5962 5963 5964
f 5965 5966 5967
f 5968 5969 5970
f 5971 5972 5973
f 5974 5975 5976
f 5977 5978 5979
f 5980 5981 5982
f 5983 5984 5985
f 5986 5987 5988
f 5989 5990 5991
f 5992 5993 5994
f 5995 5996 5997
f 5998 5999 6000
f 6001 6002 6003
f 6004 6005 6006
f 6007 6008 6009
f 6010 6011 6012
f 6013 6014 6015
f 6016 6017 6018
f 6019 6020 6021
f 6022 6023 6024
f 6025 6026 6027
f 6028 6029 6030
f 6031 6032 6033
f 6034 6035 6036
f 6037 6038 6039
f 6040 6041 6042
f 6043 6044 6045
f 6046 6047 6048
f 6049 6050 6051
f 6052 6053 6054
f 6055 6056 6057
f 6058 6059 6060
f 6061 6062 6063
f 6064 6065 6066
f 6067 6068 6069
f 6070 6071 6072
f 6073 6074 6075
f 6076 6077 6078
f 6079 6080 6081
f 6082 6083 6084
f 6085 6086 6087
f 6088 6089 6090
f 6091 6092 6093
f 6094 6095 6096
f 6097 6098 6099
f 6100 6101 6102
f 6103 6104 6105
f 6106 6107 6108
f 6109 6110 6111
f 6112 6113 6114
f 6115 6116 6117
f 6118 6119 6120
f 6121 6122 6123
f 6124 6125 6126
f 6127 6128 6129
f 6130 6131 6132
f 6133 6134 6135
f 6136 6137 6138
f 6139 6140 6141
f 6142 6143 6144
f 6145 6146 6147
f 6148 6149 6150
f 6151 6152 6153
f 6154 6155 6156
f 6157 6158 6159
f 6160 6161 6162
f 6163 6164 6165
f 6166 6167 6168
f 6169 6170 6171
f 6172 6173 6174
f 6175 6176 6177
f 6178 6179 6180
f 6181 6182 6183
f 6184 6185 6186
f 6187 6188 6189
f 6190 6191 6192
f 6193 6194 6195
f 6196 6197 6198
f 6199 6200 6201
f 6202 6203 6204
f 6205 6206 6207
f 6208 6209 6210
f 6211 6212 6213
f 6214 6215 6216
f 6217 6218 6219
f 6220 6221 6222
f 6223 6224 6225
f 6226 6227 6228
f 6229 6230 6231
f 6232 6233 6234
f 6235 6236 6237
f 6238 6239 6240
f 6241 6242 6243
f 6244 6245 6246
f 6247 6248 6249
f 6250 6251 6252
f 6253 6254 6255
f 6256 6257 6258
f 6259 6260 6261
f 6262 6263 6264
f 6265 6266 6267
f 6268 6269 6270
f 6271 6272 6273
f 6274 6275 6276
f 6277 6278 6279
f 6280 6281 6282
f 6283 6284 6285
f 6286 6287 6288
f 6289 6290 6291
f 6292 6293 6294
f 6295 6296 6297
f 6298 6299 6300
f 6301 6302 6303
f 6304 6305 6306
f 6307 6308 6309
f 6310 6311 6312
f 6313 6314 6315
f 6316 6317 6318
f 6319 6320 6321
f 6322 6323 6324
f 6325 6326 6327
f 6328 6329 6330
f 6331 6332 6333
f 6334 6335 6336
f 6337 6338 6339
f 6340 6341 6342
f 6343 6344 6345
f 6346 6347 6348
f 6349 6350 6351
f 6352 6353 6354
f 6355 6356 6357
f 6358 6359 6360
f 6361 6362 6363
f 6364 6365 6366
f 6367 6368 6369
f 6370 6371 6372
f 6373 6374 6375
f 6376 6377 6378
f 6379 6380 6381
f 6382 6383 6384
f 6385 6386 6387
f 6388 6389 6390
f 6391 6392 6393
f 6394 6395 6396
f 6397 6398 6399
f 6400 6401 6402
f 6403 6404 6405
f 6406 6407 6408
f 6409 6410 6411
f 6412 6413 6414
f 6415 6416 6417
f 6418 6419 6420
f 6421 6422 6423
f 6424 6425 6426
f 6427 6428 6429
f 6430 6431 6432
f 6433 6434 6435
f 6436 6437 6438
f 6439 6440 6441
f 6442 6443 6444
f 6445 6446 6447
f 6448 6449 6450
f 6451 6452 6453
f 6454 6455 6456
f 6457 6458 6459
f 6460 6461 6462
f 6463 6464 6465
f 6466 6467 6468
f 6469 6470 6471
f 6472 6473 6474
f 6475 6476 6477
f 6478 6479 6480
f 6481 6482 6483
f 6484 6485 6486
f 6487 6488 6489
f 6490 6491 6492
f 6493 6494 6495
f 6496 6497 6498
f 6499 6500 6501
f 6502 6503 6504
f 6505 6506 6507
f 6508 6509 6510
f 6511 6512 6513
f 6514 6515 6516
f 6517 6518 6519
f 6520 6521 6522
f 6523 6524 6525
f 6526 6527 6528
f 6529 6530 6531
f 6532 6533 6534
f 6535 6536 6537
f 6538 6539 6540
f 6541 6542 6543
f 6544 6545 6546
f 6547 6548 6549
f 6550 6551 6552
f 6553 6554 6555
f 6556 6557 6558
f 6559 6560 6561
f 6562 6563 6564
f 6565 6566 6567
f 6568 6569 6570
f 6571 6572 6573
f 6574 6575 6576
f 6577 6578 6579
f 6580 6581 6582
f 6583 6584 6585
f 6586 6587 6588
f 6589 6590 6591
f 6592 6593 6594
f 6595 6596 6597
f 6598 6599 6600
f 6601 6602 6603
f 6604 6605 6606
f 6607 6608 6609
f 6610 6611 6612
f 6613 6614 6615
f 6616 6617 6618
f 6619 6620 6621
f 6622 6623 6624
f 6625 6626 6627
f 6628 6629 6630
f 6631 6632 6633
f 6634 6635 6636
f 6637 6638 6639
f 6640 6641 6642
f 6643 6644 6645
f 6646 6647 6648
f 6649 6650 6651
f 6652 6653 6654
f 6655 6656 6657
f 6658 6659 6660
f 6661 6662 6663
f 6664 6665 6666
f 6667 6668 6669
f 6670 6671 6672
f 6673 6674 6675
f 6676 6677 6678
f 6679 6680 6681
f 6682 6683 6684
f 6685 6686 6687
f 6688 6689 6690
f 6691 6692 6693
f 6694 6695 6696
f 6697 6698 6699
f 6700 6701 6702
f 6703 6704 6705
f 6706 6707 6708
f 6709 6710 6711
f 6712 6713 6714
f 6715 6716 6717
f 6718 6719 6720
f 6721 6722 6723
f 6724 6725 6726
f 6727 6728 6729
f 6730 6731 6732
f 6733 6734 6735
f 6736 6737 6738
f 6739 6740 6741
f 6742 6743 6744
f 6745 6746 6747
f 6748 6749 6750
f 6751 6752 6753
f 6754 6755 6756
f 6757 6758 6759
f 6760 6761 6762
f 6763 6764 6765
f 6766 6767 6768
f 6769 6770 6771
f 6772 6773 6774
f 6775 6776 6777
f 6778 6779 6780
f 6781 6782 6783
f 6784 6785 6786
f 6787 6788 6789
f 6790 6791 6792
f 6793 6794 6795
f 6796 6797 6798
f 6799 6800 6801
f 6802 6803 6804
f 6805 6806 6807
f 6808 6809 6810
f 6811 6812 6813
f 6814 6815 6816
f 6817 6818 6819
f 6820 6821 6822
f 6823 6824 6825
f 6826 6827 6828
f 6829 6830 6831
f 6832 6833 6834
f 6835 6836 6837
f 6838 6839 6840
f 6841 6842 6843
f 6844 6845 6846
f 6847 6848 6849
f 6850 6851 6852
f 6853 6854 6855
f 6856 6857 6858
f 6859 6860 6861
f 6862 6863 6864
f 6865 6866 6867
f 6868 6869 6870
f 6871 6872 6873
f 6874 6875 6876
f 6877 6878 6879
f 6880 6881 6882
f 6883 6884 6885
f 6886 6887 6888
f 6889 6890 6891
f 6892 6893 6894
f 6895 6896 6897
f 6898 6899 6900
f 6901 6902 6903
f 6904 6905 6906
f 6907 6908 6909
f 6910 6911 6912
f 6913 6914 6915
f 6916 6917 6918
f 6919 6920 6921
f 6922 6923 6924
f 6925 6926 6927
f 6928 6929 6930
f 6931 6932 6933
f 6934 6935 6936
f 6937 6938 6939
f 6940 6941 6942
f 6943 6944 6945
f 6946 6947 6948
f 6949 6950 6951
f 6952 6953 6954
f 6955 6956 6957
f 6958 6959 6960
f 6961 6962 6963
f 6964 6965 6966
f 6967 6968 6969
f 6970 6971 6972
f 6973 6974 6975
f 6976 6977 6978
f 6979 6980 6981
f 6982 6983 6984
f 6985 6986 6987
f 6988 6989 6990
f 6991 6992 6993
f 6994 6995 6996
f 6997 6998 6999
f 7000 7001 7002
f 7003 7004 7005
f 7006 7007 7008
f 7009 7010 7011
f 7012 7013 7014
f 7015 7016 7017
f 7018 7019 7020
f 7021 7022 7023
f 7024 7025 7026
f 7027 7028 7029
f 7030 7031 7032
f 7033 7034 7035
f 7036 7037 7038
f 7039 7040 7041
f 7042 7043 7044
f 7045 7046 7047
f 7048 7049 7050
f 7051 7052 7053
f 7054 7055 7056
f 7057 7058 7059
f 7060 7061 7062
f 7063 7064 7065
f 7066 7067 7068
f 7069 7070 7071
f 7072 7073 7074
f 7075 7076 7077
f 7078 7079 7080
f 7081 7082 7083
f 7084 7085 7086
f 7087 7088 7089
f 7090 7091 7092
f 7093 7094 7095
f 7096 7097 7098
f 7099 7100 7101
f 7102 7103 7104
f 7105 7106 7107
f 7108 7109 7110
f 7111 7112 7113
f 7114 7115 7116
f 7117 7118 7119
f 7120 7121 7122
f 7123 7124 7125
f 7126 7127 7128
f 7129 7130 7131
f 7132 7133 7134
f 7135 7136 7137
f 7138 7139 7140
f 7141 7142 7143
f 7144 7145 7146
f 7147 7148 7149
f 7150 7151 7152
f 7153 7154 7155
f 7156 7157 7158
f 7159 7160 7161
f 7162 7163 7164
f 7165 7166 7167
f 7168 7169 7170
f 7171 7172 7173
f 7174 7175 7176
f 7177 7178 7179
f 7180 7181 7182
f 7183 7184 7185
f 7186 7187 7188
f 7189 7190 7191
f 7192 7193 7194
f 7195 7196 7197
f 7198 7199 7200
f 7201 7202 7203
f 7204 7205 7206
f 7207 7208 7209
f 7210 7211 7212
f 7213 7214 7215
f 7216 7217 7218
f 7219 7220 7221
f 7222 7223 7224
f 7225 7226 7227
f 7228 7229 7230
f 7231 7232 7233
f 7234 7235 7236
f 7237 7238 7239
f 7240 7241 7242
f 7243 7244 7245
f 7246 7247 7248
f 7249 7250 7251
f 7252 7253 7254
f 7255 7256 7257
f 7258 7259 7260
f 7261 7262 7263
f 7264 7265 7266
f 7267 7268 7269
f 7270 7271 7272
f 7273 7274 7275
f 7276 7277 7278
f 7279 7280 7281
f 7282 7283 7284
f 7285 7286 7287
f 7288 7289 7290
f 7291 7292 7293
f 7294 7295 7296
f 7297 7298 7299
f 7300 7301 7302
f 7303 7304 7305
f 7306 7307 7308
f 7309 7310 7311
f 7312 7313 7314
f 7315 7316 7317
f 7318 7319 7320
f 7321 7322 7323
f 7324 7325 7326
f 7327 7328 7329
f 7330 7331 7332
f 7333 7334 7335
f 7336 7337 7338
f 7339 7340 7341
f 7342 7343 7344
f 7345 7346 7347
f 7348 7349 7350
f 7351 7352 7353
f 7354 7355 7356
f 7357 7358 7359
f 7360 7361 7362
f 7363 7364 7365
f 7366 7367 7368
f 7369 7370 7371
f 7372 7373 7374
f 7375 7376 7377
f 7378 7379 7380
f 7381 7382 7383
f 7384 7385 7386
f 7387 7388 7389
f 7390 7391 7392
f 7393 7394 7395
f 7396 7397 7398
f 7399 7400 7401
f 7402 7403 7404
f 7405 7406 7407
f 7408 7409 7410
f 7411 7412 7413
f 7414 7415 7416
f 7417 7418 7419
f 7420 7421 7422
f 7423 7424 7425
f 7426 7427 7428
f 7429 7430 7431
f 7432 7433 7434
f 7435 7436 7437
f 7438 7439 7440
f 7441 7442 7443
f 7444 7445 7446
f 7447 7448 7449
f 7450 7451 7452
f 7453 7454 7455
f 7456 7457 7458
f 7459 7460 7461
f 7462 7463 7464
f 7465 7466 7467
f 7468 7469 7470
f 7471 7472 7473
f 7474 7475 7476
f 7477 7478 7479
f 7480 7481 7482
f 7483 7484 7485
f 7486 7487 7488
f 7489 7490 7491
f 7492 7493 7494
f 7495 7496 7497
f 7498 7499 7500
f 7501 7502 7503
f 7504 7505 7506
f 7507 7508 7509
f 7510 7511 7512
f 7513 7514 7515
f 7516 7517 7518
f 7519 7520 7521
f 7522 7523 7524
f 7525 7526 7527
f 7528 7529 7530
f 7531 7532 7533
f 7534 7535 7536
f 7537 7538 7539
f 7540 7541 7542
f 7543 7544 7545
f 7546 7547 7548
f 7549 7550 7551
f 7552 7553 7554
f 7555 7556 7557
f 7558 7559 7560
f 7561 7562 7563
f 7564 7565 7566
f 7567 7568 7569
f 7570 7571 7572
f 7573 7574 7575
f 7576 7577 7578
f 7579 7580 7581
f 7582 7583 7584
f 7585 7586 7587
f 7588 7589 7590
f 7591 7592 7593
f 7594 7595 7596
f 7597 7598 7599
f 7600 7601 7602
f 7603 7604 7605
f 7606 7607 7608
f 7609 7610 7611
f 7612 7613 7614
f 7615 7616 7617
f 7618 7619 7620
f 7621 7622 7623
f 7624 7625 7626
f 7627 7628 7629
f 7630 7631 7632
f 7633 7634 7635
f 7636 7637 7638
f 7639 7640 7641
f 7642 7643 7644
f 7645 7646 7647
f 7648 7649 7650
f 7651 7652 7653
f 7654 7655 7656
f 7657 7658 7659
f 7660 7661 7662
f 7663 7664 7665
f 7666 7667 7668
f 7669 7670 7671
f 7672 7673 7674
f 7675 7676 7677
f 7678 7679 7680
f 7681 7682 7683
f 7684 7685 7686
f 7687 7688 7689
f 7690 7691 7692
f 7693 7694 7695
f 7696 7697 7698
f 7699 7700 7701
f 7702 7703 7704
f 7705 7706 7707
f 7708 7709 7710
f 7711 7712 7713
f 7714 7715 7716
f 7717 7718 7719
f 7720 7721 7722
f 7723 7724 7725
f 7726 7727 7728
f 7729 7730 7731
f 7732 7733 7734
f 7735 7736 7737
f 7738 7739 7740
f 7741 7742 7743
f 7744 7745 7746
f 7747 7748 7749
f 7750 7751 7752
f 7753 7754 7755
f 7756 7757 7758
f 7759 7760 7761
f 7762 7763 7764
f 7765 7766 7767
f 7768 7769 7770
f 7771 7772 7773
f 7774 7775 7776
f 7777 7778 7779
f 7780 7781 7782
f 7783 7784 7785
f 7786 7787 7788
f 7789 7790 7791
f 7792 7793 7794
f 7795 7796 7797
f 7798 7799 7800
f 7801 7802 7803
f 7804 7805 7806
f 7807 7808 7809
f 7810 7811 7812
f 7813 7814 7815
f 7816 7817 7818
f 7819 7820 7821
f 7822 7823 7824
f 7825 7826 7827
f 7828 7829 7830
f 7831 7832 7833
f 7834 7835 7836
f 7837 7838 7839
f 7840 7841 7842
f 7843 7844 7845
f 7846 7847 7848
f 7849 7850 7851
f 7852 7853 7854
f 7855 7856 7857
f 7858 7859 7860
f 7861 7862 7863
f 7864 7865 7866
f 7867 7868 7869
f 7870 7871 7872
f 7873 7874 7875
f 7876 7877 7878
f 7879 7880 7881
f 7882 7883 7884
f 7885 7886 7887
f 7888 7889 7890
f 7891 7892 7893
f 7894 7895 7896
f 7897 7898 7899
f 7900 7901 7902
f 7903 7904 7905
f 7906 7907 7908
f 7909 7910 7911
f 7912 7913 7914
f 7915 7916 7917
f 7918 7919 7920
f 7921 7922 7923
f 7924 7925 7926
f 7927 7928 7929
f 7930 7931 7932
f 7933 7934 7935
f 7936 7937 7938
f 7939 7940 7941
f 7942 7943 7944
f 7945 7946 7947
f 7948 7949 7950
f 7951 7952 7953
f 7954 7955 7956
f 7957 7958 7959
f 7960 7961 7962
f 7963 7964 7965
f 7966 7967 7968
f 7969 7970 7971
f 7972 7973 7974
f 7975 7976 7977
f 7978 7979 7980
f 7981 7982 7983
f 7984 7985 7986
f 7987 7988 7989
f 7990 7991 7992
f 7993 7994 7995
f 7996 7997 7998
f 7999 8000 8001
f 8002 8003 8004
f 8005 8006 8007
f 8008 8009 8010
f 8011 8012 8013
f 8014 8015 8016
f 8017 8018 8019
f 8020 8021 8022
f 8023 8024 8025
f 8026 8027 8028
f 8029 8030 8031
f 8032 8033 8034
f 8035 8036 8037
f 8038 8039 8040
f 8041 8042 8043
f 8044 8045 8046
f 8047 8048 8049
f 8050 8051 8052
f 8053 8054 8055
f 8056 8057 8058
f 8059 8060 8061
f 8062 8063 8064
f 8065 8066 8067
f 8068 8069 8070
f 8071 8072 8073
f 8074 8075 8076
f 8077 8078 8079
f 8080 8081 8082
f 8083 8084 8085
f 8086 8087 8088
f 8089 8090 8091
f 8092 8093 8094
f 8095 8096 8097
f 8098 8099 8100
f 8101 8102 8103
f 8104 8105 8106
f 8107 8108 8109
f 8110 8111 8112
f 8113 8114 8115
f 8116 8117 8118
f 8119 8120 8121
f 8122 8123 8124
f 8125 8126 8127
f 8128 8129 8130
f 8131 8132 8133
f 8134 8135 8136
f 8137 8138 8139
f 8140 8141 8142
f 8143 8144 8145
f 8146 8147 8148
f 8149 8150 8151
f 8152 8153 8154
f 8155 8156 8157
f 8158 8159 8160
f 8161 8162 8163
f 8164 8165 8166
f 8167 8168 8169
f 8170 8171 8172
f 8173 8174 8175
f 8176 8177 8178
f 8179 8180 8181
f 8182 8183 8184
f 8185 8186 8187
f 8188 8189 8190
f 8191 8192 8193
f 8194 8195 8196
f 8197 8198 8199
f 8200 8201 8202
f 8203 8204 8205
f 8206 8207 8208
f 8209 8210 8211
f 8212 8213 8214
f 8215 8216 8217
f 8218 8219 8220
f 8221 8222 8223
f 8224 8225 8226
f 8227 8228 8229
f 8230 8231 8232
f 8233 8234 8235
f 8236 8237 8238
f 8239 8240 8241
f 8242 8243 8244
f 8245 8246 8247
f 8248 8249 8250
f 8251 8252 8253
f 8254 8255 8256
f 8257 8258 8259
f 8260 8261 8262
f 8263 8264 8265
f 8266 8267 8268
f 8269 8270 8271
f 8272 8273 8274
f 8275 8276 8277
f 8278 8279 8280
f 8281 8282 8283
f 8284 8285 8286
f 8287 8288 8289
f 8290 8291 8292
f 8293 8294 8295
f 8296 8297 8298
f 8299 8300 8301
f 8302 8303 8304
f 8305 8306 8307
f 8308 8309 8310
f 8311 8312 8313
f 8314 8315 8316
f 8317 8318 8319
f 8320 8321 8322
f 8323 8324 8325
f 8326 8327 8328
f 8329 8330 8331
f 8332 8333 8334
f 8335 8336 8337
f 8338 8339 8340
f 8341 8342 8343
f 8344 8345 8346
f 8347 8348 8349
f 8350 8351 8352
f 8353 8354 8355
f 8356 8357 8358
f 8359 8360 8361
f 8362 8363 8364
f 8365 8366 8367
f 8368 8369 8370
f 8371 8372 8373
f 8374 8375 8376
f 8377 8378 8379
f 8380 8381 8382
f 8383 8384 8385
f 8386 8387 8388
f 8389 8390 8391
f 8392 8393 8394
f 8395 8396 8397
f 8398 8399 8400
f 8401 8402 8403
f 8404 8405 8406
f 8407 8408 8409
f 8410 8411 8412
f 8413 8414 8415
f 8416 8417 8418
f 8419 8420 8421
f 8422 8423 8424
f 8425 8426 8427
f 8428 8429 8430
f 8431 8432 8433
f 8434 8435 8436
f 8437 8438 8439
f 8440 8441 8442
f 8443 8444 8445
f 8446 8447 8448
f 8449 8450 8451
f 8452 8453 8454
f 8455 8456 8457
f 8458 8459 8460
f 8461 8462 8463
f 8464 8465 8466
f 8467 8468 8469
f 8470 8471 8472
f 8473 8474 8475
f 8476 8477 8478
f 8479 8480 8481
f 8482 8483 8484
f 8485 8486 8487
f 8488 8489 8490
f 8491 8492 8493
f 8494 8495 8496
f 8497 8498 8499
f 8500 8501 8502
f 8503 8504 8505
f 8506 8507 8508
f 8509 8510 8511
f 8512 8513 8514
f 8515 8516 8517
f 8518 8519 8520
f 8521 8522 8523
f 8524 8525 8526
f 8527 8528 8529
f 8530 8531 8532
f 8533 8534 8535
f 8536 8537 8538
f 8539 8540 8541
f 8542 8543 8544
f 8545 8546 8547
f 8548 8549 8550
f 8551 8552 8553
f 8554 8555 8556
f 8557 8558 8559
f 8560 8561 8562
f 8563 8564 8565
f 8566 8567 8568
f 8569 8570 8571
f 8572 8573 8574
f 8575 8576 8577
f 8578 8579 8580
f 8581 8582 8583
f 8584 8585 8586
f 8587 8588 8589
f 8590 8591 8592
f 8593 8594 8595
f 8596 8597 8598
f 8599 8600 8601
f 8602 8603 8604
f 8605 8606 8607
f 8608 8609 8610
f 8611 8612 8613
f 8614 8615 8616
f 8617 8618 8619
f 8620 8621 8622
f 8623 8624 8625
f 8626 8627 8628
f 8629 8630 8631
f 8632 8633 8634
f 8635 8636 8637
f 8638 8639 8640
f 8641 8642 8643
f 8644 8645 8646
f 8647 8648 8649
f 8650 8651 8652
f 8653 8654 8655
f 8656 8657 8658
f 8659 8660 8661
f 8662 8663 8664
f 8665 8666 8667
f 8668 8669 8670
f 8671 8672 8673
f 8674 8675 8676
f 8677 8678 8679
f 8680 8681 8682
f 8683 8684 8685
f 8686 8687 8688
f 8689 8690 8691
f 8692 8693 8694
f 8695 8696 8697
f 8698 8699 8700
f 8701 8702 8703
f 8704 8705 8706
f 8707 8708 8709
f 8710 8711 8712
f 8713 8714 8715
f 8716 8717 8718
f 8719 8720 8721
f 8722 8723 8724
f 8725 8726 8727
f 8728 8729 8730
f 8731 8732 8733
f 8734 8735 8736
f 8737 8738 8739
f 8740 8741 8742
f 8743 8744 8745
f 8746 8747 8748
f 8749 8750 8751
f 8752 8753 8754
f 8755 8756 8757
f 8758 8759 8760
f 8761 8762 8763
f 8764 8765 8766
f 8767 8768 8769
f 8770 8771 8772
f 8773 8774 8775
f 8776 8777 8778
f 8779 8780 8781
f 8782 8783 8784
f 8785 8786 8787
f 8788 8789 8790
f 8791 8792 8793
f 8794 8795 8796
f 8797 8798 8799
f 8800 8801 8802
f 8803 8804 8805
f 8806 8807 8808
f 8809 8810 8811
f 8812 8813 8814
f 8815 8816 8817
f 8818 8819 8820
f 8821 8822 8823
f 8824 8825 8826
f 8827 8828 8829
f 8830 8831 8832
f 8833 8834 8835
f 8836 8837 8838
f 8839 8840 8841
f 8842 8843 8844
f 8845 8846 8847
f 8848 8849 8850
f 8851 8852 8853
f 8854 8855 8856
f 8857 8858 8859
f 8860 8861 8862
f 8863 8864 8865
f 8866 8867 8868
f 8869 8870 8871
f 8872 8873 8874
f 8875 8876 8877
f 8878 8879 8880
f 8881 8882 8883
f 8884 8885 8886
f 8887 8888 8889
f 8890 8891 8892
f 8893 8894 8895
f 8896 8897 8898
f 8899 8900 8901
f 8902 8903 8904
f 8905 8906 8907
f 8908 8909 8910
f 8911 8912 8913
f 8914 8915 8916
f 8917 8918 8919
f 8920 8921 8922
f 8923 8924 8925
f 8926 8927 8928
f 8929 8930 8931
f 8932 8933 8934
f 8935 8936 8937
f 8938 8939 8940
f 8941 8942 8943
f 8944 8945 8946
f 8947 8948 8949
f 8950 8951 8952
f 8953 8954 8955
f 8956 8957 8958
f 8959 8960 8961
f 8962 8963 8964
f 8965 8966 8967
f 8968 8969 8970
f 8971 8972 8973
f 8974 8975 8976
f 8977 8978 8979
f 8980 8981 8982
f 8983 8984 8985
f 8986 8987 8988
f 8989 8990 8991
f 8992 8993 8994
f 8995 8996 8997
f 8998 8999 9000
f 9001 9002 9003
f 9004 9005 9006
f 9007 9008 9009
f 9010 9011 9012
f 9013 9014 9015
f 9016 9017 9018
f 9019 9020 9021
f 9022 9023 9024
f 9025 9026 9027
f 9028 9029 9030
f 9031 9032 9033
f 9034 9035 9036
f 9037 9038 9039
f 9040 9041 9042
f 9043 9044 9045
f 9046 9047 9048
f 9049 9050 9051
f 9052 9053 9054
f 9055 9056 9057
f 9058 9059 9060
f 9061 9062 9063
f 9064 9065 9066
f 9067 9068 9069
f 9070 9071 9072
f 9073 9074 9075
f 9076 9077 9078
f 9079 9080 9081
f 9082 9083 9084
f 9085 9086 9087
f 9088 9089 9090
f 9091 9092 9093
f 9094 9095 9096
f 9097 9098 9099
f 9100 9101 9102
f 9103 9104 9105
f 9106 9107 9108
f 9109 9110 9111
f 9112 9113 9114
f 9115 9116 9117
f 9118 9119 9120
f 9121 9122 9123
f 9124 9125 9126
f 9127 9128 9129
f 9130 9131 9132
f 9133 9134 9135
f 9136 9137 9138
f 9139 9140 9141
f 9142 9143 9144
f 9145 9146 9147
f 9148 9149 9150
f 9151 9152 9153
f 9154 9155 9156
f 9157 9158 9159
f 9160 9161 9162
f 9163 9164 9165
f 9166 9167 9168
f 9169 9170 9171
f 9172 9173 9174
f 9175 9176 9177
f 9178 9179 9180
f 9181 9182 9183
f 9184 9185 9186
f 9187 9188 9189
f 9190 9191 9192
f 9193 9194 9195
f 9196 9197 9198
f 9199 9200 9201
f 9202 9203 9204
f 9205 9206 9207
f 9208 9209 9210
f 9211 9212 9213
f 9214 9215 9216
f 9217 9218 9219
f 9220 9221 9222
f 9223 9224 9225
f 9226 9227 9228
f 9229 9230 9231
f 9232 9233 9234
f 9235 9236 9237
f 9238 9239 9240
f 9241 9242 9243
f 9244 9245 9246
f 9247 9248 9249
f 9250 9251 9252
f 9253 9254 9255
f 9256 9257 9258
f 9259 9260 9261
f 9262 9263 9264
f 9265 9266 9267
f 9268 9269 9270
f 9271 9272 9273
f 9274 9275 9276
f 9277 9278 9279
f 9280 9281 9282
f 9283 9284 9285
f 9286 9287 9288
f 9289 9290 9291
f 9292 9293 9294
f 9295 9296 9297
f 9298 9299 9300
f 9301 9302 9303
f 9304 9305 9306
f 9307 9308 9309
f 9310 9311 9312
f 9313 9314 9315
f 9316 9317 9318
f 9319 9320 9321
f 9322 9323 9324
f 9325 9326 9327
f 9328 9329 9330
f 9331 9332 9333
f 9334 9335 9336
f 9337 9338 9339
f 9340 9341 9342
f 9343 9344 9345
f 9346 9347 9348
f 9349 9350 9351
f 9352 9353 9354
f 9355 9356 9357
f 9358 9359 9360
f 9361 9362 9363
f 9364 9365 9366
f 9367 9368 9369
f 9370 9371 9372
f 9373 9374 9375
f 9376 9377 9378
f 9379 9380 9381
f 9382 9383 9384
f 9385 9386 9387
f 9388 9389 9390
f 9391 9392 9393
f 9394 9395 9396
f 9397 9398 9399
f 9400 9401 9402
f 9403 9404 9405
f 9406 9407 9408
f 9409 9410 9411
f 9412 9413 9414
f 9415 9416 9417
f 9418 9419 9420
f 9421 9422 9423
f 9424 9425 9426
f 9427 9428 9429
f 9430 9431 9432
f 9433 9434 9435
f 9436 9437 9438
f 9439 9440 9441
f 9442 9443 9444
f 9445 9446 9447
f 9448 9449 9450
f 9451 9452 9453
f 9454 9455 9456
f 9457 9458 9459
f 9460 9461 9462
f 9463 9464 9465
f 9466 9467 9468
f 9469 9470 9471
f 9472 9473 9474
f 9475 9476 9477
f 9478 9479 9480
f 9481 9482 9483
f 9484 9485 9486
f 9487 9488 9489
f 9490 9491 9492
f 9493 9494 9495
f 9496 9497 9498
f 9499 9500 9501
f 9502 9503 9504
f 9505 9506 9507
f 9508 9509 9510
f 9511 9512 9513
f 9514 9515 9516
f 9517 9518 9519
f 9520 9521 9522
f 9523 9524 9525
f 9526 9527 9528
f 9529 9530 9531
f 9532 9533 9534
f 9535 9536 9537
f 9538 9539 9540
f 9541 9542 9543
f 9544 9545 9546
f 9547 9548 9549
f 9550 9551 9552
f 9553 9554 9555
f 9556 9557 9558
f 9559 9560 9561
f 9562 9563 9564
f 9565 9566 9567
f 9568 9569 9570
f 9571 9572 9573
f 9574 9575 9576
f 9577 9578 9579
f 9580 9581 9582
f 9583 9584 9585
f 9586 9587 9588
f 9589 9590 9591
f 9592 9593 9594
f 9595 9596 9597
f 9598 9599 9600
f 9601 9602 9603
f 9604 9605 9606
f 9607 9608 9609
f 9610 9611 9612
f 9613 9614 9615
f 9616 9617 9618
f 9619 9620 9621
f 9622 9623 9624
f 9625 9626 9627
f 9628 9629 9630
f 9631 9632 9633
f 9634 9635 9636
f 9637 9638 9639
f 9640 9641 9642
f 9643 9644 9645
f 9646 9647 9648
f 9649 9650 9651
f 9652 9653 9654
f 9655 9656 9657
f 9658 9659 9660
f 9661 9662 9663
f 9664 9665 9666
f 9667 9668 9669
f 9670 9671 9672
f 9673 9674 9675
f 9676 9677 9678
f 9679 9680 9681
f 9682 9683 9684
f 9685 9686 9687
f 9688 9689 9690
f 9691 9692 9693
f 9694 9695 9696
f 9697 9698 9699
f 9700 9701 9702
f 9703 9704 9705
f 9706 9707 9708
f 9709 9710 9711
f 9712 9713 9714
f 9715 9716 9717
f 9718 9719 9720
f 9721 9722 9723
f 9724 9725 9726
f 9727 9728 9729
f 9730 9731 9732
f 9733 9734 9735
f 9736 9737 9738
f 9739 9740 9741
f 9742 9743 9744
f 9745 9746 9747
f 9748 9749 9750
f 9751 9752 9753
f 9754 9755 9756
f 9757 9758 9759
f 9760 9761 9762
f 9763 9764 9765
f 9766 9767 9768
f 9769 9770 9771
f 9772 9773 9774
f 9775 9776 9777
f 9778 9779 9780
f 9781 9782 9783
f 9784 9785 9786
f 9787 9788 9789
f 9790 9791 9792
f 9793 9794 9795
f 9796 9797 9798
f 9799 9800 9801
f 9802 9803 9804
f 9805 9806 9807
f 9808 9809 9810
f 9811 9812 9813
f 9814 9815 9816
f 9817 9818 9819
f 9820 9821 9822
f 9823 9824 9825
f 9826 9827 9828
f 9829 9830 9831
f 9832 9833 9834
f 9835 9836 9837
f 9838 9839 9840
f 9841 9842 9843
f 9844 9845 9846
f 9847 9848 9849
f 9850 9851 9852
f 9853 9854 9855
f 9856 9857 9858
f 9859 9860 9861
f 9862 9863 9864
f 9865 9866 9867
f 9868 9869 9870
f 9871 9872 9873
f 9874 9875 9876
f 9877 9878 9879
f 9880 9881 9882
f 9883 9884 9885
f 9886 9887 9888
f 9889 9890 9891
f 9892 9893 9894
f 9895 9896 9897
f 9898 9899 9900
f 9901 9902 9903
f 9904 9905 9906
f 9907 9908 9909
f 9910 9911 9912
f 9913 9914 9915
f 9916 9917 9918
f 9919 9920 9921
f 9922 9923 9924
f 9925 9926 9927
f 9928 9929 9930
f 9931 9932 9933
f 9934 9935 9936
f 9937 9938 9939
f 9940 9941 9942
f 9943 9944 9945
f 9946 9947 9948
f 9949 9950 9951
f 9952 9953 9954
f 9955 9956 9957
f 9958 9959 9960
f 9961 9962 9963
f 9964 9965 9966
f 9967 9968 9969
f 9970 9971 9972
f 9973 9974 9975
f 9976 9977 9978
f 9979 9980 9981
f 9982 9983 9984
f 9985 9986 9987
f 9988 9989 9990
f 9991 9992 9993
f 9994 9995 9996
f 9997 9998 9999
f 10000 10001 10002
f 10003 10004 10005
f 10006 10007 10008
f 10009 10010 10011
f 10012 10013 10014
f 10015 10016 10017
f 10018 10019 10020
f 10021 10022 10023
f 10024 10025 10026
f 10027 10028 10029
f 10030 10031 10032
f 10033 10034 10035
f 10036 10037 10038
f 10039 10040 10041
f 10042 10043 10044
f 10045 10046 10047
f 10048 10049 10050
f 10051 10052 10053
f 10054 10055 10056
f 10057 10058 10059
f 10060 10061 10062
f 10063 10064 10065
f 10066 10067 10068
f 10069 10070 10071
f 10072 10073 10074
f 10075 10076 10077
f 10078 10079 10080
f 10081 10082 10083
f 10084 10085 10086
f 10087 10088 10089
f 10090 10091 10092
f 10093 10094 10095
f 10096 10097 10098
f 10099 10100 10101
f 10102 10103 10104
f 10105 10106 10107
f 10108 10109 10110
f 10111 10112 10113
f 10114 10115 10116
f 10117 10118 10119
f 10120 10121 10122
f 10123 10124 10125
f 10126 10127 10128
f 10129 10130 10131
f 10132 10133 10134
f 10135 10136 10137
f 10138 10139 10140
f 10141 10142 10143
f 10144 10145 10146
f 10147 10148 10149
f 10150 10151 10152
f 10153 10154 10155
f 10156 10157 10158
f 10159 10160 10161
f 10162 10163 10164
f 10165 10166 10167
f 10168 10169 10170
f 10171 10172 10173
f 10174 10175 10176
f 10177 10178 10179
f 10180 10181 10182
f 10183 10184 10185
f 10186 10187 10188
f 10189 10190 10191
f 10192 10193 10194
f 10195 10196 10197
f 10198 10199 10200
f 10201 10202 10203
f 10204 10205 10206
f 10207 10208 10209
f 10210 10211 10212
f 10213 10214 10215
f 10216 10217 10218
f 10219 10220 10221
f 10222 10223 10224
f 10225 10226 10227
f 10228 10229 10230
f 10231 10232 10233
f 10234 10235 10236
f 10237 10238 10239
f 10240 10241 10242
f 10243 10244 10245
f 10246 10247 10248
f 10249 10250 10251
f 10252 10253 10254
f 10255 10256 10257
f 10258 10259 10260
f 10261 10262 10263
f 10264 10265 10266
f 10267 10268 10269
f 10270 10271 10272
f 10273 10274 10275
f 10276 10277 10278
f 10279 10280 10281
f 10282 10283 10284
f 10285 10286 10287
f 10288 10289 10290
f 10291 10292 10293
f 10294 10295 10296
f 10297 10298 10299
f 10300 10301 10302
f 10303 10304 10305
f 10306 10307 10308
f 10309 10310 10311
f 10312 10313 10314
f 10315 10316 10317
f 10318 10319 10320
f 10321 10322 10323
f 10324 10325 10326
f 10327 10328 10329
f 10330 10331 10332
f 10333 10334 10335
f 10336 10337 10338
f 10339 10340 10341
f 10342 10343 10344
f 10345 10346 10347
f 10348 10349 10350
f 10351 10352 10353
f 10354 10355 10356
f 10357 10358 10359
f 10360 10361 10362
f 10363 10364 10365
f 10366 10367 10368
f 10369 10370 10371
f 10372 10373 10374
f 10375 10376 10377
f 10378 10379 10380
f 10381 10382 10383
f 10384 10385 10386
f 10387 10388 10389
f 10390 10391 10392
f 10393 10394 10395
f 10396 10397 10398
f 10399 10400 10401
f 10402 10403 10404
f 10405 10406 10407
f 10408 10409 10410
f 10411 10412 10413
f 10414 10415 10416
f 10417 10418 10419
f 10420 10421 10422
f 10423 10424 10425
f 10426 10427 10428
f 10429 10430 10431
f 10432 10433 10434
f 10435 10436 10437
f 10438 10439 10440
f 10441 10442 10443
f 10444 10445 10446
f 10447 10448 10449
f 10450 10451 10452
f 10453 10454 10455
f 10456 10457 10458
f 10459 10460 10461
f 10462 10463 10464
f 10465 10466 10467
f 10468 10469 10470
f 10471 10472 10473
f 10474 10475 10476
f 10477 10478 10479
f 10480 10481 10482
f 10483 10484 10485
f 10486 10487 10488
f 10489 10490 10491
f 10492 10493 10494
f 10495 10496 10497
f 10498 10499 10500
f 10501 10502 10503
f 10504 10505 10506
f 10507 10508 10509
f 10510 10511 10512
f 10513 10514 10515
f 10516 10517 10518
f 10519 10520 10521
f 10522 10523 10524
f 10525 10526 10527
f 10528 10529 10530
f 10531 10532 10533
f 10534 10535 10536
f 10537 10538 10539
f 10540 10541 10542
f 10543 10544 10545
f 10546 10547 10548
f 10549 10550 10551
f 10552 10553 10554
f 10555 10556 10557
f 10558 10559 10560
f 10561 10562 10563
f 10564 10565 10566
f 10567 10568 10569
f 10570 10571 10572
f 10573 10574 10575
f 10576 10577 10578
f 10579 10580 10581
f 10582 10583 10584
f 10585 10586 10587
f 10588 10589 10590
f 10591 10592 10593
f 10594 10595 10596
f 10597 10598 10599
f 10600 10601 10602
f 10603 10604 10605
f 10606 10607 10608
f 10609 10610 10611
f 10612 10613 10614
f 10615 10616 10617
f 10618 10619 10620
f 10621 10622 10623
f 10624 10625 10626
f 10627 10628 10629
f 10630 10631 10632
f 10633 10634 10635
f 10636 10637 10638
f 10639 10640 10641
f 10642 10643 10644
f 10645 10646 10647
f 10648 10649 10650
f 10651 10652 10653
f 10654 10655 10656
f 10657 10658 10659
f 10660 10661 10662
f 10663 10664 10665
f 10666 10667 10668
f 10669 10670 10671
f 10672 10673 10674
f 10675 10676 10677
f 10678 10679 10680
f 10681 10682 10683
f 10684 10685 10686
f 10687 10688 10689
f 10690 10691 10692
f 10693 10694 10695
f 10696 10697 10698
f 10699 10700 10701
f 10702 10703 10704
f 10705 10706 10707
f 10708 10709 10710
f 10711 10712 10713
f 10714 10715 10716
f 10717 10718 10719
f 10720 10721 10722
f 10723 10724 10725
f 10726 10727 10728
f 10729 10730 10731
f 10732 10733 10734
f 10735 10736 10737
f 10738 10739 10740
f 10741 10742 10743
f 10744 10745 10746
f 10747 10748 10749
f 10750 10751 10752
f 10753 10754 10755
f 10756 10757 10758
f 10759 10760 10761
f 10762 10763 10764
f 10765 10766 10767
f 10768 10769 10770
f 10771 10772 10773
f 10774 10775 10776
f 10777 10778 10779
f 10780 10781 10782
f 10783 10784 10785
f 10786 10787 10788
f 10789 10790 10791
f 10792 10793 10794
f 10795 10796 10797
f 10798 10799 10800
f 10801 10802 10803
f 10804 10805 10806
f 10807 10808 10809
f 10810 10811 10812
f 10813 10814 10815
f 10816 10817 10818
f 10819 10820 10821
f 10822 10823 10824
f 10825 10826 10827
f 10828 10829 10830
f 10831 10832 10833
f 10834 10835 10836
f 10837 10838 10839
f 10840 10841 10842
f 10843 10844 10845
f 10846 10847 10848
f 10849 10850 10851
f 10852 10853 10854
f 10855 10856 10857
f 10858 10859 10860
f 10861 10862 10863
f 10864 10865 10866
f 10867 10868 10869
f 10870 10871 10872
f 10873 10874 10875
f 10876 10877 10878
f 10879 10880 10881
f 10882 10883 10884
f 10885 10886 10887
f 10888 10889 10890
f 10891 10892 10893
f 10894 10895 10896
f 10897 10898 10899
f 10900 10901 10902
f 10903 10904 10905
f 10906 10907 10908
f 10909 10910 10911
f 10912 10913 10914
f 10915 10916 10917
f 10918 10919 10920
f 10921 10922 10923
f 10924 10925 10926
f 10927 10928 10929
f 10930 10931 10932
f 10933 10934 10935
f 10936 10937 10938
f 10939 10940 10941
f 10942 10943 10944
f 10945 10946 10947
f 10948 10949 10950
f 10951 10952 10953
f 10954 10955 10956
f 10957 10958 10959
f 10960 10961 10962
f 10963 10964 10965
f 10966 10967 10968
f 10969 10970 10971
f 10972 10973 10974
f 10975 10976 10977
f 10978 10979 10980
f 10981 10982 10983
f 10984 10985 10986
f 10987 10988 10989
f 10990 10991 10992
f 10993 10994 10995
f 10996 10997 10998
f 10999 11000 11001
f 11002 11003 11004
f 11005 11006 11007
f 11008 11009 11010
f 11011 11012 11013
f 11014 11015 11016
f 11017 11018 11019
f 11020 11021 11022
f 11023 11024 11025
f 11026 11027 11028
f 11029 11030 11031
f 11032 11033 11034
f 11035 11036 11037
f 11038 11039 11040
f 11041 11042 11043
f 11044 11045 11046
f 11047 11048 11049
f 11050 11051 11052
f 11053 11054 11055
f 11056 11057 11058
f 11059 11060 11061
f 11062 11063 11064
f 11065 11066 11067
f 11068 11069 11070
f 11071 11072 11073
f 11074 11075 11076
f 11077 11078 11079
f 11080 11081 11082
f 11083 11084 11085
f 11086 11087 11088
f 11089 11090 11091
f 11092 11093 11094
f 11095 11096 11097
f 11098 11099 11100
f 11101 11102 11103
f 11104 11105 11106
f 11107 11108 11109
f 11110 11111 11112
f 11113 11114 11115
f 11116 11117 11118
f 11119 11120 11121
f 11122 11123 11124
f 11125 11126 11127
f 11128 11129 11130
f 11131 11132 11133
f 11134 11135 11136
f 11137 11138 11139
f 11140 11141 11142
f 11143 11144 11145
f 11146 11147 11148
f 11149 11150 11151
f 11152 11153 11154
f 11155 11156 11157
f 11158 11159 11160
f 11161 11162 11163
f 11164 11165 11166
f 11167 11168 11169
f 11170 11171 11172
f 11173 11174 11175
f 11176 11177 11178
f 11179 11180 11181
f 11182 11183 11184
f 11185 11186 11187
f 11188 11189 11190
f 11191 11192 11193
f 11194 11195 11196
f 11197 11198 11199
f 11200 11201 11202
f 11203 11204 11205
f 11206 11207 11208
f 11209 11210 11211
f 11212 11213 11214
f 11215 11216 11217
f 11218 11219 11220
f 11221 11222 11223
f 11224 11225 11226
f 11227 11228 11229
f 11230 11231 11232
f 11233 11234 11235
f 11236 11237 11238
f 11239 11240 11241
f 11242 11243 11244
f 11245 11246 11247
f 11248 11249 11250
f 11251 11252 11253
f 11254 11255 11256
f 11257 11258 11259
f 11260 11261 11262
f 11263 11264 11265
f 11266 11267 11268
f 11269 11270 11271
f 11272 11273 11274
f 11275 11276 11277
f 11278 11279 11280
f 11281 11282 11283
f 11284 11285 11286
f 11287 11288 11289
f 11290 11291 11292
f 11293 11294 11295
f 11296 11297 11298
f 11299 11300 11301
f 11302 11303 11304
f 11305 11306 11307
f 11308 11309 11310
f 11311 11312 11313
f 11314 11315 11316
f 11317 11318 11319
f 11320 11321 11322
f 11323 11324 11325
f 11326 11327 11328
f 11329 11330 11331
f 11332 11333 11334
f 11335 11336 11337
f 11338 11339 11340
f 11341 11342 11343
f 11344 11345 11346
f 11347 11348 11349
f 11350 11351 11352
f 11353 11354 11355
f 11356 11357 11358
f 11359 11360 11361
f 11362 11363 11364
f 11365 11366 11367
f 11368 11369 11370
f 11371 11372 11373
f 11374 11375 11376
f 11377 11378 11379
f 11380 11381 11382
f 11383 11384 11385
f 11386 11387 11388
f 11389 11390 11391
f 11392 11393 11394
f 11395 11396 11397
f 11398 11399 11400
f 11401 11402 11403
f 11404 11405 11406
f 11407 11408 11409
f 11410 11411 11412
f 11413 11414 11415
f 11416 11417 11418
f 11419 11420 11421
f 11422 11423 11424
f 11425 11426 11427
f 11428 11429 11430
f 11431 11432 11433
f 11434 11435 11436
f 11437 11438 11439
f 11440 11441 11442
f 11443 11444 11445
f 11446 11447 11448
f 11449 11450 11451
f 11452 11453 11454
f 11455 11456 11457
f 11458 11459 11460
f 11461 11462 11463
f 11464 11465 11466
f 11467 11468 11469
f 11470 11471 11472
f 11473 11474 11475
f 11476 11477 11478
f 11479 11480 11481
f 11482 11483 11484
f 11485 11486 11487
f 11488 11489 11490
f 11491 11492 11493
f 11494 11495 11496
f 11497 11498 11499
f 11500 11501 11502
f 11503 11504 11505
f 11506 11507 11508
f 11509 11510 11511
f 11512 11513 11514
f 11515 11516 11517
f 11518 11519 11520
f 11521 11522 11523
f 11524 11525 11526
f 11527 11528 11529
f 11530 11531 11532
f 11533 11534 11535
f 11536 11537 11538
f 11539 11540 11541
f 11542 11543 11544
f 11545 11546 11547
f 11548 11549 11550
f 11551 11552 11553
f 11554 11555 11556
f 11557 11558 11559
f 11560 11561 11562
f 11563 11564 11565
f 11566 11567 11568
f 11569 11570 11571
f 11572 11573 11574
f 11575 11576 11577
f 11578 11579 11580
f 11581 11582 11583
f 11584 11585 11586
f 11587 11588 11589
f 11590 11591 11592
f 11593 11594 11595
f 11596 11597 11598
f 11599 11600 11601
f 11602 11603 11604
f 11605 11606 11607
f 11608 11609 11610
f 11611 11612 11613
f 11614 11615 11616
f 11617 11618 11619
f 11620 11621 11622
f 11623 11624 11625
f 11626 11627 11628
f 11629 11630 11631
f 11632 11633 11634
f 11635 11636 11637
f 11638 11639 11640
f 11641 11642 11643
f 11644 11645 11646
f 11647 11648 11649
f 11650 11651 11652
f 11653 11654 11655
f 11656 11657 11658
f 11659 11660 11661
f 11662 11663 11664
f 11665 11666 11667
f 11668 11669 11670
f 11671 11672 11673
f 11674 11675 11676
f 11677 11678 11679
f 11680 11681 11682
f 11683 11684 11685
f 11686 11687 11688
f 11689 11690 11691
f 11692 11693 11694
f 11695 11696 11697
f 11698 11699 11700
f 11701 11702 11703
f 11704 11705 11706
f 11707 11708 11709
f 11710 11711 11712
f 11713 11714 11715
f 11716 11717 11718
f 11719 11720 11721
f 11722 11723 11724
f 11725 11726 11727
f 11728 11729 11730
f 11731 11732 11733
f 11734 11735 11736
f 11737 11738 11739
f 11740 11741 11742
f 11743 11744 11745
f 11746 11747 11748
f 11749 11750 11751
f 11752 11753 11754
f 11755 11756 11757
f 11758 11759 11760
f 11761 11762 11763
f 11764 11765 11766
f 11767 11768 11769
f 11770 11771 11772
f 11773 11774 11775
f 11776 11777 11778
f 11779 11780 11781
f 11782 11783 11784
f 11785 11786 11787
f 11788 11789 11790
f 11791 11792 11793
f 11794 11795 11796
f 11797 11798 11799
f 11800 11801 11802
f 11803 11804 11805
f 11806 11807 11808
f 11809 11810 11811
f 11812 11813 11814
f 11815 11816 11817
f 11818 11819 11820
f 11821 11822 11823
f 11824 11825 11826
f 11827 11828 11829
f 11830 11831 11832
f 11833 11834 11835
f 11836 11837 11838
f 11839 11840 11841
f 11842 11843 11844
f 11845 11846 11847
f 11848 11849 11850
f 11851 11852 11853
f 11854 11855 11856
f 11857 11858 11859
f 11860 11861 11862
f 11863 11864 11865
f 11866 11867 11868
f 11869 11870 11871
f 11872 11873 11874
f 11875 11876 11877
f 11878 11879 11880
f 11881 11882 11883
f 11884 11885 11886
f 11887 11888 11889
f 11890 11891 11892
f 11893 11894 11895
f 11896 11897 11898
f 11899 11900 11901
f 11902 11903 11904
f 11905 11906 11907
f 11908 11909 11910
f 11911 11912 11913
f 11914 11915 11916
f 11917 11918 11919
f 11920 11921 11922
f 11923 11924 11925
f 11926 11927 11928
f 11929 11930 11931
f 11932 11933 11934
f 11935 11936 11937
f 11938 11939 11940
f 11941 11942 11943
f 11944 11945 11946
f 11947 11948 11949
f 11950 11951 11952
f 11953 11954 11955
f 11956 11957 11958
f 11959 11960 11961
f 11962 11963 11964
f 11965 11966 11967
f 11968 11969 11970
f 11971 11972 11973
f 11974 11975 11976
f 11977 11978 11979
f 11980 11981 11982
f 11983 11984 11985
f 11986 11987 11988
f 11989 11990 11991
f 11992 11993 11994
f 11995 11996 11997
f 11998 11999 12000
f 12001 12002 12003
f 12004 12005 12006
f 12007 12008 12009
f 12010 12011 12012
f 12013 12014 12015
f 12016 12017 12018
f 12019 12020 12021
f 12022 12023 12024
f 12025 12026 12027
f 12028 12029 12030
f 12031 12032 12033
f 12034 12035 12036
f 12037 12038 12039
f 12040 12041 12042
f 12043 12044 12045
f 12046 12047 12048
f 12049 12050 12051
f 12052 12053 12054
f 12055 12056 12057
f 12058 12059 12060
f 12061 12062 12063
f 12064 12065 12066
f 12067 12068 12069
f 12070 12071 12072
f 12073 12074 12075
f 12076 12077 12078
f 12079 12080 12081
f 12082 12083 12084
f 12085 12086 12087
f 12088 12089 12090
f 12091 12092 12093
f 12094 12095 12096
f 12097 12098 12099
f 12100 12101 12102
f 12103 12104 12105
f 12106 12107 12108
f 12109 12110 12111
f 12112 12113 12114
f 12115 12116 12117
f 12118 12119 12120
f 12121 12122 12123
f 12124 12125 12126
f 12127 12128 12129
f 12130 12131 12132
f 12133 12134 12135
f 12136 12137 12138
f 12139 12140 12141
f 12142 12143 12144
f 12145 12146 12147
f 12148 12149 12150
f 12151 12152 12153
f 12154 12155 12156
f 12157 12158 12159
f 12160 12161 12162
f 12163 12164 12165
f 12166 12167 12168
f 12169 12170 12171
f 12172 12173 12174
f 12175 12176 12177
f 12178 12179 12180
f 12181 12182 12183
f 12184 12185 12186
f 12187 12188 12189
f 12190 12191 12192
f 12193 12194 12195
f 12196 12197 12198
f 12199 12200 12201
f 12202 12203 12204
f 12205 12206 12207
f 12208 12209 12210
f 12211 12212 12213
f 12214 12215 12216
f 12217 12218 12219
f 12220 12221 12222
f 12223 12224 12225
f 12226 12227 12228
f 12229 12230 12231
f 12232 12233 12234
f 12235 12236 12237
f 12238 12239 12240
f 12241 12242 12243
f 12244 12245 12246
f 12247 12248 12249
f 12250 12251 12252
f 12253 12254 12255
f 12256 12257 12258
f 12259 12260 12261
f 12262 12263 12264
f 12265 12266 12267
f 12268 12269 12270
f 12271 12272 12273
f 12274 12275 12276
f 12277 12278 12279
f 12280 12281 12282
f 12283 12284 12285
f 12286 12287 12288
f 12289 12290 12291
f 12292 12293 12294
f 12295 12296 12297
f 12298 12299 12300
f 12301 12302 12303
f 12304 12305 12306
f 12307 12308 12309
f 12310 12311 12312
f 12313 12314 12315
f 12316 12317 12318
f 12319 12320 12321
f 12322 12323 12324
f 12325 12326 12327
f 12328 12329 12330
f 12331 12332 12333
f 12334 12335 12336
f 12337 12338 12339
f 12340 12341 12342
f 12343 12344 12345
f 12346 12347 12348
f 12349 12350 12351
f 12352 12353 12354
f 12355 12356 12357
f 12358 12359 12360
f 12361 12362 12363
f 12364 12365 12366
f 12367 12368 12369
f 12370 12371 12372
f 12373 12374 12375
f 12376 12377 12378
f 12379 12380 12381
f 12382 12383 12384
f 12385 12386 12387
f 12388 12389 12390
f 12391 12392 12393
f 12394 12395 12396
f 12397 12398 12399
f 12400 12401 12402
f 12403 12404 12405
f 12406 12407 12408
f 12409 12410 12411
f 12412 12413 12414
f 12415 12416 12417
f 12418 12419 12420
f 12421 12422 12423
f 12424 12425 12426
f 12427 12428 12429
f 12430 12431 12432
f 12433 12434 12435
f 12436 12437 12438
f 12439 12440 12441
f 12442 12443 12444
f 12445 12446 12447
f 12448 12449 12450
f 12451 12452 12453
f 12454 12455 12456
f 12457 12458 12459
f 12460 12461 12462
f 12463 12464 12465
f 12466 12467 12468
f 12469 12470 12471
f 12472 12473 12474
f 12475 12476 12477
f 12478 12479 12480
f 12481 12482 12483
f 12484 12485 12486
f 12487 12488 12489
f 12490 12491 12492
f 12493 12494 12495
f 12496 12497 12498
f 12499 12500 12501
f 12502 12503 12504
f 12505 12506 12507
f 12508 12509 12510
f 12511 12512 12513
f 12514 12515 12516
f 12517 12518 12519
f 12520 12521 12522
f 12523 12524 12525
f 12526 12527 12528
f 12529 12530 12531
f 12532 12533 12534
f 12535 12536 12537
f 12538 12539 12540
f 12541 12542 12543
f 12544 12545 12546
f 12547 12548 12549
f 12550 12551 12552
f 12553 12554 12555
f 12556 12557 12558
f 12559 12560 12561
f 12562 12563 12564
f 12565 12566 12567
f 12568 12569 12570
f 12571 12572 12573
f 12574 12575 12576
f 12577 12578 12579
f 12580 12581 12582
f 12583 12584 12585
f 12586 12587 12588
f 12589 12590 12591
f 12592 12593 12594
f 12595 12596 12597
f 12598 12599 12600
f 12601 12602 12603
f 12604 12605 12606
f 12607 12608 12609
f 12610 12611 12612
f 12613 12614 12615
f 12616 12617 12618
f 12619 12620 12621
f 12622 12623 12624
f 12625 12626 12627
f 12628 12629 12630
f 12631 12632 12633
f 12634 12635 12636
f 12637 12638 12639
f 12640 12641 12642
f 12643 12644 12645
f 12646 12647 12648
f 12649 12650 12651
f 12652 12653 12654
f 12655 12656 12657
f 12658 12659 12660
f 12661 12662 12663
f 12664 12665 12666
f 12667 12668 12669
f 12670 12671 12672
f 12673 12674 12675
f 12676 12677 12678
f 12679 12680 12681
f 12682 12683 12684
f 12685 12686 12687
f 12688 12689 12690
f 12691 12692 12693
f 12694 12695 12696
f 12697 12698 12699
f 12700 12701 12702
f 12703 12704 12705
f 12706 12707 12708
f 12709 12710 12711
f 12712 12713 12714
f 12715 12716 12717
f 12718 12719 12720
f 12721 12722 12723
f 12724 12725 12726
f 12727 12728 12729
f 12730 12731 12732
f 12733 12734 12735
f 12736 12737 12738
f 12739 12740 12741
f 12742 12743 12744
f 12745 12746 12747
f 12748 12749 12750
f 12751 12752 12753
f 12754 12755 12756
f 12757 12758 12759
f 12760 12761 12762
f 12763 12764 12765
f 12766 12767 12768
f 12769 12770 12771
f 12772 12773 12774
f 12775 12776 12777
f 12778 12779 12780
f 12781 12782 12783
f 12784 12785 12786
f 12787 12788 12789
f 12790 12791 12792
f 12793 12794 12795
f 12796 12797 12798
f 12799 12800 12801
f 12802 12803 12804
f 12805 12806 12807
f 12808 12809 12810
f 12811 12812 12813
f 12814 12815 12816
f 12817 12818 12819
f 12820 12821 12822
f 12823 12824 12825
f 12826 12827 12828
f 12829 12830 12831
f 12832 12833 12834
f 12835 12836 12837
f 12838 12839 12840
f 12841 12842 12843
f 12844 12845 12846
f 12847 12848 12849
f 12850 12851 12852
f 12853 12854 12855
f 12856 12857 12858
f 12859 12860 12861
f 12862 12863 12864
f 12865 12866 12867
f 12868 12869 12870
f 12871 12872 12873
f 12874 12875 12876
f 12877 12878 12879
f 12880 12881 12882
f 12883 12884 12885
f 12886 12887 12888
f 12889 12890 12891
f 12892 12893 12894
f 12895 12896 12897
f 12898 12899 12900
f 12901 12902 12903
f 12904 12905 12906
f 12907 12908 12909
f 12910 12911 12912
f 12913 12914 12915
f 12916 12917 12918
f 12919 12920 12921
f 12922 12923 12924
f 12925 12926 12927
f 12928 12929 12930
f 12931 12932 12933
f 12934 12935 12936
f 12937 12938 12939
f 12940 12941 12942
f 12943 12944 12945
f 12946 12947 12948
f 12949 12950 12951
f 12952 12953 12954
f 12955 12956 12957
f 12958 12959 12960
f 12961 12962 12963
f 12964 12965 12966
f 12967 12968 12969
f 12970 12971 12972
f 12973 12974 12975
f 12976 12977 12978
f 12979 12980 12981
f 12982 12983 12984
f 12985 12986 12987
f 12988 12989 12990
f 12991 12992 12993
f 12994 12995 12996
f 12997 12998 12999
f 13000 13001 13002
f 13003 13004 13005
f 13006 13007 13008
f 13009 13010 13011
f 13012 13013 13014
f 13015 13016 13017
f 13018 13019 13020
f 13021 13022 13023
f 13024 13025 13026
f 13027 13028 13029
f 13030 13031 13032
f 13033 13034 13035
f 13036 13037 13038
f 13039 13040 13041
f 13042 13043 13044
f 13045 13046 13047
f 13048 13049 13050
f 13051 13052 13053
f 13054 13055 13056
f 13057 13058 13059
f 13060 13061 13062
f 13063 13064 13065
f 13066 13067 13068
f 13069 13070 13071
f 13072 13073 13074
f 13075 13076 13077
f 13078 13079 13080
f 13081 13082 13083
f 13084 13085 13086
f 13087 13088 13089
f 13090 13091 13092
f 13093 13094 13095
f 13096 13097 13098
f 13099 13100 13101
f 13102 13103 13104
f 13105 13106 13107
f 13108 13109 13110
f 13111 13112 13113
f 13114 13115 13116
f 13117 13118 13119
f 13120 13121 13122
f 13123 13124 13125
f 13126 13127 13128
f 13129 13130 13131
f 13132 13133 13134
f 13135 13136 13137
f 13138 13139 13140
f 13141 13142 13143
f 13144 13145 13146
f 13147 13148 13149
f 13150 13151 13152
f 13153 13154 13155
f 13156 13157 13158
f 13159 13160 13161
f 13162 13163 13164
f 13165 13166 13167
f 13168 13169 13170
f 13171 13172 13173
f 13174 13175 13176
f 13177 13178 13179
f 13180 13181 13182
f 13183 13184 13185
f 13186 13187 13188
f 13189 13190 13191
f 13192 13193 13194
f 13195 13196 13197
f 13198 13199 13200
f 13201 13202 13203
f 13204 13205 13206
f 13207 13208 13209
f 13210 13211 13212
f 13213 13214 13215
f 13216 13217 13218
f 13219 13220 13221
f 13222 13223 13224
f 13225 13226 13227
f 13228 13229 13230
f 13231 13232 13233
f 13234 13235 13236
f 13237 13238 13239
f 13240 13241 13242
f 13243 13244 13245
f 13246 13247 13248
f 13249 13250 13251
f 13252 13253 13254
f 13255 13256 13257
f 13258 13259 13260
f 13261 13262 13263
f 13264 13265 13266
f 13267 13268 13269
f 13270 13271 13272
f 13273 13274 13275
f 13276 13277 13278
f 13279 13280 13281
f 13282 13283 13284
f 13285 13286 13287
f 13288 13289 13290
f 13291 13292 13293
f 13294 13295 13296
f 13297 13298 13299
f 13300 13301 13302
f 13303 13304 13305
f 13306 13307 13308
f 13309 13310 13311
f 13312 13313 13314
f 13315 13316 13317
f 13318 13319 13320
f 13321 13322 13323
f 13324 13325 13326
f 13327 13328 13329
f 13330 13331 13332
f 13333 13334 13335
f 13336 13337 13338
f 13339 13340 13341
f 13342 13343 13344
f 13345 13346 13347
f 13348 13349 13350
f 13351 13352 13353
f 13354 13355 13356
f 13357 13358 13359
f 13360 13361 13362
f 13363 13364 13365
f 13366 13367 13368
f 13369 13370 13371
f 13372 13373 13374
f 13375 13376 13377
f 13378 13379 13380
f 13381 13382 13383
f 13384 13385 13386
f 13387 13388 13389
f 13390 13391 13392
f 13393 13394 13395
f 13396 13397 13398
f 13399 13400 13401
f 13402 13403 13404
f 13405 13406 13407
f 13408 13409 13410
f 13411 13412 13413
f 13414 13415 13416
f 13417 13418 13419
f 13420 13421 13422
f 13423 13424 13425
f 13426 13427 13428
f 13429 13430 13431
f 13432 13433 13434
f 13435 13436 13437
f 13438 13439 13440
f 13441 13442 13443
f 13444 13445 13446
f 13447 13448 13449
f 13450 13451 13452
f 13453 13454 13455
f 13456 13457 13458
f 13459 13460 13461
f 13462 13463 13464
f 13465 13466 13467
f 13468 13469 13470
f 13471 13472 13473
f 13474 13475 13476
f 13477 13478 13479
f 13480 13481 13482
f 13483 13484 13485
f 13486 13487 13488
f 13489 13490 13491
f 13492 13493 13494
f 13495 13496 13497
f 13498 13499 13500
f 13501 13502 13503
f 13504 13505 13506
f 13507 13508 13509
f 13510 13511 13512
f 13513 13514 13515
f 13516 13517 13518
f 13519 13520 13521
f 13522 13523 13524
f 13525 13526 13527
f 13528 13529 13530
f 13531 13532 13533
f 13534 13535 13536
f 13537 13538 13539
f 13540 13541 13542
f 13543 13544 13545
f 13546 13547 13548
f 13549 13550 13551
f 13552 13553 13554
f 13555 13556 13557
f 13558 13559 13560
f 13561 13562 13563
f 13564 13565 13566
f 13567 13568 13569
f 13570 13571 13572
f 13573 13574 13575
f 13576 13577 13578
f 13579 13580 13581
f 13582 13583 13584
f 13585 13586 13587
f 13588 13589 13590
f 13591 13592 13593
f 13594 13595 13596
f 13597 13598 13599
f 13600 13601 13602
f 13603 13604 13605
f 13606 13607 13608
f 13609 13610 13611
f 13612 13613 13614
f 13615 13616 13617
f 13618 13619 13620
f 13621 13622 13623
f 13624 13625 13626
f 13627 13628 13629
f 13630 13631 13632
f 13633 13634 13635
f 13636 13637 13638
f 13639 13640 13641
f 13642 13643 13644
f 13645 13646 13647
f 13648 13649 13650
f 13651 13652 13653
f 13654 13655 13656
f 13657 13658 13659
f 13660 13661 13662
f 13663 13664 13665
f 13666 13667 13668
f 13669 13670 13671
f 13672 13673 13674
f 13675 13676 13677
f 13678 13679 13680
f 13681 13682 13683
f 13684 13685 13686
f 13687 13688 13689
f 13690 13691 13692
f 13693 13694 13695
f 13696 13697 13698
f 13699 13700 13701
f 13702 13703 13704
f 13705 13706 13707
f 13708 13709 13710
f 13711 13712 13713
f 13714 13715 13716
f 13717 13718 13719
f 13720 13721 13722
f 13723 13724 13725
f 13726 13727 13728
f 13729 13730 13731
f 13732 13733 13734
f 13735 13736 13737
f 13738 13739 13740
f 13741 13742 13743
f 13744 13745 13746
f 13747 13748 13749
f 13750 13751 13752
f 13753 13754 13755
f 13756 13757 13758
f 13759 13760 13761
f 13762 13763 13764
f 13765 13766 13767
f 13768 13769 13770
f 13771 13772 13773
f 13774 13775 13776
f 13777 13778 13779
f 13780 13781 13782
f 13783 13784 13785
f 13786 13787 13788
f 13789 13790 13791
f 13792 13793 13794
f 13795 13796 13797
f 13798 13799 13800
f 13801 13802 13803
f 13804 13805 13806
f 13807 13808 13809
f 13810 13811 13812
f 13813 13814 13815
f 13816 13817 13818
f 13819 13820 13821
f 13822 13823 13824
f 13825 13826 13827
f 13828 13829 13830
f 13831 13832 13833
f 13834 13835 13836
f 13837 13838 13839
f 13840 13841 13842
f 13843 13844 13845
f 13846 13847 13848
f 13849 13850 13851
f 13852 13853 13854
f 13855 13856 13857
f 13858 13859 13860
f 13861 13862 13863
f 13864 13865 13866
f 13867 13868 13869
f 13870 13871 13872
f 13873 13874 13875
f 13876 13877 13878
f 13879 13880 13881
f 13882 13883 13884
f 13885 13886 13887
f 13888 13889 13890
f 13891 13892 13893
f 13894 13895 13896
f 13897 13898 13899
f 13900 13901 13902
f 13903 13904 13905
f 13906 13907 13908
f 13909 13910 13911
f 13912 13913 13914
f 13915 13916 13917
f 13918 13919 13920
f 13921 13922 13923
f 13924 13925 13926
f 13927 13928 13929
f 13930 13931 13932
f 13933 13934 13935
f 13936 13937 13938
f 13939 13940 13941
f 13942 13943 13944
f 13945 13946 13947
f 13948 13949 13950
f 13951 13952 13953
f 13954 13955 13956
f 13957 13958 13959
f 13960 13961 13962
f 13963 13964 13965
f 13966 13967 13968
f 13969 13970 13971
f 13972 13973 13974
f 13975 13976 13977
f 13978 13979 13980
f 13981 13982 13983
f 13984 13985 13986
f 13987 13988 13989
f 13990 13991 13992
f 13993 13994 13995
f 13996 13997 13998
f 13999 14000 14001
f 14002 14003 14004
f 14005 14006 14007
f 14008 14009 14010
f 14011 14012 14013
f 14014 14015 14016
f 14017 14018 14019
f 14020 14021 14022
f 14023 14024 14025
f 14026 14027 14028
f 14029 14030 14031
f 14032 14033 14034
f 14035 14036 14037
f 14038 14039 14040
f 14041 14042 14043
f 14044 14045 14046
f 14047 14048 14049
f 14050 14051 14052
f 14053 14054 14055
f 14056 14057 14058
f 14059 14060 14061
f 14062 14063 14064
f 14065 14066 14067
f 14068 14069 14070
f 14071 14072 14073
f 14074 14075 14076
f 14077 14078 14079
f 14080 14081 14082
f 14083 14084 14085
f 14086 14087 14088
f 14089 14090 14091
f 14092 14093 14094
f 14095 14096 14097
f 14098 14099 14100
f 14101 14102 14103
f 14104 14105 14106
f 14107 14108 14109
f 14110 14111 14112
f 14113 14114 14115
f 14116 14117 14118
f 14119 14120 14121
f 14122 14123 14124
f 14125 14126 14127
f 14128 14129 14130
f 14131 14132 14133
f 14134 14135 14136
f 14137 14138 14139
f 14140 14141 14142
f 14143 14144 14145
f 14146 14147 14148
f 14149 14150 14151
f 14152 14153 14154
f 14155 14156 14157
f 14158 14159 14160
f 14161 14162 14163
f 14164 14165 14166
f 14167 14168 14169
f 14170 14171 14172
f 14173 14174 14175
f 14176 14177 14178
f 14179 14180 14181
f 14182 14183 14184
f 14185 14186 14187
f 14188 14189 14190
f 14191 14192 14193
f 14194 14195 14196
f 14197 14198 14199
f 14200 14201 14202
f 14203 14204 14205
f 14206 14207 14208
f 14209 14210 14211
f 14212 14213 14214
f 14215 14216 14217
f 14218 14219 14220
f 14221 14222 14223
f 14224 14225 14226
f 14227 14228 14229
f 14230 14231 14232
f 14233 14234 14235
f 14236 14237 14238
f 14239 14240 14241
f 14242 14243 14244
f 14245 14246 14247
f 14248 14249 14250
f 14251 14252 14253
f 14254 14255 14256
f 14257 14258 14259
f 14260 14261 14262
f 14263 14264 14265
f 14266 14267 14268
f 14269 14270 14271
f 14272 14273 14274
f 14275 14276 14277
f 14278 14279 14280
f 14281 14282 14283
f 14284 14285 14286
f 14287 14288 14289
f 14290 14291 14292
f 14293 14294 14295
f 14296 14297 14298
f 14299 14300 14301
f 14302 14303 14304
f 14305 14306 14307
f 14308 14309 14310
f 14311 14312 14313
f 14314 14315 14316
f 14317 14318 14319
f 14320 14321 14322
f 14323 14324 14325
f 14326 14327 14328
f 14329 14330 14331
f 14332 14333 14334
f 14335 14336 14337
f 14338 14339 14340
f 14341 14342 14343
f 14344 14345 14346
f 14347 14348 14349
f 14350 14351 14352
f 14353 14354 14355
f 14356 14357 14358
f 14359 14360 14361
f 14362 14363 14364
f 14365 14366 14367
f 14368 14369 14370
f 14371 14372 14373
f 14374 14375 14376
f 14377 14378 14379
f 14380 14381 14382
f 14383 14384 14385
f 14386 14387 14388
f 14389 14390 14391
f 14392 14393 14394
f 14395 14396 14397
f 14398 14399 14400
f 14401 14402 14403
f 14404 14405 14406
f 14407 14408 14409
f 14410 14411 14412
f 14413 14414 14415
f 14416 14417 14418
f 14419 14420 14421
f 14422 14423 14424
f 14425 14426 14427
f 14428 14429 14430
f 14431 14432 14433
f 14434 14435 14436
f 14437 14438 14439
f 14440 14441 14442
f 14443 14444 14445
f 14446 14447 14448
f 14449 14450 14451
f 14452 14453 14454
f 14455 14456 14457
f 14458 14459 14460
f 14461 14462 14463
f 14464 14465 14466
f 14467 14468 14469
f 14470 14471 14472
f 14473 14474 14475
f 14476 14477 14478
f 14479 14480 14481
f 14482 14483 14484
f 14485 14486 14487
f 14488 14489 14490
f 14491 14492 14493
f 14494 14495 14496
f 14497 14498 14499
f 14500 14501 14502
f 14503 14504 14505
f 14506 14507 14508
f 14509 14510 14511
f 14512 14513 14514
f 14515 14516 14517
f 14518 14519 14520
f 14521 14522 14523
f 14524 14525 14526
f 14527 14528 14529
f 14530 14531 14532
f 14533 14534 14535
f 14536 14537 14538
f 14539 14540 14541
f 14542 14543 14544
f 14545 14546 14547
f 14548 14549 14550
f 14551 14552 14553
f 14554 14555 14556
f 14557 14558 14559
f 14560 14561 14562
f 14563 14564 14565
f 14566 14567 14568
f 14569 14570 14571
f 14572 14573 14574
f 14575 14576 14577
f 14578 14579 14580
f 14581 14582 14583
f 14584 14585 14586
f 14587 14588 14589
f 14590 14591 14592
f 14593 14594 14595
f 14596 14597 14598
f 14599 14600 14601
f 14602 14603 14604
f 14605 14606 14607
f 14608 14609 14610
f 14611 14612 14613
f 14614 14615 14616
f 14617 14618 14619
f 14620 14621 14622
f 14623 14624 14625
f 14626 14627 14628
f 14629 14630 14631
f 14632 14633 14634
f 14635 14636 14637
f 14638 14639 14640
f 14641 14642 14643
f 14644 14645 14646
f 14647 14648 14649
f 14650 14651 14652
f 14653 14654 14655
f 14656 14657 14658
f 14659 14660 14661
f 14662 14663 14664
f 14665 14666 14667
f 14668 14669 14670
f 14671 14672 14673
f 14674 14675 14676
f 14677 14678 14679
f 14680 14681 14682
f 14683 14684 14685
f 14686 14687 14688
f 14689 14690 14691
f 14692 14693 14694
f 14695 14696 14697
f 14698 14699 14700
f 14701 14702 14703
f 14704 14705 14706
f 14707 14708 14709
f 14710 14711 14712
f 14713 14714 14715
f 14716 14717 14718
f 14719 14720 14721
f 14722 14723 14724
f 14725 14726 14727
f 14728 14729 14730
f 14731 14732 14733
f 14734 14735 14736
f 14737 14738 14739
f 14740 14741 14742
f 14743 14744 14745
f 14746 14747 14748
f 14749 14750 14751
f 14752 14753 14754
f 14755 14756 14757
f 14758 14759 14760
f 14761 14762 14763
f 14764 14765 14766
f 14767 14768 14769
f 14770 14771 14772
f 14773 14774 14775
f 14776 14777 14778
f 14779 14780 14781
f 14782 14783 14784
f 14785 14786 14787
f 14788 14789 14790
f 14791 14792 14793
f 14794 14795 14796
f 14797 14798 14799
f 14800 14801 14802
f 14803 14804 14805
f 14806 14807 14808
f 14809 14810 14811
f 14812 14813 14814
f 14815 14816 14817
f 14818 14819 14820
f 14821 14822 14823
f 14824 14825 14826
f 14827 14828 14829
f 14830 14831 14832
f 14833 14834 14835
f 14836 14837 14838
f 14839 14840 14841
f 14842 14843 14844
f 14845 14846 14847
f 14848 14849 14850
f 14851 14852 14853
f 14854 14855 14856
f 14857 14858 14859
f 14860 14861 14862
f 14863 14864 14865
f 14866 14867 14868
f 14869 14870 14871
f 14872 14873 14874
f 14875 14876 14877
f 14878 14879 14880
f 14881 14882 14883
f 14884 14885 14886
f 14887 14888 14889
f 14890 14891 14892
f 14893 14894 14895
f 14896 14897 14898
f 14899 14900 14901
f 14902 14903 14904
f 14905 14906 14907
f 14908 14909 14910
f 14911 14912 14913
f 14914 14915 14916
f 14917 14918 14919
f 14920 14921 14922
f 14923 14924 14925
f 14926 14927 14928
f 14929 14930 14931
f 14932 14933 14934
f 14935 14936 14937
f 14938 14939 14940
f 14941 14942 14943
f 14944 14945 14946
f 14947 14948 14949
f 14950 14951 14952
f 14953 14954 14955
f 14956 14957 14958
f 14959 14960 14961
f 14962 14963 14964
f 14965 14966 14967
f 14968 14969 14970
f 14971 14972 14973
f 14974 14975 14976
f 14977 14978 14979
f 14980 14981 14982
f 14983 14984 14985
f 14986 14987 14988
f 14989 14990 14991
f 14992 14993 14994
f 14995 14996 14997
f 14998 14999 15000
f 15001 15002 15003
f 15004 15005 15006
f 15007 15008 15009
f 15010 15011 15012
f 15013 15014 15015
f 15016 15017 15018
f 15019 15020 15021
f 15022 15023 15024
f 15025 15026 15027
f 15028 15029 15030
f 15031 15032 15033
f 15034 15035 15036
f 15037 15038 15039
f 15040 15041 15042
f 15043 15044 15045
f 15046 15047 15048
f 15049 15050 15051
f 15052 15053 15054
f 15055 15056 15057
f 15058 15059 15060
f 15061 15062 15063
f 15064 15065 15066
f 15067 15068 15069
f 15070 15071 15072
f 15073 15074 15075
f 15076 15077 15078
f 15079 15080 15081
f 15082 15083 15084
f 15085 15086 15087
f 15088 15089 15090
f 15091 15092 15093
f 15094 15095 15096
f 15097 15098 15099
f 15100 15101 15102
f 15103 15104 15105
f 15106 15107 15108
f 15109 15110 15111
f 15112 15113 15114
f 15115 15116 15117
f 15118 15119 15120
f 15121 15122 15123
f 15124 15125 15126
f 15127 15128 15129
f 15130 15131 15132
f 15133 15134 15135
f 15136 15137 15138
f 15139 15140 15141
f 15142 15143 15144
f 15145 15146 15147
f 15148 15149 15150
f 15151 15152 15153
f 15154 15155 15156
f 15157 15158 15159
f 15160 15161 15162
f 15163 15164 15165
f 15166 15167 15168
f 15169 15170 15171
f 15172 15173 15174
f 15175 15176 15177
f 15178 15179 15180
f 15181 15182 15183
f 15184 15185 15186
f 15187 15188 15189
f 15190 15191 15192
f 15193 15194 15195
f 15196 15197 15198
f 15199 15200 15201
f 15202 15203 15204
f 15205 15206 15207
f 15208 15209 15210
f 15211 15212 15213
f 15214 15215 15216
f 15217 15218 15219
f 15220 15221 15222
f 15223 15224 15225
f 15226 15227 15228
f 15229 15230 15231
f 15232 15233 15234
f 15235 15236 15237
f 15238 15239 15240
f 15241 15242 15243
f 15244 15245 15246
f 15247 15248 15249
f 15250 15251 15252
f 15253 15254 15255
f 15256 15257 15258
f 15259 15260 15261
f 15262 15263 15264
f 15265 15266 15267
f 15268 15269 15270
f 15271 15272 15273
f 15274 15275 15276
f 15277 15278 15279
f 15280 15281 15282
f 15283 15284 15285
f 15286 15287 15288
f 15289 15290 15291
f 15292 15293 15294
f 15295 15296 15297
f 15298 15299 15300
f 15301 15302 15303
f 15304 15305 15306
f 15307 15308 15309
f 15310 15311 15312
f 15313 15314 15315
f 15316 15317 15318
f 15319 15320 15321
f 15322 15323 15324
f 15325 15326 15327
f 15328 15329 15330
f 15331 15332 15333
f 15334 15335 15336
f 15337 15338 15339
f 15340 15341 15342
f 15343 15344 15345
f 15346 15347 15348
f 15349 15350 15351
f 15352 15353 15354
f 15355 15356 15357
f 15358 15359 15360
f 15361 15362 15363
f 15364 15365 15366
f 15367 15368 15369
f 15370 15371 15372
f 15373 15374 15375
f 15376 15377 15378
f 15379 15380 15381
f 15382 15383 15384
f 15385 15386 15387
f 15388 15389 15390
f 15391 15392 15393
f 15394 15395 15396
f 15397 15398 15399
f 15400 15401 15402
f 15403 15404 15405
f 15406 15407 15408
f 15409 15410 15411
f 15412 15413 15414
f 15415 15416 15417
f 15418 15419 15420
f 15421 15422 15423
f 15424 15425 15426
f 15427 15428 15429
f 15430 15431 15432
f 15433 15434 15435
f 15436 15437 15438
f 15439 15440 15441
f 15442 15443 15444
f 15445 15446 15447
f 15448 15449 15450
f 15451 15452 15453
f 15454 15455 15456
f 15457 15458 15459
f 15460 15461 15462
f 15463 15464 15465
f 15466 15467 15468
f 15469 15470 15471
f 15472 15473 15474
f 15475 15476 15477
f 15478 15479 15480
f 15481 15482 15483
f 15484 15485 15486
f 15487 15488 15489
f 15490 15491 15492
f 15493 15494 15495
f 15496 15497 15498
f 15499 15500 15501
f 15502 15503 15504
f 15505 15506 15507
f 15508 15509 15510
f 15511 15512 15513
f 15514 15515 15516
f 15517 15518 15519
f 15520 15521 15522
f 15523 15524 15525
f 15526 15527 15528
f 15529 15530 15531
f 15532 15533 15534
f 15535 15536 15537
f 15538 15539 15540
f 15541 15542 15543
f 15544 15545 15546
f 15547 15548 15549
f 15550 15551 15552
f 15553 15554 15555
f 15556 15557 15558
f 15559 15560 15561
f 15562 15563 15564
f 15565 15566 15567
f 15568 15569 15570
f 15571 15572 15573
f 15574 15575 15576
f 15577 15578 15579
f 15580 15581 15582
f 15583 15584 15585
f 15586 15587 15588
f 15589 15590 15591
f 15592 15593 15594
f 15595 15596 15597
f 15598 15599 15600
f 15601 15602 15603
f 15604 15605 15606
f 15607 15608 15609
f 15610 15611 15612
f 15613 15614 15615
f 15616 15617 15618
f 15619 15620 15621
f 15622 15623 15624
f 15625 15626 15627
f 15628 15629 15630
f 15631 15632 15633
f 15634 15635 15636
f 15637 15638 15639
f 15640 15641 15642
f 15643 15644 15645
f 15646 15647 15648
f 15649 15650 15651
f 15652 15653 15654
f 15655 15656 15657
f 15658 15659 15660
f 15661 15662 15663
f 15664 15665 15666
f 15667 15668 15669
f 15670 15671 15672
f 15673 15674 15675
f 15676 15677 15678
f 15679 15680 15681
f 15682 15683 15684
f 15685 15686 15687
f 15688 15689 15690
f 15691 15692 15693
f 15694 15695 15696
f 15697 15698 15699
f 15700 15701 15702
f 15703 15704 15705
f 15706 15707 15708
f 15709 15710 15711
f 15712 15713 15714
f 15715 15716 15717
f 15718 15719 15720
f 15721 15722 15723
f 15724 15725 15726
f 15727 15728 15729
f 15730 15731 15732
f 15733 15734 15735
f 15736 15737 15738
f 15739 15740 15741
f 15742 15743 15744
f 15745 15746 15747
f 15748 15749 15750
f 15751 15752 15753
f 15754 15755 15756
f 15757 15758 15759
f 15760 15761 15762
f 15763 15764 15765
f 15766 15767 15768
f 15769 15770 15771
f 15772 15773 15774
f 15775 15776 15777
f 15778 15779 15780
f 15781 15782 15783
f 15784 15785 15786
f 15787 15788 15789
f 15790 15791 15792
f 15793 15794 15795
f 15796 15797 15798
f 15799 15800 15801
f 15802 15803 15804
f 15805 15806 15807
f 15808 15809 15810
f 15811 15812 15813
f 15814 15815 15816
f 15817 15818 15819
f 15820 15821 15822
f 15823 15824 15825
f 15826 15827 15828
f 15829 15830 15831
f 15832 15833 15834
f 15835 15836 15837
f 15838 15839 15840
f 15841 15842 15843
f 15844 15845 15846
f 15847 15848 15849
f 15850 15851 15852
f 15853 15854 15855
f 15856 15857 15858
f 15859 15860 15861
f 15862 15863 15864
f 15865 15866 15867
f 15868 15869 15870
f 15871 15872 15873
f 15874 15875 15876
f 15877 15878 15879
f 15880 15881 15882
f 15883 15884 15885
f 15886 15887 15888
f 15889 15890 15891
f 15892 15893 15894
f 15895 15896 15897
f 15898 15899 15900
f 15901 15902 15903
f 15904 15905 15906
f 15907 15908 15909
f 15910 15911 15912
f 15913 15914 15915
f 15916 15917 15918
f 15919 15920 15921
f 15922 15923 15924
f 15925 15926 15927
f 15928 15929 15930
f 15931 15932 15933
f 15934 15935 15936
f 15937 15938 15939
f 15940 15941 15942
f 15943 15944 15945
f 15946 15947 15948
f 15949 15950 15951
f 15952 15953 15954
f 15955 15956 15957
f 15958 15959 15960
f 15961 15962 15963
f 15964 15965 15966
f 15967 15968 15969
f 15970 15971 15972
f 15973 15974 15975
f 15976 15977 15978
f 15979 15980 15981
f 15982 15983 15984
f 15985 15986 15987
f 15988 15989 15990
f 15991 15992 15993
f 15994 15995 15996
f 15997 15998 15999
f 16000 16001 16002
f 16003 16004 16005
f 16006 16007 16008
f 16009 16010 16011
f 16012 16013 16014
f 16015 16016 16017
f 16018 16019 16020
f 16021 16022 16023
f 16024 16025 16026
f 16027 16028 16029
f 16030 16031 16032
f 16033 16034 16035
f 16036 16037 16038
f 16039 16040 16041
f 16042 16043 16044
f 16045 16046 16047
f 16048 16049 16050
f 16051 16052 16053
f 16054 16055 16056
f 16057 16058 16059
f 16060 16061 16062
f 16063 16064 16065
f 16066 16067 16068
f 16069 16070 16071
f 16072 16073 16074
f 16075 16076 16077
f 16078 16079 16080
f 16081 16082 16083
f 16084 16085 16086
f 16087 16088 16089
f 16090 16091 16092
f 16093 16094 16095
f 16096 16097 16098
f 16099 16100 16101
f 16102 16103 16104
f 16105 16106 16107
f 16108 16109 16110
f 16111 16112 16113
f 16114 16115 16116
f 16117 16118 16119
f 16120 16121 16122
f 16123 16124 16125
f 16126 16127 16128
f 16129 16130 16131
f 16132 16133 16134
f 16135 16136 16137
f 16138 16139 16140
f 16141 16142 16143
f 16144 16145 16146
f 16147 16148 16149
f 16150 16151 16152
f 16153 16154 16155
f 16156 16157 16158
f 16159 16160 16161
f 16162 16163 16164
f 16165 16166 16167
f 16168 16169 16170
f 16171 16172 16173
f 16174 16175 16176
f 16177 16178 16179
f 16180 16181 16182
f 16183 16184 16185
f 16186 16187 16188
f 16189 16190 16191
f 16192 16193 16194
f 16195 16196 16197
f 16198 16199 16200
f 16201 16202 16203
f 16204 16205 16206
f 16207 16208 16209
f 16210 16211 16212
f 16213 16214 16215
f 16216 16217 16218
f 16219 16220 16221
f 16222 16223 16224
f 16225 16226 16227
f 16228 16229 16230
f 16231 16232 16233
f 16234 16235 16236
f 16237 16238 16239
f 16240 16241 16242
f 16243 16244 16245
f 16246 16247 16248
f 16249 16250 16251
f 16252 16253 16254
f 16255 16256 16257
f 16258 16259 16260
f 16261 16262 16263
f 16264 16265 16266
f 16267 16268 16269
f 16270 16271 16272
f 16273 16274 16275
f 16276 16277 16278
f 16279 16280 16281
f 16282 16283 16284
f 16285 16286 16287
f 16288 16289 16290
f 16291 16292 16293
f 16294 16295 16296
f 16297 16298 16299
f 16300 16301 16302
f 16303 16304 16305
f 16306 16307 16308
f 16309 16310 16311
f 16312 16313 16314
f 16315 16316 16317
f 16318 16319 16320
f 16321 16322 16323
f 16324 16325 16326
f 16327 16328 16329
f 16330 16331 16332
f 16333 16334 16335
f 16336 16337 16338
f 16339 16340 16341
f 16342 16343 16344
f 16345 16346 16347
f 16348 16349 16350
f 16351 16352 16353
f 16354 16355 16356
f 16357 16358 16359
f 16360 16361 16362
f 16363 16364 16365
f 16366 16367 16368
f 16369 16370 16371
f 16372 16373 16374
f 16375 16376 16377
f 16378 16379 16380
f 16381 16382 16383
f 16384 16385 16386
f 16387 16388 16389
f 16390 16391 16392
f 16393 16394 16395
f 16396 16397 16398
f 16399 16400 16401
f 16402 16403 16404
f 16405 16406 16407
f 16408 16409 16410
f 16411 16412 16413
f 16414 16415 16416
f 16417 16418 16419
f 16420 16421 16422
f 16423 16424 16425
f 16426 16427 16428
f 16429 16430 16431
f 16432 16433 16434
f 16435 16436 16437
f 16438 16439 16440
f 16441 16442 16443
f 16444 16445 16446
f 16447 16448 16449
f 16450 16451 16452
f 16453 16454 16455
f 16456 16457 16458
f 16459 16460 16461
f 16462 16463 16464
f 16465 16466 16467
f 16468 16469 16470
f 16471 16472 16473
f 16474 16475 16476
f 16477 16478 16479
f 16480 16481 16482
f 16483 16484 16485
f 16486 16487 16488
f 16489 16490 16491
f 16492 16493 16494
f 16495 16496 16497
f 16498 16499 16500
f 16501 16502 16503
f 16504 16505 16506
f 16507 16508 16509
f 16510 16511 16512
f 16513 16514 16515
f 16516 16517 16518
f 16519 16520 16521
f 16522 16523 16524
f 16525 16526 16527
f 16528 16529 16530
f 16531 16532 16533
f 16534 16535 16536
f 16537 16538 16539
f 16540 16541 16542
f 16543 16544 16545
f 16546 16547 16548
f 16549 16550 16551
f 16552 16553 16554
f 16555 16556 16557
f 16558 16559 16560
f 16561 16562 16563
f 16564 16565 16566
f 16567 16568 16569
f 16570 16571 16572
f 16573 16574 16575
f 16576 16577 16578
f 16579 16580 16581
f 16582 16583 16584
f 16585 16586 16587
f 16588 16589 16590
f 16591 16592 16593
f 16594 16595 16596
f 16597 16598 16599
f 16600 16601 16602
f 16603 16604 16605
f 16606 16607 16608
f 16609 16610 16611
f 16612 16613 16614
f 16615 16616 16617
f 16618 16619 16620
f 16621 16622 16623
f 16624 16625 16626
f 16627 16628 16629
f 16630 16631 16632
f 16633 16634 16635
f 16636 16637 16638
f 16639 16640 16641
f 16642 16643 16644
f 16645 16646 16647
f 16648 16649 16650
f 16651 16652 16653
f 16654 16655 16656
f 16657 16658 16659
f 16660 16661 16662
f 16663 16664 16665
f 16666 16667 16668
f 16669 16670 16671
f 16672 16673 16674
f 16675 16676 16677
f 16678 16679 16680
f 16681 16682 16683
f 16684 16685 16686
f 16687 16688 16689
f 16690 16691 16692
f 16693 16694 16695
f 16696 16697 16698
f 16699 16700 16701
f 16702 16703 16704
f 16705 16706 16707
f 16708 16709 16710
f 16711 16712 16713
f 16714 16715 16716
f 16717 16718 16719
f 16720 16721 16722
f 16723 16724 16725
f 16726 16727 16728
f 16729 16730 16731
f 16732 16733 16734
f 16735 16736 16737
f 16738 16739 16740
f 16741 16742 16743
f 16744 16745 16746
f 16747 16748 16749
f 16750 16751 16752
f 16753 16754 16755
f 16756 16757 16758
f 16759 16760 16761
f 16762 16763 16764
f 16765 16766 16767
f 16768 16769 16770
f 16771 16772 16773
f 16774 16775 16776
f 16777 16778 16779
f 16780 16781 16782
f 16783 16784 16785
f 16786 16787 16788
f 16789 16790 16791
f 16792 16793 16794
f 16795 16796 16797
f 16798 16799 16800
f 16801 16802 16803
f 16804 16805 16806
f 16807 16808 16809
f 16810 16811 16812
f 16813 16814 16815
f 16816 16817 16818
f 16819 16820 16821
f 16822 16823 16824
f 16825 16826 16827
f 16828 16829 16830
f 16831 16832 16833
f 16834 16835 16836
f 16837 16838 16839
f 16840 16841 16842
f 16843 16844 16845
f 16846 16847 16848
f 16849 16850 16851
f 16852 16853 16854
f 16855 16856 16857
f 16858 16859 16860
f 16861 16862 16863
f 16864 16865 16866
f 16867 16868 16869
f 16870 16871 16872
f 16873 16874 16875
f 16876 16877 16878
f 16879 16880 16881
f 16882 16883 16884
f 16885 16886 16887
f 16888 16889 16890
f 16891 16892 16893
f 16894 16895 16896
f 16897 16898 16899
f 16900 16901 16902
f 16903 16904 16905
f 16906 16907 16908
f 16909 16910 16911
f 16912 16913 16914
f 16915 16916 16917
f 16918 16919 16920
f 16921 16922 16923
f 16924 16925 16926
f 16927 16928 16929
f 16930 16931 16932
f 16933 16934 16935
f 16936 16937 16938
f 16939 16940 16941
f 16942 16943 16944
f 16945 16946 16947
f 16948 16949 16950
f 16951 16952 16953
f 16954 16955 16956
f 16957 16958 16959
f 16960 16961 16962
f 16963 16964 16965
f 16966 16967 16968
f 16969 16970 16971
f 16972 16973 16974
f 16975 16976 16977
f 16978 16979 16980
f 16981 16982 16983
f 16984 16985 16986
f 16987 16988 16989
f 16990 16991 16992
f 16993 16994 16995
f 16996 16997 16998
f 16999 17000 17001
f 17002 17003 17004
f 17005 17006 17007
f 17008 17009 17010
f 17011 17012 17013
f 17014 17015 17016
f 17017 17018 17019
f 17020 17021 17022
f 17023 17024 17025
f 17026 17027 17028
f 17029 17030 17031
f 17032 17033 17034
f 17035 17036 17037
f 17038 17039 17040
f 17041 17042 17043
f 17044 17045 17046
f 17047 17048 17049
f 17050 17051 17052
f 17053 17054 17055
f 17056 17057 17058
f 17059 17060 17061
f 17062 17063 17064
f 17065 17066 17067
f 17068 17069 17070
f 17071 17072 17073
f 17074 17075 17076
f 17077 17078 17079
f 17080 17081 17082
f 17083 17084 17085
f 17086 17087 17088
f 17089 17090 17091
f 17092 17093 17094
f 17095 17096 17097
f 17098 17099 17100
f 17101 17102 17103
f 17104 17105 17106
f 17107 17108 17109
f 17110 17111 17112
f 17113 17114 17115
f 17116 17117 17118
f 17119 17120 17121
f 17122 17123 17124
f 17125 17126 17127
f 17128 17129 17130
f 17131 17132 17133
f 17134 17135 17136
f 17137 17138 17139
f 17140 17141 17142
f 17143 17144 17145
f 17146 17147 17148
f 17149 17150 17151
f 17152 17153 17154
f 17155 17156 17157
f 17158 17159 17160
f 17161 17162 17163
f 17164 17165 17166
f 17167 17168 17169
f 17170 17171 17172
f 17173 17174 17175
f 17176 17177 17178
f 17179 17180 17181
f 17182 17183 17184
f 17185 17186 17187
f 17188 17189 17190
f 17191 17192 17193
f 17194 17195 17196
f 17197 17198 17199
f 17200 17201 17202
f 17203 17204 17205
f 17206 17207 17208
f 17209 17210 17211
f 17212 17213 17214
f 17215 17216 17217
f 17218 17219 17220
f 17221 17222 17223
f 17224 17225 17226
f 17227 17228 17229
f 17230 17231 17232
f 17233 17234 17235
f 17236 17237 17238
f 17239 17240 17241
f 17242 17243 17244
f 17245 17246 17247
f 17248 17249 17250
f 17251 17252 17253
f 17254 17255 17256
f 17257 17258 17259
f 17260 17261 17262
f 17263 17264 17265
f 17266 17267 17268
f 17269 17270 17271
f 17272 17273 17274
f 17275 17276 17277
f 17278 17279 17280
f 17281 17282 17283
f 17284 17285 17286
f 17287 17288 17289
f 17290 17291 17292
f 17293 17294 17295
f 17296 17297 17298
f 17299 17300 17301
f 17302 17303 17304
f 17305 17306 17307
f 17308 17309 17310
f 17311 17312 17313
f 17314 17315 17316
f 17317 17318 17319
f 17320 17321 17322
f 17323 17324 17325
f 17326 17327 17328
f 17329 17330 17331
f 17332 17333 17334
f 17335 17336 17337
f 17338 17339 17340
f 17341 17342 17343
f 17344 17345 17346
f 17347 17348 17349
f 17350 17351 17352
f 17353 17354 17355
f 17356 17357 17358
f 17359 17360 17361
f 17362 17363 17364
f 17365 17366 17367
f 17368 17369 17370
f 17371 17372 17373
f 17374 17375 17376
f 17377 17378 17379
f 17380 17381 17382
f 17383 17384 17385
f 17386 17387 17388
f 17389 17390 17391
f 17392 17393 17394
f 17395 17396 17397
f 17398 17399 17400
f 17401 17402 17403
f 17404 17405 17406
f 17407 17408 17409
f 17410 17411 17412
f 17413 17414 17415
f 17416 17417 17418
f 17419 17420 17421
f 17422 17423 17424
f 17425 17426 17427
f 17428 17429 17430
f 17431 17432 17433
f 17434 17435 17436
f 17437 17438 17439
f 17440 17441 17442
f 17443 17444 17445
f 17446 17447 17448
f 17449 17450 17451
f 17452 17453 17454
f 17455 17456 17457
f 17458 17459 17460
f 17461 17462 17463
f 17464 17465 17466
f 17467 17468 17469
f 17470 17471 17472
f 17473 17474 17475
f 17476 17477 17478
f 17479 17480 17481
f 17482 17483 17484
f 17485 17486 17487
f 17488 17489 17490
f 17491 17492 17493
f 17494 17495 17496
f 17497 17498 17499
f 17500 17501 17502
f 17503 17504 17505
f 17506 17507 17508
f 17509 17510 17511
f 17512 17513 17514
f 17515 17516 17517
f 17518 17519 17520
f 17521 17522 17523
f 17524 17525 17526
f 17527 17528 17529
f 17530 17531 17532
f 17533 17534 17535
f 17536 17537 17538
f 17539 17540 17541
f 17542 17543 17544
f 17545 17546 17547
f 17548 17549 17550
f 17551 17552 17553
f 17554 17555 17556
f 17557 17558 17559
f 17560 17561 17562
f 17563 17564 17565
f 17566 17567 17568
f 17569 17570 17571
f 17572 17573 17574
f 17575 17576 17577
f 17578 17579 17580
f 17581 17582 17583
f 17584 17585 17586
f 17587 17588 17589
f 17590 17591 17592
f 17593 17594 17595
f 17596 17597 17598
f 17599 17600 17601
f 17602 17603 17604
f 17605 17606 17607
f 17608 17609 17610
f 17611 17612 17613
f 17614 17615 17616
f 17617 17618 17619
f 17620 17621 17622
f 17623 17624 17625
f 17626 17627 17628
f 17629 17630 17631
f 17632 17633 17634
f 17635 17636 17637
f 17638 17639 17640
f 17641 17642 17643
f 17644 17645 17646
f 17647 17648 17649
f 17650 17651 17652
f 17653 17654 17655
f 17656 17657 17658
f 17659 17660 17661
f 17662 17663 17664
f 17665 17666 17667
f 17668 17669 17670
f 17671 17672 17673
f 17674 17675 17676
f 17677 17678 17679
f 17680 17681 17682
f 17683 17684 17685
f 17686 17687 17688
f 17689 17690 17691
f 17692 17693 17694
f 17695 17696 17697
f 17698 17699 17700
f 17701 17702 17703
f 17704 17705 17706
f 17707 17708 17709
f 17710 17711 17712
f 17713 17714 17715
f 17716 17717 17718
f 17719 17720 17721
f 17722 17723 17724
f 17725 17726 17727
f 17728 17729 17730
f 17731 17732 17733
f 17734 17735 17736
f 17737 17738 17739
f 17740 17741 17742
f 17743 17744 17745
f 17746 17747 17748
f 17749 17750 17751
f 17752 17753 17754
f 17755 17756 17757
f 17758 17759 17760
f 17761 17762 17763
f 17764 17765 17766
f 17767 17768 17769
f 17770 17771 17772
f 17773 17774 17775
f 17776 17777 17778
f 17779 17780 17781
f 17782 17783 17784
f 17785 17786 17787
f 17788 17789 17790
f 17791 17792 17793
f 17794 17795 17796
f 17797 17798 17799
f 17800 17801 17802
f 17803 17804 17805
f 17806 17807 17808
f 17809 17810 17811
f 17812 17813 17814
f 17815 17816 17817
f 17818 17819 17820
f 17821 17822 17823
f 17824 17825 17826
f 17827 17828 17829
f 17830 17831 17832
f 17833 17834 17835
f 17836 17837 17838
f 17839 17840 17841
f 17842 17843 17844
f 17845 17846 17847
f 17848 17849 17850
f 17851 17852 17853
f 17854 17855 17856
f 17857 17858 17859
f 17860 17861 17862
f 17863 17864 17865
f 17866 17867 17868
f 17869 17870 17871
f 17872 17873 17874
f 17875 17876 17877
f 17878 17879 17880
f 17881 17882 17883
f 17884 17885 17886
f 17887 17888 17889
f 17890 17891 17892
f 17893 17894 17895
f 17896 17897 17898
f 17899 17900 17901
f 17902 17903 17904
f 17905 17906 17907
f 17908 17909 17910
f 17911 17912 17913
f 17914 17915 17916
f 17917 17918 17919
f 17920 17921 17922
f 17923 17924 17925
f 17926 17927 17928
f 17929 17930 17931
f 17932 17933 17934
f 17935 17936 17937
f 17938 17939 17940
f 17941 17942 17943
f 17944 17945 17946
f 17947 17948 17949
f 17950 17951 17952
f 17953 17954 17955
f 17956 17957 17958
f 17959 17960 17961
f 17962 17963 17964
f 17965 17966 17967
f 17968 17969 17970
f 17971 17972 17973
f 17974 17975 17976
f 17977 17978 17979
f 17980 17981 17982
f 17983 17984 17985
f 17986 17987 17988
f 17989 17990 17991
f 17992 17993 17994
f 17995 17996 17997
f 17998 17999 18000
f 18001 18002 18003
f 18004 18005 18006
f 18007 18008 18009
f 18010 18011 18012
f 18013 18014 18015
f 18016 18017 18018
f 18019 18020 18021
f 18022 18023 18024
f 18025 18026 18027
f 18028 18029 18030
f 18031 18032 18033
f 18034 18035 18036
f 18037 18038 18039
f 18040 18041 18042
f 18043 18044 18045
f 18046 18047 18048
f 18049 18050 18051
f 18052 18053 18054
f 18055 18056 18057
f 18058 18059 18060
f 18061 18062 18063
f 18064 18065 18066
f 18067 18068 18069
f 18070 18071 18072
f 18073 18074 18075
f 18076 18077 18078
f 18079 18080 18081
f 18082 18083 18084
f 18085 18086 18087
f 18088 18089 18090
f 18091 18092 18093
f 18094 18095 18096
f 18097 18098 18099
f 18100 18101 18102
f 18103 18104 18105
f 18106 18107 18108
f 18109 18110 18111
f 18112 18113 18114
f 18115 18116 18117
f 18118 18119 18120
f 18121 18122 18123
f 18124 18125 18126
f 18127 18128 18129
f 18130 18131 18132
f 18133 18134 18135
f 18136 18137 18138
f 18139 18140 18141
f 18142 18143 18144
f 18145 18146 18147
f 18148 18149 18150
f 18151 18152 18153
f 18154 18155 18156
f 18157 18158 18159
f 18160 18161 18162
f 18163 18164 18165
f 18166 18167 18168
f 18169 18170 18171
f 18172 18173 18174
f 18175 18176 18177
f 18178 18179 18180
