# MATERIA - Pratone
# Geometria originale di studio. Unita mm. Non CAD del produttore.
v 700.0000 -25.5000 700.0000
v 700.0000 -256.5000 700.0000
v 700.0000 -25.5000 -700.0000
v 700.0000 -256.5000 700.0000
v 700.0000 -256.5000 -700.0000
v 700.0000 -25.5000 -700.0000
v -700.0000 -25.5000 -700.0000
v -700.0000 -256.5000 -700.0000
v -700.0000 -25.5000 700.0000
v -700.0000 -256.5000 -700.0000
v -700.0000 -256.5000 700.0000
v -700.0000 -25.5000 700.0000
v -700.0000 -25.5000 -700.0000
v -700.0000 -25.5000 700.0000
v 700.0000 -25.5000 -700.0000
v -700.0000 -25.5000 700.0000
v 700.0000 -25.5000 700.0000
v 700.0000 -25.5000 -700.0000
v -700.0000 -256.5000 700.0000
v -700.0000 -256.5000 -700.0000
v 700.0000 -256.5000 700.0000
v -700.0000 -256.5000 -700.0000
v 700.0000 -256.5000 -700.0000
v 700.0000 -256.5000 700.0000
v -700.0000 -25.5000 700.0000
v -700.0000 -256.5000 700.0000
v 700.0000 -25.5000 700.0000
v -700.0000 -256.5000 700.0000
v 700.0000 -256.5000 700.0000
v 700.0000 -25.5000 700.0000
v 700.0000 -25.5000 -700.0000
v 700.0000 -256.5000 -700.0000
v -700.0000 -25.5000 -700.0000
v 700.0000 -256.5000 -700.0000
v -700.0000 -256.5000 -700.0000
v -700.0000 -25.5000 -700.0000
v -586.0000 145.5000 -630.0000
v -586.0000 205.5148 -630.5731
v -608.0000 145.5003 -591.8949
v -586.0000 205.5148 -630.5731
v -608.0000 206.0860 -592.4723
v -608.0000 145.5003 -591.8949
v -608.0000 145.5003 -591.8949
v -608.0000 206.0860 -592.4723
v -652.0000 145.5003 -591.8949
v -608.0000 206.0860 -592.4723
v -652.0000 206.0860 -592.4723
v -652.0000 145.5003 -591.8949
v -652.0000 145.5003 -591.8949
v -652.0000 206.0860 -592.4723
v -674.0000 145.5000 -630.0000
v -652.0000 206.0860 -592.4723
v -674.0000 205.5148 -630.5731
v -674.0000 145.5000 -630.0000
v -674.0000 145.5000 -630.0000
v -674.0000 205.5148 -630.5731
v -652.0000 145.4997 -668.1051
v -674.0000 205.5148 -630.5731
v -652.0000 204.9435 -668.6740
v -652.0000 145.4997 -668.1051
v -652.0000 145.4997 -668.1051
v -652.0000 204.9435 -668.6740
v -608.0000 145.4997 -668.1051
v -652.0000 204.9435 -668.6740
v -608.0000 204.9435 -668.6740
v -608.0000 145.4997 -668.1051
v -608.0000 145.4997 -668.1051
v -608.0000 204.9435 -668.6740
v -586.0000 145.5000 -630.0000
v -608.0000 204.9435 -668.6740
v -586.0000 205.5148 -630.5731
v -586.0000 145.5000 -630.0000
v -586.0000 205.5148 -630.5731
v -586.0000 265.5280 -631.2032
v -608.0000 206.0860 -592.4723
v -586.0000 265.5280 -631.2032
v -608.0000 265.5915 -593.0981
v -608.0000 206.0860 -592.4723
v -608.0000 206.0860 -592.4723
v -608.0000 265.5915 -593.0981
v -652.0000 206.0860 -592.4723
v -608.0000 265.5915 -593.0981
v -652.0000 265.5915 -593.0981
v -652.0000 206.0860 -592.4723
v -652.0000 206.0860 -592.4723
v -652.0000 265.5915 -593.0981
v -674.0000 205.5148 -630.5731
v -652.0000 265.5915 -593.0981
v -674.0000 265.5280 -631.2032
v -674.0000 205.5148 -630.5731
v -674.0000 205.5148 -630.5731
v -674.0000 265.5280 -631.2032
v -652.0000 204.9435 -668.6740
v -674.0000 265.5280 -631.2032
v -652.0000 265.4645 -669.3083
v -652.0000 204.9435 -668.6740
v -652.0000 204.9435 -668.6740
v -652.0000 265.4645 -669.3083
v -608.0000 204.9435 -668.6740
v -652.0000 265.4645 -669.3083
v -608.0000 265.4645 -669.3083
v -608.0000 204.9435 -668.6740
v -608.0000 204.9435 -668.6740
v -608.0000 265.4645 -669.3083
v -586.0000 205.5148 -630.5731
v -608.0000 265.4645 -669.3083
v -586.0000 265.5280 -631.2032
v -586.0000 205.5148 -630.5731
v -586.0000 265.5280 -631.2032
v -586.0000 325.5405 -630.4895
v -608.0000 265.5915 -593.0981
v -586.0000 325.5405 -630.4895
v -608.0000 324.5513 -592.3972
v -608.0000 265.5915 -593.0981
v -608.0000 265.5915 -593.0981
v -608.0000 324.5513 -592.3972
v -652.0000 265.5915 -593.0981
v -608.0000 324.5513 -592.3972
v -652.0000 324.5513 -592.3972
v -652.0000 265.5915 -593.0981
v -652.0000 265.5915 -593.0981
v -652.0000 324.5513 -592.3972
v -674.0000 265.5280 -631.2032
v -652.0000 324.5513 -592.3972
v -674.0000 325.5405 -630.4895
v -674.0000 265.5280 -631.2032
v -674.0000 265.5280 -631.2032
v -674.0000 325.5405 -630.4895
v -652.0000 265.4645 -669.3083
v -674.0000 325.5405 -630.4895
v -652.0000 326.5297 -668.5818
v -652.0000 265.4645 -669.3083
v -652.0000 265.4645 -669.3083
v -652.0000 326.5297 -668.5818
v -608.0000 265.4645 -669.3083
v -652.0000 326.5297 -668.5818
v -608.0000 326.5297 -668.5818
v -608.0000 265.4645 -669.3083
v -608.0000 265.4645 -669.3083
v -608.0000 326.5297 -668.5818
v -586.0000 265.5280 -631.2032
v -608.0000 326.5297 -668.5818
v -586.0000 325.5405 -630.4895
v -586.0000 265.5280 -631.2032
v -586.0000 325.5405 -630.4895
v -586.0000 385.5092 -628.1909
v -608.0000 324.5513 -592.3972
v -586.0000 385.5092 -628.1909
v -608.0000 383.6655 -590.1304
v -608.0000 324.5513 -592.3972
v -608.0000 324.5513 -592.3972
v -608.0000 383.6655 -590.1304
v -652.0000 324.5513 -592.3972
v -608.0000 383.6655 -590.1304
v -652.0000 383.6655 -590.1304
v -652.0000 324.5513 -592.3972
v -652.0000 324.5513 -592.3972
v -652.0000 383.6655 -590.1304
v -674.0000 325.5405 -630.4895
v -652.0000 383.6655 -590.1304
v -674.0000 385.5092 -628.1909
v -674.0000 325.5405 -630.4895
v -674.0000 325.5405 -630.4895
v -674.0000 385.5092 -628.1909
v -652.0000 326.5297 -668.5818
v -674.0000 385.5092 -628.1909
v -652.0000 387.3528 -666.2514
v -652.0000 326.5297 -668.5818
v -652.0000 326.5297 -668.5818
v -652.0000 387.3528 -666.2514
v -608.0000 326.5297 -668.5818
v -652.0000 387.3528 -666.2514
v -608.0000 387.3528 -666.2514
v -608.0000 326.5297 -668.5818
v -608.0000 326.5297 -668.5818
v -608.0000 387.3528 -666.2514
v -586.0000 325.5405 -630.4895
v -608.0000 387.3528 -666.2514
v -586.0000 385.5092 -628.1909
v -586.0000 325.5405 -630.4895
v -586.0000 385.5092 -628.1909
v -586.0000 445.4396 -624.8903
v -608.0000 383.6655 -590.1304
v -586.0000 445.4396 -624.8903
v -608.0000 443.1355 -586.8549
v -608.0000 383.6655 -590.1304
v -608.0000 383.6655 -590.1304
v -608.0000 443.1355 -586.8549
v -652.0000 383.6655 -590.1304
v -608.0000 443.1355 -586.8549
v -652.0000 443.1355 -586.8549
v -652.0000 383.6655 -590.1304
v -652.0000 383.6655 -590.1304
v -652.0000 443.1355 -586.8549
v -674.0000 385.5092 -628.1909
v -652.0000 443.1355 -586.8549
v -674.0000 445.4396 -624.8903
v -674.0000 385.5092 -628.1909
v -674.0000 385.5092 -628.1909
v -674.0000 445.4396 -624.8903
v -652.0000 387.3528 -666.2514
v -674.0000 445.4396 -624.8903
v -652.0000 447.7437 -662.9256
v -652.0000 387.3528 -666.2514
v -652.0000 387.3528 -666.2514
v -652.0000 447.7437 -662.9256
v -608.0000 387.3528 -666.2514
v -652.0000 447.7437 -662.9256
v -608.0000 447.7437 -662.9256
v -608.0000 387.3528 -666.2514
v -608.0000 387.3528 -666.2514
v -608.0000 447.7437 -662.9256
v -586.0000 385.5092 -628.1909
v -608.0000 447.7437 -662.9256
v -586.0000 445.4396 -624.8903
v -586.0000 385.5092 -628.1909
v -586.0000 445.4396 -624.8903
v -586.0000 505.3324 -621.0303
v -608.0000 443.1355 -586.8549
v -586.0000 505.3324 -621.0303
v -608.0000 502.7581 -583.0123
v -608.0000 443.1355 -586.8549
v -608.0000 443.1355 -586.8549
v -608.0000 502.7581 -583.0123
v -652.0000 443.1355 -586.8549
v -608.0000 502.7581 -583.0123
v -652.0000 502.7581 -583.0123
v -652.0000 443.1355 -586.8549
v -652.0000 443.1355 -586.8549
v -652.0000 502.7581 -583.0123
v -674.0000 445.4396 -624.8903
v -652.0000 502.7581 -583.0123
v -674.0000 505.3324 -621.0303
v -674.0000 445.4396 -624.8903
v -674.0000 445.4396 -624.8903
v -674.0000 505.3324 -621.0303
v -652.0000 447.7437 -662.9256
v -674.0000 505.3324 -621.0303
v -652.0000 507.9067 -659.0484
v -652.0000 447.7437 -662.9256
v -652.0000 447.7437 -662.9256
v -652.0000 507.9067 -659.0484
v -608.0000 447.7437 -662.9256
v -652.0000 507.9067 -659.0484
v -608.0000 507.9067 -659.0484
v -608.0000 447.7437 -662.9256
v -608.0000 447.7437 -662.9256
v -608.0000 507.9067 -659.0484
v -586.0000 445.4396 -624.8903
v -608.0000 507.9067 -659.0484
v -586.0000 505.3324 -621.0303
v -586.0000 445.4396 -624.8903
v -586.0000 505.3324 -621.0303
v -586.0000 565.2053 -616.8376
v -608.0000 502.7581 -583.0123
v -586.0000 565.2053 -616.8376
v -608.0000 562.4705 -578.8308
v -608.0000 502.7581 -583.0123
v -608.0000 502.7581 -583.0123
v -608.0000 562.4705 -578.8308
v -652.0000 502.7581 -583.0123
v -608.0000 562.4705 -578.8308
v -652.0000 562.4705 -578.8308
v -652.0000 502.7581 -583.0123
v -652.0000 502.7581 -583.0123
v -652.0000 562.4705 -578.8308
v -674.0000 505.3324 -621.0303
v -652.0000 562.4705 -578.8308
v -674.0000 565.2053 -616.8376
v -674.0000 505.3324 -621.0303
v -674.0000 505.3324 -621.0303
v -674.0000 565.2053 -616.8376
v -652.0000 507.9067 -659.0484
v -674.0000 565.2053 -616.8376
v -652.0000 567.9401 -654.8445
v -652.0000 507.9067 -659.0484
v -652.0000 507.9067 -659.0484
v -652.0000 567.9401 -654.8445
v -608.0000 507.9067 -659.0484
v -652.0000 567.9401 -654.8445
v -608.0000 567.9401 -654.8445
v -608.0000 507.9067 -659.0484
v -608.0000 507.9067 -659.0484
v -608.0000 567.9401 -654.8445
v -586.0000 505.3324 -621.0303
v -608.0000 567.9401 -654.8445
v -586.0000 565.2053 -616.8376
v -586.0000 505.3324 -621.0303
v -586.0000 565.2053 -616.8376
v -586.0000 625.0628 -612.4547
v -608.0000 562.4705 -578.8308
v -586.0000 625.0628 -612.4547
v -608.0000 622.2430 -574.4540
v -608.0000 562.4705 -578.8308
v -608.0000 562.4705 -578.8308
v -608.0000 622.2430 -574.4540
v -652.0000 562.4705 -578.8308
v -608.0000 622.2430 -574.4540
v -652.0000 622.2430 -574.4540
v -652.0000 562.4705 -578.8308
v -652.0000 562.4705 -578.8308
v -652.0000 622.2430 -574.4540
v -674.0000 565.2053 -616.8376
v -652.0000 622.2430 -574.4540
v -674.0000 625.0628 -612.4547
v -674.0000 565.2053 -616.8376
v -674.0000 565.2053 -616.8376
v -674.0000 625.0628 -612.4547
v -652.0000 567.9401 -654.8445
v -674.0000 625.0628 -612.4547
v -652.0000 627.8826 -650.4553
v -652.0000 567.9401 -654.8445
v -652.0000 567.9401 -654.8445
v -652.0000 627.8826 -650.4553
v -608.0000 567.9401 -654.8445
v -652.0000 627.8826 -650.4553
v -608.0000 627.8826 -650.4553
v -608.0000 567.9401 -654.8445
v -608.0000 567.9401 -654.8445
v -608.0000 627.8826 -650.4553
v -586.0000 565.2053 -616.8376
v -608.0000 627.8826 -650.4553
v -586.0000 625.0628 -612.4547
v -586.0000 565.2053 -616.8376
v -586.0000 625.0628 -612.4547
v -586.0000 684.9152 -607.9864
v -608.0000 622.2430 -574.4540
v -586.0000 684.9152 -607.9864
v -608.0000 682.0708 -569.9875
v -608.0000 622.2430 -574.4540
v -608.0000 622.2430 -574.4540
v -608.0000 682.0708 -569.9875
v -652.0000 622.2430 -574.4540
v -608.0000 682.0708 -569.9875
v -652.0000 682.0708 -569.9875
v -652.0000 622.2430 -574.4540
v -652.0000 622.2430 -574.4540
v -652.0000 682.0708 -569.9875
v -674.0000 625.0628 -612.4547
v -652.0000 682.0708 -569.9875
v -674.0000 684.9152 -607.9864
v -674.0000 625.0628 -612.4547
v -674.0000 625.0628 -612.4547
v -674.0000 684.9152 -607.9864
v -652.0000 627.8826 -650.4553
v -674.0000 684.9152 -607.9864
v -652.0000 687.7596 -645.9852
v -652.0000 627.8826 -650.4553
v -652.0000 627.8826 -650.4553
v -652.0000 687.7596 -645.9852
v -608.0000 627.8826 -650.4553
v -652.0000 687.7596 -645.9852
v -608.0000 687.7596 -645.9852
v -608.0000 627.8826 -650.4553
v -608.0000 627.8826 -650.4553
v -608.0000 687.7596 -645.9852
v -586.0000 625.0628 -612.4547
v -608.0000 687.7596 -645.9852
v -586.0000 684.9152 -607.9864
v -586.0000 625.0628 -612.4547
v -586.0000 684.9152 -607.9864
v -586.0000 744.7672 -603.5239
v -608.0000 682.0708 -569.9875
v -586.0000 744.7672 -603.5239
v -608.0000 741.9547 -565.5227
v -608.0000 682.0708 -569.9875
v -608.0000 682.0708 -569.9875
v -608.0000 741.9547 -565.5227
v -652.0000 682.0708 -569.9875
v -608.0000 741.9547 -565.5227
v -652.0000 741.9547 -565.5227
v -652.0000 682.0708 -569.9875
v -652.0000 682.0708 -569.9875
v -652.0000 741.9547 -565.5227
v -674.0000 684.9152 -607.9864
v -652.0000 741.9547 -565.5227
v -674.0000 744.7672 -603.5239
v -674.0000 684.9152 -607.9864
v -674.0000 684.9152 -607.9864
v -674.0000 744.7672 -603.5239
v -652.0000 687.7596 -645.9852
v -674.0000 744.7672 -603.5239
v -652.0000 747.5796 -641.5250
v -652.0000 687.7596 -645.9852
v -652.0000 687.7596 -645.9852
v -652.0000 747.5796 -641.5250
v -608.0000 687.7596 -645.9852
v -652.0000 747.5796 -641.5250
v -608.0000 747.5796 -641.5250
v -608.0000 687.7596 -645.9852
v -608.0000 687.7596 -645.9852
v -608.0000 747.5796 -641.5250
v -586.0000 684.9152 -607.9864
v -608.0000 747.5796 -641.5250
v -586.0000 744.7672 -603.5239
v -586.0000 684.9152 -607.9864
v -586.0000 744.7672 -603.5239
v -586.0000 804.6275 -599.1588
v -608.0000 741.9547 -565.5227
v -586.0000 804.6275 -599.1588
v -608.0000 801.9087 -561.1508
v -608.0000 741.9547 -565.5227
v -608.0000 741.9547 -565.5227
v -608.0000 801.9087 -561.1508
v -652.0000 741.9547 -565.5227
v -608.0000 801.9087 -561.1508
v -652.0000 801.9087 -561.1508
v -652.0000 741.9547 -565.5227
v -652.0000 741.9547 -565.5227
v -652.0000 801.9087 -561.1508
v -674.0000 744.7672 -603.5239
v -652.0000 801.9087 -561.1508
v -674.0000 804.6275 -599.1588
v -674.0000 744.7672 -603.5239
v -674.0000 744.7672 -603.5239
v -674.0000 804.6275 -599.1588
v -652.0000 747.5796 -641.5250
v -674.0000 804.6275 -599.1588
v -652.0000 807.3464 -637.1669
v -652.0000 747.5796 -641.5250
v -652.0000 747.5796 -641.5250
v -652.0000 807.3464 -637.1669
v -608.0000 747.5796 -641.5250
v -652.0000 807.3464 -637.1669
v -608.0000 807.3464 -637.1669
v -608.0000 747.5796 -641.5250
v -608.0000 747.5796 -641.5250
v -608.0000 807.3464 -637.1669
v -586.0000 744.7672 -603.5239
v -608.0000 807.3464 -637.1669
v -586.0000 804.6275 -599.1588
v -586.0000 744.7672 -603.5239
v -586.0000 804.6275 -599.1588
v -586.0000 864.5000 -595.0000
v -608.0000 801.9087 -561.1508
v -586.0000 864.5000 -595.0000
v -608.0000 861.9530 -556.9801
v -608.0000 801.9087 -561.1508
v -608.0000 801.9087 -561.1508
v -608.0000 861.9530 -556.9801
v -652.0000 801.9087 -561.1508
v -608.0000 861.9530 -556.9801
v -652.0000 861.9530 -556.9801
v -652.0000 801.9087 -561.1508
v -652.0000 801.9087 -561.1508
v -652.0000 861.9530 -556.9801
v -674.0000 804.6275 -599.1588
v -652.0000 861.9530 -556.9801
v -674.0000 864.5000 -595.0000
v -674.0000 804.6275 -599.1588
v -674.0000 804.6275 -599.1588
v -674.0000 864.5000 -595.0000
v -652.0000 807.3464 -637.1669
v -674.0000 864.5000 -595.0000
v -652.0000 867.0470 -633.0199
v -652.0000 807.3464 -637.1669
v -652.0000 807.3464 -637.1669
v -652.0000 867.0470 -633.0199
v -608.0000 807.3464 -637.1669
v -652.0000 867.0470 -633.0199
v -608.0000 867.0470 -633.0199
v -608.0000 807.3464 -637.1669
v -608.0000 807.3464 -637.1669
v -608.0000 867.0470 -633.0199
v -586.0000 804.6275 -599.1588
v -608.0000 867.0470 -633.0199
v -586.0000 864.5000 -595.0000
v -586.0000 804.6275 -599.1588
v -630.0000 316.5002 -334.0000
v -630.4846 376.8712 -334.3111
v -668.1051 316.4998 -356.0000
v -630.4846 376.8712 -334.3111
v -668.5855 376.2123 -356.3084
v -668.1051 316.4998 -356.0000
v -668.1051 316.4998 -356.0000
v -668.5855 376.2123 -356.3084
v -668.1051 316.4996 -400.0000
v -668.5855 376.2123 -356.3084
v -668.5833 375.8559 -400.3070
v -668.1051 316.4996 -400.0000
v -668.1051 316.4996 -400.0000
v -668.5833 375.8559 -400.3070
v -630.0000 316.4998 -422.0000
v -668.5833 375.8559 -400.3070
v -630.4800 376.1584 -422.3082
v -630.0000 316.4998 -422.0000
v -630.0000 316.4998 -422.0000
v -630.4800 376.1584 -422.3082
v -591.8949 316.5002 -400.0000
v -630.4800 376.1584 -422.3082
v -592.3791 376.8173 -400.3109
v -591.8949 316.5002 -400.0000
v -591.8949 316.5002 -400.0000
v -592.3791 376.8173 -400.3109
v -591.8949 316.5004 -356.0000
v -592.3791 376.8173 -400.3109
v -592.3813 377.1736 -356.3123
v -591.8949 316.5004 -356.0000
v -591.8949 316.5004 -356.0000
v -592.3813 377.1736 -356.3123
v -630.0000 316.5002 -334.0000
v -592.3813 377.1736 -356.3123
v -630.4846 376.8712 -334.3111
v -630.0000 316.5002 -334.0000
v -630.4846 376.8712 -334.3111
v -631.0125 436.5676 -334.6501
v -668.5855 376.2123 -356.3084
v -631.0125 436.5676 -334.6501
v -669.1176 436.4944 -356.6501
v -668.5855 376.2123 -356.3084
v -668.5855 376.2123 -356.3084
v -669.1176 436.4944 -356.6501
v -668.5833 375.8559 -400.3070
v -669.1176 436.4944 -356.6501
v -669.1175 436.4547 -400.6501
v -668.5833 375.8559 -400.3070
v -668.5833 375.8559 -400.3070
v -669.1175 436.4547 -400.6501
v -630.4800 376.1584 -422.3082
v -669.1175 436.4547 -400.6501
v -631.0125 436.4884 -422.6501
v -630.4800 376.1584 -422.3082
v -630.4800 376.1584 -422.3082
v -631.0125 436.4884 -422.6501
v -592.3791 376.8173 -400.3109
v -631.0125 436.4884 -422.6501
v -592.9073 436.5616 -400.6501
v -592.3791 376.8173 -400.3109
v -592.3791 376.8173 -400.3109
v -592.9073 436.5616 -400.6501
v -592.3813 377.1736 -356.3123
v -592.9073 436.5616 -400.6501
v -592.9074 436.6012 -356.6501
v -592.3813 377.1736 -356.3123
v -592.3813 377.1736 -356.3123
v -592.9074 436.6012 -356.6501
v -630.4846 376.8712 -334.3111
v -592.9074 436.6012 -356.6501
v -631.0125 436.5676 -334.6501
v -630.4846 376.8712 -334.3111
v -631.0125 436.5676 -334.6501
v -630.4186 495.9233 -334.2688
v -669.1176 436.4944 -356.6501
v -630.4186 495.9233 -334.2688
v -668.5113 497.0643 -356.2608
v -669.1176 436.4944 -356.6501
v -669.1176 436.4944 -356.6501
v -668.5113 497.0643 -356.2608
v -669.1175 436.4547 -400.6501
v -668.5113 497.0643 -356.2608
v -668.5046 497.6814 -400.2565
v -669.1175 436.4547 -400.6501
v -669.1175 436.4547 -400.6501
v -668.5046 497.6814 -400.2565
v -631.0125 436.4884 -422.6501
v -668.5046 497.6814 -400.2565
v -630.4052 497.1576 -422.2602
v -631.0125 436.4884 -422.6501
v -631.0125 436.4884 -422.6501
v -630.4052 497.1576 -422.2602
v -592.9073 436.5616 -400.6501
v -630.4052 497.1576 -422.2602
v -592.3125 496.0166 -400.2682
v -592.9073 436.5616 -400.6501
v -592.9073 436.5616 -400.6501
v -592.3125 496.0166 -400.2682
v -592.9074 436.6012 -356.6501
v -592.3125 496.0166 -400.2682
v -592.3193 495.3995 -356.2725
v -592.9074 436.6012 -356.6501
v -592.9074 436.6012 -356.6501
v -592.3193 495.3995 -356.2725
v -631.0125 436.5676 -334.6501
v -592.3193 495.3995 -356.2725
v -630.4186 495.9233 -334.2688
v -631.0125 436.5676 -334.6501
v -630.4186 495.9233 -334.2688
v -628.5012 555.3589 -333.0376
v -668.5113 497.0643 -356.2608
v -628.5012 555.3589 -333.0376
v -666.5629 557.4854 -355.0098
v -668.5113 497.0643 -356.2608
v -668.5113 497.0643 -356.2608
v -666.5629 557.4854 -355.0098
v -668.5046 497.6814 -400.2565
v -666.5629 557.4854 -355.0098
v -666.5395 558.6356 -398.9948
v -668.5046 497.6814 -400.2565
v -668.5046 497.6814 -400.2565
v -666.5395 558.6356 -398.9948
v -630.4052 497.1576 -422.2602
v -666.5395 558.6356 -398.9948
v -628.4543 557.6594 -421.0075
v -630.4052 497.1576 -422.2602
v -630.4052 497.1576 -422.2602
v -628.4543 557.6594 -421.0075
v -592.3125 496.0166 -400.2682
v -628.4543 557.6594 -421.0075
v -590.3925 555.5329 -399.0353
v -592.3125 496.0166 -400.2682
v -592.3125 496.0166 -400.2682
v -590.3925 555.5329 -399.0353
v -592.3193 495.3995 -356.2725
v -590.3925 555.5329 -399.0353
v -590.4159 554.3827 -355.0504
v -592.3193 495.3995 -356.2725
v -592.3193 495.3995 -356.2725
v -590.4159 554.3827 -355.0504
v -630.4186 495.9233 -334.2688
v -590.4159 554.3827 -355.0504
v -628.5012 555.3589 -333.0376
v -630.4186 495.9233 -334.2688
v -628.5012 555.3589 -333.0376
v -625.7369 615.0021 -331.2627
v -666.5629 557.4854 -355.0098
v -625.7369 615.0021 -331.2627
v -663.7744 617.6597 -353.2192
v -666.5629 557.4854 -355.0098
v -666.5629 557.4854 -355.0098
v -663.7744 617.6597 -353.2192
v -666.5395 558.6356 -398.9948
v -663.7744 617.6597 -353.2192
v -663.7377 619.0972 -397.1957
v -666.5395 558.6356 -398.9948
v -666.5395 558.6356 -398.9948
v -663.7377 619.0972 -397.1957
v -628.4543 557.6594 -421.0075
v -663.7377 619.0972 -397.1957
v -625.6637 617.8771 -419.2157
v -628.4543 557.6594 -421.0075
v -628.4543 557.6594 -421.0075
v -625.6637 617.8771 -419.2157
v -590.3925 555.5329 -399.0353
v -625.6637 617.8771 -419.2157
v -587.6262 615.2195 -397.2591
v -590.3925 555.5329 -399.0353
v -590.3925 555.5329 -399.0353
v -587.6262 615.2195 -397.2591
v -590.4159 554.3827 -355.0504
v -587.6262 615.2195 -397.2591
v -587.6628 613.7820 -353.2826
v -590.4159 554.3827 -355.0504
v -590.4159 554.3827 -355.0504
v -587.6628 613.7820 -353.2826
v -628.5012 555.3589 -333.0376
v -587.6628 613.7820 -353.2826
v -625.7369 615.0021 -331.2627
v -628.5012 555.3589 -333.0376
v -625.7369 615.0021 -331.2627
v -622.4980 674.7263 -329.1830
v -663.7744 617.6597 -353.2192
v -622.4980 674.7263 -329.1830
v -660.5186 677.6956 -351.1288
v -663.7744 617.6597 -353.2192
v -663.7744 617.6597 -353.2192
v -660.5186 677.6956 -351.1288
v -663.7377 619.0972 -397.1957
v -660.5186 677.6956 -351.1288
v -660.4729 679.3016 -395.0994
v -663.7377 619.0972 -397.1957
v -663.7377 619.0972 -397.1957
v -660.4729 679.3016 -395.0994
v -625.6637 617.8771 -419.2157
v -660.4729 679.3016 -395.0994
v -622.4066 677.9385 -417.1243
v -625.6637 617.8771 -419.2157
v -625.6637 617.8771 -419.2157
v -622.4066 677.9385 -417.1243
v -587.6262 615.2195 -397.2591
v -622.4066 677.9385 -417.1243
v -584.3860 674.9692 -395.1786
v -587.6262 615.2195 -397.2591
v -587.6262 615.2195 -397.2591
v -584.3860 674.9692 -395.1786
v -587.6628 613.7820 -353.2826
v -584.3860 674.9692 -395.1786
v -584.4317 673.3632 -351.2079
v -587.6628 613.7820 -353.2826
v -587.6628 613.7820 -353.2826
v -584.4317 673.3632 -351.2079
v -625.7369 615.0021 -331.2627
v -584.4317 673.3632 -351.2079
v -622.4980 674.7263 -329.1830
v -625.7369 615.0021 -331.2627
v -622.4980 674.7263 -329.1830
v -618.9759 734.4991 -326.9215
v -660.5186 677.6956 -351.1288
v -618.9759 734.4991 -326.9215
v -656.9856 737.6534 -348.8603
v -660.5186 677.6956 -351.1288
v -660.5186 677.6956 -351.1288
v -656.9856 737.6534 -348.8603
v -660.4729 679.3016 -395.0994
v -656.9856 737.6534 -348.8603
v -656.9340 739.3596 -392.8271
v -660.4729 679.3016 -395.0994
v -660.4729 679.3016 -395.0994
v -656.9340 739.3596 -392.8271
v -622.4066 677.9385 -417.1243
v -656.9340 739.3596 -392.8271
v -618.8727 737.9114 -414.8552
v -622.4066 677.9385 -417.1243
v -622.4066 677.9385 -417.1243
v -618.8727 737.9114 -414.8552
v -584.3860 674.9692 -395.1786
v -618.8727 737.9114 -414.8552
v -580.8629 734.7571 -392.9165
v -584.3860 674.9692 -395.1786
v -584.3860 674.9692 -395.1786
v -580.8629 734.7571 -392.9165
v -584.4317 673.3632 -351.2079
v -580.8629 734.7571 -392.9165
v -580.9146 733.0510 -348.9496
v -584.4317 673.3632 -351.2079
v -584.4317 673.3632 -351.2079
v -580.9146 733.0510 -348.9496
v -622.4980 674.7263 -329.1830
v -580.9146 733.0510 -348.9496
v -618.9759 734.4991 -326.9215
v -622.4980 674.7263 -329.1830
v -618.9759 734.4991 -326.9215
v -615.2910 794.3036 -324.5554
v -656.9856 737.6534 -348.8603
v -615.2910 794.3036 -324.5554
v -653.2947 797.5560 -346.4903
v -656.9856 737.6534 -348.8603
v -656.9856 737.6534 -348.8603
v -653.2947 797.5560 -346.4903
v -656.9340 739.3596 -392.8271
v -653.2947 797.5560 -346.4903
v -653.2398 799.3152 -390.4551
v -656.9340 739.3596 -392.8271
v -656.9340 739.3596 -392.8271
v -653.2398 799.3152 -390.4551
v -618.8727 737.9114 -414.8552
v -653.2398 799.3152 -390.4551
v -615.1813 797.8221 -412.4850
v -618.8727 737.9114 -414.8552
v -618.8727 737.9114 -414.8552
v -615.1813 797.8221 -412.4850
v -580.8629 734.7571 -392.9165
v -615.1813 797.8221 -412.4850
v -577.1776 794.5696 -390.5501
v -580.8629 734.7571 -392.9165
v -580.8629 734.7571 -392.9165
v -577.1776 794.5696 -390.5501
v -580.9146 733.0510 -348.9496
v -577.1776 794.5696 -390.5501
v -577.2324 792.8104 -346.5853
v -580.9146 733.0510 -348.9496
v -580.9146 733.0510 -348.9496
v -577.2324 792.8104 -346.5853
v -618.9759 734.4991 -326.9215
v -577.2324 792.8104 -346.5853
v -615.2910 794.3036 -324.5554
v -618.9759 734.4991 -326.9215
v -615.2910 794.3036 -324.5554
v -611.5320 854.1406 -322.1418
v -653.2947 797.5560 -346.4903
v -611.5320 854.1406 -322.1418
v -649.5339 857.4214 -344.0756
v -653.2947 797.5560 -346.4903
v -653.2947 797.5560 -346.4903
v -649.5339 857.4214 -344.0756
v -653.2398 799.3152 -390.4551
v -649.5339 857.4214 -344.0756
v -649.4781 859.1960 -388.0397
v -653.2398 799.3152 -390.4551
v -653.2398 799.3152 -390.4551
v -649.4781 859.1960 -388.0397
v -615.1813 797.8221 -412.4850
v -649.4781 859.1960 -388.0397
v -611.4203 857.6898 -410.0702
v -615.1813 797.8221 -412.4850
v -615.1813 797.8221 -412.4850
v -611.4203 857.6898 -410.0702
v -577.1776 794.5696 -390.5501
v -611.4203 857.6898 -410.0702
v -573.4184 854.4090 -388.1364
v -577.1776 794.5696 -390.5501
v -577.1776 794.5696 -390.5501
v -573.4184 854.4090 -388.1364
v -577.2324 792.8104 -346.5853
v -573.4184 854.4090 -388.1364
v -573.4742 852.6344 -344.1722
v -577.2324 792.8104 -346.5853
v -577.2324 792.8104 -346.5853
v -573.4742 852.6344 -344.1722
v -615.2910 794.3036 -324.5554
v -573.4742 852.6344 -344.1722
v -611.5320 854.1406 -322.1418
v -615.2910 794.3036 -324.5554
v -611.5320 854.1406 -322.1418
v -607.7756 914.0125 -319.7299
v -649.5339 857.4214 -344.0756
v -607.7756 914.0125 -319.7299
v -645.7799 917.2564 -341.6652
v -649.5339 857.4214 -344.0756
v -649.5339 857.4214 -344.0756
v -645.7799 917.2564 -341.6652
v -649.4781 859.1960 -388.0397
v -645.7799 917.2564 -341.6652
v -645.7253 919.0110 -385.6301
v -649.4781 859.1960 -388.0397
v -649.4781 859.1960 -388.0397
v -645.7253 919.0110 -385.6301
v -611.4203 857.6898 -410.0702
v -645.7253 919.0110 -385.6301
v -607.6666 917.5218 -407.6599
v -611.4203 857.6898 -410.0702
v -611.4203 857.6898 -410.0702
v -607.6666 917.5218 -407.6599
v -573.4184 854.4090 -388.1364
v -607.6666 917.5218 -407.6599
v -569.6623 914.2778 -385.7246
v -573.4184 854.4090 -388.1364
v -573.4184 854.4090 -388.1364
v -569.6623 914.2778 -385.7246
v -573.4742 852.6344 -344.1722
v -569.6623 914.2778 -385.7246
v -569.7169 912.5232 -341.7596
v -573.4742 852.6344 -344.1722
v -573.4742 852.6344 -344.1722
v -569.7169 912.5232 -341.7596
v -611.5320 854.1406 -322.1418
v -569.7169 912.5232 -341.7596
v -607.7756 914.0125 -319.7299
v -611.5320 854.1406 -322.1418
v -607.7756 914.0125 -319.7299
v -604.0991 973.9313 -317.3692
v -645.7799 917.2564 -341.6652
v -604.0991 973.9313 -317.3692
v -642.1099 977.0672 -339.3087
v -645.7799 917.2564 -341.6652
v -645.7799 917.2564 -341.6652
v -642.1099 977.0672 -339.3087
v -645.7253 919.0110 -385.6301
v -642.1099 977.0672 -339.3087
v -642.0589 978.7635 -383.2759
v -645.7253 919.0110 -385.6301
v -645.7253 919.0110 -385.6301
v -642.0589 978.7635 -383.2759
v -607.6666 917.5218 -407.6599
v -642.0589 978.7635 -383.2759
v -603.9971 977.3238 -405.3037
v -607.6666 917.5218 -407.6599
v -607.6666 917.5218 -407.6599
v -603.9971 977.3238 -405.3037
v -569.6623 914.2778 -385.7246
v -603.9971 977.3238 -405.3037
v -565.9862 974.1878 -383.3642
v -569.6623 914.2778 -385.7246
v -569.6623 914.2778 -385.7246
v -565.9862 974.1878 -383.3642
v -569.7169 912.5232 -341.7596
v -565.9862 974.1878 -383.3642
v -566.0372 972.4916 -339.3970
v -569.7169 912.5232 -341.7596
v -569.7169 912.5232 -341.7596
v -566.0372 972.4916 -339.3970
v -607.7756 914.0125 -319.7299
v -566.0372 972.4916 -339.3970
v -604.0991 973.9313 -317.3692
v -607.7756 914.0125 -319.7299
v -604.0991 973.9313 -317.3692
v -600.5933 1033.9109 -315.1181
v -642.1099 977.0672 -339.3087
v -600.5933 1033.9109 -315.1181
v -638.6157 1036.8487 -337.0650
v -642.1099 977.0672 -339.3087
v -642.1099 977.0672 -339.3087
v -638.6157 1036.8487 -337.0650
v -642.0589 978.7635 -383.2759
v -638.6157 1036.8487 -337.0650
v -638.5709 1038.4377 -381.0363
v -642.0589 978.7635 -383.2759
v -642.0589 978.7635 -383.2759
v -638.5709 1038.4377 -381.0363
v -603.9971 977.3238 -405.3037
v -638.5709 1038.4377 -381.0363
v -600.5038 1037.0891 -403.0607
v -603.9971 977.3238 -405.3037
v -603.9971 977.3238 -405.3037
v -600.5038 1037.0891 -403.0607
v -565.9862 974.1878 -383.3642
v -600.5038 1037.0891 -403.0607
v -562.4814 1034.1513 -381.1138
v -565.9862 974.1878 -383.3642
v -565.9862 974.1878 -383.3642
v -562.4814 1034.1513 -381.1138
v -566.0372 972.4916 -339.3970
v -562.4814 1034.1513 -381.1138
v -562.5261 1032.5623 -337.1425
v -566.0372 972.4916 -339.3970
v -566.0372 972.4916 -339.3970
v -562.5261 1032.5623 -337.1425
v -604.0991 973.9313 -317.3692
v -562.5261 1032.5623 -337.1425
v -600.5933 1033.9109 -315.1181
v -604.0991 973.9313 -317.3692
v -630.0000 487.4998 -82.0000
v -630.5193 547.2403 -81.7623
v -668.1051 487.4996 -104.0000
v -630.5193 547.2403 -81.7623
v -668.6218 546.8581 -103.7635
v -668.1051 487.4996 -104.0000
v -668.1051 487.4996 -104.0000
v -668.6218 546.8581 -103.7635
v -668.1051 487.4998 -148.0000
v -668.6218 546.8581 -103.7635
v -668.6237 547.1326 -147.7627
v -668.1051 487.4998 -148.0000
v -668.1051 487.4998 -148.0000
v -668.6237 547.1326 -147.7627
v -630.0000 487.5002 -170.0000
v -668.6237 547.1326 -147.7627
v -630.5230 547.7892 -169.7606
v -630.0000 487.5002 -170.0000
v -630.0000 487.5002 -170.0000
v -630.5230 547.7892 -169.7606
v -591.8949 487.5004 -148.0000
v -630.5230 547.7892 -169.7606
v -592.4205 548.1714 -147.7594
v -591.8949 487.5004 -148.0000
v -591.8949 487.5004 -148.0000
v -592.4205 548.1714 -147.7594
v -591.8949 487.5002 -104.0000
v -592.4205 548.1714 -147.7594
v -592.4186 547.8969 -103.7603
v -591.8949 487.5002 -104.0000
v -591.8949 487.5002 -104.0000
v -592.4186 547.8969 -103.7603
v -630.0000 487.4998 -82.0000
v -592.4186 547.8969 -103.7603
v -630.5193 547.2403 -81.7623
v -630.0000 487.4998 -82.0000
v -630.5193 547.2403 -81.7623
v -631.0941 607.4975 -81.4993
v -668.6218 546.8581 -103.7635
v -631.0941 607.4975 -81.4993
v -669.1992 607.4550 -103.4993
v -668.6218 546.8581 -103.7635
v -668.6218 546.8581 -103.7635
v -669.1992 607.4550 -103.4993
v -668.6237 547.1326 -147.7627
v -669.1992 607.4550 -103.4993
v -669.1992 607.4855 -147.4993
v -668.6237 547.1326 -147.7627
v -668.6237 547.1326 -147.7627
v -669.1992 607.4855 -147.4993
v -630.5230 547.7892 -169.7606
v -669.1992 607.4855 -147.4993
v -631.0941 607.5585 -169.4993
v -630.5230 547.7892 -169.7606
v -630.5230 547.7892 -169.7606
v -631.0941 607.5585 -169.4993
v -592.4205 548.1714 -147.7594
v -631.0941 607.5585 -169.4993
v -592.9890 607.6010 -147.4993
v -592.4205 548.1714 -147.7594
v -592.4205 548.1714 -147.7594
v -592.9890 607.6010 -147.4993
v -592.4186 547.8969 -103.7603
v -592.9890 607.6010 -147.4993
v -592.9890 607.5705 -103.4993
v -592.4186 547.8969 -103.7603
v -592.4186 547.8969 -103.7603
v -592.9890 607.5705 -103.4993
v -630.5193 547.2403 -81.7623
v -592.9890 607.5705 -103.4993
v -631.0941 607.4975 -81.4993
v -630.5193 547.2403 -81.7623
v -631.0941 607.4975 -81.4993
v -630.4395 668.0158 -81.7989
v -669.1992 607.4550 -103.4993
v -630.4395 668.0158 -81.7989
v -668.5368 668.6776 -103.8024
v -669.1992 607.4550 -103.4993
v -669.1992 607.4550 -103.4993
v -668.5368 668.6776 -103.8024
v -669.1992 607.4855 -147.4993
v -668.5368 668.6776 -103.8024
v -668.5424 668.2023 -147.7999
v -669.1992 607.4855 -147.4993
v -669.1992 607.4855 -147.4993
v -668.5424 668.2023 -147.7999
v -631.0941 607.5585 -169.4993
v -668.5424 668.2023 -147.7999
v -630.4507 667.0651 -169.7937
v -631.0941 607.5585 -169.4993
v -631.0941 607.5585 -169.4993
v -630.4507 667.0651 -169.7937
v -592.9890 607.6010 -147.4993
v -630.4507 667.0651 -169.7937
v -592.3535 666.4033 -147.7901
v -592.9890 607.6010 -147.4993
v -592.9890 607.6010 -147.4993
v -592.3535 666.4033 -147.7901
v -592.9890 607.5705 -103.4993
v -592.3535 666.4033 -147.7901
v -592.3478 666.8786 -103.7927
v -592.9890 607.5705 -103.4993
v -592.9890 607.5705 -103.4993
v -592.3478 666.8786 -103.7927
v -631.0941 607.4975 -81.4993
v -592.3478 666.8786 -103.7927
v -630.4395 668.0158 -81.7989
v -631.0941 607.4975 -81.4993
v -630.4395 668.0158 -81.7989
v -628.3355 728.3951 -82.7618
v -668.5368 668.6776 -103.8024
v -628.3355 728.3951 -82.7618
v -666.4135 729.6285 -104.7742
v -668.5368 668.6776 -103.8024
v -668.5368 668.6776 -103.8024
v -666.4135 729.6285 -104.7742
v -668.5424 668.2023 -147.7999
v -666.4135 729.6285 -104.7742
v -666.4330 728.7426 -148.7653
v -668.5424 668.2023 -147.7999
v -668.5424 668.2023 -147.7999
v -666.4330 728.7426 -148.7653
v -630.4507 667.0651 -169.7937
v -666.4330 728.7426 -148.7653
v -628.3745 726.6232 -170.7439
v -630.4507 667.0651 -169.7937
v -630.4507 667.0651 -169.7937
v -628.3745 726.6232 -170.7439
v -592.3535 666.4033 -147.7901
v -628.3745 726.6232 -170.7439
v -590.2966 725.3898 -148.7315
v -592.3535 666.4033 -147.7901
v -592.3535 666.4033 -147.7901
v -590.2966 725.3898 -148.7315
v -592.3478 666.8786 -103.7927
v -590.2966 725.3898 -148.7315
v -590.2770 726.2757 -104.7404
v -592.3478 666.8786 -103.7927
v -592.3478 666.8786 -103.7927
v -590.2770 726.2757 -104.7404
v -630.4395 668.0158 -81.7989
v -590.2770 726.2757 -104.7404
v -628.3355 728.3951 -82.7618
v -630.4395 668.0158 -81.7989
v -628.3355 728.3951 -82.7618
v -625.3232 788.5468 -84.1404
v -666.4135 729.6285 -104.7742
v -625.3232 788.5468 -84.1404
v -663.3859 790.0883 -106.1598
v -666.4135 729.6285 -104.7742
v -666.4135 729.6285 -104.7742
v -663.3859 790.0883 -106.1598
v -666.4330 728.7426 -148.7653
v -663.3859 790.0883 -106.1598
v -663.4164 788.9811 -150.1458
v -666.4330 728.7426 -148.7653
v -666.4330 728.7426 -148.7653
v -663.4164 788.9811 -150.1458
v -628.3745 726.6232 -170.7439
v -663.4164 788.9811 -150.1458
v -625.3842 786.3325 -172.1125
v -628.3745 726.6232 -170.7439
v -628.3745 726.6232 -170.7439
v -625.3842 786.3325 -172.1125
v -590.2966 725.3898 -148.7315
v -625.3842 786.3325 -172.1125
v -587.3215 784.7909 -150.0931
v -590.2966 725.3898 -148.7315
v -590.2966 725.3898 -148.7315
v -587.3215 784.7909 -150.0931
v -590.2770 726.2757 -104.7404
v -587.3215 784.7909 -150.0931
v -587.2910 785.8981 -106.1070
v -590.2770 726.2757 -104.7404
v -590.2770 726.2757 -104.7404
v -587.2910 785.8981 -106.1070
v -628.3355 728.3951 -82.7618
v -587.2910 785.8981 -106.1070
v -625.3232 788.5468 -84.1404
v -628.3355 728.3951 -82.7618
v -625.3232 788.5468 -84.1404
v -621.8059 848.5695 -85.7501
v -663.3859 790.0883 -106.1598
v -621.8059 848.5695 -85.7501
v -659.8580 850.2917 -107.7743
v -663.3859 790.0883 -106.1598
v -663.3859 790.0883 -106.1598
v -659.8580 850.2917 -107.7743
v -663.4164 788.9811 -150.1458
v -659.8580 850.2917 -107.7743
v -659.8961 849.0547 -151.7569
v -663.4164 788.9811 -150.1458
v -663.4164 788.9811 -150.1458
v -659.8961 849.0547 -151.7569
v -625.3842 786.3325 -172.1125
v -659.8961 849.0547 -151.7569
v -621.8820 846.0954 -173.7153
v -625.3842 786.3325 -172.1125
v -625.3842 786.3325 -172.1125
v -621.8820 846.0954 -173.7153
v -587.3215 784.7909 -150.0931
v -621.8820 846.0954 -173.7153
v -583.8298 844.3730 -151.6910
v -587.3215 784.7909 -150.0931
v -587.3215 784.7909 -150.0931
v -583.8298 844.3730 -151.6910
v -587.2910 785.8981 -106.1070
v -583.8298 844.3730 -151.6910
v -583.7917 845.6101 -107.7085
v -587.2910 785.8981 -106.1070
v -587.2910 785.8981 -106.1070
v -583.7917 845.6101 -107.7085
v -625.3232 788.5468 -84.1404
v -583.7917 845.6101 -107.7085
v -621.8059 848.5695 -85.7501
v -625.3232 788.5468 -84.1404
v -621.8059 848.5695 -85.7501
v -617.9886 908.5194 -87.4971
v -659.8580 850.2917 -107.7743
v -617.9886 908.5194 -87.4971
v -656.0339 910.3491 -109.5245
v -659.8580 850.2917 -107.7743
v -659.8580 850.2917 -107.7743
v -656.0339 910.3491 -109.5245
v -659.8961 849.0547 -151.7569
v -656.0339 910.3491 -109.5245
v -656.0768 909.0349 -153.5048
v -659.8961 849.0547 -151.7569
v -659.8961 849.0547 -151.7569
v -656.0768 909.0349 -153.5048
v -621.8820 846.0954 -173.7153
v -656.0768 909.0349 -153.5048
v -618.0745 905.8912 -175.4578
v -621.8820 846.0954 -173.7153
v -621.8820 846.0954 -173.7153
v -618.0745 905.8912 -175.4578
v -583.8298 844.3730 -151.6910
v -618.0745 905.8912 -175.4578
v -580.0291 904.0615 -153.4305
v -583.8298 844.3730 -151.6910
v -583.8298 844.3730 -151.6910
v -580.0291 904.0615 -153.4305
v -583.7917 845.6101 -107.7085
v -580.0291 904.0615 -153.4305
v -579.9862 905.3756 -109.4501
v -583.7917 845.6101 -107.7085
v -583.7917 845.6101 -107.7085
v -579.9862 905.3756 -109.4501
v -621.8059 848.5695 -85.7501
v -579.9862 905.3756 -109.4501
v -617.9886 908.5194 -87.4971
v -621.8059 848.5695 -85.7501
v -617.9886 908.5194 -87.4971
v -614.0004 968.4178 -89.3223
v -656.0339 910.3491 -109.5245
v -614.0004 968.4178 -89.3223
v -652.0420 970.3044 -111.3514
v -656.0339 910.3491 -109.5245
v -656.0339 910.3491 -109.5245
v -652.0420 970.3044 -111.3514
v -656.0768 909.0349 -153.5048
v -652.0420 970.3044 -111.3514
v -652.0876 968.9494 -155.3305
v -656.0768 909.0349 -153.5048
v -656.0768 909.0349 -153.5048
v -652.0876 968.9494 -155.3305
v -618.0745 905.8912 -175.4578
v -652.0876 968.9494 -155.3305
v -614.0917 965.7078 -177.2805
v -618.0745 905.8912 -175.4578
v -618.0745 905.8912 -175.4578
v -614.0917 965.7078 -177.2805
v -580.0291 904.0615 -153.4305
v -614.0917 965.7078 -177.2805
v -576.0502 963.8213 -155.2514
v -580.0291 904.0615 -153.4305
v -580.0291 904.0615 -153.4305
v -576.0502 963.8213 -155.2514
v -579.9862 905.3756 -109.4501
v -576.0502 963.8213 -155.2514
v -576.0045 965.1763 -111.2723
v -579.9862 905.3756 -109.4501
v -579.9862 905.3756 -109.4501
v -576.0045 965.1763 -111.2723
v -617.9886 908.5194 -87.4971
v -576.0045 965.1763 -111.2723
v -614.0004 968.4178 -89.3223
v -617.9886 908.5194 -87.4971
v -614.0004 968.4178 -89.3223
v -609.9366 1028.2820 -91.1822
v -652.0420 970.3044 -111.3514
v -609.9366 1028.2820 -91.1822
v -647.9771 1030.1850 -113.2118
v -652.0420 970.3044 -111.3514
v -652.0420 970.3044 -111.3514
v -647.9771 1030.1850 -113.2118
v -652.0876 968.9494 -155.3305
v -647.9771 1030.1850 -113.2118
v -648.0235 1028.8182 -157.1905
v -652.0876 968.9494 -155.3305
v -652.0876 968.9494 -155.3305
v -648.0235 1028.8182 -157.1905
v -614.0917 965.7078 -177.2805
v -648.0235 1028.8182 -157.1905
v -610.0295 1025.5484 -179.1396
v -614.0917 965.7078 -177.2805
v -614.0917 965.7078 -177.2805
v -610.0295 1025.5484 -179.1396
v -576.0502 963.8213 -155.2514
v -610.0295 1025.5484 -179.1396
v -571.9891 1023.6454 -157.1100
v -576.0502 963.8213 -155.2514
v -576.0502 963.8213 -155.2514
v -571.9891 1023.6454 -157.1100
v -576.0045 965.1763 -111.2723
v -571.9891 1023.6454 -157.1100
v -571.9426 1025.0122 -113.1313
v -576.0045 965.1763 -111.2723
v -576.0045 965.1763 -111.2723
v -571.9426 1025.0122 -113.1313
v -614.0004 968.4178 -89.3223
v -571.9426 1025.0122 -113.1313
v -609.9366 1028.2820 -91.1822
v -614.0004 968.4178 -89.3223
v -609.9366 1028.2820 -91.1822
v -605.8799 1088.1186 -93.0387
v -647.9771 1030.1850 -113.2118
v -605.8799 1088.1186 -93.0387
v -643.9218 1090.0002 -115.0677
v -647.9771 1030.1850 -113.2118
v -647.9771 1030.1850 -113.2118
v -643.9218 1090.0002 -115.0677
v -648.0235 1028.8182 -157.1905
v -643.9218 1090.0002 -115.0677
v -643.9672 1088.6487 -159.0469
v -648.0235 1028.8182 -157.1905
v -648.0235 1028.8182 -157.1905
v -643.9672 1088.6487 -159.0469
v -610.0295 1025.5484 -179.1396
v -643.9672 1088.6487 -159.0469
v -605.9707 1085.4156 -180.9972
v -610.0295 1025.5484 -179.1396
v -610.0295 1025.5484 -179.1396
v -605.9707 1085.4156 -180.9972
v -571.9891 1023.6454 -157.1100
v -605.9707 1085.4156 -180.9972
v -567.9288 1083.5341 -158.9682
v -571.9891 1023.6454 -157.1100
v -571.9891 1023.6454 -157.1100
v -567.9288 1083.5341 -158.9682
v -571.9426 1025.0122 -113.1313
v -567.9288 1083.5341 -158.9682
v -567.8834 1084.8855 -114.9890
v -571.9426 1025.0122 -113.1313
v -571.9426 1025.0122 -113.1313
v -567.8834 1084.8855 -114.9890
v -609.9366 1028.2820 -91.1822
v -567.8834 1084.8855 -114.9890
v -605.8799 1088.1186 -93.0387
v -609.9366 1028.2820 -91.1822
v -605.8799 1088.1186 -93.0387
v -601.9138 1147.9340 -94.8539
v -643.9218 1090.0002 -115.0677
v -601.9138 1147.9340 -94.8539
v -639.9598 1149.7530 -116.8809
v -643.9218 1090.0002 -115.0677
v -643.9218 1090.0002 -115.0677
v -639.9598 1149.7530 -116.8809
v -643.9672 1088.6487 -159.0469
v -639.9598 1149.7530 -116.8809
v -640.0023 1148.4465 -160.8615
v -643.9672 1088.6487 -159.0469
v -643.9672 1088.6487 -159.0469
v -640.0023 1148.4465 -160.8615
v -605.9707 1085.4156 -180.9972
v -640.0023 1148.4465 -160.8615
v -601.9987 1145.3210 -182.8150
v -605.9707 1085.4156 -180.9972
v -605.9707 1085.4156 -180.9972
v -601.9987 1145.3210 -182.8150
v -567.9288 1083.5341 -158.9682
v -601.9987 1145.3210 -182.8150
v -563.9526 1143.5021 -160.7880
v -567.9288 1083.5341 -158.9682
v -567.9288 1083.5341 -158.9682
v -563.9526 1143.5021 -160.7880
v -567.8834 1084.8855 -114.9890
v -563.9526 1143.5021 -160.7880
v -563.9102 1144.8085 -116.8074
v -567.8834 1084.8855 -114.9890
v -567.8834 1084.8855 -114.9890
v -563.9102 1144.8085 -116.8074
v -605.8799 1088.1186 -93.0387
v -563.9102 1144.8085 -116.8074
v -601.9138 1147.9340 -94.8539
v -605.8799 1088.1186 -93.0387
v -601.9138 1147.9340 -94.8539
v -598.1373 1207.7239 -96.5822
v -639.9598 1149.7530 -116.8809
v -598.1373 1207.7239 -96.5822
v -636.1906 1209.4279 -118.6059
v -639.9598 1149.7530 -116.8809
v -639.9598 1149.7530 -116.8809
v -636.1906 1209.4279 -118.6059
v -640.0023 1148.4465 -160.8615
v -636.1906 1209.4279 -118.6059
v -636.2278 1208.2040 -162.5889
v -640.0023 1148.4465 -160.8615
v -640.0023 1148.4465 -160.8615
v -636.2278 1208.2040 -162.5889
v -601.9987 1145.3210 -182.8150
v -636.2278 1208.2040 -162.5889
v -598.2119 1205.2761 -184.5481
v -601.9987 1145.3210 -182.8150
v -601.9987 1145.3210 -182.8150
v -598.2119 1205.2761 -184.5481
v -563.9526 1143.5021 -160.7880
v -598.2119 1205.2761 -184.5481
v -560.1586 1203.5721 -162.5244
v -563.9526 1143.5021 -160.7880
v -563.9526 1143.5021 -160.7880
v -560.1586 1203.5721 -162.5244
v -563.9102 1144.8085 -116.8074
v -560.1586 1203.5721 -162.5244
v -560.1213 1204.7960 -118.5414
v -563.9102 1144.8085 -116.8074
v -563.9102 1144.8085 -116.8074
v -560.1213 1204.7960 -118.5414
v -601.9138 1147.9340 -94.8539
v -560.1213 1204.7960 -118.5414
v -598.1373 1207.7239 -96.5822
v -601.9138 1147.9340 -94.8539
v -586.0000 -25.5000 126.0000
v -586.0810 34.6078 126.5681
v -608.0000 -25.5003 164.1051
v -586.0810 34.6078 126.5681
v -608.0803 33.9958 164.6687
v -608.0000 -25.5003 164.1051
v -608.0000 -25.5003 164.1051
v -608.0803 33.9958 164.6687
v -652.0000 -25.5003 164.1051
v -608.0803 33.9958 164.6687
v -652.0803 33.9027 164.6680
v -652.0000 -25.5003 164.1051
v -652.0000 -25.5003 164.1051
v -652.0803 33.9027 164.6680
v -674.0000 -25.5000 126.0000
v -652.0803 33.9027 164.6680
v -674.0808 34.4217 126.5667
v -674.0000 -25.5000 126.0000
v -674.0000 -25.5000 126.0000
v -674.0808 34.4217 126.5667
v -652.0000 -25.4997 87.8949
v -674.0808 34.4217 126.5667
v -652.0814 35.0338 88.4661
v -652.0000 -25.4997 87.8949
v -652.0000 -25.4997 87.8949
v -652.0814 35.0338 88.4661
v -608.0000 -25.4997 87.8949
v -652.0814 35.0338 88.4661
v -608.0815 35.1268 88.4668
v -608.0000 -25.4997 87.8949
v -608.0000 -25.4997 87.8949
v -608.0815 35.1268 88.4668
v -586.0000 -25.5000 126.0000
v -608.0815 35.1268 88.4668
v -586.0810 34.6078 126.5681
v -586.0000 -25.5000 126.0000
v -586.0810 34.6078 126.5681
v -586.1698 94.5383 127.1912
v -608.0803 33.9958 164.6687
v -586.1698 94.5383 127.1912
v -608.1698 94.4703 165.2962
v -608.0803 33.9958 164.6687
v -608.0803 33.9958 164.6687
v -608.1698 94.4703 165.2962
v -652.0803 33.9027 164.6680
v -608.1698 94.4703 165.2962
v -652.1698 94.4599 165.2962
v -652.0803 33.9027 164.6680
v -652.0803 33.9027 164.6680
v -652.1698 94.4599 165.2962
v -674.0808 34.4217 126.5667
v -652.1698 94.4599 165.2962
v -674.1698 94.5176 127.1911
v -674.0808 34.4217 126.5667
v -674.0808 34.4217 126.5667
v -674.1698 94.5176 127.1911
v -652.0814 35.0338 88.4661
v -674.1698 94.5176 127.1911
v -652.1698 94.5857 89.0861
v -652.0814 35.0338 88.4661
v -652.0814 35.0338 88.4661
v -652.1698 94.5857 89.0861
v -608.0815 35.1268 88.4668
v -652.1698 94.5857 89.0861
v -608.1698 94.5960 89.0861
v -608.0815 35.1268 88.4668
v -608.0815 35.1268 88.4668
v -608.1698 94.5960 89.0861
v -586.0810 34.6078 126.5681
v -608.1698 94.5960 89.0861
v -586.1698 94.5383 127.1912
v -586.0810 34.6078 126.5681
v -586.1698 94.5383 127.1912
v -586.0694 154.3793 126.4867
v -608.1698 94.4703 165.2962
v -586.0694 154.3793 126.4867
v -608.0674 155.4391 164.5782
v -608.1698 94.4703 165.2962
v -608.1698 94.4703 165.2962
v -608.0674 155.4391 164.5782
v -652.1698 94.4599 165.2962
v -608.0674 155.4391 164.5782
v -652.0671 155.6003 164.5761
v -652.1698 94.4599 165.2962
v -652.1698 94.4599 165.2962
v -652.0671 155.6003 164.5761
v -674.1698 94.5176 127.1911
v -652.0671 155.6003 164.5761
v -674.0688 154.7017 126.4826
v -674.1698 94.5176 127.1911
v -674.1698 94.5176 127.1911
v -674.0688 154.7017 126.4826
v -652.1698 94.5857 89.0861
v -674.0688 154.7017 126.4826
v -652.0707 153.6418 88.3911
v -652.1698 94.5857 89.0861
v -652.1698 94.5857 89.0861
v -652.0707 153.6418 88.3911
v -608.1698 94.5960 89.0861
v -652.0707 153.6418 88.3911
v -608.0710 153.4806 88.3931
v -608.1698 94.5960 89.0861
v -608.1698 94.5960 89.0861
v -608.0710 153.4806 88.3931
v -586.1698 94.5383 127.1912
v -608.0710 153.4806 88.3931
v -586.0694 154.3793 126.4867
v -586.1698 94.5383 127.1912
v -586.0694 154.3793 126.4867
v -585.7457 214.2087 124.2162
v -608.0674 155.4391 164.5782
v -585.7457 214.2087 124.2162
v -607.7390 216.1841 162.2740
v -608.0674 155.4391 164.5782
v -608.0674 155.4391 164.5782
v -607.7390 216.1841 162.2740
v -652.0671 155.6003 164.5761
v -607.7390 216.1841 162.2740
v -651.7380 216.4845 162.2668
v -652.0671 155.6003 164.5761
v -652.0671 155.6003 164.5761
v -651.7380 216.4845 162.2668
v -674.0688 154.7017 126.4826
v -651.7380 216.4845 162.2668
v -673.7437 214.8096 124.2018
v -674.0688 154.7017 126.4826
v -674.0688 154.7017 126.4826
v -673.7437 214.8096 124.2018
v -652.0707 153.6418 88.3911
v -673.7437 214.8096 124.2018
v -651.7504 212.8342 86.1441
v -652.0707 153.6418 88.3911
v -652.0707 153.6418 88.3911
v -651.7504 212.8342 86.1441
v -608.0710 153.4806 88.3931
v -651.7504 212.8342 86.1441
v -607.7515 212.5338 86.1512
v -608.0710 153.4806 88.3931
v -608.0710 153.4806 88.3931
v -607.7515 212.5338 86.1512
v -586.0694 154.3793 126.4867
v -607.7515 212.5338 86.1512
v -585.7457 214.2087 124.2162
v -586.0694 154.3793 126.4867
v -585.7457 214.2087 124.2162
v -585.2805 274.0641 120.9526
v -607.7390 216.1841 162.2740
v -585.2805 274.0641 120.9526
v -607.2700 276.5330 158.9838
v -607.7390 216.1841 162.2740
v -607.7390 216.1841 162.2740
v -607.2700 276.5330 158.9838
v -651.7380 216.4845 162.2668
v -607.2700 276.5330 158.9838
v -651.2684 276.9084 158.9725
v -651.7380 216.4845 162.2668
v -651.7380 216.4845 162.2668
v -651.2684 276.9084 158.9725
v -673.7437 214.8096 124.2018
v -651.2684 276.9084 158.9725
v -673.2773 274.8151 120.9301
v -673.7437 214.8096 124.2018
v -673.7437 214.8096 124.2018
v -673.2773 274.8151 120.9301
v -651.7504 212.8342 86.1441
v -673.2773 274.8151 120.9301
v -651.2878 272.3463 82.8990
v -651.7504 212.8342 86.1441
v -651.7504 212.8342 86.1441
v -651.2878 272.3463 82.8990
v -607.7515 212.5338 86.1512
v -651.2878 272.3463 82.8990
v -607.2894 271.9708 82.9102
v -607.7515 212.5338 86.1512
v -607.7515 212.5338 86.1512
v -607.2894 271.9708 82.9102
v -585.7457 214.2087 124.2162
v -607.2894 271.9708 82.9102
v -585.2805 274.0641 120.9526
v -585.7457 214.2087 124.2162
v -585.2805 274.0641 120.9526
v -584.7362 333.9129 117.1342
v -607.2700 276.5330 158.9838
v -584.7362 333.9129 117.1342
v -606.7230 336.6712 155.1469
v -607.2700 276.5330 158.9838
v -607.2700 276.5330 158.9838
v -606.7230 336.6712 155.1469
v -651.2684 276.9084 158.9725
v -606.7230 336.6712 155.1469
v -650.7211 337.0907 155.1329
v -651.2684 276.9084 158.9725
v -651.2684 276.9084 158.9725
v -650.7211 337.0907 155.1329
v -673.2773 274.8151 120.9301
v -650.7211 337.0907 155.1329
v -672.7322 334.7519 117.1061
v -673.2773 274.8151 120.9301
v -673.2773 274.8151 120.9301
v -672.7322 334.7519 117.1061
v -651.2878 272.3463 82.8990
v -672.7322 334.7519 117.1061
v -650.7454 331.9936 79.0933
v -651.2878 272.3463 82.8990
v -651.2878 272.3463 82.8990
v -650.7454 331.9936 79.0933
v -607.2894 271.9708 82.9102
v -650.7454 331.9936 79.0933
v -606.7474 331.5741 79.1073
v -607.2894 271.9708 82.9102
v -607.2894 271.9708 82.9102
v -606.7474 331.5741 79.1073
v -585.2805 274.0641 120.9526
v -606.7474 331.5741 79.1073
v -584.7362 333.9129 117.1342
v -585.2805 274.0641 120.9526
v -584.7362 333.9129 117.1342
v -584.1448 393.7596 112.9852
v -606.7230 336.6712 155.1469
v -584.1448 393.7596 112.9852
v -606.1299 396.6899 150.9861
v -606.7230 336.6712 155.1469
v -606.7230 336.6712 155.1469
v -606.1299 396.6899 150.9861
v -650.7211 337.0907 155.1329
v -606.1299 396.6899 150.9861
v -650.1277 397.1355 150.9703
v -650.7211 337.0907 155.1329
v -650.7211 337.0907 155.1329
v -650.1277 397.1355 150.9703
v -672.7322 334.7519 117.1061
v -650.1277 397.1355 150.9703
v -672.1403 394.6509 112.9535
v -672.7322 334.7519 117.1061
v -672.7322 334.7519 117.1061
v -672.1403 394.6509 112.9535
v -650.7454 331.9936 79.0933
v -672.1403 394.6509 112.9535
v -650.1552 391.7207 74.9527
v -650.7454 331.9936 79.0933
v -650.7454 331.9936 79.0933
v -650.1552 391.7207 74.9527
v -606.7474 331.5741 79.1073
v -650.1552 391.7207 74.9527
v -606.1574 391.2751 74.9685
v -606.7474 331.5741 79.1073
v -606.7474 331.5741 79.1073
v -606.1574 391.2751 74.9685
v -584.7362 333.9129 117.1342
v -606.1574 391.2751 74.9685
v -584.1448 393.7596 112.9852
v -584.7362 333.9129 117.1342
v -584.1448 393.7596 112.9852
v -583.5264 453.6033 108.6471
v -606.1299 396.6899 150.9861
v -583.5264 453.6033 108.6471
v -605.5106 456.6247 146.6414
v -606.1299 396.6899 150.9861
v -606.1299 396.6899 150.9861
v -605.5106 456.6247 146.6414
v -650.1277 397.1355 150.9703
v -605.5106 456.6247 146.6414
v -649.5082 457.0842 146.6245
v -650.1277 397.1355 150.9703
v -650.1277 397.1355 150.9703
v -649.5082 457.0842 146.6245
v -672.1403 394.6509 112.9535
v -649.5082 457.0842 146.6245
v -671.5216 454.5223 108.6134
v -672.1403 394.6509 112.9535
v -672.1403 394.6509 112.9535
v -671.5216 454.5223 108.6134
v -650.1552 391.7207 74.9527
v -671.5216 454.5223 108.6134
v -649.5374 451.5010 70.6191
v -650.1552 391.7207 74.9527
v -650.1552 391.7207 74.9527
v -649.5374 451.5010 70.6191
v -606.1574 391.2751 74.9685
v -649.5374 451.5010 70.6191
v -605.5398 451.0414 70.6360
v -606.1574 391.2751 74.9685
v -606.1574 391.2751 74.9685
v -605.5398 451.0414 70.6360
v -584.1448 393.7596 112.9852
v -605.5398 451.0414 70.6360
v -583.5264 453.6033 108.6471
v -584.1448 393.7596 112.9852
v -583.5264 453.6033 108.6471
v -582.8959 513.4517 104.2238
v -605.5106 456.6247 146.6414
v -582.8959 513.4517 104.2238
v -604.8798 516.4994 142.2162
v -605.5106 456.6247 146.6414
v -605.5106 456.6247 146.6414
v -604.8798 516.4994 142.2162
v -649.5082 457.0842 146.6245
v -604.8798 516.4994 142.2162
v -648.8774 516.9629 142.1990
v -649.5082 457.0842 146.6245
v -649.5082 457.0842 146.6245
v -648.8774 516.9629 142.1990
v -671.5216 454.5223 108.6134
v -648.8774 516.9629 142.1990
v -670.8910 514.3787 104.1895
v -671.5216 454.5223 108.6134
v -671.5216 454.5223 108.6134
v -670.8910 514.3787 104.1895
v -649.5374 451.5010 70.6191
v -670.8910 514.3787 104.1895
v -648.9070 511.3310 66.1972
v -649.5374 451.5010 70.6191
v -649.5374 451.5010 70.6191
v -648.9070 511.3310 66.1972
v -605.5398 451.0414 70.6360
v -648.9070 511.3310 66.1972
v -604.9095 510.8675 66.2143
v -605.5398 451.0414 70.6360
v -605.5398 451.0414 70.6360
v -604.9095 510.8675 66.2143
v -583.5264 453.6033 108.6471
v -604.9095 510.8675 66.2143
v -582.8959 513.4517 104.2238
v -583.5264 453.6033 108.6471
v -582.8959 513.4517 104.2238
v -582.2661 573.3088 99.8056
v -604.8798 516.4994 142.2162
v -582.2661 573.3088 99.8056
v -604.2504 576.3223 137.8005
v -604.8798 516.4994 142.2162
v -604.8798 516.4994 142.2162
v -604.2504 576.3223 137.8005
v -648.8774 516.9629 142.1990
v -604.2504 576.3223 137.8005
v -648.2480 576.7806 137.7837
v -648.8774 516.9629 142.1990
v -648.8774 516.9629 142.1990
v -648.2480 576.7806 137.7837
v -670.8910 514.3787 104.1895
v -648.2480 576.7806 137.7837
v -670.2613 574.2254 99.7721
v -670.8910 514.3787 104.1895
v -670.8910 514.3787 104.1895
v -670.2613 574.2254 99.7721
v -648.9070 511.3310 66.1972
v -670.2613 574.2254 99.7721
v -648.2770 571.2120 61.7772
v -648.9070 511.3310 66.1972
v -648.9070 511.3310 66.1972
v -648.2770 571.2120 61.7772
v -604.9095 510.8675 66.2143
v -648.2770 571.2120 61.7772
v -604.2794 570.7537 61.7940
v -604.9095 510.8675 66.2143
v -604.9095 510.8675 66.2143
v -604.2794 570.7537 61.7940
v -582.8959 513.4517 104.2238
v -604.2794 570.7537 61.7940
v -582.2661 573.3088 99.8056
v -582.8959 513.4517 104.2238
v -582.2661 573.3088 99.8056
v -581.6499 633.1845 95.4832
v -604.2504 576.3223 137.8005
v -581.6499 633.1845 95.4832
v -603.6353 636.0976 133.4852
v -604.2504 576.3223 137.8005
v -604.2504 576.3223 137.8005
v -603.6353 636.0976 133.4852
v -648.2480 576.7806 137.7837
v -603.6353 636.0976 133.4852
v -647.6330 636.5406 133.4696
v -648.2480 576.7806 137.7837
v -648.2480 576.7806 137.7837
v -647.6330 636.5406 133.4696
v -670.2613 574.2254 99.7721
v -647.6330 636.5406 133.4696
v -669.6454 634.0706 95.4518
v -670.2613 574.2254 99.7721
v -670.2613 574.2254 99.7721
v -669.6454 634.0706 95.4518
v -648.2770 571.2120 61.7772
v -669.6454 634.0706 95.4518
v -647.6602 631.1574 57.4497
v -648.2770 571.2120 61.7772
v -648.2770 571.2120 61.7772
v -647.6602 631.1574 57.4497
v -604.2794 570.7537 61.7940
v -647.6602 631.1574 57.4497
v -603.6624 630.7144 57.4654
v -604.2794 570.7537 61.7940
v -604.2794 570.7537 61.7940
v -603.6624 630.7144 57.4654
v -582.2661 573.3088 99.8056
v -603.6624 630.7144 57.4654
v -581.6499 633.1845 95.4832
v -582.2661 573.3088 99.8056
v -581.6499 633.1845 95.4832
v -581.0627 693.0850 91.3640
v -603.6353 636.0976 133.4852
v -581.0627 693.0850 91.3640
v -603.0499 695.8140 129.3787
v -603.6353 636.0976 133.4852
v -603.6353 636.0976 133.4852
v -603.0499 695.8140 129.3787
v -647.6330 636.5406 133.4696
v -603.0499 695.8140 129.3787
v -647.0479 696.2290 129.3650
v -647.6330 636.5406 133.4696
v -647.6330 636.5406 133.4696
v -647.0479 696.2290 129.3650
v -669.6454 634.0706 95.4518
v -647.0479 696.2290 129.3650
v -669.0588 693.9150 91.3365
v -669.6454 634.0706 95.4518
v -669.6454 634.0706 95.4518
v -669.0588 693.9150 91.3365
v -647.6602 631.1574 57.4497
v -669.0588 693.9150 91.3365
v -647.0717 691.1860 53.3218
v -647.6602 631.1574 57.4497
v -647.6602 631.1574 57.4497
v -647.0717 691.1860 53.3218
v -603.6624 630.7144 57.4654
v -647.0717 691.1860 53.3218
v -603.0737 690.7710 53.3355
v -603.6624 630.7144 57.4654
v -603.6624 630.7144 57.4654
v -603.0737 690.7710 53.3355
v -581.6499 633.1845 95.4832
v -603.0737 690.7710 53.3355
v -581.0627 693.0850 91.3640
v -581.6499 633.1845 95.4832
v -630.0000 145.4998 422.0000
v -629.5687 205.0836 422.3725
v -668.1051 145.5001 400.0000
v -629.5687 205.0836 422.3725
v -667.6701 205.7315 400.3757
v -668.1051 145.5001 400.0000
v -668.1051 145.5001 400.0000
v -667.6701 205.7315 400.3757
v -668.1051 145.5004 356.0000
v -667.6701 205.7315 400.3757
v -667.6677 206.1627 356.3778
v -668.1051 145.5004 356.0000
v -668.1051 145.5004 356.0000
v -667.6677 206.1627 356.3778
v -630.0000 145.5002 334.0000
v -667.6677 206.1627 356.3778
v -629.5638 205.9459 334.3767
v -630.0000 145.5002 334.0000
v -630.0000 145.5002 334.0000
v -629.5638 205.9459 334.3767
v -591.8949 145.4999 356.0000
v -629.5638 205.9459 334.3767
v -591.4623 205.2980 356.3736
v -591.8949 145.4999 356.0000
v -591.8949 145.4999 356.0000
v -591.4623 205.2980 356.3736
v -591.8949 145.4996 400.0000
v -591.4623 205.2980 356.3736
v -591.4648 204.8669 400.3715
v -591.8949 145.4996 400.0000
v -591.8949 145.4996 400.0000
v -591.4648 204.8669 400.3715
v -630.0000 145.4998 422.0000
v -591.4648 204.8669 400.3715
v -629.5687 205.0836 422.3725
v -630.0000 145.4998 422.0000
v -629.5687 205.0836 422.3725
v -629.0894 265.4800 422.7864
v -667.6701 205.7315 400.3757
v -629.0894 265.4800 422.7864
v -667.1945 265.5521 400.7865
v -667.6701 205.7315 400.3757
v -667.6701 205.7315 400.3757
v -667.1945 265.5521 400.7865
v -667.6677 206.1627 356.3778
v -667.1945 265.5521 400.7865
v -667.1945 265.6000 356.7865
v -667.6677 206.1627 356.3778
v -667.6677 206.1627 356.3778
v -667.1945 265.6000 356.7865
v -629.5638 205.9459 334.3767
v -667.1945 265.6000 356.7865
v -629.0894 265.5759 334.7865
v -629.5638 205.9459 334.3767
v -629.5638 205.9459 334.3767
v -629.0894 265.5759 334.7865
v -591.4623 205.2980 356.3736
v -629.0894 265.5759 334.7865
v -590.9843 265.5039 356.7864
v -591.4623 205.2980 356.3736
v -591.4623 205.2980 356.3736
v -590.9843 265.5039 356.7864
v -591.4648 204.8669 400.3715
v -590.9843 265.5039 356.7864
v -590.9843 265.4560 400.7864
v -591.4648 204.8669 400.3715
v -591.4648 204.8669 400.3715
v -590.9843 265.4560 400.7864
v -629.5687 205.0836 422.3725
v -590.9843 265.4560 400.7864
v -629.0894 265.4800 422.7864
v -629.5687 205.0836 422.3725
v -629.0894 265.4800 422.7864
v -629.6368 326.2871 422.3136
v -667.1945 265.5521 400.7865
v -629.6368 326.2871 422.3136
v -667.7310 325.1651 400.3232
v -667.1945 265.5521 400.7865
v -667.1945 265.5521 400.7865
v -667.7310 325.1651 400.3232
v -667.1945 265.6000 356.7865
v -667.7310 325.1651 400.3232
v -667.7236 324.4185 356.3295
v -667.1945 265.6000 356.7865
v -667.1945 265.6000 356.7865
v -667.7236 324.4185 356.3295
v -629.0894 265.5759 334.7865
v -667.7236 324.4185 356.3295
v -629.6222 324.7939 334.3263
v -629.0894 265.5759 334.7865
v -629.0894 265.5759 334.7865
v -629.6222 324.7939 334.3263
v -590.9843 265.5039 356.7864
v -629.6222 324.7939 334.3263
v -591.5281 325.9158 356.3168
v -590.9843 265.5039 356.7864
v -590.9843 265.5039 356.7864
v -591.5281 325.9158 356.3168
v -590.9843 265.4560 400.7864
v -591.5281 325.9158 356.3168
v -591.5355 326.6624 400.3105
v -590.9843 265.4560 400.7864
v -590.9843 265.4560 400.7864
v -591.5355 326.6624 400.3105
v -629.0894 265.4800 422.7864
v -591.5355 326.6624 400.3105
v -629.6368 326.2871 422.3136
v -629.0894 265.4800 422.7864
v -629.6368 326.2871 422.3136
v -631.3946 386.9006 420.7955
v -667.7310 325.1651 400.3232
v -631.3946 386.9006 420.7955
v -669.4614 384.8096 398.8286
v -667.7310 325.1651 400.3232
v -667.7310 325.1651 400.3232
v -669.4614 384.8096 398.8286
v -667.7236 324.4185 356.3295
v -669.4614 384.8096 398.8286
v -669.4359 383.4181 354.8506
v -667.7236 324.4185 356.3295
v -667.7236 324.4185 356.3295
v -669.4359 383.4181 354.8506
v -629.6222 324.7939 334.3263
v -669.4359 383.4181 354.8506
v -631.3436 384.1176 332.8395
v -629.6222 324.7939 334.3263
v -629.6222 324.7939 334.3263
v -631.3436 384.1176 332.8395
v -591.5281 325.9158 356.3168
v -631.3436 384.1176 332.8395
v -593.2768 386.2086 354.8064
v -591.5281 325.9158 356.3168
v -591.5281 325.9158 356.3168
v -593.2768 386.2086 354.8064
v -591.5355 326.6624 400.3105
v -593.2768 386.2086 354.8064
v -593.3023 387.6002 398.7844
v -591.5355 326.6624 400.3105
v -591.5355 326.6624 400.3105
v -593.3023 387.6002 398.7844
v -629.6368 326.2871 422.3136
v -593.3023 387.6002 398.7844
v -631.3946 386.9006 420.7955
v -629.6368 326.2871 422.3136
v -631.3946 386.9006 420.7955
v -633.9069 447.1787 418.6256
v -669.4614 384.8096 398.8286
v -633.9069 447.1787 418.6256
v -671.9522 444.5654 396.6773
v -669.4614 384.8096 398.8286
v -669.4614 384.8096 398.8286
v -671.9522 444.5654 396.6773
v -669.4359 383.4181 354.8506
v -671.9522 444.5654 396.6773
v -671.9124 442.8263 352.7117
v -669.4359 383.4181 354.8506
v -669.4359 383.4181 354.8506
v -671.9124 442.8263 352.7117
v -631.3436 384.1176 332.8395
v -671.9124 442.8263 352.7117
v -633.8273 443.7006 330.6944
v -631.3436 384.1176 332.8395
v -631.3436 384.1176 332.8395
v -633.8273 443.7006 330.6944
v -593.2768 386.2086 354.8064
v -633.8273 443.7006 330.6944
v -595.7820 446.3138 352.6427
v -593.2768 386.2086 354.8064
v -593.2768 386.2086 354.8064
v -595.7820 446.3138 352.6427
v -593.3023 387.6002 398.7844
v -595.7820 446.3138 352.6427
v -595.8218 448.0529 396.6083
v -593.3023 387.6002 398.7844
v -593.3023 387.6002 398.7844
v -595.8218 448.0529 396.6083
v -631.3946 386.9006 420.7955
v -595.8218 448.0529 396.6083
v -633.9069 447.1787 418.6256
v -631.3946 386.9006 420.7955
v -633.9069 447.1787 418.6256
v -636.8380 507.2754 416.0941
v -671.9522 444.5654 396.6773
v -636.8380 507.2754 416.0941
v -674.8683 504.3557 394.1586
v -671.9522 444.5654 396.6773
v -671.9522 444.5654 396.6773
v -674.8683 504.3557 394.1586
v -671.9124 442.8263 352.7117
v -674.8683 504.3557 394.1586
v -674.8187 502.4127 350.2016
v -671.9124 442.8263 352.7117
v -671.9124 442.8263 352.7117
v -674.8187 502.4127 350.2016
v -633.8273 443.7006 330.6944
v -674.8187 502.4127 350.2016
v -636.7385 503.3894 328.1800
v -633.8273 443.7006 330.6944
v -633.8273 443.7006 330.6944
v -636.7385 503.3894 328.1800
v -595.7820 446.3138 352.6427
v -636.7385 503.3894 328.1800
v -598.7081 506.3091 350.1154
v -595.7820 446.3138 352.6427
v -595.7820 446.3138 352.6427
v -598.7081 506.3091 350.1154
v -595.8218 448.0529 396.6083
v -598.7081 506.3091 350.1154
v -598.7579 508.2521 394.0725
v -595.8218 448.0529 396.6083
v -595.8218 448.0529 396.6083
v -598.7579 508.2521 394.0725
v -633.9069 447.1787 418.6256
v -598.7579 508.2521 394.0725
v -636.8380 507.2754 416.0941
v -633.9069 447.1787 418.6256
v -636.8380 507.2754 416.0941
v -640.0174 567.2693 413.3481
v -674.8683 504.3557 394.1586
v -640.0174 567.2693 413.3481
v -678.0382 564.1677 391.4209
v -674.8683 504.3557 394.1586
v -674.8683 504.3557 394.1586
v -678.0382 564.1677 391.4209
v -674.8187 502.4127 350.2016
v -678.0382 564.1677 391.4209
v -677.9821 562.1035 347.4694
v -674.8187 502.4127 350.2016
v -674.8187 502.4127 350.2016
v -677.9821 562.1035 347.4694
v -636.7385 503.3894 328.1800
v -677.9821 562.1035 347.4694
v -639.9052 563.1412 325.4450
v -636.7385 503.3894 328.1800
v -636.7385 503.3894 328.1800
v -639.9052 563.1412 325.4450
v -598.7081 506.3091 350.1154
v -639.9052 563.1412 325.4450
v -601.8844 566.2429 347.3722
v -598.7081 506.3091 350.1154
v -598.7081 506.3091 350.1154
v -601.8844 566.2429 347.3722
v -598.7579 508.2521 394.0725
v -601.8844 566.2429 347.3722
v -601.9405 568.3070 391.3237
v -598.7579 508.2521 394.0725
v -598.7579 508.2521 394.0725
v -601.9405 568.3070 391.3237
v -636.8380 507.2754 416.0941
v -601.9405 568.3070 391.3237
v -640.0174 567.2693 413.3481
v -636.8380 507.2754 416.0941
v -640.0174 567.2693 413.3481
v -643.3380 627.1911 410.4801
v -678.0382 564.1677 391.4209
v -643.3380 627.1911 410.4801
v -681.3535 623.9929 388.5575
v -678.0382 564.1677 391.4209
v -678.0382 564.1677 391.4209
v -681.3535 623.9929 388.5575
v -677.9821 562.1035 347.4694
v -681.3535 623.9929 388.5575
v -681.2938 621.8646 344.6091
v -677.9821 562.1035 347.4694
v -677.9821 562.1035 347.4694
v -681.2938 621.8646 344.6091
v -639.9052 563.1412 325.4450
v -681.2938 621.8646 344.6091
v -643.2187 622.9345 322.5832
v -639.9052 563.1412 325.4450
v -639.9052 563.1412 325.4450
v -643.2187 622.9345 322.5832
v -601.8844 566.2429 347.3722
v -643.2187 622.9345 322.5832
v -605.2032 626.1327 344.5057
v -601.8844 566.2429 347.3722
v -601.8844 566.2429 347.3722
v -605.2032 626.1327 344.5057
v -601.9405 568.3070 391.3237
v -605.2032 626.1327 344.5057
v -605.2629 628.2610 388.4542
v -601.9405 568.3070 391.3237
v -601.9405 568.3070 391.3237
v -605.2629 628.2610 388.4542
v -640.0174 567.2693 413.3481
v -605.2629 628.2610 388.4542
v -643.3380 627.1911 410.4801
v -640.0174 567.2693 413.3481
v -643.3380 627.1911 410.4801
v -646.7207 687.0621 407.5585
v -681.3535 623.9929 388.5575
v -646.7207 687.0621 407.5585
v -684.7346 683.8359 385.6373
v -681.3535 623.9929 388.5575
v -681.3535 623.9929 388.5575
v -684.7346 683.8359 385.6373
v -681.2938 621.8646 344.6091
v -684.7346 683.8359 385.6373
v -684.6738 681.6891 341.6898
v -681.2938 621.8646 344.6091
v -681.2938 621.8646 344.6091
v -684.6738 681.6891 341.6898
v -643.2187 622.9345 322.5832
v -684.6738 681.6891 341.6898
v -646.5992 682.7683 319.6634
v -643.2187 622.9345 322.5832
v -643.2187 622.9345 322.5832
v -646.5992 682.7683 319.6634
v -605.2032 626.1327 344.5057
v -646.5992 682.7683 319.6634
v -608.5854 685.9944 341.5846
v -605.2032 626.1327 344.5057
v -605.2032 626.1327 344.5057
v -608.5854 685.9944 341.5846
v -605.2629 628.2610 388.4542
v -608.5854 685.9944 341.5846
v -608.6461 688.1413 385.5321
v -605.2629 628.2610 388.4542
v -605.2629 628.2610 388.4542
v -608.6461 688.1413 385.5321
v -643.3380 627.1911 410.4801
v -608.6461 688.1413 385.5321
v -646.7207 687.0621 407.5585
v -643.3380 627.1911 410.4801
v -646.7207 687.0621 407.5585
v -650.0966 746.8899 404.6428
v -684.7346 683.8359 385.6373
v -650.0966 746.8899 404.6428
v -688.1125 743.7000 382.7198
v -684.7346 683.8359 385.6373
v -684.7346 683.8359 385.6373
v -688.1125 743.7000 382.7198
v -684.6738 681.6891 341.6898
v -688.1125 743.7000 382.7198
v -688.0531 741.5773 338.7711
v -684.6738 681.6891 341.6898
v -684.6738 681.6891 341.6898
v -688.0531 741.5773 338.7711
v -646.5992 682.7683 319.6634
v -688.0531 741.5773 338.7711
v -649.9778 742.6444 316.7453
v -646.5992 682.7683 319.6634
v -646.5992 682.7683 319.6634
v -649.9778 742.6444 316.7453
v -608.5854 685.9944 341.5846
v -649.9778 742.6444 316.7453
v -611.9619 745.8342 338.6683
v -608.5854 685.9944 341.5846
v -608.5854 685.9944 341.5846
v -611.9619 745.8342 338.6683
v -608.6461 688.1413 385.5321
v -611.9619 745.8342 338.6683
v -612.0213 747.9570 382.6170
v -608.6461 688.1413 385.5321
v -608.6461 688.1413 385.5321
v -612.0213 747.9570 382.6170
v -646.7207 687.0621 407.5585
v -612.0213 747.9570 382.6170
v -650.0966 746.8899 404.6428
v -646.7207 687.0621 407.5585
v -650.0966 746.8899 404.6428
v -653.3961 806.6796 401.7930
v -688.1125 743.7000 382.7198
v -653.3961 806.6796 401.7930
v -691.4179 803.5959 379.8650
v -688.1125 743.7000 382.7198
v -688.1125 743.7000 382.7198
v -691.4179 803.5959 379.8650
v -688.0531 741.5773 338.7711
v -691.4179 803.5959 379.8650
v -691.3624 801.5439 335.9129
v -688.0531 741.5773 338.7711
v -688.0531 741.5773 338.7711
v -691.3624 801.5439 335.9129
v -649.9778 742.6444 316.7453
v -691.3624 801.5439 335.9129
v -653.2852 802.5754 313.8888
v -649.9778 742.6444 316.7453
v -649.9778 742.6444 316.7453
v -653.2852 802.5754 313.8888
v -611.9619 745.8342 338.6683
v -653.2852 802.5754 313.8888
v -615.2634 805.6591 335.8168
v -611.9619 745.8342 338.6683
v -611.9619 745.8342 338.6683
v -615.2634 805.6591 335.8168
v -612.0213 747.9570 382.6170
v -615.2634 805.6591 335.8168
v -615.3189 807.7112 379.7689
v -612.0213 747.9570 382.6170
v -612.0213 747.9570 382.6170
v -615.3189 807.7112 379.7689
v -650.0966 746.8899 404.6428
v -615.3189 807.7112 379.7689
v -653.3961 806.6796 401.7930
v -650.0966 746.8899 404.6428
v -653.3961 806.6796 401.7930
v -656.5367 866.4224 399.0804
v -691.4179 803.5959 379.8650
v -656.5367 866.4224 399.0804
v -694.5687 863.5336 377.1436
v -691.4179 803.5959 379.8650
v -691.4179 803.5959 379.8650
v -694.5687 863.5336 377.1436
v -691.3624 801.5439 335.9129
v -694.5687 863.5336 377.1436
v -694.5201 861.6113 333.1856
v -691.3624 801.5439 335.9129
v -691.3624 801.5439 335.9129
v -694.5201 861.6113 333.1856
v -653.2852 802.5754 313.8888
v -694.5201 861.6113 333.1856
v -656.4394 862.5776 311.1645
v -653.2852 802.5754 313.8888
v -653.2852 802.5754 313.8888
v -656.4394 862.5776 311.1645
v -615.2634 805.6591 335.8168
v -656.4394 862.5776 311.1645
v -618.4074 865.4664 333.1013
v -615.2634 805.6591 335.8168
v -615.2634 805.6591 335.8168
v -618.4074 865.4664 333.1013
v -615.3189 807.7112 379.7689
v -618.4074 865.4664 333.1013
v -618.4561 867.3887 377.0593
v -615.3189 807.7112 379.7689
v -615.3189 807.7112 379.7689
v -618.4561 867.3887 377.0593
v -653.3961 806.6796 401.7930
v -618.4561 867.3887 377.0593
v -656.5367 866.4224 399.0804
v -653.3961 806.6796 401.7930
v -630.0000 316.5001 674.0000
v -629.4490 376.7019 673.8370
v -668.1051 316.5004 652.0000
v -629.4490 376.7019 673.8370
v -667.5509 377.1561 651.8361
v -668.1051 316.5004 652.0000
v -668.1051 316.5004 652.0000
v -667.5509 377.1561 651.8361
v -668.1051 316.5002 608.0000
v -667.5509 377.1561 651.8361
v -667.5522 376.9690 607.8364
v -668.1051 316.5002 608.0000
v -668.1051 316.5002 608.0000
v -667.5522 376.9690 607.8364
v -630.0000 316.4999 586.0000
v -667.5522 376.9690 607.8364
v -629.4517 376.3277 585.8378
v -630.0000 316.4999 586.0000
v -630.0000 316.4999 586.0000
v -629.4517 376.3277 585.8378
v -591.8949 316.4996 608.0000
v -629.4517 376.3277 585.8378
v -591.3499 375.8734 607.8388
v -591.8949 316.4996 608.0000
v -591.8949 316.4996 608.0000
v -591.3499 375.8734 607.8388
v -591.8949 316.4998 652.0000
v -591.3499 375.8734 607.8388
v -591.3485 376.0605 651.8384
v -591.8949 316.4998 652.0000
v -591.8949 316.4998 652.0000
v -591.3485 376.0605 651.8384
v -630.0000 316.5001 674.0000
v -591.3485 376.0605 651.8384
v -629.4490 376.7019 673.8370
v -630.0000 316.5001 674.0000
v -629.4490 376.7019 673.8370
v -628.8462 436.5488 673.6587
v -667.5509 377.1561 651.8361
v -628.8462 436.5488 673.6587
v -666.9513 436.5993 651.6587
v -667.5509 377.1561 651.8361
v -667.5509 377.1561 651.8361
v -666.9513 436.5993 651.6587
v -667.5522 376.9690 607.8364
v -666.9513 436.5993 651.6587
v -666.9513 436.5785 607.6587
v -667.5522 376.9690 607.8364
v -667.5522 376.9690 607.8364
v -666.9513 436.5785 607.6587
v -629.4517 376.3277 585.8378
v -666.9513 436.5785 607.6587
v -628.8463 436.5072 585.6587
v -629.4517 376.3277 585.8378
v -629.4517 376.3277 585.8378
v -628.8463 436.5072 585.6587
v -591.3499 375.8734 607.8388
v -628.8463 436.5072 585.6587
v -590.7411 436.4567 607.6587
v -591.3499 375.8734 607.8388
v -591.3499 375.8734 607.8388
v -590.7411 436.4567 607.6587
v -591.3485 376.0605 651.8384
v -590.7411 436.4567 607.6587
v -590.7411 436.4775 651.6587
v -591.3485 376.0605 651.8384
v -591.3485 376.0605 651.8384
v -590.7411 436.4775 651.6587
v -629.4490 376.7019 673.8370
v -590.7411 436.4775 651.6587
v -628.8462 436.5488 673.6587
v -629.4490 376.7019 673.8370
v -628.8462 436.5488 673.6587
v -629.5266 496.2165 673.8599
v -666.9513 436.5993 651.6587
v -629.5266 496.2165 673.8599
v -667.6219 495.4299 651.8571
v -666.9513 436.5993 651.6587
v -666.9513 436.5993 651.6587
v -667.6219 495.4299 651.8571
v -666.9513 436.5785 607.6587
v -667.6219 495.4299 651.8571
v -667.6259 495.7539 607.8582
v -666.9513 436.5785 607.6587
v -666.9513 436.5785 607.6587
v -667.6259 495.7539 607.8582
v -628.8463 436.5072 585.6587
v -667.6259 495.7539 607.8582
v -629.5346 496.8645 585.8623
v -628.8463 436.5072 585.6587
v -628.8463 436.5072 585.6587
v -629.5346 496.8645 585.8623
v -590.7411 436.4567 607.6587
v -629.5346 496.8645 585.8623
v -591.4393 497.6510 607.8652
v -590.7411 436.4567 607.6587
v -590.7411 436.4567 607.6587
v -591.4393 497.6510 607.8652
v -590.7411 436.4775 651.6587
v -591.4393 497.6510 607.8652
v -591.4352 497.3270 651.8640
v -590.7411 436.4775 651.6587
v -590.7411 436.4775 651.6587
v -591.4352 497.3270 651.8640
v -628.8462 436.5488 673.6587
v -591.4352 497.3270 651.8640
v -629.5266 496.2165 673.8599
v -628.8462 436.5488 673.6587
v -629.5266 496.2165 673.8599
v -631.7208 555.9053 674.5090
v -667.6219 495.4299 651.8571
v -631.7208 555.9053 674.5090
v -669.7919 554.4393 652.4990
v -667.6219 495.4299 651.8571
v -667.6219 495.4299 651.8571
v -669.7919 554.4393 652.4990
v -667.6259 495.7539 607.8582
v -669.7919 554.4393 652.4990
v -669.8058 555.0432 608.5031
v -667.6259 495.7539 607.8582
v -667.6259 495.7539 607.8582
v -669.8058 555.0432 608.5031
v -629.5346 496.8645 585.8623
v -669.8058 555.0432 608.5031
v -631.7488 557.1130 586.5173
v -629.5346 496.8645 585.8623
v -629.5346 496.8645 585.8623
v -631.7488 557.1130 586.5173
v -591.4393 497.6510 607.8652
v -631.7488 557.1130 586.5173
v -593.6777 558.5790 608.5274
v -591.4393 497.6510 607.8652
v -591.4393 497.6510 607.8652
v -593.6777 558.5790 608.5274
v -591.4352 497.3270 651.8640
v -593.6777 558.5790 608.5274
v -593.6637 557.9751 652.5233
v -591.4352 497.3270 651.8640
v -591.4352 497.3270 651.8640
v -593.6637 557.9751 652.5233
v -629.5266 496.2165 673.8599
v -593.6637 557.9751 652.5233
v -631.7208 555.9053 674.5090
v -629.5266 496.2165 673.8599
v -631.7208 555.9053 674.5090
v -634.8780 615.6849 675.4430
v -669.7919 554.4393 652.4990
v -634.8780 615.6849 675.4430
v -672.9299 613.8528 653.4272
v -669.7919 554.4393 652.4990
v -669.7919 554.4393 652.4990
v -672.9299 613.8528 653.4272
v -669.8058 555.0432 608.5031
v -672.9299 613.8528 653.4272
v -672.9518 614.6075 609.4337
v -669.8058 555.0432 608.5031
v -669.8058 555.0432 608.5031
v -672.9518 614.6075 609.4337
v -631.7488 557.1130 586.5173
v -672.9518 614.6075 609.4337
v -634.9218 617.1943 587.4559
v -631.7488 557.1130 586.5173
v -631.7488 557.1130 586.5173
v -634.9218 617.1943 587.4559
v -593.6777 558.5790 608.5274
v -634.9218 617.1943 587.4559
v -596.8698 619.0264 609.4717
v -593.6777 558.5790 608.5274
v -593.6777 558.5790 608.5274
v -596.8698 619.0264 609.4717
v -593.6637 557.9751 652.5233
v -596.8698 619.0264 609.4717
v -596.8479 618.2717 653.4651
v -593.6637 557.9751 652.5233
v -593.6637 557.9751 652.5233
v -596.8479 618.2717 653.4651
v -631.7208 555.9053 674.5090
v -596.8479 618.2717 653.4651
v -634.8780 615.6849 675.4430
v -631.7208 555.9053 674.5090
v -634.8780 615.6849 675.4430
v -638.5739 675.4892 676.5363
v -672.9299 613.8528 653.4272
v -638.5739 675.4892 676.5363
v -676.6126 673.4423 654.5166
v -672.9299 613.8528 653.4272
v -672.9299 613.8528 653.4272
v -676.6126 673.4423 654.5166
v -672.9518 614.6075 609.4337
v -676.6126 673.4423 654.5166
v -676.6400 674.2855 610.5247
v -672.9518 614.6075 609.4337
v -672.9518 614.6075 609.4337
v -676.6400 674.2855 610.5247
v -634.9218 617.1943 587.4559
v -676.6400 674.2855 610.5247
v -638.6285 677.1756 588.5524
v -634.9218 617.1943 587.4559
v -634.9218 617.1943 587.4559
v -638.6285 677.1756 588.5524
v -596.8698 619.0264 609.4717
v -638.6285 677.1756 588.5524
v -600.5898 679.2226 610.5721
v -596.8698 619.0264 609.4717
v -596.8698 619.0264 609.4717
v -600.5898 679.2226 610.5721
v -596.8479 618.2717 653.4651
v -600.5898 679.2226 610.5721
v -600.5625 678.3794 654.5640
v -596.8479 618.2717 653.4651
v -596.8479 618.2717 653.4651
v -600.5625 678.3794 654.5640
v -634.8780 615.6849 675.4430
v -600.5625 678.3794 654.5640
v -638.5739 675.4892 676.5363
v -634.8780 615.6849 675.4430
v -638.5739 675.4892 676.5363
v -642.5908 735.3095 677.7245
v -676.6126 673.4423 654.5166
v -642.5908 735.3095 677.7245
v -680.6210 733.1349 655.7024
v -676.6126 673.4423 654.5166
v -676.6126 673.4423 654.5166
v -680.6210 733.1349 655.7024
v -676.6400 674.2855 610.5247
v -680.6210 733.1349 655.7024
v -680.6519 734.0307 611.7115
v -676.6400 674.2855 610.5247
v -676.6400 674.2855 610.5247
v -680.6519 734.0307 611.7115
v -638.6285 677.1756 588.5524
v -680.6519 734.0307 611.7115
v -642.6525 737.1010 589.7428
v -638.6285 677.1756 588.5524
v -638.6285 677.1756 588.5524
v -642.6525 737.1010 589.7428
v -600.5898 679.2226 610.5721
v -642.6525 737.1010 589.7428
v -604.6224 739.2756 611.7650
v -600.5898 679.2226 610.5721
v -600.5898 679.2226 610.5721
v -604.6224 739.2756 611.7650
v -600.5625 678.3794 654.5640
v -604.6224 739.2756 611.7650
v -604.5915 738.3798 655.7558
v -600.5625 678.3794 654.5640
v -600.5625 678.3794 654.5640
v -604.5915 738.3798 655.7558
v -638.5739 675.4892 676.5363
v -604.5915 738.3798 655.7558
v -642.5908 735.3095 677.7245
v -638.5739 675.4892 676.5363
v -642.5908 735.3095 677.7245
v -646.7918 795.1392 678.9672
v -680.6210 733.1349 655.7024
v -646.7918 795.1392 678.9672
v -684.8173 792.8970 656.9437
v -680.6210 733.1349 655.7024
v -680.6210 733.1349 655.7024
v -684.8173 792.8970 656.9437
v -680.6519 734.0307 611.7115
v -684.8173 792.8970 656.9437
v -684.8501 793.8206 612.9534
v -680.6519 734.0307 611.7115
v -680.6519 734.0307 611.7115
v -684.8501 793.8206 612.9534
v -642.6525 737.1010 589.7428
v -684.8501 793.8206 612.9534
v -646.8575 796.9865 590.9866
v -642.6525 737.1010 589.7428
v -642.6525 737.1010 589.7428
v -646.8575 796.9865 590.9866
v -604.6224 739.2756 611.7650
v -646.8575 796.9865 590.9866
v -608.8320 799.2286 613.0102
v -604.6224 739.2756 611.7650
v -604.6224 739.2756 611.7650
v -608.8320 799.2286 613.0102
v -604.5915 738.3798 655.7558
v -608.8320 799.2286 613.0102
v -608.7992 798.3050 657.0005
v -604.5915 738.3798 655.7558
v -604.5915 738.3798 655.7558
v -608.7992 798.3050 657.0005
v -642.5908 735.3095 677.7245
v -608.7992 798.3050 657.0005
v -646.7918 795.1392 678.9672
v -642.5908 735.3095 677.7245
v -646.7918 795.1392 678.9672
v -651.0760 854.9835 680.2346
v -684.8173 792.8970 656.9437
v -651.0760 854.9835 680.2346
v -689.1001 852.7218 658.2106
v -684.8173 792.8970 656.9437
v -684.8173 792.8970 656.9437
v -689.1001 852.7218 658.2106
v -684.8501 793.8206 612.9534
v -689.1001 852.7218 658.2106
v -689.1335 853.6534 614.2205
v -684.8501 793.8206 612.9534
v -684.8501 793.8206 612.9534
v -689.1335 853.6534 614.2205
v -646.8575 796.9865 590.9866
v -689.1335 853.6534 614.2205
v -651.1428 856.8469 592.2543
v -646.8575 796.9865 590.9866
v -646.8575 796.9865 590.9866
v -651.1428 856.8469 592.2543
v -608.8320 799.2286 613.0102
v -651.1428 856.8469 592.2543
v -613.1187 859.1086 614.2783
v -608.8320 799.2286 613.0102
v -608.8320 799.2286 613.0102
v -613.1187 859.1086 614.2783
v -608.7992 798.3050 657.0005
v -613.1187 859.1086 614.2783
v -613.0853 858.1769 658.2684
v -608.7992 798.3050 657.0005
v -608.7992 798.3050 657.0005
v -613.0853 858.1769 658.2684
v -646.7918 795.1392 678.9672
v -613.0853 858.1769 658.2684
v -651.0760 854.9835 680.2346
v -646.7918 795.1392 678.9672
v -651.0760 854.9835 680.2346
v -655.3560 914.8459 681.5006
v -689.1001 852.7218 658.2106
v -655.3560 914.8459 681.5006
v -693.3818 912.6096 659.4772
v -689.1001 852.7218 658.2106
v -689.1001 852.7218 658.2106
v -693.3818 912.6096 659.4772
v -689.1335 853.6534 614.2205
v -693.3818 912.6096 659.4772
v -693.4145 913.5308 615.4868
v -689.1335 853.6534 614.2205
v -689.1335 853.6534 614.2205
v -693.4145 913.5308 615.4868
v -651.1428 856.8469 592.2543
v -693.4145 913.5308 615.4868
v -655.4213 916.6884 593.5200
v -651.1428 856.8469 592.2543
v -651.1428 856.8469 592.2543
v -655.4213 916.6884 593.5200
v -613.1187 859.1086 614.2783
v -655.4213 916.6884 593.5200
v -617.3954 918.9247 615.5434
v -613.1187 859.1086 614.2783
v -613.1187 859.1086 614.2783
v -617.3954 918.9247 615.5434
v -613.0853 858.1769 658.2684
v -617.3954 918.9247 615.5434
v -617.3627 918.0035 659.5337
v -613.0853 858.1769 658.2684
v -613.0853 858.1769 658.2684
v -617.3627 918.0035 659.5337
v -651.0760 854.9835 680.2346
v -617.3627 918.0035 659.5337
v -655.3560 914.8459 681.5006
v -651.0760 854.9835 680.2346
v -655.3560 914.8459 681.5006
v -659.5438 974.7370 682.7394
v -693.3818 912.6096 659.4772
v -659.5438 974.7370 682.7394
v -697.5749 972.5751 660.7175
v -693.3818 912.6096 659.4772
v -693.3818 912.6096 659.4772
v -697.5749 972.5751 660.7175
v -693.4145 913.5308 615.4868
v -697.5749 972.5751 660.7175
v -697.6054 973.4656 616.7266
v -693.4145 913.5308 615.4868
v -693.4145 913.5308 615.4868
v -697.6054 973.4656 616.7266
v -655.4213 916.6884 593.5200
v -697.6054 973.4656 616.7266
v -659.6049 976.5181 594.7575
v -655.4213 916.6884 593.5200
v -655.4213 916.6884 593.5200
v -659.6049 976.5181 594.7575
v -617.3954 918.9247 615.5434
v -659.6049 976.5181 594.7575
v -621.5738 978.6799 616.7794
v -617.3954 918.9247 615.5434
v -617.3954 918.9247 615.5434
v -621.5738 978.6799 616.7794
v -617.3627 918.0035 659.5337
v -621.5738 978.6799 616.7794
v -621.5433 977.7894 660.7704
v -617.3627 918.0035 659.5337
v -617.3627 918.0035 659.5337
v -621.5433 977.7894 660.7704
v -655.3560 914.8459 681.5006
v -621.5433 977.7894 660.7704
v -659.5438 974.7370 682.7394
v -655.3560 914.8459 681.5006
v -659.5438 974.7370 682.7394
v -663.5356 1034.6658 683.9203
v -697.5749 972.5751 660.7175
v -663.5356 1034.6658 683.9203
v -701.5757 1032.6405 661.9011
v -697.5749 972.5751 660.7175
v -697.5749 972.5751 660.7175
v -701.5757 1032.6405 661.9011
v -697.6054 973.4656 616.7266
v -701.5757 1032.6405 661.9011
v -701.6025 1033.4748 617.9089
v -697.6054 973.4656 616.7266
v -697.6054 973.4656 616.7266
v -701.6025 1033.4748 617.9089
v -659.6049 976.5181 594.7575
v -701.6025 1033.4748 617.9089
v -663.5891 1036.3342 595.9361
v -659.6049 976.5181 594.7575
v -659.6049 976.5181 594.7575
v -663.5891 1036.3342 595.9361
v -621.5738 978.6799 616.7794
v -663.5891 1036.3342 595.9361
v -625.5490 1038.3595 617.9553
v -621.5738 978.6799 616.7794
v -621.5738 978.6799 616.7794
v -625.5490 1038.3595 617.9553
v -621.5433 977.7894 660.7704
v -625.5490 1038.3595 617.9553
v -625.5222 1037.5252 661.9474
v -621.5433 977.7894 660.7704
v -621.5433 977.7894 660.7704
v -625.5222 1037.5252 661.9474
v -659.5438 974.7370 682.7394
v -625.5222 1037.5252 661.9474
v -663.5356 1034.6658 683.9203
v -659.5438 974.7370 682.7394
v -420.0000 487.5002 -586.0000
v -420.4845 547.8712 -586.3111
v -458.1051 487.4998 -608.0000
v -420.4845 547.8712 -586.3111
v -458.5855 547.2123 -608.3085
v -458.1051 487.4998 -608.0000
v -458.1051 487.4998 -608.0000
v -458.5855 547.2123 -608.3085
v -458.1051 487.4996 -652.0000
v -458.5855 547.2123 -608.3085
v -458.5833 546.8559 -652.3070
v -458.1051 487.4996 -652.0000
v -458.1051 487.4996 -652.0000
v -458.5833 546.8559 -652.3070
v -420.0000 487.4998 -674.0000
v -458.5833 546.8559 -652.3070
v -420.4800 547.1584 -674.3082
v -420.0000 487.4998 -674.0000
v -420.0000 487.4998 -674.0000
v -420.4800 547.1584 -674.3082
v -381.8949 487.5002 -652.0000
v -420.4800 547.1584 -674.3082
v -382.3791 547.8173 -652.3109
v -381.8949 487.5002 -652.0000
v -381.8949 487.5002 -652.0000
v -382.3791 547.8173 -652.3109
v -381.8949 487.5004 -608.0000
v -382.3791 547.8173 -652.3109
v -382.3813 548.1736 -608.3123
v -381.8949 487.5004 -608.0000
v -381.8949 487.5004 -608.0000
v -382.3813 548.1736 -608.3123
v -420.0000 487.5002 -586.0000
v -382.3813 548.1736 -608.3123
v -420.4845 547.8712 -586.3111
v -420.0000 487.5002 -586.0000
v -420.4845 547.8712 -586.3111
v -421.0125 607.5676 -586.6501
v -458.5855 547.2123 -608.3085
v -421.0125 607.5676 -586.6501
v -459.1176 607.4944 -608.6501
v -458.5855 547.2123 -608.3085
v -458.5855 547.2123 -608.3085
v -459.1176 607.4944 -608.6501
v -458.5833 546.8559 -652.3070
v -459.1176 607.4944 -608.6501
v -459.1175 607.4547 -652.6501
v -458.5833 546.8559 -652.3070
v -458.5833 546.8559 -652.3070
v -459.1175 607.4547 -652.6501
v -420.4800 547.1584 -674.3082
v -459.1175 607.4547 -652.6501
v -421.0124 607.4884 -674.6501
v -420.4800 547.1584 -674.3082
v -420.4800 547.1584 -674.3082
v -421.0124 607.4884 -674.6501
v -382.3791 547.8173 -652.3109
v -421.0124 607.4884 -674.6501
v -382.9073 607.5616 -652.6501
v -382.3791 547.8173 -652.3109
v -382.3791 547.8173 -652.3109
v -382.9073 607.5616 -652.6501
v -382.3813 548.1736 -608.3123
v -382.9073 607.5616 -652.6501
v -382.9074 607.6012 -608.6501
v -382.3813 548.1736 -608.3123
v -382.3813 548.1736 -608.3123
v -382.9074 607.6012 -608.6501
v -420.4845 547.8712 -586.3111
v -382.9074 607.6012 -608.6501
v -421.0125 607.5676 -586.6501
v -420.4845 547.8712 -586.3111
v -421.0125 607.5676 -586.6501
v -420.4187 666.9233 -586.2688
v -459.1176 607.4944 -608.6501
v -420.4187 666.9233 -586.2688
v -458.5113 668.0643 -608.2608
v -459.1176 607.4944 -608.6501
v -459.1176 607.4944 -608.6501
v -458.5113 668.0643 -608.2608
v -459.1175 607.4547 -652.6501
v -458.5113 668.0643 -608.2608
v -458.5046 668.6814 -652.2565
v -459.1175 607.4547 -652.6501
v -459.1175 607.4547 -652.6501
v -458.5046 668.6814 -652.2565
v -421.0124 607.4884 -674.6501
v -458.5046 668.6814 -652.2565
v -420.4052 668.1576 -674.2601
v -421.0124 607.4884 -674.6501
v -421.0124 607.4884 -674.6501
v -420.4052 668.1576 -674.2601
v -382.9073 607.5616 -652.6501
v -420.4052 668.1576 -674.2601
v -382.3125 667.0166 -652.2682
v -382.9073 607.5616 -652.6501
v -382.9073 607.5616 -652.6501
v -382.3125 667.0166 -652.2682
v -382.9074 607.6012 -608.6501
v -382.3125 667.0166 -652.2682
v -382.3193 666.3995 -608.2725
v -382.9074 607.6012 -608.6501
v -382.9074 607.6012 -608.6501
v -382.3193 666.3995 -608.2725
v -421.0125 607.5676 -586.6501
v -382.3193 666.3995 -608.2725
v -420.4187 666.9233 -586.2688
v -421.0125 607.5676 -586.6501
v -420.4187 666.9233 -586.2688
v -418.5011 726.3589 -585.0376
v -458.5113 668.0643 -608.2608
v -418.5011 726.3589 -585.0376
v -456.5630 728.4854 -607.0098
v -458.5113 668.0643 -608.2608
v -458.5113 668.0643 -608.2608
v -456.5630 728.4854 -607.0098
v -458.5046 668.6814 -652.2565
v -456.5630 728.4854 -607.0098
v -456.5395 729.6356 -650.9948
v -458.5046 668.6814 -652.2565
v -458.5046 668.6814 -652.2565
v -456.5395 729.6356 -650.9948
v -420.4052 668.1576 -674.2601
v -456.5395 729.6356 -650.9948
v -418.4543 728.6594 -673.0075
v -420.4052 668.1576 -674.2601
v -420.4052 668.1576 -674.2601
v -418.4543 728.6594 -673.0075
v -382.3125 667.0166 -652.2682
v -418.4543 728.6594 -673.0075
v -380.3925 726.5329 -651.0353
v -382.3125 667.0166 -652.2682
v -382.3125 667.0166 -652.2682
v -380.3925 726.5329 -651.0353
v -382.3193 666.3995 -608.2725
v -380.3925 726.5329 -651.0353
v -380.4159 725.3827 -607.0504
v -382.3193 666.3995 -608.2725
v -382.3193 666.3995 -608.2725
v -380.4159 725.3827 -607.0504
v -420.4187 666.9233 -586.2688
v -380.4159 725.3827 -607.0504
v -418.5011 726.3589 -585.0376
v -420.4187 666.9233 -586.2688
v -418.5011 726.3589 -585.0376
v -415.7369 786.0021 -583.2627
v -456.5630 728.4854 -607.0098
v -415.7369 786.0021 -583.2627
v -453.7743 788.6597 -605.2192
v -456.5630 728.4854 -607.0098
v -456.5630 728.4854 -607.0098
v -453.7743 788.6597 -605.2192
v -456.5395 729.6356 -650.9948
v -453.7743 788.6597 -605.2192
v -453.7377 790.0972 -649.1957
v -456.5395 729.6356 -650.9948
v -456.5395 729.6356 -650.9948
v -453.7377 790.0972 -649.1957
v -418.4543 728.6594 -673.0075
v -453.7377 790.0972 -649.1957
v -415.6637 788.8771 -671.2157
v -418.4543 728.6594 -673.0075
v -418.4543 728.6594 -673.0075
v -415.6637 788.8771 -671.2157
v -380.3925 726.5329 -651.0353
v -415.6637 788.8771 -671.2157
v -377.6262 786.2195 -649.2592
v -380.3925 726.5329 -651.0353
v -380.3925 726.5329 -651.0353
v -377.6262 786.2195 -649.2592
v -380.4159 725.3827 -607.0504
v -377.6262 786.2195 -649.2592
v -377.6628 784.7820 -605.2827
v -380.4159 725.3827 -607.0504
v -380.4159 725.3827 -607.0504
v -377.6628 784.7820 -605.2827
v -418.5011 726.3589 -585.0376
v -377.6628 784.7820 -605.2827
v -415.7369 786.0021 -583.2627
v -418.5011 726.3589 -585.0376
v -415.7369 786.0021 -583.2627
v -412.4980 845.7263 -581.1830
v -453.7743 788.6597 -605.2192
v -412.4980 845.7263 -581.1830
v -450.5186 848.6956 -603.1288
v -453.7743 788.6597 -605.2192
v -453.7743 788.6597 -605.2192
v -450.5186 848.6956 -603.1288
v -453.7377 790.0972 -649.1957
v -450.5186 848.6956 -603.1288
v -450.4729 850.3016 -647.0994
v -453.7377 790.0972 -649.1957
v -453.7377 790.0972 -649.1957
v -450.4729 850.3016 -647.0994
v -415.6637 788.8771 -671.2157
v -450.4729 850.3016 -647.0994
v -412.4066 848.9385 -669.1243
v -415.6637 788.8771 -671.2157
v -415.6637 788.8771 -671.2157
v -412.4066 848.9385 -669.1243
v -377.6262 786.2195 -649.2592
v -412.4066 848.9385 -669.1243
v -374.3860 845.9692 -647.1786
v -377.6262 786.2195 -649.2592
v -377.6262 786.2195 -649.2592
v -374.3860 845.9692 -647.1786
v -377.6628 784.7820 -605.2827
v -374.3860 845.9692 -647.1786
v -374.4317 844.3632 -603.2079
v -377.6628 784.7820 -605.2827
v -377.6628 784.7820 -605.2827
v -374.4317 844.3632 -603.2079
v -415.7369 786.0021 -583.2627
v -374.4317 844.3632 -603.2079
v -412.4980 845.7263 -581.1830
v -415.7369 786.0021 -583.2627
v -412.4980 845.7263 -581.1830
v -408.9759 905.4991 -578.9215
v -450.5186 848.6956 -603.1288
v -408.9759 905.4991 -578.9215
v -446.9856 908.6534 -600.8602
v -450.5186 848.6956 -603.1288
v -450.5186 848.6956 -603.1288
v -446.9856 908.6534 -600.8602
v -450.4729 850.3016 -647.0994
v -446.9856 908.6534 -600.8602
v -446.9340 910.3596 -644.8271
v -450.4729 850.3016 -647.0994
v -450.4729 850.3016 -647.0994
v -446.9340 910.3596 -644.8271
v -412.4066 848.9385 -669.1243
v -446.9340 910.3596 -644.8271
v -408.8727 908.9114 -666.8552
v -412.4066 848.9385 -669.1243
v -412.4066 848.9385 -669.1243
v -408.8727 908.9114 -666.8552
v -374.3860 845.9692 -647.1786
v -408.8727 908.9114 -666.8552
v -370.8629 905.7571 -644.9164
v -374.3860 845.9692 -647.1786
v -374.3860 845.9692 -647.1786
v -370.8629 905.7571 -644.9164
v -374.4317 844.3632 -603.2079
v -370.8629 905.7571 -644.9164
v -370.9145 904.0510 -600.9496
v -374.4317 844.3632 -603.2079
v -374.4317 844.3632 -603.2079
v -370.9145 904.0510 -600.9496
v -412.4980 845.7263 -581.1830
v -370.9145 904.0510 -600.9496
v -408.9759 905.4991 -578.9215
v -412.4980 845.7263 -581.1830
v -408.9759 905.4991 -578.9215
v -405.2910 965.3036 -576.5554
v -446.9856 908.6534 -600.8602
v -405.2910 965.3036 -576.5554
v -443.2947 968.5560 -598.4903
v -446.9856 908.6534 -600.8602
v -446.9856 908.6534 -600.8602
v -443.2947 968.5560 -598.4903
v -446.9340 910.3596 -644.8271
v -443.2947 968.5560 -598.4903
v -443.2398 970.3152 -642.4551
v -446.9340 910.3596 -644.8271
v -446.9340 910.3596 -644.8271
v -443.2398 970.3152 -642.4551
v -408.8727 908.9114 -666.8552
v -443.2398 970.3152 -642.4551
v -405.1813 968.8221 -664.4850
v -408.8727 908.9114 -666.8552
v -408.8727 908.9114 -666.8552
v -405.1813 968.8221 -664.4850
v -370.8629 905.7571 -644.9164
v -405.1813 968.8221 -664.4850
v -367.1776 965.5696 -642.5501
v -370.8629 905.7571 -644.9164
v -370.8629 905.7571 -644.9164
v -367.1776 965.5696 -642.5501
v -370.9145 904.0510 -600.9496
v -367.1776 965.5696 -642.5501
v -367.2324 963.8104 -598.5853
v -370.9145 904.0510 -600.9496
v -370.9145 904.0510 -600.9496
v -367.2324 963.8104 -598.5853
v -408.9759 905.4991 -578.9215
v -367.2324 963.8104 -598.5853
v -405.2910 965.3036 -576.5554
v -408.9759 905.4991 -578.9215
v -405.2910 965.3036 -576.5554
v -401.5320 1025.1406 -574.1418
v -443.2947 968.5560 -598.4903
v -401.5320 1025.1406 -574.1418
v -439.5339 1028.4214 -596.0756
v -443.2947 968.5560 -598.4903
v -443.2947 968.5560 -598.4903
v -439.5339 1028.4214 -596.0756
v -443.2398 970.3152 -642.4551
v -439.5339 1028.4214 -596.0756
v -439.4781 1030.1960 -640.0397
v -443.2398 970.3152 -642.4551
v -443.2398 970.3152 -642.4551
v -439.4781 1030.1960 -640.0397
v -405.1813 968.8221 -664.4850
v -439.4781 1030.1960 -640.0397
v -401.4203 1028.6898 -662.0701
v -405.1813 968.8221 -664.4850
v -405.1813 968.8221 -664.4850
v -401.4203 1028.6898 -662.0701
v -367.1776 965.5696 -642.5501
v -401.4203 1028.6898 -662.0701
v -363.4184 1025.4090 -640.1364
v -367.1776 965.5696 -642.5501
v -367.1776 965.5696 -642.5501
v -363.4184 1025.4090 -640.1364
v -367.2324 963.8104 -598.5853
v -363.4184 1025.4090 -640.1364
v -363.4742 1023.6344 -596.1722
v -367.2324 963.8104 -598.5853
v -367.2324 963.8104 -598.5853
v -363.4742 1023.6344 -596.1722
v -405.2910 965.3036 -576.5554
v -363.4742 1023.6344 -596.1722
v -401.5320 1025.1406 -574.1418
v -405.2910 965.3036 -576.5554
v -401.5320 1025.1406 -574.1418
v -397.7757 1085.0125 -571.7299
v -439.5339 1028.4214 -596.0756
v -397.7757 1085.0125 -571.7299
v -435.7799 1088.2564 -593.6652
v -439.5339 1028.4214 -596.0756
v -439.5339 1028.4214 -596.0756
v -435.7799 1088.2564 -593.6652
v -439.4781 1030.1960 -640.0397
v -435.7799 1088.2564 -593.6652
v -435.7253 1090.0110 -637.6301
v -439.4781 1030.1960 -640.0397
v -439.4781 1030.1960 -640.0397
v -435.7253 1090.0110 -637.6301
v -401.4203 1028.6898 -662.0701
v -435.7253 1090.0110 -637.6301
v -397.6665 1088.5218 -659.6599
v -401.4203 1028.6898 -662.0701
v -401.4203 1028.6898 -662.0701
v -397.6665 1088.5218 -659.6599
v -363.4184 1025.4090 -640.1364
v -397.6665 1088.5218 -659.6599
v -359.6623 1085.2778 -637.7246
v -363.4184 1025.4090 -640.1364
v -363.4184 1025.4090 -640.1364
v -359.6623 1085.2778 -637.7246
v -363.4742 1023.6344 -596.1722
v -359.6623 1085.2778 -637.7246
v -359.7169 1083.5232 -593.7596
v -363.4742 1023.6344 -596.1722
v -363.4742 1023.6344 -596.1722
v -359.7169 1083.5232 -593.7596
v -401.5320 1025.1406 -574.1418
v -359.7169 1083.5232 -593.7596
v -397.7757 1085.0125 -571.7299
v -401.5320 1025.1406 -574.1418
v -397.7757 1085.0125 -571.7299
v -394.0991 1144.9313 -569.3692
v -435.7799 1088.2564 -593.6652
v -394.0991 1144.9313 -569.3692
v -432.1099 1148.0672 -591.3087
v -435.7799 1088.2564 -593.6652
v -435.7799 1088.2564 -593.6652
v -432.1099 1148.0672 -591.3087
v -435.7253 1090.0110 -637.6301
v -432.1099 1148.0672 -591.3087
v -432.0589 1149.7635 -635.2759
v -435.7253 1090.0110 -637.6301
v -435.7253 1090.0110 -637.6301
v -432.0589 1149.7635 -635.2759
v -397.6665 1088.5218 -659.6599
v -432.0589 1149.7635 -635.2759
v -393.9971 1148.3238 -657.3037
v -397.6665 1088.5218 -659.6599
v -397.6665 1088.5218 -659.6599
v -393.9971 1148.3238 -657.3037
v -359.6623 1085.2778 -637.7246
v -393.9971 1148.3238 -657.3037
v -355.9862 1145.1878 -635.3643
v -359.6623 1085.2778 -637.7246
v -359.6623 1085.2778 -637.7246
v -355.9862 1145.1878 -635.3643
v -359.7169 1083.5232 -593.7596
v -355.9862 1145.1878 -635.3643
v -356.0372 1143.4916 -591.3970
v -359.7169 1083.5232 -593.7596
v -359.7169 1083.5232 -593.7596
v -356.0372 1143.4916 -591.3970
v -397.7757 1085.0125 -571.7299
v -356.0372 1143.4916 -591.3970
v -394.0991 1144.9313 -569.3692
v -397.7757 1085.0125 -571.7299
v -394.0991 1144.9313 -569.3692
v -390.5933 1204.9109 -567.1182
v -432.1099 1148.0672 -591.3087
v -390.5933 1204.9109 -567.1182
v -428.6157 1207.8487 -589.0651
v -432.1099 1148.0672 -591.3087
v -432.1099 1148.0672 -591.3087
v -428.6157 1207.8487 -589.0651
v -432.0589 1149.7635 -635.2759
v -428.6157 1207.8487 -589.0651
v -428.5709 1209.4377 -633.0363
v -432.0589 1149.7635 -635.2759
v -432.0589 1149.7635 -635.2759
v -428.5709 1209.4377 -633.0363
v -393.9971 1148.3238 -657.3037
v -428.5709 1209.4377 -633.0363
v -390.5038 1208.0891 -655.0607
v -393.9971 1148.3238 -657.3037
v -393.9971 1148.3238 -657.3037
v -390.5038 1208.0891 -655.0607
v -355.9862 1145.1878 -635.3643
v -390.5038 1208.0891 -655.0607
v -352.4814 1205.1513 -633.1138
v -355.9862 1145.1878 -635.3643
v -355.9862 1145.1878 -635.3643
v -352.4814 1205.1513 -633.1138
v -356.0372 1143.4916 -591.3970
v -352.4814 1205.1513 -633.1138
v -352.5261 1203.5623 -589.1425
v -356.0372 1143.4916 -591.3970
v -356.0372 1143.4916 -591.3970
v -352.5261 1203.5623 -589.1425
v -394.0991 1144.9313 -569.3692
v -352.5261 1203.5623 -589.1425
v -390.5933 1204.9109 -567.1182
v -394.0991 1144.9313 -569.3692
v -376.0000 -25.4996 -378.0000
v -376.4877 28.0189 -378.5364
v -398.0000 -25.4995 -339.8949
v -376.4877 28.0189 -378.5364
v -398.4900 28.3192 -340.4338
v -398.0000 -25.4995 -339.8949
v -398.0000 -25.4995 -339.8949
v -398.4900 28.3192 -340.4338
v -442.0000 -25.4998 -339.8949
v -398.4900 28.3192 -340.4338
v -442.4850 27.6554 -340.4283
v -442.0000 -25.4998 -339.8949
v -442.0000 -25.4998 -339.8949
v -442.4850 27.6554 -340.4283
v -464.0000 -25.5004 -378.0000
v -442.4850 27.6554 -340.4283
v -464.4777 26.6912 -378.5254
v -464.0000 -25.5004 -378.0000
v -464.0000 -25.5004 -378.0000
v -464.4777 26.6912 -378.5254
v -442.0000 -25.5005 -416.1051
v -464.4777 26.6912 -378.5254
v -442.4755 26.3909 -416.6280
v -442.0000 -25.5005 -416.1051
v -442.0000 -25.5005 -416.1051
v -442.4755 26.3909 -416.6280
v -398.0000 -25.5002 -416.1051
v -442.4755 26.3909 -416.6280
v -398.4805 27.0547 -416.6335
v -398.0000 -25.5002 -416.1051
v -398.0000 -25.5002 -416.1051
v -398.4805 27.0547 -416.6335
v -376.0000 -25.4996 -378.0000
v -398.4805 27.0547 -416.6335
v -376.4877 28.0189 -378.5364
v -376.0000 -25.4996 -378.0000
v -376.4877 28.0189 -378.5364
v -377.1891 80.5466 -379.3077
v -398.4900 28.3192 -340.4338
v -377.1891 80.5466 -379.3077
v -399.1897 80.7012 -341.2033
v -398.4900 28.3192 -340.4338
v -398.4900 28.3192 -340.4338
v -399.1897 80.7012 -341.2033
v -442.4850 27.6554 -340.4283
v -399.1897 80.7012 -341.2033
v -443.1884 80.3594 -341.2018
v -442.4850 27.6554 -340.4283
v -442.4850 27.6554 -340.4283
v -443.1884 80.3594 -341.2018
v -464.4777 26.6912 -378.5254
v -443.1884 80.3594 -341.2018
v -465.1865 79.8629 -379.3048
v -464.4777 26.6912 -378.5254
v -464.4777 26.6912 -378.5254
v -465.1865 79.8629 -379.3048
v -442.4755 26.3909 -416.6280
v -465.1865 79.8629 -379.3048
v -443.1859 79.7083 -417.4093
v -442.4755 26.3909 -416.6280
v -442.4755 26.3909 -416.6280
v -443.1859 79.7083 -417.4093
v -398.4805 27.0547 -416.6335
v -443.1859 79.7083 -417.4093
v -399.1872 80.0501 -417.4107
v -398.4805 27.0547 -416.6335
v -398.4805 27.0547 -416.6335
v -399.1872 80.0501 -417.4107
v -376.4877 28.0189 -378.5364
v -399.1872 80.0501 -417.4107
v -377.1891 80.5466 -379.3077
v -376.4877 28.0189 -378.5364
v -377.1891 80.5466 -379.3077
v -377.0089 132.3423 -379.1095
v -399.1897 80.7012 -341.2033
v -377.0089 132.3423 -379.1095
v -399.0115 132.0164 -341.0073
v -399.1897 80.7012 -341.2033
v -399.1897 80.7012 -341.2033
v -399.0115 132.0164 -341.0073
v -443.1884 80.3594 -341.2018
v -399.0115 132.0164 -341.0073
v -443.0056 132.7368 -341.0009
v -443.1884 80.3594 -341.2018
v -443.1884 80.3594 -341.2018
v -443.0056 132.7368 -341.0009
v -465.1865 79.8629 -379.3048
v -443.0056 132.7368 -341.0009
v -464.9971 133.7831 -379.0965
v -465.1865 79.8629 -379.3048
v -465.1865 79.8629 -379.3048
v -464.9971 133.7831 -379.0965
v -443.1859 79.7083 -417.4093
v -464.9971 133.7831 -379.0965
v -442.9944 134.1089 -417.1987
v -443.1859 79.7083 -417.4093
v -443.1859 79.7083 -417.4093
v -442.9944 134.1089 -417.1987
v -399.1872 80.0501 -417.4107
v -442.9944 134.1089 -417.1987
v -399.0003 133.3886 -417.2052
v -399.1872 80.0501 -417.4107
v -399.1872 80.0501 -417.4107
v -399.0003 133.3886 -417.2052
v -377.1891 80.5466 -379.3077
v -399.0003 133.3886 -417.2052
v -377.0089 132.3423 -379.1095
v -377.1891 80.5466 -379.3077
v -377.0089 132.3423 -379.1095
v -375.4454 183.9531 -377.3901
v -399.0115 132.0164 -341.0073
v -375.4454 183.9531 -377.3901
v -397.4643 183.0883 -339.3057
v -399.0115 132.0164 -341.0073
v -399.0115 132.0164 -341.0073
v -397.4643 183.0883 -339.3057
v -443.0056 132.7368 -341.0009
v -397.4643 183.0883 -339.3057
v -441.4227 184.9998 -339.2600
v -443.0056 132.7368 -341.0009
v -443.0056 132.7368 -341.0009
v -441.4227 184.9998 -339.2600
v -464.9971 133.7831 -379.0965
v -441.4227 184.9998 -339.2600
v -463.3623 187.7761 -377.2987
v -464.9971 133.7831 -379.0965
v -464.9971 133.7831 -379.0965
v -463.3623 187.7761 -377.2987
v -442.9944 134.1089 -417.1987
v -463.3623 187.7761 -377.2987
v -441.3435 188.6409 -415.3831
v -442.9944 134.1089 -417.1987
v -442.9944 134.1089 -417.1987
v -441.3435 188.6409 -415.3831
v -399.0003 133.3886 -417.2052
v -441.3435 188.6409 -415.3831
v -397.3851 186.7294 -415.4289
v -399.0003 133.3886 -417.2052
v -399.0003 133.3886 -417.2052
v -397.3851 186.7294 -415.4289
v -377.0089 132.3423 -379.1095
v -397.3851 186.7294 -415.4289
v -375.4454 183.9531 -377.3901
v -377.0089 132.3423 -379.1095
v -375.4454 183.9531 -377.3901
v -372.6889 235.8885 -374.3586
v -397.4643 183.0883 -339.3057
v -372.6889 235.8885 -374.3586
v -394.7257 234.6793 -336.2939
v -397.4643 183.0883 -339.3057
v -397.4643 183.0883 -339.3057
v -394.7257 234.6793 -336.2939
v -441.4227 184.9998 -339.2600
v -394.7257 234.6793 -336.2939
v -438.6443 237.3521 -336.2045
v -441.4227 184.9998 -339.2600
v -441.4227 184.9998 -339.2600
v -438.6443 237.3521 -336.2045
v -463.3623 187.7761 -377.2987
v -438.6443 237.3521 -336.2045
v -460.5262 241.2343 -374.1797
v -463.3623 187.7761 -377.2987
v -463.3623 187.7761 -377.2987
v -460.5262 241.2343 -374.1797
v -441.3435 188.6409 -415.3831
v -460.5262 241.2343 -374.1797
v -438.4893 242.4435 -412.2443
v -441.3435 188.6409 -415.3831
v -441.3435 188.6409 -415.3831
v -438.4893 242.4435 -412.2443
v -397.3851 186.7294 -415.4289
v -438.4893 242.4435 -412.2443
v -394.5707 239.7706 -412.3337
v -397.3851 186.7294 -415.4289
v -397.3851 186.7294 -415.4289
v -394.5707 239.7706 -412.3337
v -375.4454 183.9531 -377.3901
v -394.5707 239.7706 -412.3337
v -372.6889 235.8885 -374.3586
v -375.4454 183.9531 -377.3901
v -372.6889 235.8885 -374.3586
v -369.2150 288.0413 -370.5381
v -394.7257 234.6793 -336.2939
v -369.2150 288.0413 -370.5381
v -391.2652 286.6285 -332.4883
v -394.7257 234.6793 -336.2939
v -394.7257 234.6793 -336.2939
v -391.2652 286.6285 -332.4883
v -438.6443 237.3521 -336.2045
v -391.2652 286.6285 -332.4883
v -435.1541 289.7511 -332.3661
v -438.6443 237.3521 -336.2045
v -438.6443 237.3521 -336.2045
v -435.1541 289.7511 -332.3661
v -460.5262 241.2343 -374.1797
v -435.1541 289.7511 -332.3661
v -456.9927 294.2863 -370.2938
v -460.5262 241.2343 -374.1797
v -460.5262 241.2343 -374.1797
v -456.9927 294.2863 -370.2938
v -438.4893 242.4435 -412.2443
v -456.9927 294.2863 -370.2938
v -434.9425 295.6990 -408.3436
v -438.4893 242.4435 -412.2443
v -438.4893 242.4435 -412.2443
v -434.9425 295.6990 -408.3436
v -394.5707 239.7706 -412.3337
v -434.9425 295.6990 -408.3436
v -391.0536 292.5764 -408.4658
v -394.5707 239.7706 -412.3337
v -394.5707 239.7706 -412.3337
v -391.0536 292.5764 -408.4658
v -372.6889 235.8885 -374.3586
v -391.0536 292.5764 -408.4658
v -369.2150 288.0413 -370.5381
v -372.6889 235.8885 -374.3586
v -369.2150 288.0413 -370.5381
v -365.3068 340.3085 -366.2401
v -391.2652 286.6285 -332.4883
v -365.3068 340.3085 -366.2401
v -387.3661 338.7733 -328.2003
v -391.2652 286.6285 -332.4883
v -391.2652 286.6285 -332.4883
v -387.3661 338.7733 -328.2003
v -435.1541 289.7511 -332.3661
v -387.3661 338.7733 -328.2003
v -431.2349 342.1667 -328.0559
v -435.1541 289.7511 -332.3661
v -435.1541 289.7511 -332.3661
v -431.2349 342.1667 -328.0559
v -456.9927 294.2863 -370.2938
v -431.2349 342.1667 -328.0559
v -453.0442 347.0954 -365.9513
v -456.9927 294.2863 -370.2938
v -456.9927 294.2863 -370.2938
v -453.0442 347.0954 -365.9513
v -434.9425 295.6990 -408.3436
v -453.0442 347.0954 -365.9513
v -430.9848 348.6307 -403.9911
v -434.9425 295.6990 -408.3436
v -434.9425 295.6990 -408.3436
v -430.9848 348.6307 -403.9911
v -391.0536 292.5764 -408.4658
v -430.9848 348.6307 -403.9911
v -387.1161 345.2372 -404.1355
v -391.0536 292.5764 -408.4658
v -391.0536 292.5764 -408.4658
v -387.1161 345.2372 -404.1355
v -369.2150 288.0413 -370.5381
v -387.1161 345.2372 -404.1355
v -365.3068 340.3085 -366.2401
v -369.2150 288.0413 -370.5381
v -365.3068 340.3085 -366.2401
v -361.1414 392.6556 -361.6592
v -387.3661 338.7733 -328.2003
v -361.1414 392.6556 -361.6592
v -383.2061 391.0527 -323.6253
v -387.3661 338.7733 -328.2003
v -387.3661 338.7733 -328.2003
v -383.2061 391.0527 -323.6253
v -431.2349 342.1667 -328.0559
v -383.2061 391.0527 -323.6253
v -427.0630 394.5957 -323.4679
v -431.2349 342.1667 -328.0559
v -431.2349 342.1667 -328.0559
v -427.0630 394.5957 -323.4679
v -453.0442 347.0954 -365.9513
v -427.0630 394.5957 -323.4679
v -448.8550 399.7416 -361.3443
v -453.0442 347.0954 -365.9513
v -453.0442 347.0954 -365.9513
v -448.8550 399.7416 -361.3443
v -430.9848 348.6307 -403.9911
v -448.8550 399.7416 -361.3443
v -426.7903 401.3444 -399.3782
v -430.9848 348.6307 -403.9911
v -430.9848 348.6307 -403.9911
v -426.7903 401.3444 -399.3782
v -387.1161 345.2372 -404.1355
v -426.7903 401.3444 -399.3782
v -382.9334 397.8015 -399.5357
v -387.1161 345.2372 -404.1355
v -387.1161 345.2372 -404.1355
v -382.9334 397.8015 -399.5357
v -365.3068 340.3085 -366.2401
v -382.9334 397.8015 -399.5357
v -361.1414 392.6556 -361.6592
v -365.3068 340.3085 -366.2401
v -361.1414 392.6556 -361.6592
v -356.8480 445.0753 -356.9376
v -383.2061 391.0527 -323.6253
v -356.8480 445.0753 -356.9376
v -378.9147 443.4479 -318.9059
v -383.2061 391.0527 -323.6253
v -383.2061 391.0527 -323.6253
v -378.9147 443.4479 -318.9059
v -427.0630 394.5957 -323.4679
v -378.9147 443.4479 -318.9059
v -422.7672 447.0449 -318.7436
v -427.0630 394.5957 -323.4679
v -427.0630 394.5957 -323.4679
v -422.7672 447.0449 -318.7436
v -448.8550 399.7416 -361.3443
v -422.7672 447.0449 -318.7436
v -444.5528 452.2691 -356.6130
v -448.8550 399.7416 -361.3443
v -448.8550 399.7416 -361.3443
v -444.5528 452.2691 -356.6130
v -426.7903 401.3444 -399.3782
v -444.5528 452.2691 -356.6130
v -422.4861 453.8964 -394.6447
v -426.7903 401.3444 -399.3782
v -426.7903 401.3444 -399.3782
v -422.4861 453.8964 -394.6447
v -382.9334 397.8015 -399.5357
v -422.4861 453.8964 -394.6447
v -378.6336 450.2995 -394.8069
v -382.9334 397.8015 -399.5357
v -382.9334 397.8015 -399.5357
v -378.6336 450.2995 -394.8069
v -361.1414 392.6556 -361.6592
v -378.6336 450.2995 -394.8069
v -356.8480 445.0753 -356.9376
v -361.1414 392.6556 -361.6592
v -356.8480 445.0753 -356.9376
v -352.5351 497.5806 -352.1945
v -378.9147 443.4479 -318.9059
v -352.5351 497.5806 -352.1945
v -374.6006 495.9683 -314.1614
v -378.9147 443.4479 -318.9059
v -378.9147 443.4479 -318.9059
v -374.6006 495.9683 -314.1614
v -422.7672 447.0449 -318.7436
v -374.6006 495.9683 -314.1614
v -418.4558 499.5320 -314.0022
v -422.7672 447.0449 -318.7436
v -422.7672 447.0449 -318.7436
v -418.4558 499.5320 -314.0022
v -444.5528 452.2691 -356.6130
v -418.4558 499.5320 -314.0022
v -440.2455 504.7079 -351.8759
v -444.5528 452.2691 -356.6130
v -444.5528 452.2691 -356.6130
v -440.2455 504.7079 -351.8759
v -422.4861 453.8964 -394.6447
v -440.2455 504.7079 -351.8759
v -418.1799 506.3201 -389.9090
v -422.4861 453.8964 -394.6447
v -422.4861 453.8964 -394.6447
v -418.1799 506.3201 -389.9090
v -378.6336 450.2995 -394.8069
v -418.1799 506.3201 -389.9090
v -374.3248 502.7565 -390.0683
v -378.6336 450.2995 -394.8069
v -378.6336 450.2995 -394.8069
v -374.3248 502.7565 -390.0683
v -356.8480 445.0753 -356.9376
v -374.3248 502.7565 -390.0683
v -352.5351 497.5806 -352.1945
v -356.8480 445.0753 -356.9376
v -352.5351 497.5806 -352.1945
v -348.3092 550.1948 -347.5471
v -374.6006 495.9683 -314.1614
v -348.3092 550.1948 -347.5471
v -370.3702 548.6393 -309.5090
v -374.6006 495.9683 -314.1614
v -374.6006 495.9683 -314.1614
v -370.3702 548.6393 -309.5090
v -418.4558 499.5320 -314.0022
v -370.3702 548.6393 -309.5090
v -414.2354 552.0773 -309.3608
v -418.4558 499.5320 -314.0022
v -418.4558 499.5320 -314.0022
v -414.2354 552.0773 -309.3608
v -440.2455 504.7079 -351.8759
v -414.2354 552.0773 -309.3608
v -436.0397 557.0707 -347.2506
v -440.2455 504.7079 -351.8759
v -440.2455 504.7079 -351.8759
v -436.0397 557.0707 -347.2506
v -418.1799 506.3201 -389.9090
v -436.0397 557.0707 -347.2506
v -413.9787 558.6262 -385.2887
v -418.1799 506.3201 -389.9090
v -418.1799 506.3201 -389.9090
v -413.9787 558.6262 -385.2887
v -374.3248 502.7565 -390.0683
v -413.9787 558.6262 -385.2887
v -370.1135 555.1881 -385.4369
v -374.3248 502.7565 -390.0683
v -374.3248 502.7565 -390.0683
v -370.1135 555.1881 -385.4369
v -352.5351 497.5806 -352.1945
v -370.1135 555.1881 -385.4369
v -348.3092 550.1948 -347.5471
v -352.5351 497.5806 -352.1945
v -348.3092 550.1948 -347.5471
v -344.2913 602.9581 -343.1283
v -370.3702 548.6393 -309.5090
v -344.2913 602.9581 -343.1283
v -366.3440 601.5106 -305.0812
v -370.3702 548.6393 -309.5090
v -370.3702 548.6393 -309.5090
v -366.3440 601.5106 -305.0812
v -414.2354 552.0773 -309.3608
v -366.3440 601.5106 -305.0812
v -410.2274 604.7100 -304.9529
v -414.2354 552.0773 -309.3608
v -414.2354 552.0773 -309.3608
v -410.2274 604.7100 -304.9529
v -436.0397 557.0707 -347.2506
v -410.2274 604.7100 -304.9529
v -432.0579 609.3568 -342.8717
v -436.0397 557.0707 -347.2506
v -436.0397 557.0707 -347.2506
v -432.0579 609.3568 -342.8717
v -413.9787 558.6262 -385.2887
v -432.0579 609.3568 -342.8717
v -410.0052 610.8043 -380.9188
v -413.9787 558.6262 -385.2887
v -413.9787 558.6262 -385.2887
v -410.0052 610.8043 -380.9188
v -370.1135 555.1881 -385.4369
v -410.0052 610.8043 -380.9188
v -366.1218 607.6049 -381.0471
v -370.1135 555.1881 -385.4369
v -370.1135 555.1881 -385.4369
v -366.1218 607.6049 -381.0471
v -348.3092 550.1948 -347.5471
v -366.1218 607.6049 -381.0471
v -344.2913 602.9581 -343.1283
v -348.3092 550.1948 -347.5471
v -376.0000 145.5001 -126.0000
v -376.0613 183.1868 -126.2346
v -398.0000 145.5004 -87.8949
v -376.0613 183.1868 -126.2346
v -398.0618 183.5443 -88.1315
v -398.0000 145.5004 -87.8949
v -398.0000 145.5004 -87.8949
v -398.0618 183.5443 -88.1315
v -442.0000 145.5003 -87.8949
v -398.0618 183.5443 -88.1315
v -442.0616 183.4173 -88.1308
v -442.0000 145.5003 -87.8949
v -442.0000 145.5003 -87.8949
v -442.0616 183.4173 -88.1308
v -464.0000 145.4999 -126.0000
v -442.0616 183.4173 -88.1308
v -464.0609 182.9329 -126.2332
v -464.0000 145.4999 -126.0000
v -464.0000 145.4999 -126.0000
v -464.0609 182.9329 -126.2332
v -442.0000 145.4996 -164.1051
v -464.0609 182.9329 -126.2332
v -442.0604 182.5754 -164.3363
v -442.0000 145.4996 -164.1051
v -442.0000 145.4996 -164.1051
v -442.0604 182.5754 -164.3363
v -398.0000 145.4997 -164.1051
v -442.0604 182.5754 -164.3363
v -398.0606 182.7024 -164.3371
v -398.0000 145.4997 -164.1051
v -398.0000 145.4997 -164.1051
v -398.0606 182.7024 -164.3371
v -376.0000 145.5001 -126.0000
v -398.0606 182.7024 -164.3371
v -376.0613 183.1868 -126.2346
v -376.0000 145.5001 -126.0000
v -376.0613 183.1868 -126.2346
v -376.1875 220.7677 -126.7178
v -398.0618 183.5443 -88.1315
v -376.1875 220.7677 -126.7178
v -398.1882 221.1918 -88.6155
v -398.0618 183.5443 -88.1315
v -398.0618 183.5443 -88.1315
v -398.1882 221.1918 -88.6155
v -442.0616 183.4173 -88.1308
v -398.1882 221.1918 -88.6155
v -442.1880 221.0412 -88.6145
v -442.0616 183.4173 -88.1308
v -442.0616 183.4173 -88.1308
v -442.1880 221.0412 -88.6145
v -464.0609 182.9329 -126.2332
v -442.1880 221.0412 -88.6145
v -464.1870 220.4665 -126.7159
v -464.0609 182.9329 -126.2332
v -464.0609 182.9329 -126.2332
v -464.1870 220.4665 -126.7159
v -442.0604 182.5754 -164.3363
v -464.1870 220.4665 -126.7159
v -442.1862 220.0424 -164.8182
v -442.0604 182.5754 -164.3363
v -442.0604 182.5754 -164.3363
v -442.1862 220.0424 -164.8182
v -398.0606 182.7024 -164.3371
v -442.1862 220.0424 -164.8182
v -398.1865 220.1930 -164.8192
v -398.0606 182.7024 -164.3371
v -398.0606 182.7024 -164.3371
v -398.1865 220.1930 -164.8192
v -376.0613 183.1868 -126.2346
v -398.1865 220.1930 -164.8192
v -376.1875 220.7677 -126.7178
v -376.0613 183.1868 -126.2346
v -376.1875 220.7677 -126.7178
v -376.2878 258.2432 -127.1020
v -398.1882 221.1918 -88.6155
v -376.2878 258.2432 -127.1020
v -398.2880 258.4337 -88.9974
v -398.1882 221.1918 -88.6155
v -398.1882 221.1918 -88.6155
v -398.2880 258.4337 -88.9974
v -442.1880 221.0412 -88.6145
v -398.2880 258.4337 -88.9974
v -442.2879 258.3661 -88.9972
v -442.1880 221.0412 -88.6145
v -442.1880 221.0412 -88.6145
v -442.2879 258.3661 -88.9972
v -464.1870 220.4665 -126.7159
v -442.2879 258.3661 -88.9972
v -464.2877 258.1078 -127.1016
v -464.1870 220.4665 -126.7159
v -464.1870 220.4665 -126.7159
v -464.2877 258.1078 -127.1016
v -442.1862 220.0424 -164.8182
v -464.2877 258.1078 -127.1016
v -442.2876 257.9172 -165.2061
v -442.1862 220.0424 -164.8182
v -442.1862 220.0424 -164.8182
v -442.2876 257.9172 -165.2061
v -398.1865 220.1930 -164.8192
v -442.2876 257.9172 -165.2061
v -398.2876 257.9849 -165.2063
v -398.1865 220.1930 -164.8192
v -398.1865 220.1930 -164.8192
v -398.2876 257.9849 -165.2063
v -376.1875 220.7677 -126.7178
v -398.2876 257.9849 -165.2063
v -376.2878 258.2432 -127.1020
v -376.1875 220.7677 -126.7178
v -376.2878 258.2432 -127.1020
v -376.2757 295.6250 -127.0556
v -398.2880 258.4337 -88.9974
v -376.2757 295.6250 -127.0556
v -398.2761 295.3138 -88.9520
v -398.2880 258.4337 -88.9974
v -398.2880 258.4337 -88.9974
v -398.2761 295.3138 -88.9520
v -442.2879 258.3661 -88.9972
v -398.2761 295.3138 -88.9520
v -442.2760 295.4243 -88.9514
v -442.2879 258.3661 -88.9972
v -442.2879 258.3661 -88.9972
v -442.2760 295.4243 -88.9514
v -464.2877 258.1078 -127.1016
v -442.2760 295.4243 -88.9514
v -464.2754 295.8461 -127.0545
v -464.2877 258.1078 -127.1016
v -464.2877 258.1078 -127.1016
v -464.2754 295.8461 -127.0545
v -442.2876 257.9172 -165.2061
v -464.2754 295.8461 -127.0545
v -442.2750 296.1574 -165.1581
v -442.2876 257.9172 -165.2061
v -442.2876 257.9172 -165.2061
v -442.2750 296.1574 -165.1581
v -398.2876 257.9849 -165.2063
v -442.2750 296.1574 -165.1581
v -398.2752 296.0468 -165.1587
v -398.2876 257.9849 -165.2063
v -398.2876 257.9849 -165.2063
v -398.2752 296.0468 -165.1587
v -376.2878 258.2432 -127.1020
v -398.2752 296.0468 -165.1587
v -376.2757 295.6250 -127.0556
v -376.2878 258.2432 -127.1020
v -376.2757 295.6250 -127.0556
v -376.0797 332.9255 -126.3051
v -398.2761 295.3138 -88.9520
v -376.0797 332.9255 -126.3051
v -398.0839 331.9066 -88.2160
v -398.2761 295.3138 -88.9520
v -398.2761 295.3138 -88.9520
v -398.0839 331.9066 -88.2160
v -442.2760 295.4243 -88.9514
v -398.0839 331.9066 -88.2160
v -442.0824 332.2684 -88.2103
v -442.2760 295.4243 -88.9514
v -442.2760 295.4243 -88.9514
v -442.0824 332.2684 -88.2103
v -464.2754 295.8461 -127.0545
v -442.0824 332.2684 -88.2103
v -464.0767 333.6492 -126.2937
v -464.2754 295.8461 -127.0545
v -464.2754 295.8461 -127.0545
v -464.0767 333.6492 -126.2937
v -442.2750 296.1574 -165.1581
v -464.0767 333.6492 -126.2937
v -442.0725 334.6681 -164.3828
v -442.2750 296.1574 -165.1581
v -442.2750 296.1574 -165.1581
v -442.0725 334.6681 -164.3828
v -398.2752 296.0468 -165.1587
v -442.0725 334.6681 -164.3828
v -398.0740 334.3063 -164.3885
v -398.2752 296.0468 -165.1587
v -398.2752 296.0468 -165.1587
v -398.0740 334.3063 -164.3885
v -376.2757 295.6250 -127.0556
v -398.0740 334.3063 -164.3885
v -376.0797 332.9255 -126.3051
v -376.2757 295.6250 -127.0556
v -376.0797 332.9255 -126.3051
v -375.6577 370.1889 -124.6892
v -398.0839 331.9066 -88.2160
v -375.6577 370.1889 -124.6892
v -397.6700 368.4406 -86.6314
v -398.0839 331.9066 -88.2160
v -398.0839 331.9066 -88.2160
v -397.6700 368.4406 -86.6314
v -442.0824 332.2684 -88.2103
v -397.6700 368.4406 -86.6314
v -441.6656 369.0615 -86.6146
v -442.0824 332.2684 -88.2103
v -442.0824 332.2684 -88.2103
v -441.6656 369.0615 -86.6146
v -464.0767 333.6492 -126.2937
v -441.6656 369.0615 -86.6146
v -463.6489 371.4307 -124.6556
v -464.0767 333.6492 -126.2937
v -464.0767 333.6492 -126.2937
v -463.6489 371.4307 -124.6556
v -442.0725 334.6681 -164.3828
v -463.6489 371.4307 -124.6556
v -441.6365 373.1790 -162.7135
v -442.0725 334.6681 -164.3828
v -442.0725 334.6681 -164.3828
v -441.6365 373.1790 -162.7135
v -398.0740 334.3063 -164.3885
v -441.6365 373.1790 -162.7135
v -397.6409 372.5581 -162.7303
v -398.0740 334.3063 -164.3885
v -398.0740 334.3063 -164.3885
v -397.6409 372.5581 -162.7303
v -376.0797 332.9255 -126.3051
v -397.6409 372.5581 -162.7303
v -375.6577 370.1889 -124.6892
v -376.0797 332.9255 -126.3051
v -375.6577 370.1889 -124.6892
v -375.0490 407.4923 -122.3589
v -397.6700 368.4406 -86.6314
v -375.0490 407.4923 -122.3589
v -397.0695 405.2404 -84.3322
v -397.6700 368.4406 -86.6314
v -397.6700 368.4406 -86.6314
v -397.0695 405.2404 -84.3322
v -441.6656 369.0615 -86.6146
v -397.0695 405.2404 -84.3322
v -441.0622 406.0402 -84.3043
v -441.6656 369.0615 -86.6146
v -441.6656 369.0615 -86.6146
v -441.0622 406.0402 -84.3043
v -463.6489 371.4307 -124.6556
v -441.0622 406.0402 -84.3043
v -463.0344 409.0918 -122.3031
v -463.6489 371.4307 -124.6556
v -463.6489 371.4307 -124.6556
v -463.0344 409.0918 -122.3031
v -441.6365 373.1790 -162.7135
v -463.0344 409.0918 -122.3031
v -441.0139 411.3437 -160.3298
v -441.6365 373.1790 -162.7135
v -441.6365 373.1790 -162.7135
v -441.0139 411.3437 -160.3298
v -397.6409 372.5581 -162.7303
v -441.0139 411.3437 -160.3298
v -397.0212 410.5440 -160.3577
v -397.6409 372.5581 -162.7303
v -397.6409 372.5581 -162.7303
v -397.0212 410.5440 -160.3577
v -375.6577 370.1889 -124.6892
v -397.0212 410.5440 -160.3577
v -375.0490 407.4923 -122.3589
v -375.6577 370.1889 -124.6892
v -375.0490 407.4923 -122.3589
v -374.3158 444.8261 -119.5517
v -397.0695 405.2404 -84.3322
v -374.3158 444.8261 -119.5517
v -396.3425 442.2540 -81.5489
v -397.0695 405.2404 -84.3322
v -397.0695 405.2404 -84.3322
v -396.3425 442.2540 -81.5489
v -441.0622 406.0402 -84.3043
v -396.3425 442.2540 -81.5489
v -440.3330 443.1675 -81.5126
v -441.0622 406.0402 -84.3043
v -441.0622 406.0402 -84.3043
v -440.3330 443.1675 -81.5126
v -463.0344 409.0918 -122.3031
v -440.3330 443.1675 -81.5126
v -462.2968 446.6531 -119.4789
v -463.0344 409.0918 -122.3031
v -463.0344 409.0918 -122.3031
v -462.2968 446.6531 -119.4789
v -441.0139 411.3437 -160.3298
v -462.2968 446.6531 -119.4789
v -440.2700 449.2253 -157.4816
v -441.0139 411.3437 -160.3298
v -441.0139 411.3437 -160.3298
v -440.2700 449.2253 -157.4816
v -397.0212 410.5440 -160.3577
v -440.2700 449.2253 -157.4816
v -396.2795 448.3118 -157.5180
v -397.0212 410.5440 -160.3577
v -397.0212 410.5440 -160.3577
v -396.2795 448.3118 -157.5180
v -375.0490 407.4923 -122.3589
v -396.2795 448.3118 -157.5180
v -374.3158 444.8261 -119.5517
v -375.0490 407.4923 -122.3589
v -374.3158 444.8261 -119.5517
v -373.5083 482.1909 -116.4600
v -396.3425 442.2540 -81.5489
v -373.5083 482.1909 -116.4600
v -395.5386 479.4516 -78.4710
v -396.3425 442.2540 -81.5489
v -396.3425 442.2540 -81.5489
v -395.5386 479.4516 -78.4710
v -440.3330 443.1675 -81.5126
v -395.5386 479.4516 -78.4710
v -439.5278 480.4244 -78.4298
v -440.3330 443.1675 -81.5126
v -440.3330 443.1675 -81.5126
v -439.5278 480.4244 -78.4298
v -462.2968 446.6531 -119.4789
v -439.5278 480.4244 -78.4298
v -461.4867 484.1367 -116.3775
v -462.2968 446.6531 -119.4789
v -462.2968 446.6531 -119.4789
v -461.4867 484.1367 -116.3775
v -440.2700 449.2253 -157.4816
v -461.4867 484.1367 -116.3775
v -439.4564 486.8760 -154.3664
v -440.2700 449.2253 -157.4816
v -440.2700 449.2253 -157.4816
v -439.4564 486.8760 -154.3664
v -396.2795 448.3118 -157.5180
v -439.4564 486.8760 -154.3664
v -395.4672 485.9031 -154.4077
v -396.2795 448.3118 -157.5180
v -396.2795 448.3118 -157.5180
v -395.4672 485.9031 -154.4077
v -374.3158 444.8261 -119.5517
v -395.4672 485.9031 -154.4077
v -373.5083 482.1909 -116.4600
v -374.3158 444.8261 -119.5517
v -373.5083 482.1909 -116.4600
v -372.6703 519.5948 -113.2515
v -395.5386 479.4516 -78.4710
v -372.6703 519.5948 -113.2515
v -394.7012 516.8270 -75.2650
v -395.5386 479.4516 -78.4710
v -395.5386 479.4516 -78.4710
v -394.7012 516.8270 -75.2650
v -439.5278 480.4244 -78.4298
v -394.7012 516.8270 -75.2650
v -438.6902 517.8100 -75.2228
v -439.5278 480.4244 -78.4298
v -439.5278 480.4244 -78.4298
v -438.6902 517.8100 -75.2228
v -461.4867 484.1367 -116.3775
v -438.6902 517.8100 -75.2228
v -460.6483 521.5609 -113.1672
v -461.4867 484.1367 -116.3775
v -461.4867 484.1367 -116.3775
v -460.6483 521.5609 -113.1672
v -439.4564 486.8760 -154.3664
v -460.6483 521.5609 -113.1672
v -438.6172 524.3289 -151.1537
v -439.4564 486.8760 -154.3664
v -439.4564 486.8760 -154.3664
v -438.6172 524.3289 -151.1537
v -395.4672 485.9031 -154.4077
v -438.6172 524.3289 -151.1537
v -394.6283 523.3458 -151.1958
v -395.4672 485.9031 -154.4077
v -395.4672 485.9031 -154.4077
v -394.6283 523.3458 -151.1958
v -373.5083 482.1909 -116.4600
v -394.6283 523.3458 -151.1958
v -372.6703 519.5948 -113.2515
v -373.5083 482.1909 -116.4600
v -372.6703 519.5948 -113.2515
v -371.8430 557.0513 -110.0844
v -394.7012 516.8270 -75.2650
v -371.8430 557.0513 -110.0844
v -393.8717 554.3910 -72.0888
v -394.7012 516.8270 -75.2650
v -394.7012 516.8270 -75.2650
v -393.8717 554.3910 -72.0888
v -438.6902 517.8100 -75.2228
v -393.8717 554.3910 -72.0888
v -437.8615 555.3358 -72.0499
v -438.6902 517.8100 -75.2228
v -438.6902 517.8100 -75.2228
v -437.8615 555.3358 -72.0499
v -460.6483 521.5609 -113.1672
v -437.8615 555.3358 -72.0499
v -459.8227 558.9410 -110.0066
v -460.6483 521.5609 -113.1672
v -460.6483 521.5609 -113.1672
v -459.8227 558.9410 -110.0066
v -438.6172 524.3289 -151.1537
v -459.8227 558.9410 -110.0066
v -437.7941 561.6013 -148.0022
v -438.6172 524.3289 -151.1537
v -438.6172 524.3289 -151.1537
v -437.7941 561.6013 -148.0022
v -394.6283 523.3458 -151.1958
v -437.7941 561.6013 -148.0022
v -393.8043 560.6565 -148.0411
v -394.6283 523.3458 -151.1958
v -394.6283 523.3458 -151.1958
v -393.8043 560.6565 -148.0411
v -372.6703 519.5948 -113.2515
v -393.8043 560.6565 -148.0411
v -371.8430 557.0513 -110.0844
v -372.6703 519.5948 -113.2515
v -371.8430 557.0513 -110.0844
v -371.0691 594.5770 -107.1213
v -393.8717 554.3910 -72.0888
v -371.0691 594.5770 -107.1213
v -393.0926 592.1694 -69.1059
v -393.8717 554.3910 -72.0888
v -393.8717 554.3910 -72.0888
v -393.0926 592.1694 -69.1059
v -437.8615 555.3358 -72.0499
v -393.0926 592.1694 -69.1059
v -437.0842 593.0245 -69.0740
v -437.8615 555.3358 -72.0499
v -437.8615 555.3358 -72.0499
v -437.0842 593.0245 -69.0740
v -459.8227 558.9410 -110.0066
v -437.0842 593.0245 -69.0740
v -459.0525 596.2872 -107.0576
v -459.8227 558.9410 -110.0066
v -459.8227 558.9410 -110.0066
v -459.0525 596.2872 -107.0576
v -437.7941 561.6013 -148.0022
v -459.0525 596.2872 -107.0576
v -437.0291 598.6948 -145.0730
v -437.7941 561.6013 -148.0022
v -437.7941 561.6013 -148.0022
v -437.0291 598.6948 -145.0730
v -393.8043 560.6565 -148.0411
v -437.0291 598.6948 -145.0730
v -393.0374 597.8397 -145.1048
v -393.8043 560.6565 -148.0411
v -393.8043 560.6565 -148.0411
v -393.0374 597.8397 -145.1048
v -371.8430 557.0513 -110.0844
v -393.0374 597.8397 -145.1048
v -371.0691 594.5770 -107.1213
v -371.8430 557.0513 -110.0844
v -420.0000 316.4996 170.0000
v -419.7115 344.7383 170.1587
v -458.1051 316.5004 148.0000
v -419.7115 344.7383 170.1587
v -457.8080 345.6682 148.1634
v -458.1051 316.5004 148.0000
v -458.1051 316.5004 148.0000
v -457.8080 345.6682 148.1634
v -458.1051 316.5008 104.0000
v -457.8080 345.6682 148.1634
v -457.8038 346.1164 104.1657
v -458.1051 316.5008 104.0000
v -458.1051 316.5008 104.0000
v -457.8038 346.1164 104.1657
v -420.0000 316.5004 82.0000
v -457.8038 346.1164 104.1657
v -419.7032 345.6346 82.1632
v -420.0000 316.5004 82.0000
v -420.0000 316.5004 82.0000
v -419.7032 345.6346 82.1632
v -381.8949 316.4996 104.0000
v -419.7032 345.6346 82.1632
v -381.6067 344.7047 104.1585
v -381.8949 316.4996 104.0000
v -381.8949 316.4996 104.0000
v -381.6067 344.7047 104.1585
v -381.8949 316.4992 148.0000
v -381.6067 344.7047 104.1585
v -381.6108 344.2565 148.1562
v -381.8949 316.4992 148.0000
v -381.8949 316.4992 148.0000
v -381.6108 344.2565 148.1562
v -420.0000 316.4996 170.0000
v -381.6108 344.2565 148.1562
v -419.7115 344.7383 170.1587
v -420.0000 316.4996 170.0000
v -419.7115 344.7383 170.1587
v -419.0458 373.2236 170.5247
v -457.8080 345.6682 148.1634
v -419.0458 373.2236 170.5247
v -457.1333 374.5555 148.5344
v -457.8080 345.6682 148.1634
v -457.8080 345.6682 148.1634
v -457.1333 374.5555 148.5344
v -457.8038 346.1164 104.1657
v -457.1333 374.5555 148.5344
v -457.1248 375.1974 104.5391
v -457.8038 346.1164 104.1657
v -457.8038 346.1164 104.1657
v -457.1248 375.1974 104.5391
v -419.7032 345.6346 82.1632
v -457.1248 375.1974 104.5391
v -419.0288 374.5074 82.5340
v -419.7032 345.6346 82.1632
v -419.7032 345.6346 82.1632
v -419.0288 374.5074 82.5340
v -381.6067 344.7047 104.1585
v -419.0288 374.5074 82.5340
v -380.9413 373.1754 104.5243
v -381.6067 344.7047 104.1585
v -381.6067 344.7047 104.1585
v -380.9413 373.1754 104.5243
v -381.6108 344.2565 148.1562
v -380.9413 373.1754 104.5243
v -380.9499 372.5335 148.5196
v -381.6108 344.2565 148.1562
v -381.6108 344.2565 148.1562
v -380.9499 372.5335 148.5196
v -419.7115 344.7383 170.1587
v -380.9499 372.5335 148.5196
v -419.0458 373.2236 170.5247
v -419.7115 344.7383 170.1587
v -419.0458 373.2236 170.5247
v -418.2848 401.9403 170.9432
v -457.1333 374.5555 148.5344
v -418.2848 401.9403 170.9432
v -456.3744 403.1879 148.9517
v -457.1333 374.5555 148.5344
v -457.1333 374.5555 148.5344
v -456.3744 403.1879 148.9517
v -457.1248 375.1974 104.5391
v -456.3744 403.1879 148.9517
v -456.3669 403.7892 104.9558
v -457.1248 375.1974 104.5391
v -457.1248 375.1974 104.5391
v -456.3669 403.7892 104.9558
v -419.0288 374.5074 82.5340
v -456.3669 403.7892 104.9558
v -418.2698 403.1429 82.9514
v -419.0288 374.5074 82.5340
v -419.0288 374.5074 82.5340
v -418.2698 403.1429 82.9514
v -380.9413 373.1754 104.5243
v -418.2698 403.1429 82.9514
v -380.1802 401.8953 104.9428
v -380.9413 373.1754 104.5243
v -380.9413 373.1754 104.5243
v -380.1802 401.8953 104.9428
v -380.9499 372.5335 148.5196
v -380.1802 401.8953 104.9428
v -380.1877 401.2940 148.9387
v -380.9499 372.5335 148.5196
v -380.9499 372.5335 148.5196
v -380.1877 401.2940 148.9387
v -419.0458 373.2236 170.5247
v -380.1877 401.2940 148.9387
v -418.2848 401.9403 170.9432
v -419.0458 373.2236 170.5247
v -418.2848 401.9403 170.9432
v -417.7075 430.9012 171.2606
v -456.3744 403.1879 148.9517
v -417.7075 430.9012 171.2606
v -455.8082 431.5695 149.2630
v -456.3744 403.1879 148.9517
v -456.3744 403.1879 148.9517
v -455.8082 431.5695 149.2630
v -456.3669 403.7892 104.9558
v -455.8082 431.5695 149.2630
v -455.8060 431.8916 105.2642
v -456.3669 403.7892 104.9558
v -456.3669 403.7892 104.9558
v -455.8060 431.8916 105.2642
v -418.2698 403.1429 82.9514
v -455.8060 431.8916 105.2642
v -417.7032 431.5453 83.2630
v -418.2698 403.1429 82.9514
v -418.2698 403.1429 82.9514
v -417.7032 431.5453 83.2630
v -380.1802 401.8953 104.9428
v -417.7032 431.5453 83.2630
v -379.6025 430.8771 105.2605
v -380.1802 401.8953 104.9428
v -380.1802 401.8953 104.9428
v -379.6025 430.8771 105.2605
v -380.1877 401.2940 148.9387
v -379.6025 430.8771 105.2605
v -379.6047 430.5550 149.2593
v -380.1877 401.2940 148.9387
v -380.1877 401.2940 148.9387
v -379.6047 430.5550 149.2593
v -418.2848 401.9403 170.9432
v -379.6047 430.5550 149.2593
v -417.7075 430.9012 171.2606
v -418.2848 401.9403 170.9432
v -417.7075 430.9012 171.2606
v -417.6200 460.1365 171.3087
v -455.8082 431.5695 149.2630
v -417.6200 460.1365 171.3087
v -455.7230 459.6697 149.3099
v -455.8082 431.5695 149.2630
v -455.8082 431.5695 149.2630
v -455.7230 459.6697 149.3099
v -455.8060 431.8916 105.2642
v -455.7230 459.6697 149.3099
v -455.7219 459.4447 105.3105
v -455.8060 431.8916 105.2642
v -455.8060 431.8916 105.2642
v -455.7219 459.4447 105.3105
v -417.7032 431.5453 83.2630
v -455.7219 459.4447 105.3105
v -417.6179 459.6866 83.3098
v -417.7032 431.5453 83.2630
v -417.7032 431.5453 83.2630
v -417.6179 459.6866 83.3098
v -379.6025 430.8771 105.2605
v -417.6179 459.6866 83.3098
v -379.5150 460.1534 105.3086
v -379.6025 430.8771 105.2605
v -379.6025 430.8771 105.2605
v -379.5150 460.1534 105.3086
v -379.6047 430.5550 149.2593
v -379.5150 460.1534 105.3086
v -379.5160 460.3784 149.3081
v -379.6047 430.5550 149.2593
v -379.6047 430.5550 149.2593
v -379.5160 460.3784 149.3081
v -417.7075 430.9012 171.2606
v -379.5160 460.3784 149.3081
v -417.6200 460.1365 171.3087
v -417.7075 430.9012 171.2606
v -417.6200 460.1365 171.3087
v -418.3932 489.6865 170.8835
v -455.7230 459.6697 149.3099
v -418.3932 489.6865 170.8835
v -456.4464 487.4032 148.9121
v -455.7230 459.6697 149.3099
v -455.7230 459.6697 149.3099
v -456.4464 487.4032 148.9121
v -455.7219 459.4447 105.3105
v -456.4464 487.4032 148.9121
v -456.4213 486.3028 104.9259
v -455.7219 459.4447 105.3105
v -455.7219 459.4447 105.3105
v -456.4213 486.3028 104.9259
v -417.6179 459.6866 83.3098
v -456.4213 486.3028 104.9259
v -418.3431 487.4857 82.9111
v -417.6179 459.6866 83.3098
v -417.6179 459.6866 83.3098
v -418.3431 487.4857 82.9111
v -379.5150 460.1534 105.3086
v -418.3431 487.4857 82.9111
v -380.2899 489.7689 104.8825
v -379.5150 460.1534 105.3086
v -379.5150 460.1534 105.3086
v -380.2899 489.7689 104.8825
v -379.5160 460.3784 149.3081
v -380.2899 489.7689 104.8825
v -380.3150 490.8693 148.8687
v -379.5160 460.3784 149.3081
v -379.5160 460.3784 149.3081
v -380.3150 490.8693 148.8687
v -417.6200 460.1365 171.3087
v -380.3150 490.8693 148.8687
v -418.3932 489.6865 170.8835
v -417.6200 460.1365 171.3087
v -418.3932 489.6865 170.8835
v -420.5173 519.5761 169.7155
v -456.4464 487.4032 148.9121
v -420.5173 519.5761 169.7155
v -458.3748 514.5981 147.8517
v -456.4464 487.4032 148.9121
v -456.4464 487.4032 148.9121
v -458.3748 514.5981 147.8517
v -456.4213 486.3028 104.9259
v -458.3748 514.5981 147.8517
v -458.2555 512.1989 103.9173
v -456.4213 486.3028 104.9259
v -456.4213 486.3028 104.9259
v -458.2555 512.1989 103.9173
v -418.3431 487.4857 82.9111
v -458.2555 512.1989 103.9173
v -420.2787 514.7779 81.8468
v -418.3431 487.4857 82.9111
v -418.3431 487.4857 82.9111
v -420.2787 514.7779 81.8468
v -380.2899 489.7689 104.8825
v -420.2787 514.7779 81.8468
v -382.4211 519.7560 103.7106
v -380.2899 489.7689 104.8825
v -380.2899 489.7689 104.8825
v -382.4211 519.7560 103.7106
v -380.3150 490.8693 148.8687
v -382.4211 519.7560 103.7106
v -382.5405 522.1551 147.6450
v -380.3150 490.8693 148.8687
v -380.3150 490.8693 148.8687
v -382.5405 522.1551 147.6450
v -418.3932 489.6865 170.8835
v -382.5405 522.1551 147.6450
v -420.5173 519.5761 169.7155
v -418.3932 489.6865 170.8835
v -420.5173 519.5761 169.7155
v -424.3406 549.2710 167.6132
v -458.3748 514.5981 147.8517
v -424.3406 549.2710 167.6132
v -461.8494 541.5634 145.9411
v -458.3748 514.5981 147.8517
v -458.3748 514.5981 147.8517
v -461.8494 541.5634 145.9411
v -458.2555 512.1989 103.9173
v -461.8494 541.5634 145.9411
v -461.5620 537.8487 102.0991
v -458.2555 512.1989 103.9173
v -458.2555 512.1989 103.9173
v -461.5620 537.8487 102.0991
v -420.2787 514.7779 81.8468
v -461.5620 537.8487 102.0991
v -423.7658 541.8418 79.9293
v -420.2787 514.7779 81.8468
v -420.2787 514.7779 81.8468
v -423.7658 541.8418 79.9293
v -382.4211 519.7560 103.7106
v -423.7658 541.8418 79.9293
v -386.2570 549.5494 101.6014
v -382.4211 519.7560 103.7106
v -382.4211 519.7560 103.7106
v -386.2570 549.5494 101.6014
v -382.5405 522.1551 147.6450
v -386.2570 549.5494 101.6014
v -386.5444 553.2641 145.4434
v -382.5405 522.1551 147.6450
v -382.5405 522.1551 147.6450
v -386.5444 553.2641 145.4434
v -420.5173 519.5761 169.7155
v -386.5444 553.2641 145.4434
v -424.3406 549.2710 167.6132
v -420.5173 519.5761 169.7155
v -424.3406 549.2710 167.6132
v -429.5081 578.3179 164.7717
v -461.8494 541.5634 145.9411
v -429.5081 578.3179 164.7717
v -466.6751 568.6718 143.2876
v -461.8494 541.5634 145.9411
v -461.8494 541.5634 145.9411
v -466.6751 568.6718 143.2876
v -461.5620 537.8487 102.0991
v -466.6751 568.6718 143.2876
v -466.2230 564.0229 99.5362
v -461.5620 537.8487 102.0991
v -461.5620 537.8487 102.0991
v -466.2230 564.0229 99.5362
v -423.7658 541.8418 79.9293
v -466.2230 564.0229 99.5362
v -428.6039 569.0202 77.2689
v -423.7658 541.8418 79.9293
v -423.7658 541.8418 79.9293
v -428.6039 569.0202 77.2689
v -386.2570 549.5494 101.6014
v -428.6039 569.0202 77.2689
v -391.4369 578.6663 98.7531
v -386.2570 549.5494 101.6014
v -386.2570 549.5494 101.6014
v -391.4369 578.6663 98.7531
v -386.5444 553.2641 145.4434
v -391.4369 578.6663 98.7531
v -391.8890 583.3151 142.5045
v -386.5444 553.2641 145.4434
v -386.5444 553.2641 145.4434
v -391.8890 583.3151 142.5045
v -424.3406 549.2710 167.6132
v -391.8890 583.3151 142.5045
v -429.5081 578.3179 164.7717
v -424.3406 549.2710 167.6132
v -429.5081 578.3179 164.7717
v -435.4251 606.6655 161.5181
v -466.6751 568.6718 143.2876
v -435.4251 606.6655 161.5181
v -472.4032 596.1062 140.1378
v -466.6751 568.6718 143.2876
v -466.6751 568.6718 143.2876
v -472.4032 596.1062 140.1378
v -466.2230 564.0229 99.5362
v -472.4032 596.1062 140.1378
v -471.8601 591.0172 96.4365
v -466.2230 564.0229 99.5362
v -466.2230 564.0229 99.5362
v -471.8601 591.0172 96.4365
v -428.6039 569.0202 77.2689
v -471.8601 591.0172 96.4365
v -434.3388 596.4876 74.1154
v -428.6039 569.0202 77.2689
v -428.6039 569.0202 77.2689
v -434.3388 596.4876 74.1154
v -391.4369 578.6663 98.7531
v -434.3388 596.4876 74.1154
v -397.3607 607.0469 95.4958
v -391.4369 578.6663 98.7531
v -391.4369 578.6663 98.7531
v -397.3607 607.0469 95.4958
v -391.8890 583.3151 142.5045
v -397.3607 607.0469 95.4958
v -397.9038 612.1358 139.1971
v -391.8890 583.3151 142.5045
v -391.8890 583.3151 142.5045
v -397.9038 612.1358 139.1971
v -429.5081 578.3179 164.7717
v -397.9038 612.1358 139.1971
v -435.4251 606.6655 161.5181
v -429.5081 578.3179 164.7717
v -435.4251 606.6655 161.5181
v -441.4285 634.4122 158.2170
v -472.4032 596.1062 140.1378
v -441.4285 634.4122 158.2170
v -478.4537 624.0723 136.8108
v -472.4032 596.1062 140.1378
v -472.4032 596.1062 140.1378
v -478.4537 624.0723 136.8108
v -471.8601 591.0172 96.4365
v -478.4537 624.0723 136.8108
v -477.9332 619.0892 93.0970
v -471.8601 591.0172 96.4365
v -471.8601 591.0172 96.4365
v -477.9332 619.0892 93.0970
v -434.3388 596.4876 74.1154
v -477.9332 619.0892 93.0970
v -440.3876 624.4459 70.7894
v -434.3388 596.4876 74.1154
v -434.3388 596.4876 74.1154
v -440.3876 624.4459 70.7894
v -397.3607 607.0469 95.4958
v -440.3876 624.4459 70.7894
v -403.3624 634.7858 92.1955
v -397.3607 607.0469 95.4958
v -397.3607 607.0469 95.4958
v -403.3624 634.7858 92.1955
v -397.9038 612.1358 139.1971
v -403.3624 634.7858 92.1955
v -403.8829 639.7689 135.9093
v -397.9038 612.1358 139.1971
v -397.9038 612.1358 139.1971
v -403.8829 639.7689 135.9093
v -435.4251 606.6655 161.5181
v -403.8829 639.7689 135.9093
v -441.4285 634.4122 158.2170
v -435.4251 606.6655 161.5181
v -441.4285 634.4122 158.2170
v -446.8823 661.7458 155.2181
v -478.4537 624.0723 136.8108
v -446.8823 661.7458 155.2181
v -484.1694 652.7314 133.6679
v -478.4537 624.0723 136.8108
v -478.4537 624.0723 136.8108
v -484.1694 652.7314 133.6679
v -477.9332 619.0892 93.0970
v -484.1694 652.7314 133.6679
v -483.7752 648.3870 89.8847
v -477.9332 619.0892 93.0970
v -477.9332 619.0892 93.0970
v -483.7752 648.3870 89.8847
v -440.3876 624.4459 70.7894
v -483.7752 648.3870 89.8847
v -446.0939 653.0571 67.6516
v -440.3876 624.4459 70.7894
v -440.3876 624.4459 70.7894
v -446.0939 653.0571 67.6516
v -403.3624 634.7858 92.1955
v -446.0939 653.0571 67.6516
v -408.8067 662.0714 89.2018
v -403.3624 634.7858 92.1955
v -403.3624 634.7858 92.1955
v -408.8067 662.0714 89.2018
v -403.8829 639.7689 135.9093
v -408.8067 662.0714 89.2018
v -409.2010 666.4158 132.9851
v -403.8829 639.7689 135.9093
v -403.8829 639.7689 135.9093
v -409.2010 666.4158 132.9851
v -441.4285 634.4122 158.2170
v -409.2010 666.4158 132.9851
v -446.8823 661.7458 155.2181
v -441.4285 634.4122 158.2170
v -376.0000 487.4993 378.0000
v -375.6143 520.8071 378.3983
v -398.0000 487.4990 416.1051
v -375.6143 520.8071 378.3983
v -397.6180 520.4487 416.4995
v -398.0000 487.4990 416.1051
v -398.0000 487.4990 416.1051
v -397.6180 520.4487 416.4995
v -442.0000 487.4997 416.1051
v -397.6180 520.4487 416.4995
v -441.6086 521.3581 416.5092
v -442.0000 487.4997 416.1051
v -442.0000 487.4997 416.1051
v -441.6086 521.3581 416.5092
v -464.0000 487.5007 378.0000
v -441.6086 521.3581 416.5092
v -463.5955 522.6259 378.4177
v -464.0000 487.5007 378.0000
v -464.0000 487.5007 378.0000
v -463.5955 522.6259 378.4177
v -442.0000 487.5010 339.8949
v -463.5955 522.6259 378.4177
v -441.5917 522.9843 340.3163
v -442.0000 487.5010 339.8949
v -442.0000 487.5010 339.8949
v -441.5917 522.9843 340.3163
v -398.0000 487.5003 339.8949
v -441.5917 522.9843 340.3163
v -397.6011 522.0749 340.3066
v -398.0000 487.5003 339.8949
v -398.0000 487.5003 339.8949
v -397.6011 522.0749 340.3066
v -376.0000 487.4993 378.0000
v -397.6011 522.0749 340.3066
v -375.6143 520.8071 378.3983
v -376.0000 487.4993 378.0000
v -375.6143 520.8071 378.3983
v -374.7680 554.7418 379.2719
v -397.6180 520.4487 416.4995
v -374.7680 554.7418 379.2719
v -396.7742 554.2787 417.3706
v -397.6180 520.4487 416.4995
v -397.6180 520.4487 416.4995
v -396.7742 554.2787 417.3706
v -441.6086 521.3581 416.5092
v -396.7742 554.2787 417.3706
v -440.7585 555.4538 417.3868
v -441.6086 521.3581 416.5092
v -441.6086 521.3581 416.5092
v -440.7585 555.4538 417.3868
v -463.5955 522.6259 378.4177
v -440.7585 555.4538 417.3868
v -462.7367 557.0919 379.3043
v -463.5955 522.6259 378.4177
v -463.5955 522.6259 378.4177
v -462.7367 557.0919 379.3043
v -441.5917 522.9843 340.3163
v -462.7367 557.0919 379.3043
v -440.7305 557.5551 341.2055
v -441.5917 522.9843 340.3163
v -441.5917 522.9843 340.3163
v -440.7305 557.5551 341.2055
v -397.6011 522.0749 340.3066
v -440.7305 557.5551 341.2055
v -396.7462 556.3799 341.1893
v -397.6011 522.0749 340.3066
v -397.6011 522.0749 340.3066
v -396.7462 556.3799 341.1893
v -375.6143 520.8071 378.3983
v -396.7462 556.3799 341.1893
v -374.7680 554.7418 379.2719
v -375.6143 520.8071 378.3983
v -374.7680 554.7418 379.2719
v -373.9516 589.3245 380.1148
v -396.7742 554.2787 417.3706
v -373.9516 589.3245 380.1148
v -395.9544 589.0112 418.2170
v -396.7742 554.2787 417.3706
v -396.7742 554.2787 417.3706
v -395.9544 589.0112 418.2170
v -440.7585 555.4538 417.3868
v -395.9544 589.0112 418.2170
v -439.9472 589.8061 418.2244
v -440.7585 555.4538 417.3868
v -440.7585 555.4538 417.3868
v -439.9472 589.8061 418.2244
v -462.7367 557.0919 379.3043
v -439.9472 589.8061 418.2244
v -461.9372 590.9142 380.1296
v -462.7367 557.0919 379.3043
v -462.7367 557.0919 379.3043
v -461.9372 590.9142 380.1296
v -440.7305 557.5551 341.2055
v -461.9372 590.9142 380.1296
v -439.9344 591.2275 342.0274
v -440.7305 557.5551 341.2055
v -440.7305 557.5551 341.2055
v -439.9344 591.2275 342.0274
v -396.7462 556.3799 341.1893
v -439.9344 591.2275 342.0274
v -395.9416 590.4326 342.0200
v -396.7462 556.3799 341.1893
v -396.7462 556.3799 341.1893
v -395.9416 590.4326 342.0200
v -374.7680 554.7418 379.2719
v -395.9416 590.4326 342.0200
v -373.9516 589.3245 380.1148
v -374.7680 554.7418 379.2719
v -373.9516 589.3245 380.1148
v -373.6831 624.5659 380.3919
v -395.9544 589.0112 418.2170
v -373.6831 624.5659 380.3919
v -395.6833 624.6556 418.4968
v -395.9544 589.0112 418.2170
v -395.9544 589.0112 418.2170
v -395.6833 624.6556 418.4968
v -439.9472 589.8061 418.2244
v -395.6833 624.6556 418.4968
v -439.6828 624.4279 418.4974
v -439.9472 589.8061 418.2244
v -439.9472 589.8061 418.2244
v -439.6828 624.4279 418.4974
v -461.9372 590.9142 380.1296
v -439.6828 624.4279 418.4974
v -461.6819 624.1104 380.3932
v -461.9372 590.9142 380.1296
v -461.9372 590.9142 380.1296
v -461.6819 624.1104 380.3932
v -439.9344 591.2275 342.0274
v -461.6819 624.1104 380.3932
v -439.6817 624.0206 342.2883
v -439.9344 591.2275 342.0274
v -439.9344 591.2275 342.0274
v -439.6817 624.0206 342.2883
v -395.9416 590.4326 342.0200
v -439.6817 624.0206 342.2883
v -395.6823 624.2484 342.2877
v -395.9416 590.4326 342.0200
v -395.9416 590.4326 342.0200
v -395.6823 624.2484 342.2877
v -373.9516 589.3245 380.1148
v -395.6823 624.2484 342.2877
v -373.6831 624.5659 380.3919
v -373.9516 589.3245 380.1148
v -373.6831 624.5659 380.3919
v -374.5005 660.4116 379.5481
v -395.6833 624.6556 418.4968
v -374.5005 660.4116 379.5481
v -396.5162 661.1499 417.6370
v -395.6833 624.6556 418.4968
v -395.6833 624.6556 418.4968
v -396.5162 661.1499 417.6370
v -439.6828 624.4279 418.4974
v -396.5162 661.1499 417.6370
v -440.4763 659.2765 417.6782
v -439.6828 624.4279 418.4974
v -439.6828 624.4279 418.4974
v -440.4763 659.2765 417.6782
v -461.6819 624.1104 380.3932
v -440.4763 659.2765 417.6782
v -462.4207 656.6647 379.6305
v -461.6819 624.1104 380.3932
v -461.6819 624.1104 380.3932
v -462.4207 656.6647 379.6305
v -439.6817 624.0206 342.2883
v -462.4207 656.6647 379.6305
v -440.4049 655.9264 341.5417
v -439.6817 624.0206 342.2883
v -439.6817 624.0206 342.2883
v -440.4049 655.9264 341.5417
v -395.6823 624.2484 342.2877
v -440.4049 655.9264 341.5417
v -396.4448 657.7998 341.5004
v -395.6823 624.2484 342.2877
v -395.6823 624.2484 342.2877
v -396.4448 657.7998 341.5004
v -373.6831 624.5659 380.3919
v -396.4448 657.7998 341.5004
v -374.5005 660.4116 379.5481
v -373.6831 624.5659 380.3919
v -374.5005 660.4116 379.5481
v -376.9277 696.6409 377.0422
v -396.5162 661.1499 417.6370
v -376.9277 696.6409 377.0422
v -399.0013 698.2350 415.0713
v -396.5162 661.1499 417.6370
v -396.5162 661.1499 417.6370
v -399.0013 698.2350 415.0713
v -440.4763 659.2765 417.6782
v -399.0013 698.2350 415.0713
v -442.8146 694.1899 415.2641
v -440.4763 659.2765 417.6782
v -440.4763 659.2765 417.6782
v -442.8146 694.1899 415.2641
v -462.4207 656.6647 379.6305
v -442.8146 694.1899 415.2641
v -464.5542 688.5507 377.4278
v -462.4207 656.6647 379.6305
v -462.4207 656.6647 379.6305
v -464.5542 688.5507 377.4278
v -440.4049 655.9264 341.5417
v -464.5542 688.5507 377.4278
v -442.4806 686.9566 339.3987
v -440.4049 655.9264 341.5417
v -440.4049 655.9264 341.5417
v -442.4806 686.9566 339.3987
v -396.4448 657.7998 341.5004
v -442.4806 686.9566 339.3987
v -398.6674 691.0017 339.2059
v -396.4448 657.7998 341.5004
v -396.4448 657.7998 341.5004
v -398.6674 691.0017 339.2059
v -374.5005 660.4116 379.5481
v -398.6674 691.0017 339.2059
v -376.9277 696.6409 377.0422
v -374.5005 660.4116 379.5481
v -376.9277 696.6409 377.0422
v -381.0385 732.2290 372.7983
v -399.0013 698.2350 415.0713
v -381.0385 732.2290 372.7983
v -403.1947 734.5456 410.7421
v -399.0013 698.2350 415.0713
v -399.0013 698.2350 415.0713
v -403.1947 734.5456 410.7421
v -442.8146 694.1899 415.2641
v -403.1947 734.5456 410.7421
v -446.7983 728.6670 411.1514
v -442.8146 694.1899 415.2641
v -442.8146 694.1899 415.2641
v -446.7983 728.6670 411.1514
v -464.5542 688.5507 377.4278
v -446.7983 728.6670 411.1514
v -468.2457 720.4718 373.6168
v -464.5542 688.5507 377.4278
v -464.5542 688.5507 377.4278
v -468.2457 720.4718 373.6168
v -442.4806 686.9566 339.3987
v -468.2457 720.4718 373.6168
v -446.0895 718.1551 335.6729
v -442.4806 686.9566 339.3987
v -442.4806 686.9566 339.3987
v -446.0895 718.1551 335.6729
v -398.6674 691.0017 339.2059
v -446.0895 718.1551 335.6729
v -402.4859 724.0337 335.2637
v -398.6674 691.0017 339.2059
v -398.6674 691.0017 339.2059
v -402.4859 724.0337 335.2637
v -376.9277 696.6409 377.0422
v -402.4859 724.0337 335.2637
v -381.0385 732.2290 372.7983
v -376.9277 696.6409 377.0422
v -381.0385 732.2290 372.7983
v -386.3096 766.8851 367.3564
v -403.1947 734.5456 410.7421
v -386.3096 766.8851 367.3564
v -408.5387 769.6849 405.2249
v -403.1947 734.5456 410.7421
v -403.1947 734.5456 410.7421
v -408.5387 769.6849 405.2249
v -446.7983 728.6670 411.1514
v -408.5387 769.6849 405.2249
v -451.9572 762.5804 405.8253
v -446.7983 728.6670 411.1514
v -446.7983 728.6670 411.1514
v -451.9572 762.5804 405.8253
v -468.2457 720.4718 373.6168
v -451.9572 762.5804 405.8253
v -473.1465 752.6761 368.5571
v -468.2457 720.4718 373.6168
v -468.2457 720.4718 373.6168
v -473.1465 752.6761 368.5571
v -446.0895 718.1551 335.6729
v -473.1465 752.6761 368.5571
v -450.9174 749.8763 330.6886
v -446.0895 718.1551 335.6729
v -446.0895 718.1551 335.6729
v -450.9174 749.8763 330.6886
v -402.4859 724.0337 335.2637
v -450.9174 749.8763 330.6886
v -407.4989 756.9808 330.0882
v -402.4859 724.0337 335.2637
v -402.4859 724.0337 335.2637
v -407.4989 756.9808 330.0882
v -381.0385 732.2290 372.7983
v -407.4989 756.9808 330.0882
v -386.3096 766.8851 367.3564
v -381.0385 732.2290 372.7983
v -386.3096 766.8851 367.3564
v -392.2556 800.7536 361.2177
v -408.5387 769.6849 405.2249
v -392.2556 800.7536 361.2177
v -414.5320 803.8242 399.0374
v -408.5387 769.6849 405.2249
v -408.5387 769.6849 405.2249
v -414.5320 803.8242 399.0374
v -451.9572 762.5804 405.8253
v -414.5320 803.8242 399.0374
v -457.8306 796.0325 399.7616
v -451.9572 762.5804 405.8253
v -451.9572 762.5804 405.8253
v -457.8306 796.0325 399.7616
v -473.1465 752.6761 368.5571
v -457.8306 796.0325 399.7616
v -478.8528 785.1703 362.6660
v -473.1465 752.6761 368.5571
v -473.1465 752.6761 368.5571
v -478.8528 785.1703 362.6660
v -450.9174 749.8763 330.6886
v -478.8528 785.1703 362.6660
v -456.5763 782.0998 324.8463
v -450.9174 749.8763 330.6886
v -450.9174 749.8763 330.6886
v -456.5763 782.0998 324.8463
v -407.4989 756.9808 330.0882
v -456.5763 782.0998 324.8463
v -413.2778 789.8914 324.1221
v -407.4989 756.9808 330.0882
v -407.4989 756.9808 330.0882
v -413.2778 789.8914 324.1221
v -386.3096 766.8851 367.3564
v -413.2778 789.8914 324.1221
v -392.2556 800.7536 361.2177
v -386.3096 766.8851 367.3564
v -392.2556 800.7536 361.2177
v -398.4578 834.0012 354.8146
v -414.5320 803.8242 399.0374
v -398.4578 834.0012 354.8146
v -420.7483 837.1477 392.6198
v -414.5320 803.8242 399.0374
v -414.5320 803.8242 399.0374
v -420.7483 837.1477 392.6198
v -457.8306 796.0325 399.7616
v -420.7483 837.1477 392.6198
v -464.0111 829.1634 393.3809
v -457.8306 796.0325 399.7616
v -457.8306 796.0325 399.7616
v -464.0111 829.1634 393.3809
v -478.8528 785.1703 362.6660
v -464.0111 829.1634 393.3809
v -484.9834 818.0325 356.3368
v -478.8528 785.1703 362.6660
v -478.8528 785.1703 362.6660
v -484.9834 818.0325 356.3368
v -456.5763 782.0998 324.8463
v -484.9834 818.0325 356.3368
v -462.6929 814.8860 318.5316
v -456.5763 782.0998 324.8463
v -456.5763 782.0998 324.8463
v -462.6929 814.8860 318.5316
v -413.2778 789.8914 324.1221
v -462.6929 814.8860 318.5316
v -419.4301 822.8704 317.7705
v -413.2778 789.8914 324.1221
v -413.2778 789.8914 324.1221
v -419.4301 822.8704 317.7705
v -392.2556 800.7536 361.2177
v -419.4301 822.8704 317.7705
v -398.4578 834.0012 354.8146
v -392.2556 800.7536 361.2177
v -398.4578 834.0012 354.8146
v -404.5339 866.7817 348.5416
v -420.7483 837.1477 392.6198
v -404.5339 866.7817 348.5416
v -426.8035 869.8145 386.3685
v -420.7483 837.1477 392.6198
v -420.7483 837.1477 392.6198
v -426.8035 869.8145 386.3685
v -464.0111 829.1634 393.3809
v -426.8035 869.8145 386.3685
v -470.1194 862.1187 387.0746
v -464.0111 829.1634 393.3809
v -464.0111 829.1634 393.3809
v -470.1194 862.1187 387.0746
v -484.9834 818.0325 356.3368
v -470.1194 862.1187 387.0746
v -491.1659 851.3900 349.9539
v -484.9834 818.0325 356.3368
v -484.9834 818.0325 356.3368
v -491.1659 851.3900 349.9539
v -462.6929 814.8860 318.5316
v -491.1659 851.3900 349.9539
v -468.8964 848.3572 312.1271
v -462.6929 814.8860 318.5316
v -462.6929 814.8860 318.5316
v -468.8964 848.3572 312.1271
v -419.4301 822.8704 317.7705
v -468.8964 848.3572 312.1271
v -425.5804 856.0530 311.4210
v -419.4301 822.8704 317.7705
v -419.4301 822.8704 317.7705
v -425.5804 856.0530 311.4210
v -398.4578 834.0012 354.8146
v -425.5804 856.0530 311.4210
v -404.5339 866.7817 348.5416
v -398.4578 834.0012 354.8146
v -404.5339 866.7817 348.5416
v -410.1116 899.2148 342.7832
v -426.8035 869.8145 386.3685
v -410.1116 899.2148 342.7832
v -432.3280 901.9368 380.6649
v -426.8035 869.8145 386.3685
v -426.8035 869.8145 386.3685
v -432.3280 901.9368 380.6649
v -470.1194 862.1187 387.0746
v -432.3280 901.9368 380.6649
v -475.7788 895.0297 381.2319
v -470.1194 862.1187 387.0746
v -470.1194 862.1187 387.0746
v -475.7788 895.0297 381.2319
v -491.1659 851.3900 349.9539
v -475.7788 895.0297 381.2319
v -497.0131 885.4006 343.9173
v -491.1659 851.3900 349.9539
v -491.1659 851.3900 349.9539
v -497.0131 885.4006 343.9173
v -468.8964 848.3572 312.1271
v -497.0131 885.4006 343.9173
v -474.7967 882.6786 306.0356
v -468.8964 848.3572 312.1271
v -468.8964 848.3572 312.1271
v -474.7967 882.6786 306.0356
v -425.5804 856.0530 311.4210
v -474.7967 882.6786 306.0356
v -431.3459 889.5858 305.4686
v -425.5804 856.0530 311.4210
v -425.5804 856.0530 311.4210
v -431.3459 889.5858 305.4686
v -404.5339 866.7817 348.5416
v -431.3459 889.5858 305.4686
v -410.1116 899.2148 342.7832
v -404.5339 866.7817 348.5416
v -376.0000 -25.5001 630.0000
v -375.8595 22.9271 630.3286
v -398.0000 -25.5003 668.1051
v -375.8595 22.9271 630.3286
v -397.8603 22.5976 668.4318
v -398.0000 -25.5003 668.1051
v -398.0000 -25.5003 668.1051
v -397.8603 22.5976 668.4318
v -442.0000 -25.5002 668.1051
v -397.8603 22.5976 668.4318
v -441.8598 22.8135 668.4331
v -442.0000 -25.5002 668.1051
v -442.0000 -25.5002 668.1051
v -441.8598 22.8135 668.4331
v -464.0000 -25.4999 630.0000
v -441.8598 22.8135 668.4331
v -463.8585 23.3589 630.3311
v -464.0000 -25.4999 630.0000
v -464.0000 -25.4999 630.0000
v -463.8585 23.3589 630.3311
v -442.0000 -25.4997 591.8949
v -463.8585 23.3589 630.3311
v -441.8577 23.6884 592.2279
v -442.0000 -25.4997 591.8949
v -442.0000 -25.4997 591.8949
v -441.8577 23.6884 592.2279
v -398.0000 -25.4998 591.8949
v -441.8577 23.6884 592.2279
v -397.8582 23.4724 592.2266
v -398.0000 -25.4998 591.8949
v -398.0000 -25.4998 591.8949
v -397.8582 23.4724 592.2266
v -376.0000 -25.5001 630.0000
v -397.8582 23.4724 592.2266
v -375.8595 22.9271 630.3286
v -376.0000 -25.5001 630.0000
v -375.8595 22.9271 630.3286
v -375.6264 71.6262 630.8740
v -397.8603 22.5976 668.4318
v -375.6264 71.6262 630.8740
v -397.6268 71.3866 668.9781
v -397.8603 22.5976 668.4318
v -397.8603 22.5976 668.4318
v -397.6268 71.3866 668.9781
v -441.8598 22.8135 668.4331
v -397.6268 71.3866 668.9781
v -441.6265 71.5436 668.9788
v -441.8598 22.8135 668.4331
v -441.8598 22.8135 668.4331
v -441.6265 71.5436 668.9788
v -463.8585 23.3589 630.3311
v -441.6265 71.5436 668.9788
v -463.6258 71.9402 630.8753
v -463.8585 23.3589 630.3311
v -463.8585 23.3589 630.3311
v -463.6258 71.9402 630.8753
v -441.8577 23.6884 592.2279
v -463.6258 71.9402 630.8753
v -441.6254 72.1798 592.7712
v -441.8577 23.6884 592.2279
v -441.8577 23.6884 592.2279
v -441.6254 72.1798 592.7712
v -397.8582 23.4724 592.2266
v -441.6254 72.1798 592.7712
v -397.6257 72.0228 592.7706
v -397.8582 23.4724 592.2266
v -397.8582 23.4724 592.2266
v -397.6257 72.0228 592.7706
v -375.8595 22.9271 630.3286
v -397.6257 72.0228 592.7706
v -375.6264 71.6262 630.8740
v -375.8595 22.9271 630.3286
v -375.6264 71.6262 630.8740
v -375.6020 120.5683 630.9311
v -397.6268 71.3866 668.9781
v -375.6020 120.5683 630.9311
v -397.6023 120.7850 669.0354
v -397.6268 71.3866 668.9781
v -397.6268 71.3866 668.9781
v -397.6023 120.7850 669.0354
v -441.6265 71.5436 668.9788
v -397.6023 120.7850 669.0354
v -441.6021 120.6430 669.0359
v -441.6265 71.5436 668.9788
v -441.6265 71.5436 668.9788
v -441.6021 120.6430 669.0359
v -463.6258 71.9402 630.8753
v -441.6021 120.6430 669.0359
v -463.6015 120.2843 630.9322
v -463.6258 71.9402 630.8753
v -463.6258 71.9402 630.8753
v -463.6015 120.2843 630.9322
v -441.6254 72.1798 592.7712
v -463.6015 120.2843 630.9322
v -441.6012 120.0677 592.8279
v -441.6254 72.1798 592.7712
v -441.6254 72.1798 592.7712
v -441.6012 120.0677 592.8279
v -397.6257 72.0228 592.7706
v -441.6012 120.0677 592.8279
v -397.6014 120.2097 592.8273
v -397.6257 72.0228 592.7706
v -397.6257 72.0228 592.7706
v -397.6014 120.2097 592.8273
v -375.6264 71.6262 630.8740
v -397.6014 120.2097 592.8273
v -375.6020 120.5683 630.9311
v -375.6264 71.6262 630.8740
v -375.6020 120.5683 630.9311
v -375.9792 169.6004 630.0488
v -397.6023 120.7850 669.0354
v -375.9792 169.6004 630.0488
v -397.9842 170.4242 668.1421
v -397.6023 120.7850 669.0354
v -397.6023 120.7850 669.0354
v -397.9842 170.4242 668.1421
v -441.6021 120.6430 669.0359
v -397.9842 170.4242 668.1421
v -441.9809 169.8843 668.1498
v -441.6021 120.6430 669.0359
v -441.6021 120.6430 669.0359
v -441.9809 169.8843 668.1498
v -463.6015 120.2843 630.9322
v -441.9809 169.8843 668.1498
v -463.9725 168.5208 630.0643
v -463.6015 120.2843 630.9322
v -463.6015 120.2843 630.9322
v -463.9725 168.5208 630.0643
v -441.6012 120.0677 592.8279
v -463.9725 168.5208 630.0643
v -441.9675 167.6971 591.9709
v -441.6012 120.0677 592.8279
v -441.6012 120.0677 592.8279
v -441.9675 167.6971 591.9709
v -397.6014 120.2097 592.8273
v -441.9675 167.6971 591.9709
v -397.9708 168.2369 591.9633
v -397.6014 120.2097 592.8273
v -397.6014 120.2097 592.8273
v -397.9708 168.2369 591.9633
v -375.6020 120.5683 630.9311
v -397.9708 168.2369 591.9633
v -375.9792 169.6004 630.0488
v -375.6020 120.5683 630.9311
v -375.9792 169.6004 630.0488
v -376.7715 218.5185 628.1951
v -397.9842 170.4242 668.1421
v -376.7715 218.5185 628.1951
v -398.7842 219.8250 666.2705
v -397.9842 170.4242 668.1421
v -397.9842 170.4242 668.1421
v -398.7842 219.8250 666.2705
v -441.9809 169.8843 668.1498
v -398.7842 219.8250 666.2705
v -442.7759 218.9688 666.2900
v -441.9809 169.8843 668.1498
v -441.9809 169.8843 668.1498
v -442.7759 218.9688 666.2900
v -463.9725 168.5208 630.0643
v -442.7759 218.9688 666.2900
v -464.7549 216.8060 628.2341
v -463.9725 168.5208 630.0643
v -463.9725 168.5208 630.0643
v -464.7549 216.8060 628.2341
v -441.9675 167.6971 591.9709
v -464.7549 216.8060 628.2341
v -442.7421 215.4994 590.1588
v -441.9675 167.6971 591.9709
v -441.9675 167.6971 591.9709
v -442.7421 215.4994 590.1588
v -397.9708 168.2369 591.9633
v -442.7421 215.4994 590.1588
v -398.7505 216.3557 590.1393
v -397.9708 168.2369 591.9633
v -397.9708 168.2369 591.9633
v -398.7505 216.3557 590.1393
v -375.9792 169.6004 630.0488
v -398.7505 216.3557 590.1393
v -376.7715 218.5185 628.1951
v -375.9792 169.6004 630.0488
v -376.7715 218.5185 628.1951
v -377.8359 267.2793 625.7053
v -398.7842 219.8250 666.2705
v -377.8359 267.2793 625.7053
v -399.8549 268.8760 663.7659
v -398.7842 219.8250 666.2705
v -398.7842 219.8250 666.2705
v -399.8549 268.8760 663.7659
v -442.7759 218.9688 666.2900
v -399.8549 268.8760 663.7659
v -443.8424 267.8297 663.7951
v -442.7759 218.9688 666.2900
v -442.7759 218.9688 666.2900
v -443.8424 267.8297 663.7951
v -464.7549 216.8060 628.2341
v -443.8424 267.8297 663.7951
v -465.8110 265.1865 625.7635
v -464.7549 216.8060 628.2341
v -464.7549 216.8060 628.2341
v -465.8110 265.1865 625.7635
v -442.7421 215.4994 590.1588
v -465.8110 265.1865 625.7635
v -443.7920 263.5898 587.7029
v -442.7421 215.4994 590.1588
v -442.7421 215.4994 590.1588
v -443.7920 263.5898 587.7029
v -398.7505 216.3557 590.1393
v -443.7920 263.5898 587.7029
v -399.8044 264.6362 587.6738
v -398.7505 216.3557 590.1393
v -398.7505 216.3557 590.1393
v -399.8044 264.6362 587.6738
v -376.7715 218.5185 628.1951
v -399.8044 264.6362 587.6738
v -377.8359 267.2793 625.7053
v -376.7715 218.5185 628.1951
v -377.8359 267.2793 625.7053
v -379.0654 315.9391 622.8289
v -399.8549 268.8760 663.7659
v -379.0654 315.9391 622.8289
v -401.0889 317.7136 660.8792
v -399.8549 268.8760 663.7659
v -399.8549 268.8760 663.7659
v -401.0889 317.7136 660.8792
v -443.8424 267.8297 663.7951
v -401.0889 317.7136 660.8792
v -445.0735 316.5507 660.9152
v -443.8424 267.8297 663.7951
v -443.8424 267.8297 663.7951
v -445.0735 316.5507 660.9152
v -465.8110 265.1865 625.7635
v -445.0735 316.5507 660.9152
v -467.0347 313.6133 622.9009
v -465.8110 265.1865 625.7635
v -465.8110 265.1865 625.7635
v -467.0347 313.6133 622.9009
v -443.7920 263.5898 587.7029
v -467.0347 313.6133 622.9009
v -445.0112 311.8389 584.8507
v -443.7920 263.5898 587.7029
v -443.7920 263.5898 587.7029
v -445.0112 311.8389 584.8507
v -399.8044 264.6362 587.6738
v -445.0112 311.8389 584.8507
v -401.0266 313.0018 584.8148
v -399.8044 264.6362 587.6738
v -399.8044 264.6362 587.6738
v -401.0266 313.0018 584.8148
v -377.8359 267.2793 625.7053
v -401.0266 313.0018 584.8148
v -379.0654 315.9391 622.8289
v -377.8359 267.2793 625.7053
v -379.0654 315.9391 622.8289
v -380.3935 364.5333 619.7222
v -401.0889 317.7136 660.8792
v -380.3935 364.5333 619.7222
v -402.4197 366.4088 657.7659
v -401.0889 317.7136 660.8792
v -401.0889 317.7136 660.8792
v -402.4197 366.4088 657.7659
v -445.0735 316.5507 660.9152
v -402.4197 366.4088 657.7659
v -446.4025 365.1797 657.8062
v -445.0735 316.5507 660.9152
v -445.0735 316.5507 660.9152
v -446.4025 365.1797 657.8062
v -467.0347 313.6133 622.9009
v -446.4025 365.1797 657.8062
v -468.3591 362.0751 619.8026
v -467.0347 313.6133 622.9009
v -467.0347 313.6133 622.9009
v -468.3591 362.0751 619.8026
v -445.0112 311.8389 584.8507
v -468.3591 362.0751 619.8026
v -446.3329 360.1996 581.7589
v -445.0112 311.8389 584.8507
v -445.0112 311.8389 584.8507
v -446.3329 360.1996 581.7589
v -401.0266 313.0018 584.8148
v -446.3329 360.1996 581.7589
v -402.3501 361.4287 581.7186
v -401.0266 313.0018 584.8148
v -401.0266 313.0018 584.8148
v -402.3501 361.4287 581.7186
v -379.0654 315.9391 622.8289
v -402.3501 361.4287 581.7186
v -380.3935 364.5333 619.7222
v -379.0654 315.9391 622.8289
v -380.3935 364.5333 619.7222
v -381.7712 413.0786 616.4992
v -402.4197 366.4088 657.7659
v -381.7712 413.0786 616.4992
v -403.7986 414.9948 654.5403
v -402.4197 366.4088 657.7659
v -402.4197 366.4088 657.7659
v -403.7986 414.9948 654.5403
v -446.4025 365.1797 657.8062
v -403.7986 414.9948 654.5403
v -447.7807 413.7390 654.5822
v -446.4025 365.1797 657.8062
v -446.4025 365.1797 657.8062
v -447.7807 413.7390 654.5822
v -468.3591 362.0751 619.8026
v -447.7807 413.7390 654.5822
v -469.7354 410.5670 616.5831
v -468.3591 362.0751 619.8026
v -468.3591 362.0751 619.8026
v -469.7354 410.5670 616.5831
v -446.3329 360.1996 581.7589
v -469.7354 410.5670 616.5831
v -447.7080 408.6507 578.5421
v -446.3329 360.1996 581.7589
v -446.3329 360.1996 581.7589
v -447.7080 408.6507 578.5421
v -402.3501 361.4287 581.7186
v -447.7080 408.6507 578.5421
v -403.7259 409.9065 578.5001
v -402.3501 361.4287 581.7186
v -402.3501 361.4287 581.7186
v -403.7259 409.9065 578.5001
v -380.3935 364.5333 619.7222
v -403.7259 409.9065 578.5001
v -381.7712 413.0786 616.4992
v -380.3935 364.5333 619.7222
v -381.7712 413.0786 616.4992
v -383.1577 461.5865 613.2559
v -403.7986 414.9948 654.5403
v -383.1577 461.5865 613.2559
v -405.1847 463.4891 651.2979
v -403.7986 414.9948 654.5403
v -403.7986 414.9948 654.5403
v -405.1847 463.4891 651.2979
v -447.7807 413.7390 654.5822
v -405.1847 463.4891 651.2979
v -449.1670 462.2422 651.3392
v -447.7807 413.7390 654.5822
v -447.7807 413.7390 654.5822
v -449.1670 462.2422 651.3392
v -469.7354 410.5670 616.5831
v -449.1670 462.2422 651.3392
v -471.1223 459.0927 613.3386
v -469.7354 410.5670 616.5831
v -469.7354 410.5670 616.5831
v -471.1223 459.0927 613.3386
v -447.7080 408.6507 578.5421
v -471.1223 459.0927 613.3386
v -449.0953 457.1901 575.2966
v -447.7080 408.6507 578.5421
v -447.7080 408.6507 578.5421
v -449.0953 457.1901 575.2966
v -403.7259 409.9065 578.5001
v -449.0953 457.1901 575.2966
v -405.1130 458.4370 575.2552
v -403.7259 409.9065 578.5001
v -403.7259 409.9065 578.5001
v -405.1130 458.4370 575.2552
v -381.7712 413.0786 616.4992
v -405.1130 458.4370 575.2552
v -383.1577 461.5865 613.2559
v -381.7712 413.0786 616.4992
v -383.1577 461.5865 613.2559
v -384.5132 510.0630 610.0849
v -405.1847 463.4891 651.2979
v -384.5132 510.0630 610.0849
v -406.5382 511.8956 648.1315
v -405.1847 463.4891 651.2979
v -405.1847 463.4891 651.2979
v -406.5382 511.8956 648.1315
v -449.1670 462.2422 651.3392
v -406.5382 511.8956 648.1315
v -450.5218 510.6946 648.1699
v -449.1670 462.2422 651.3392
v -449.1670 462.2422 651.3392
v -450.5218 510.6946 648.1699
v -471.1223 459.0927 613.3386
v -450.5218 510.6946 648.1699
v -472.4803 507.6609 610.1617
v -471.1223 459.0927 613.3386
v -471.1223 459.0927 613.3386
v -472.4803 507.6609 610.1617
v -449.0953 457.1901 575.2966
v -472.4803 507.6609 610.1617
v -450.4553 505.8282 572.1152
v -449.0953 457.1901 575.2966
v -449.0953 457.1901 575.2966
v -450.4553 505.8282 572.1152
v -405.1130 458.4370 575.2552
v -450.4553 505.8282 572.1152
v -406.4717 507.0292 572.0768
v -405.1130 458.4370 575.2552
v -405.1130 458.4370 575.2552
v -406.4717 507.0292 572.0768
v -383.1577 461.5865 613.2559
v -406.4717 507.0292 572.0768
v -384.5132 510.0630 610.0849
v -383.1577 461.5865 613.2559
v -384.5132 510.0630 610.0849
v -385.7936 558.5072 607.0896
v -406.5382 511.8956 648.1315
v -385.7936 558.5072 607.0896
v -407.8150 560.2032 645.1446
v -406.5382 511.8956 648.1315
v -406.5382 511.8956 648.1315
v -407.8150 560.2032 645.1446
v -450.5218 510.6946 648.1699
v -407.8150 560.2032 645.1446
v -451.8010 559.0917 645.1774
v -450.5218 510.6946 648.1699
v -450.5218 510.6946 648.1699
v -451.8010 559.0917 645.1774
v -472.4803 507.6609 610.1617
v -451.8010 559.0917 645.1774
v -473.7655 556.2844 607.1553
v -472.4803 507.6609 610.1617
v -472.4803 507.6609 610.1617
v -473.7655 556.2844 607.1553
v -450.4553 505.8282 572.1152
v -473.7655 556.2844 607.1553
v -451.7440 554.5885 569.1004
v -450.4553 505.8282 572.1152
v -450.4553 505.8282 572.1152
v -451.7440 554.5885 569.1004
v -406.4717 507.0292 572.0768
v -451.7440 554.5885 569.1004
v -407.7581 555.6999 569.0675
v -406.4717 507.0292 572.0768
v -406.4717 507.0292 572.0768
v -407.7581 555.6999 569.0675
v -384.5132 510.0630 610.0849
v -407.7581 555.6999 569.0675
v -385.7936 558.5072 607.0896
v -384.5132 510.0630 610.0849
v -210.0000 145.4998 -586.0000
v -210.5193 205.2403 -585.7623
v -248.1051 145.4996 -608.0000
v -210.5193 205.2403 -585.7623
v -248.6218 204.8581 -607.7635
v -248.1051 145.4996 -608.0000
v -248.1051 145.4996 -608.0000
v -248.6218 204.8581 -607.7635
v -248.1051 145.4998 -652.0000
v -248.6218 204.8581 -607.7635
v -248.6237 205.1326 -651.7627
v -248.1051 145.4998 -652.0000
v -248.1051 145.4998 -652.0000
v -248.6237 205.1326 -651.7627
v -210.0000 145.5002 -674.0000
v -248.6237 205.1326 -651.7627
v -210.5230 205.7892 -673.7606
v -210.0000 145.5002 -674.0000
v -210.0000 145.5002 -674.0000
v -210.5230 205.7892 -673.7606
v -171.8949 145.5004 -652.0000
v -210.5230 205.7892 -673.7606
v -172.4205 206.1714 -651.7595
v -171.8949 145.5004 -652.0000
v -171.8949 145.5004 -652.0000
v -172.4205 206.1714 -651.7595
v -171.8949 145.5002 -608.0000
v -172.4205 206.1714 -651.7595
v -172.4187 205.8969 -607.7603
v -171.8949 145.5002 -608.0000
v -171.8949 145.5002 -608.0000
v -172.4187 205.8969 -607.7603
v -210.0000 145.4998 -586.0000
v -172.4187 205.8969 -607.7603
v -210.5193 205.2403 -585.7623
v -210.0000 145.4998 -586.0000
v -210.5193 205.2403 -585.7623
v -211.0940 265.4975 -585.4993
v -248.6218 204.8581 -607.7635
v -211.0940 265.4975 -585.4993
v -249.1991 265.4550 -607.4993
v -248.6218 204.8581 -607.7635
v -248.6218 204.8581 -607.7635
v -249.1991 265.4550 -607.4993
v -248.6237 205.1326 -651.7627
v -249.1991 265.4550 -607.4993
v -249.1992 265.4855 -651.4993
v -248.6237 205.1326 -651.7627
v -248.6237 205.1326 -651.7627
v -249.1992 265.4855 -651.4993
v -210.5230 205.7892 -673.7606
v -249.1992 265.4855 -651.4993
v -211.0941 265.5585 -673.4993
v -210.5230 205.7892 -673.7606
v -210.5230 205.7892 -673.7606
v -211.0941 265.5585 -673.4993
v -172.4205 206.1714 -651.7595
v -211.0941 265.5585 -673.4993
v -172.9890 265.6010 -651.4993
v -172.4205 206.1714 -651.7595
v -172.4205 206.1714 -651.7595
v -172.9890 265.6010 -651.4993
v -172.4187 205.8969 -607.7603
v -172.9890 265.6010 -651.4993
v -172.9890 265.5705 -607.4993
v -172.4187 205.8969 -607.7603
v -172.4187 205.8969 -607.7603
v -172.9890 265.5705 -607.4993
v -210.5193 205.2403 -585.7623
v -172.9890 265.5705 -607.4993
v -211.0940 265.4975 -585.4993
v -210.5193 205.2403 -585.7623
v -211.0940 265.4975 -585.4993
v -210.4395 326.0158 -585.7988
v -249.1991 265.4550 -607.4993
v -210.4395 326.0158 -585.7988
v -248.5368 326.6776 -607.8024
v -249.1991 265.4550 -607.4993
v -249.1991 265.4550 -607.4993
v -248.5368 326.6776 -607.8024
v -249.1992 265.4855 -651.4993
v -248.5368 326.6776 -607.8024
v -248.5424 326.2023 -651.7999
v -249.1992 265.4855 -651.4993
v -249.1992 265.4855 -651.4993
v -248.5424 326.2023 -651.7999
v -211.0941 265.5585 -673.4993
v -248.5424 326.2023 -651.7999
v -210.4507 325.0651 -673.7937
v -211.0941 265.5585 -673.4993
v -211.0941 265.5585 -673.4993
v -210.4507 325.0651 -673.7937
v -172.9890 265.6010 -651.4993
v -210.4507 325.0651 -673.7937
v -172.3534 324.4033 -651.7902
v -172.9890 265.6010 -651.4993
v -172.9890 265.6010 -651.4993
v -172.3534 324.4033 -651.7902
v -172.9890 265.5705 -607.4993
v -172.3534 324.4033 -651.7902
v -172.3478 324.8786 -607.7927
v -172.9890 265.5705 -607.4993
v -172.9890 265.5705 -607.4993
v -172.3478 324.8786 -607.7927
v -211.0940 265.4975 -585.4993
v -172.3478 324.8786 -607.7927
v -210.4395 326.0158 -585.7988
v -211.0940 265.4975 -585.4993
v -210.4395 326.0158 -585.7988
v -208.3355 386.3951 -586.7618
v -248.5368 326.6776 -607.8024
v -208.3355 386.3951 -586.7618
v -246.4135 387.6285 -608.7742
v -248.5368 326.6776 -607.8024
v -248.5368 326.6776 -607.8024
v -246.4135 387.6285 -608.7742
v -248.5424 326.2023 -651.7999
v -246.4135 387.6285 -608.7742
v -246.4330 386.7426 -652.7653
v -248.5424 326.2023 -651.7999
v -248.5424 326.2023 -651.7999
v -246.4330 386.7426 -652.7653
v -210.4507 325.0651 -673.7937
v -246.4330 386.7426 -652.7653
v -208.3745 384.6232 -674.7439
v -210.4507 325.0651 -673.7937
v -210.4507 325.0651 -673.7937
v -208.3745 384.6232 -674.7439
v -172.3534 324.4033 -651.7902
v -208.3745 384.6232 -674.7439
v -170.2965 383.3898 -652.7315
v -172.3534 324.4033 -651.7902
v -172.3534 324.4033 -651.7902
v -170.2965 383.3898 -652.7315
v -172.3478 324.8786 -607.7927
v -170.2965 383.3898 -652.7315
v -170.2770 384.2757 -608.7404
v -172.3478 324.8786 -607.7927
v -172.3478 324.8786 -607.7927
v -170.2770 384.2757 -608.7404
v -210.4395 326.0158 -585.7988
v -170.2770 384.2757 -608.7404
v -208.3355 386.3951 -586.7618
v -210.4395 326.0158 -585.7988
v -208.3355 386.3951 -586.7618
v -205.3232 446.5468 -588.1404
v -246.4135 387.6285 -608.7742
v -205.3232 446.5468 -588.1404
v -243.3859 448.0883 -610.1598
v -246.4135 387.6285 -608.7742
v -246.4135 387.6285 -608.7742
v -243.3859 448.0883 -610.1598
v -246.4330 386.7426 -652.7653
v -243.3859 448.0883 -610.1598
v -243.4164 446.9811 -654.1458
v -246.4330 386.7426 -652.7653
v -246.4330 386.7426 -652.7653
v -243.4164 446.9811 -654.1458
v -208.3745 384.6232 -674.7439
v -243.4164 446.9811 -654.1458
v -205.3842 444.3325 -676.1125
v -208.3745 384.6232 -674.7439
v -208.3745 384.6232 -674.7439
v -205.3842 444.3325 -676.1125
v -170.2965 383.3898 -652.7315
v -205.3842 444.3325 -676.1125
v -167.3215 442.7909 -654.0931
v -170.2965 383.3898 -652.7315
v -170.2965 383.3898 -652.7315
v -167.3215 442.7909 -654.0931
v -170.2770 384.2757 -608.7404
v -167.3215 442.7909 -654.0931
v -167.2910 443.8981 -610.1070
v -170.2770 384.2757 -608.7404
v -170.2770 384.2757 -608.7404
v -167.2910 443.8981 -610.1070
v -208.3355 386.3951 -586.7618
v -167.2910 443.8981 -610.1070
v -205.3232 446.5468 -588.1404
v -208.3355 386.3951 -586.7618
v -205.3232 446.5468 -588.1404
v -201.8059 506.5695 -589.7501
v -243.3859 448.0883 -610.1598
v -201.8059 506.5695 -589.7501
v -239.8580 508.2917 -611.7744
v -243.3859 448.0883 -610.1598
v -243.3859 448.0883 -610.1598
v -239.8580 508.2917 -611.7744
v -243.4164 446.9811 -654.1458
v -239.8580 508.2917 -611.7744
v -239.8961 507.0547 -655.7570
v -243.4164 446.9811 -654.1458
v -243.4164 446.9811 -654.1458
v -239.8961 507.0547 -655.7570
v -205.3842 444.3325 -676.1125
v -239.8961 507.0547 -655.7570
v -201.8820 504.0954 -677.7153
v -205.3842 444.3325 -676.1125
v -205.3842 444.3325 -676.1125
v -201.8820 504.0954 -677.7153
v -167.3215 442.7909 -654.0931
v -201.8820 504.0954 -677.7153
v -163.8298 502.3730 -655.6910
v -167.3215 442.7909 -654.0931
v -167.3215 442.7909 -654.0931
v -163.8298 502.3730 -655.6910
v -167.2910 443.8981 -610.1070
v -163.8298 502.3730 -655.6910
v -163.7918 503.6101 -611.7084
v -167.2910 443.8981 -610.1070
v -167.2910 443.8981 -610.1070
v -163.7918 503.6101 -611.7084
v -205.3232 446.5468 -588.1404
v -163.7918 503.6101 -611.7084
v -201.8059 506.5695 -589.7501
v -205.3232 446.5468 -588.1404
v -201.8059 506.5695 -589.7501
v -197.9886 566.5194 -591.4971
v -239.8580 508.2917 -611.7744
v -197.9886 566.5194 -591.4971
v -236.0339 568.3491 -613.5245
v -239.8580 508.2917 -611.7744
v -239.8580 508.2917 -611.7744
v -236.0339 568.3491 -613.5245
v -239.8961 507.0547 -655.7570
v -236.0339 568.3491 -613.5245
v -236.0769 567.0349 -657.5048
v -239.8961 507.0547 -655.7570
v -239.8961 507.0547 -655.7570
v -236.0769 567.0349 -657.5048
v -201.8820 504.0954 -677.7153
v -236.0769 567.0349 -657.5048
v -198.0745 563.8912 -679.4578
v -201.8820 504.0954 -677.7153
v -201.8820 504.0954 -677.7153
v -198.0745 563.8912 -679.4578
v -163.8298 502.3730 -655.6910
v -198.0745 563.8912 -679.4578
v -160.0291 562.0615 -657.4305
v -163.8298 502.3730 -655.6910
v -163.8298 502.3730 -655.6910
v -160.0291 562.0615 -657.4305
v -163.7918 503.6101 -611.7084
v -160.0291 562.0615 -657.4305
v -159.9862 563.3756 -613.4501
v -163.7918 503.6101 -611.7084
v -163.7918 503.6101 -611.7084
v -159.9862 563.3756 -613.4501
v -201.8059 506.5695 -589.7501
v -159.9862 563.3756 -613.4501
v -197.9886 566.5194 -591.4971
v -201.8059 506.5695 -589.7501
v -197.9886 566.5194 -591.4971
v -194.0004 626.4178 -593.3223
v -236.0339 568.3491 -613.5245
v -194.0004 626.4178 -593.3223
v -232.0420 628.3044 -615.3514
v -236.0339 568.3491 -613.5245
v -236.0339 568.3491 -613.5245
v -232.0420 628.3044 -615.3514
v -236.0769 567.0349 -657.5048
v -232.0420 628.3044 -615.3514
v -232.0876 626.9494 -659.3305
v -236.0769 567.0349 -657.5048
v -236.0769 567.0349 -657.5048
v -232.0876 626.9494 -659.3305
v -198.0745 563.8912 -679.4578
v -232.0876 626.9494 -659.3305
v -194.0917 623.7078 -681.2805
v -198.0745 563.8912 -679.4578
v -198.0745 563.8912 -679.4578
v -194.0917 623.7078 -681.2805
v -160.0291 562.0615 -657.4305
v -194.0917 623.7078 -681.2805
v -156.0502 621.8213 -659.2515
v -160.0291 562.0615 -657.4305
v -160.0291 562.0615 -657.4305
v -156.0502 621.8213 -659.2515
v -159.9862 563.3756 -613.4501
v -156.0502 621.8213 -659.2515
v -156.0045 623.1763 -615.2723
v -159.9862 563.3756 -613.4501
v -159.9862 563.3756 -613.4501
v -156.0045 623.1763 -615.2723
v -197.9886 566.5194 -591.4971
v -156.0045 623.1763 -615.2723
v -194.0004 626.4178 -593.3223
v -197.9886 566.5194 -591.4971
v -194.0004 626.4178 -593.3223
v -189.9366 686.2820 -595.1822
v -232.0420 628.3044 -615.3514
v -189.9366 686.2820 -595.1822
v -227.9771 688.1850 -617.2117
v -232.0420 628.3044 -615.3514
v -232.0420 628.3044 -615.3514
v -227.9771 688.1850 -617.2117
v -232.0876 626.9494 -659.3305
v -227.9771 688.1850 -617.2117
v -228.0235 686.8182 -661.1905
v -232.0876 626.9494 -659.3305
v -232.0876 626.9494 -659.3305
v -228.0235 686.8182 -661.1905
v -194.0917 623.7078 -681.2805
v -228.0235 686.8182 -661.1905
v -190.0295 683.5484 -683.1396
v -194.0917 623.7078 -681.2805
v -194.0917 623.7078 -681.2805
v -190.0295 683.5484 -683.1396
v -156.0502 621.8213 -659.2515
v -190.0295 683.5484 -683.1396
v -151.9891 681.6454 -661.1100
v -156.0502 621.8213 -659.2515
v -156.0502 621.8213 -659.2515
v -151.9891 681.6454 -661.1100
v -156.0045 623.1763 -615.2723
v -151.9891 681.6454 -661.1100
v -151.9426 683.0122 -617.1313
v -156.0045 623.1763 -615.2723
v -156.0045 623.1763 -615.2723
v -151.9426 683.0122 -617.1313
v -194.0004 626.4178 -593.3223
v -151.9426 683.0122 -617.1313
v -189.9366 686.2820 -595.1822
v -194.0004 626.4178 -593.3223
v -189.9366 686.2820 -595.1822
v -185.8799 746.1186 -597.0388
v -227.9771 688.1850 -617.2117
v -185.8799 746.1186 -597.0388
v -223.9218 748.0002 -619.0677
v -227.9771 688.1850 -617.2117
v -227.9771 688.1850 -617.2117
v -223.9218 748.0002 -619.0677
v -228.0235 686.8182 -661.1905
v -223.9218 748.0002 -619.0677
v -223.9672 746.6487 -663.0469
v -228.0235 686.8182 -661.1905
v -228.0235 686.8182 -661.1905
v -223.9672 746.6487 -663.0469
v -190.0295 683.5484 -683.1396
v -223.9672 746.6487 -663.0469
v -185.9707 743.4156 -684.9972
v -190.0295 683.5484 -683.1396
v -190.0295 683.5484 -683.1396
v -185.9707 743.4156 -684.9972
v -151.9891 681.6454 -661.1100
v -185.9707 743.4156 -684.9972
v -147.9288 741.5341 -662.9683
v -151.9891 681.6454 -661.1100
v -151.9891 681.6454 -661.1100
v -147.9288 741.5341 -662.9683
v -151.9426 683.0122 -617.1313
v -147.9288 741.5341 -662.9683
v -147.8834 742.8855 -618.9890
v -151.9426 683.0122 -617.1313
v -151.9426 683.0122 -617.1313
v -147.8834 742.8855 -618.9890
v -189.9366 686.2820 -595.1822
v -147.8834 742.8855 -618.9890
v -185.8799 746.1186 -597.0388
v -189.9366 686.2820 -595.1822
v -185.8799 746.1186 -597.0388
v -181.9138 805.9340 -598.8539
v -223.9218 748.0002 -619.0677
v -181.9138 805.9340 -598.8539
v -219.9598 807.7530 -620.8809
v -223.9218 748.0002 -619.0677
v -223.9218 748.0002 -619.0677
v -219.9598 807.7530 -620.8809
v -223.9672 746.6487 -663.0469
v -219.9598 807.7530 -620.8809
v -220.0022 806.4465 -664.8615
v -223.9672 746.6487 -663.0469
v -223.9672 746.6487 -663.0469
v -220.0022 806.4465 -664.8615
v -185.9707 743.4156 -684.9972
v -220.0022 806.4465 -664.8615
v -181.9986 803.3210 -686.8150
v -185.9707 743.4156 -684.9972
v -185.9707 743.4156 -684.9972
v -181.9986 803.3210 -686.8150
v -147.9288 741.5341 -662.9683
v -181.9986 803.3210 -686.8150
v -143.9526 801.5021 -664.7880
v -147.9288 741.5341 -662.9683
v -147.9288 741.5341 -662.9683
v -143.9526 801.5021 -664.7880
v -147.8834 742.8855 -618.9890
v -143.9526 801.5021 -664.7880
v -143.9102 802.8085 -620.8074
v -147.8834 742.8855 -618.9890
v -147.8834 742.8855 -618.9890
v -143.9102 802.8085 -620.8074
v -185.8799 746.1186 -597.0388
v -143.9102 802.8085 -620.8074
v -181.9138 805.9340 -598.8539
v -185.8799 746.1186 -597.0388
v -181.9138 805.9340 -598.8539
v -178.1374 865.7239 -600.5822
v -219.9598 807.7530 -620.8809
v -178.1374 865.7239 -600.5822
v -216.1906 867.4279 -622.6059
v -219.9598 807.7530 -620.8809
v -219.9598 807.7530 -620.8809
v -216.1906 867.4279 -622.6059
v -220.0022 806.4465 -664.8615
v -216.1906 867.4279 -622.6059
v -216.2279 866.2040 -666.5889
v -220.0022 806.4465 -664.8615
v -220.0022 806.4465 -664.8615
v -216.2279 866.2040 -666.5889
v -181.9986 803.3210 -686.8150
v -216.2279 866.2040 -666.5889
v -178.2118 863.2761 -688.5481
v -181.9986 803.3210 -686.8150
v -181.9986 803.3210 -686.8150
v -178.2118 863.2761 -688.5481
v -143.9526 801.5021 -664.7880
v -178.2118 863.2761 -688.5481
v -140.1586 861.5721 -666.5244
v -143.9526 801.5021 -664.7880
v -143.9526 801.5021 -664.7880
v -140.1586 861.5721 -666.5244
v -143.9102 802.8085 -620.8074
v -140.1586 861.5721 -666.5244
v -140.1213 862.7960 -622.5414
v -143.9102 802.8085 -620.8074
v -143.9102 802.8085 -620.8074
v -140.1213 862.7960 -622.5414
v -181.9138 805.9340 -598.8539
v -140.1213 862.7960 -622.5414
v -178.1374 865.7239 -600.5822
v -181.9138 805.9340 -598.8539
v -166.0000 316.5001 -378.0000
v -166.0613 354.1868 -378.2346
v -188.0000 316.5004 -339.8949
v -166.0613 354.1868 -378.2346
v -188.0618 354.5443 -340.1315
v -188.0000 316.5004 -339.8949
v -188.0000 316.5004 -339.8949
v -188.0618 354.5443 -340.1315
v -232.0000 316.5003 -339.8949
v -188.0618 354.5443 -340.1315
v -232.0616 354.4173 -340.1308
v -232.0000 316.5003 -339.8949
v -232.0000 316.5003 -339.8949
v -232.0616 354.4173 -340.1308
v -254.0000 316.4999 -378.0000
v -232.0616 354.4173 -340.1308
v -254.0609 353.9329 -378.2332
v -254.0000 316.4999 -378.0000
v -254.0000 316.4999 -378.0000
v -254.0609 353.9329 -378.2332
v -232.0000 316.4996 -416.1051
v -254.0609 353.9329 -378.2332
v -232.0604 353.5754 -416.3363
v -232.0000 316.4996 -416.1051
v -232.0000 316.4996 -416.1051
v -232.0604 353.5754 -416.3363
v -188.0000 316.4997 -416.1051
v -232.0604 353.5754 -416.3363
v -188.0606 353.7024 -416.3370
v -188.0000 316.4997 -416.1051
v -188.0000 316.4997 -416.1051
v -188.0606 353.7024 -416.3370
v -166.0000 316.5001 -378.0000
v -188.0606 353.7024 -416.3370
v -166.0613 354.1868 -378.2346
v -166.0000 316.5001 -378.0000
v -166.0613 354.1868 -378.2346
v -166.1875 391.7677 -378.7178
v -188.0618 354.5443 -340.1315
v -166.1875 391.7677 -378.7178
v -188.1882 392.1918 -340.6155
v -188.0618 354.5443 -340.1315
v -188.0618 354.5443 -340.1315
v -188.1882 392.1918 -340.6155
v -232.0616 354.4173 -340.1308
v -188.1882 392.1918 -340.6155
v -232.1880 392.0412 -340.6145
v -232.0616 354.4173 -340.1308
v -232.0616 354.4173 -340.1308
v -232.1880 392.0412 -340.6145
v -254.0609 353.9329 -378.2332
v -232.1880 392.0412 -340.6145
v -254.1870 391.4665 -378.7159
v -254.0609 353.9329 -378.2332
v -254.0609 353.9329 -378.2332
v -254.1870 391.4665 -378.7159
v -232.0604 353.5754 -416.3363
v -254.1870 391.4665 -378.7159
v -232.1862 391.0424 -416.8182
v -232.0604 353.5754 -416.3363
v -232.0604 353.5754 -416.3363
v -232.1862 391.0424 -416.8182
v -188.0606 353.7024 -416.3370
v -232.1862 391.0424 -416.8182
v -188.1865 391.1930 -416.8192
v -188.0606 353.7024 -416.3370
v -188.0606 353.7024 -416.3370
v -188.1865 391.1930 -416.8192
v -166.0613 354.1868 -378.2346
v -188.1865 391.1930 -416.8192
v -166.1875 391.7677 -378.7178
v -166.0613 354.1868 -378.2346
v -166.1875 391.7677 -378.7178
v -166.2878 429.2432 -379.1020
v -188.1882 392.1918 -340.6155
v -166.2878 429.2432 -379.1020
v -188.2880 429.4337 -340.9974
v -188.1882 392.1918 -340.6155
v -188.1882 392.1918 -340.6155
v -188.2880 429.4337 -340.9974
v -232.1880 392.0412 -340.6145
v -188.2880 429.4337 -340.9974
v -232.2879 429.3661 -340.9972
v -232.1880 392.0412 -340.6145
v -232.1880 392.0412 -340.6145
v -232.2879 429.3661 -340.9972
v -254.1870 391.4665 -378.7159
v -232.2879 429.3661 -340.9972
v -254.2877 429.1078 -379.1016
v -254.1870 391.4665 -378.7159
v -254.1870 391.4665 -378.7159
v -254.2877 429.1078 -379.1016
v -232.1862 391.0424 -416.8182
v -254.2877 429.1078 -379.1016
v -232.2876 428.9172 -417.2061
v -232.1862 391.0424 -416.8182
v -232.1862 391.0424 -416.8182
v -232.2876 428.9172 -417.2061
v -188.1865 391.1930 -416.8192
v -232.2876 428.9172 -417.2061
v -188.2876 428.9849 -417.2063
v -188.1865 391.1930 -416.8192
v -188.1865 391.1930 -416.8192
v -188.2876 428.9849 -417.2063
v -166.1875 391.7677 -378.7178
v -188.2876 428.9849 -417.2063
v -166.2878 429.2432 -379.1020
v -166.1875 391.7677 -378.7178
v -166.2878 429.2432 -379.1020
v -166.2757 466.6250 -379.0556
v -188.2880 429.4337 -340.9974
v -166.2757 466.6250 -379.0556
v -188.2761 466.3138 -340.9520
v -188.2880 429.4337 -340.9974
v -188.2880 429.4337 -340.9974
v -188.2761 466.3138 -340.9520
v -232.2879 429.3661 -340.9972
v -188.2761 466.3138 -340.9520
v -232.2760 466.4243 -340.9514
v -232.2879 429.3661 -340.9972
v -232.2879 429.3661 -340.9972
v -232.2760 466.4243 -340.9514
v -254.2877 429.1078 -379.1016
v -232.2760 466.4243 -340.9514
v -254.2754 466.8461 -379.0545
v -254.2877 429.1078 -379.1016
v -254.2877 429.1078 -379.1016
v -254.2754 466.8461 -379.0545
v -232.2876 428.9172 -417.2061
v -254.2754 466.8461 -379.0545
v -232.2750 467.1574 -417.1581
v -232.2876 428.9172 -417.2061
v -232.2876 428.9172 -417.2061
v -232.2750 467.1574 -417.1581
v -188.2876 428.9849 -417.2063
v -232.2750 467.1574 -417.1581
v -188.2752 467.0468 -417.1587
v -188.2876 428.9849 -417.2063
v -188.2876 428.9849 -417.2063
v -188.2752 467.0468 -417.1587
v -166.2878 429.2432 -379.1020
v -188.2752 467.0468 -417.1587
v -166.2757 466.6250 -379.0556
v -166.2878 429.2432 -379.1020
v -166.2757 466.6250 -379.0556
v -166.0797 503.9255 -378.3051
v -188.2761 466.3138 -340.9520
v -166.0797 503.9255 -378.3051
v -188.0839 502.9066 -340.2160
v -188.2761 466.3138 -340.9520
v -188.2761 466.3138 -340.9520
v -188.0839 502.9066 -340.2160
v -232.2760 466.4243 -340.9514
v -188.0839 502.9066 -340.2160
v -232.0824 503.2684 -340.2103
v -232.2760 466.4243 -340.9514
v -232.2760 466.4243 -340.9514
v -232.0824 503.2684 -340.2103
v -254.2754 466.8461 -379.0545
v -232.0824 503.2684 -340.2103
v -254.0767 504.6492 -378.2937
v -254.2754 466.8461 -379.0545
v -254.2754 466.8461 -379.0545
v -254.0767 504.6492 -378.2937
v -232.2750 467.1574 -417.1581
v -254.0767 504.6492 -378.2937
v -232.0725 505.6681 -416.3828
v -232.2750 467.1574 -417.1581
v -232.2750 467.1574 -417.1581
v -232.0725 505.6681 -416.3828
v -188.2752 467.0468 -417.1587
v -232.0725 505.6681 -416.3828
v -188.0740 505.3063 -416.3885
v -188.2752 467.0468 -417.1587
v -188.2752 467.0468 -417.1587
v -188.0740 505.3063 -416.3885
v -166.2757 466.6250 -379.0556
v -188.0740 505.3063 -416.3885
v -166.0797 503.9255 -378.3051
v -166.2757 466.6250 -379.0556
v -166.0797 503.9255 -378.3051
v -165.6576 541.1889 -376.6892
v -188.0839 502.9066 -340.2160
v -165.6576 541.1889 -376.6892
v -187.6700 539.4406 -338.6313
v -188.0839 502.9066 -340.2160
v -188.0839 502.9066 -340.2160
v -187.6700 539.4406 -338.6313
v -232.0824 503.2684 -340.2103
v -187.6700 539.4406 -338.6313
v -231.6656 540.0615 -338.6146
v -232.0824 503.2684 -340.2103
v -232.0824 503.2684 -340.2103
v -231.6656 540.0615 -338.6146
v -254.0767 504.6492 -378.2937
v -231.6656 540.0615 -338.6146
v -253.6489 542.4307 -376.6556
v -254.0767 504.6492 -378.2937
v -254.0767 504.6492 -378.2937
v -253.6489 542.4307 -376.6556
v -232.0725 505.6681 -416.3828
v -253.6489 542.4307 -376.6556
v -231.6365 544.1790 -414.7135
v -232.0725 505.6681 -416.3828
v -232.0725 505.6681 -416.3828
v -231.6365 544.1790 -414.7135
v -188.0740 505.3063 -416.3885
v -231.6365 544.1790 -414.7135
v -187.6409 543.5581 -414.7303
v -188.0740 505.3063 -416.3885
v -188.0740 505.3063 -416.3885
v -187.6409 543.5581 -414.7303
v -166.0797 503.9255 -378.3051
v -187.6409 543.5581 -414.7303
v -165.6576 541.1889 -376.6892
v -166.0797 503.9255 -378.3051
v -165.6576 541.1889 -376.6892
v -165.0490 578.4923 -374.3589
v -187.6700 539.4406 -338.6313
v -165.0490 578.4923 -374.3589
v -187.0695 576.2404 -336.3322
v -187.6700 539.4406 -338.6313
v -187.6700 539.4406 -338.6313
v -187.0695 576.2404 -336.3322
v -231.6656 540.0615 -338.6146
v -187.0695 576.2404 -336.3322
v -231.0622 577.0402 -336.3044
v -231.6656 540.0615 -338.6146
v -231.6656 540.0615 -338.6146
v -231.0622 577.0402 -336.3044
v -253.6489 542.4307 -376.6556
v -231.0622 577.0402 -336.3044
v -253.0344 580.0918 -374.3031
v -253.6489 542.4307 -376.6556
v -253.6489 542.4307 -376.6556
v -253.0344 580.0918 -374.3031
v -231.6365 544.1790 -414.7135
v -253.0344 580.0918 -374.3031
v -231.0139 582.3437 -412.3298
v -231.6365 544.1790 -414.7135
v -231.6365 544.1790 -414.7135
v -231.0139 582.3437 -412.3298
v -187.6409 543.5581 -414.7303
v -231.0139 582.3437 -412.3298
v -187.0212 581.5440 -412.3577
v -187.6409 543.5581 -414.7303
v -187.6409 543.5581 -414.7303
v -187.0212 581.5440 -412.3577
v -165.6576 541.1889 -376.6892
v -187.0212 581.5440 -412.3577
v -165.0490 578.4923 -374.3589
v -165.6576 541.1889 -376.6892
v -165.0490 578.4923 -374.3589
v -164.3158 615.8261 -371.5516
v -187.0695 576.2404 -336.3322
v -164.3158 615.8261 -371.5516
v -186.3425 613.2540 -333.5490
v -187.0695 576.2404 -336.3322
v -187.0695 576.2404 -336.3322
v -186.3425 613.2540 -333.5490
v -231.0622 577.0402 -336.3044
v -186.3425 613.2540 -333.5490
v -230.3330 614.1675 -333.5126
v -231.0622 577.0402 -336.3044
v -231.0622 577.0402 -336.3044
v -230.3330 614.1675 -333.5126
v -253.0344 580.0918 -374.3031
v -230.3330 614.1675 -333.5126
v -252.2968 617.6531 -371.4789
v -253.0344 580.0918 -374.3031
v -253.0344 580.0918 -374.3031
v -252.2968 617.6531 -371.4789
v -231.0139 582.3437 -412.3298
v -252.2968 617.6531 -371.4789
v -230.2700 620.2253 -409.4816
v -231.0139 582.3437 -412.3298
v -231.0139 582.3437 -412.3298
v -230.2700 620.2253 -409.4816
v -187.0212 581.5440 -412.3577
v -230.2700 620.2253 -409.4816
v -186.2795 619.3118 -409.5180
v -187.0212 581.5440 -412.3577
v -187.0212 581.5440 -412.3577
v -186.2795 619.3118 -409.5180
v -165.0490 578.4923 -374.3589
v -186.2795 619.3118 -409.5180
v -164.3158 615.8261 -371.5516
v -165.0490 578.4923 -374.3589
v -164.3158 615.8261 -371.5516
v -163.5083 653.1909 -368.4600
v -186.3425 613.2540 -333.5490
v -163.5083 653.1909 -368.4600
v -185.5386 650.4516 -330.4710
v -186.3425 613.2540 -333.5490
v -186.3425 613.2540 -333.5490
v -185.5386 650.4516 -330.4710
v -230.3330 614.1675 -333.5126
v -185.5386 650.4516 -330.4710
v -229.5278 651.4244 -330.4298
v -230.3330 614.1675 -333.5126
v -230.3330 614.1675 -333.5126
v -229.5278 651.4244 -330.4298
v -252.2968 617.6531 -371.4789
v -229.5278 651.4244 -330.4298
v -251.4867 655.1367 -368.3775
v -252.2968 617.6531 -371.4789
v -252.2968 617.6531 -371.4789
v -251.4867 655.1367 -368.3775
v -230.2700 620.2253 -409.4816
v -251.4867 655.1367 -368.3775
v -229.4564 657.8760 -406.3664
v -230.2700 620.2253 -409.4816
v -230.2700 620.2253 -409.4816
v -229.4564 657.8760 -406.3664
v -186.2795 619.3118 -409.5180
v -229.4564 657.8760 -406.3664
v -185.4671 656.9031 -406.4077
v -186.2795 619.3118 -409.5180
v -186.2795 619.3118 -409.5180
v -185.4671 656.9031 -406.4077
v -164.3158 615.8261 -371.5516
v -185.4671 656.9031 -406.4077
v -163.5083 653.1909 -368.4600
v -164.3158 615.8261 -371.5516
v -163.5083 653.1909 -368.4600
v -162.6702 690.5948 -365.2515
v -185.5386 650.4516 -330.4710
v -162.6702 690.5948 -365.2515
v -184.7012 687.8270 -327.2650
v -185.5386 650.4516 -330.4710
v -185.5386 650.4516 -330.4710
v -184.7012 687.8270 -327.2650
v -229.5278 651.4244 -330.4298
v -184.7012 687.8270 -327.2650
v -228.6902 688.8100 -327.2228
v -229.5278 651.4244 -330.4298
v -229.5278 651.4244 -330.4298
v -228.6902 688.8100 -327.2228
v -251.4867 655.1367 -368.3775
v -228.6902 688.8100 -327.2228
v -250.6482 692.5609 -365.1672
v -251.4867 655.1367 -368.3775
v -251.4867 655.1367 -368.3775
v -250.6482 692.5609 -365.1672
v -229.4564 657.8760 -406.3664
v -250.6482 692.5609 -365.1672
v -228.6173 695.3289 -403.1537
v -229.4564 657.8760 -406.3664
v -229.4564 657.8760 -406.3664
v -228.6173 695.3289 -403.1537
v -185.4671 656.9031 -406.4077
v -228.6173 695.3289 -403.1537
v -184.6283 694.3458 -403.1959
v -185.4671 656.9031 -406.4077
v -185.4671 656.9031 -406.4077
v -184.6283 694.3458 -403.1959
v -163.5083 653.1909 -368.4600
v -184.6283 694.3458 -403.1959
v -162.6702 690.5948 -365.2515
v -163.5083 653.1909 -368.4600
v -162.6702 690.5948 -365.2515
v -161.8430 728.0513 -362.0844
v -184.7012 687.8270 -327.2650
v -161.8430 728.0513 -362.0844
v -183.8717 725.3910 -324.0888
v -184.7012 687.8270 -327.2650
v -184.7012 687.8270 -327.2650
v -183.8717 725.3910 -324.0888
v -228.6902 688.8100 -327.2228
v -183.8717 725.3910 -324.0888
v -227.8615 726.3358 -324.0499
v -228.6902 688.8100 -327.2228
v -228.6902 688.8100 -327.2228
v -227.8615 726.3358 -324.0499
v -250.6482 692.5609 -365.1672
v -227.8615 726.3358 -324.0499
v -249.8227 729.9410 -362.0066
v -250.6482 692.5609 -365.1672
v -250.6482 692.5609 -365.1672
v -249.8227 729.9410 -362.0066
v -228.6173 695.3289 -403.1537
v -249.8227 729.9410 -362.0066
v -227.7941 732.6013 -400.0021
v -228.6173 695.3289 -403.1537
v -228.6173 695.3289 -403.1537
v -227.7941 732.6013 -400.0021
v -184.6283 694.3458 -403.1959
v -227.7941 732.6013 -400.0021
v -183.8043 731.6565 -400.0410
v -184.6283 694.3458 -403.1959
v -184.6283 694.3458 -403.1959
v -183.8043 731.6565 -400.0410
v -162.6702 690.5948 -365.2515
v -183.8043 731.6565 -400.0410
v -161.8430 728.0513 -362.0844
v -162.6702 690.5948 -365.2515
v -161.8430 728.0513 -362.0844
v -161.0691 765.5770 -359.1213
v -183.8717 725.3910 -324.0888
v -161.0691 765.5770 -359.1213
v -183.0925 763.1694 -321.1059
v -183.8717 725.3910 -324.0888
v -183.8717 725.3910 -324.0888
v -183.0925 763.1694 -321.1059
v -227.8615 726.3358 -324.0499
v -183.0925 763.1694 -321.1059
v -227.0842 764.0245 -321.0740
v -227.8615 726.3358 -324.0499
v -227.8615 726.3358 -324.0499
v -227.0842 764.0245 -321.0740
v -249.8227 729.9410 -362.0066
v -227.0842 764.0245 -321.0740
v -249.0525 767.2872 -359.0576
v -249.8227 729.9410 -362.0066
v -249.8227 729.9410 -362.0066
v -249.0525 767.2872 -359.0576
v -227.7941 732.6013 -400.0021
v -249.0525 767.2872 -359.0576
v -227.0291 769.6948 -397.0730
v -227.7941 732.6013 -400.0021
v -227.7941 732.6013 -400.0021
v -227.0291 769.6948 -397.0730
v -183.8043 731.6565 -400.0410
v -227.0291 769.6948 -397.0730
v -183.0374 768.8397 -397.1048
v -183.8043 731.6565 -400.0410
v -183.8043 731.6565 -400.0410
v -183.0374 768.8397 -397.1048
v -161.8430 728.0513 -362.0844
v -183.0374 768.8397 -397.1048
v -161.0691 765.5770 -359.1213
v -161.8430 728.0513 -362.0844
v -166.0000 487.4994 -126.0000
v -165.6942 520.9151 -126.4040
v -188.0000 487.5004 -87.8949
v -165.6942 520.9151 -126.4040
v -187.6846 522.0979 -88.3117
v -188.0000 487.5004 -87.8949
v -188.0000 487.5004 -87.8949
v -187.6846 522.0979 -88.3117
v -232.0000 487.5009 -87.8949
v -187.6846 522.0979 -88.3117
v -231.6787 522.8172 -88.3195
v -232.0000 487.5009 -87.8949
v -232.0000 487.5009 -87.8949
v -231.6787 522.8172 -88.3195
v -254.0000 487.5006 -126.0000
v -231.6787 522.8172 -88.3195
v -253.6825 522.3538 -126.4196
v -254.0000 487.5006 -126.0000
v -254.0000 487.5006 -126.0000
v -253.6825 522.3538 -126.4196
v -232.0000 487.4996 -164.1051
v -253.6825 522.3538 -126.4196
v -231.6922 521.1710 -164.5119
v -232.0000 487.4996 -164.1051
v -232.0000 487.4996 -164.1051
v -231.6922 521.1710 -164.5119
v -188.0000 487.4991 -164.1051
v -231.6922 521.1710 -164.5119
v -187.6980 520.4517 -164.5041
v -188.0000 487.4991 -164.1051
v -188.0000 487.4991 -164.1051
v -187.6980 520.4517 -164.5041
v -166.0000 487.4994 -126.0000
v -187.6980 520.4517 -164.5041
v -165.6942 520.9151 -126.4040
v -166.0000 487.4994 -126.0000
v -165.6942 520.9151 -126.4040
v -165.0250 554.8243 -127.2884
v -187.6846 522.0979 -88.3117
v -165.0250 554.8243 -127.2884
v -187.0088 556.3554 -89.2047
v -187.6846 522.0979 -88.3117
v -187.6846 522.0979 -88.3117
v -187.0088 556.3554 -89.2047
v -231.6787 522.8172 -88.3195
v -187.0088 556.3554 -89.2047
v -230.9989 557.2866 -89.2177
v -231.6787 522.8172 -88.3195
v -231.6787 522.8172 -88.3195
v -230.9989 557.2866 -89.2177
v -253.6825 522.3538 -126.4196
v -230.9989 557.2866 -89.2177
v -253.0052 556.6866 -127.3144
v -253.6825 522.3538 -126.4196
v -253.6825 522.3538 -126.4196
v -253.0052 556.6866 -127.3144
v -231.6922 521.1710 -164.5119
v -253.0052 556.6866 -127.3144
v -231.0215 555.1555 -165.3981
v -231.6922 521.1710 -164.5119
v -231.6922 521.1710 -164.5119
v -231.0215 555.1555 -165.3981
v -187.6980 520.4517 -164.5041
v -231.0215 555.1555 -165.3981
v -187.0313 554.2244 -165.3851
v -187.6980 520.4517 -164.5041
v -187.6980 520.4517 -164.5041
v -187.0313 554.2244 -165.3851
v -165.6942 520.9151 -126.4040
v -187.0313 554.2244 -165.3851
v -165.0250 554.8243 -127.2884
v -165.6942 520.9151 -126.4040
v -165.0250 554.8243 -127.2884
v -164.3799 589.2451 -128.1407
v -187.0088 556.3554 -89.2047
v -164.3799 589.2451 -128.1407
v -186.3724 590.2861 -90.0455
v -187.0088 556.3554 -89.2047
v -187.0088 556.3554 -89.2047
v -186.3724 590.2861 -90.0455
v -230.9989 557.2866 -89.2177
v -186.3724 590.2861 -90.0455
v -230.3678 590.9192 -90.0515
v -230.9989 557.2866 -89.2177
v -230.9989 557.2866 -89.2177
v -230.3678 590.9192 -90.0515
v -253.0052 556.6866 -127.3144
v -230.3678 590.9192 -90.0515
v -252.3708 590.5113 -128.1528
v -253.0052 556.6866 -127.3144
v -253.0052 556.6866 -127.3144
v -252.3708 590.5113 -128.1528
v -231.0215 555.1555 -165.3981
v -252.3708 590.5113 -128.1528
v -230.3783 589.4703 -166.2480
v -231.0215 555.1555 -165.3981
v -231.0215 555.1555 -165.3981
v -230.3783 589.4703 -166.2480
v -187.0313 554.2244 -165.3851
v -230.3783 589.4703 -166.2480
v -186.3828 588.8372 -166.2420
v -187.0313 554.2244 -165.3851
v -187.0313 554.2244 -165.3851
v -186.3828 588.8372 -166.2420
v -165.0250 554.8243 -127.2884
v -186.3828 588.8372 -166.2420
v -164.3799 589.2451 -128.1407
v -165.0250 554.8243 -127.2884
v -164.3799 589.2451 -128.1407
v -164.1641 624.1858 -128.4259
v -186.3724 590.2861 -90.0455
v -164.1641 624.1858 -128.4259
v -186.1635 623.9041 -90.3215
v -186.3724 590.2861 -90.0455
v -186.3724 590.2861 -90.0455
v -186.1635 623.9041 -90.3215
v -230.3678 590.9192 -90.0515
v -186.1635 623.9041 -90.3215
v -230.1632 623.7328 -90.3219
v -230.3678 590.9192 -90.0515
v -230.3678 590.9192 -90.0515
v -230.1632 623.7328 -90.3219
v -252.3708 590.5113 -128.1528
v -230.1632 623.7328 -90.3219
v -252.1634 623.8431 -128.4268
v -252.3708 590.5113 -128.1528
v -252.3708 590.5113 -128.1528
v -252.1634 623.8431 -128.4268
v -230.3783 589.4703 -166.2480
v -252.1634 623.8431 -128.4268
v -230.1640 624.1248 -166.5312
v -230.3783 589.4703 -166.2480
v -230.3783 589.4703 -166.2480
v -230.1640 624.1248 -166.5312
v -186.3828 588.8372 -166.2420
v -230.1640 624.1248 -166.5312
v -186.1643 624.2961 -166.5307
v -186.3828 588.8372 -166.2420
v -186.3828 588.8372 -166.2420
v -186.1643 624.2961 -166.5307
v -164.3799 589.2451 -128.1407
v -186.1643 624.2961 -166.5307
v -164.1641 624.1858 -128.4259
v -164.3799 589.2451 -128.1407
v -164.1641 624.1858 -128.4259
v -164.7926 659.6017 -127.5953
v -186.1635 623.9041 -90.3215
v -164.7926 659.6017 -127.5953
v -186.7525 657.1912 -89.5433
v -186.1635 623.9041 -90.3215
v -186.1635 623.9041 -90.3215
v -186.7525 657.1912 -89.5433
v -230.1632 623.7328 -90.3219
v -186.7525 657.1912 -89.5433
v -230.7280 655.7252 -89.5756
v -230.1632 623.7328 -90.3219
v -230.1632 623.7328 -90.3219
v -230.7280 655.7252 -89.5756
v -252.1634 623.8431 -128.4268
v -230.7280 655.7252 -89.5756
v -252.7438 656.6698 -127.6599
v -252.1634 623.8431 -128.4268
v -252.1634 623.8431 -128.4268
v -252.7438 656.6698 -127.6599
v -230.1640 624.1248 -166.5312
v -252.7438 656.6698 -127.6599
v -230.7840 659.0803 -165.7119
v -230.1640 624.1248 -166.5312
v -230.1640 624.1248 -166.5312
v -230.7840 659.0803 -165.7119
v -186.1643 624.2961 -166.5307
v -230.7840 659.0803 -165.7119
v -186.8084 660.5463 -165.6796
v -186.1643 624.2961 -166.5307
v -186.1643 624.2961 -166.5307
v -186.8084 660.5463 -165.6796
v -164.1641 624.1858 -128.4259
v -186.8084 660.5463 -165.6796
v -164.7926 659.6017 -127.5953
v -164.1641 624.1858 -128.4259
v -164.7926 659.6017 -127.5953
v -166.6681 695.3209 -125.1172
v -186.7525 657.1912 -89.5433
v -166.6681 695.3209 -125.1172
v -188.4784 690.0917 -87.2627
v -186.7525 657.1912 -89.5433
v -186.7525 657.1912 -89.5433
v -188.4784 690.0917 -87.2627
v -230.7280 655.7252 -89.5756
v -188.4784 690.0917 -87.2627
v -232.3631 686.9115 -87.4151
v -230.7280 655.7252 -89.5756
v -230.7280 655.7252 -89.5756
v -232.3631 686.9115 -87.4151
v -252.7438 656.6698 -127.6599
v -232.3631 686.9115 -87.4151
v -254.4374 688.9606 -125.4220
v -252.7438 656.6698 -127.6599
v -252.7438 656.6698 -127.6599
v -254.4374 688.9606 -125.4220
v -230.7840 659.0803 -165.7119
v -254.4374 688.9606 -125.4220
v -232.6271 694.1898 -163.2766
v -230.7840 659.0803 -165.7119
v -230.7840 659.0803 -165.7119
v -232.6271 694.1898 -163.2766
v -186.8084 660.5463 -165.6796
v -232.6271 694.1898 -163.2766
v -188.7424 697.3699 -163.1241
v -186.8084 660.5463 -165.6796
v -186.8084 660.5463 -165.6796
v -188.7424 697.3699 -163.1241
v -164.7926 659.6017 -127.5953
v -188.7424 697.3699 -163.1241
v -166.6681 695.3209 -125.1172
v -164.7926 659.6017 -127.5953
v -166.6681 695.3209 -125.1172
v -169.8665 730.5365 -120.8910
v -188.4784 690.0917 -87.2627
v -169.8665 730.5365 -120.8910
v -191.4609 722.9046 -83.3219
v -188.4784 690.0917 -87.2627
v -188.4784 690.0917 -87.2627
v -191.4609 722.9046 -83.3219
v -232.3631 686.9115 -87.4151
v -191.4609 722.9046 -83.3219
v -235.2142 718.2632 -83.6479
v -232.3631 686.9115 -87.4151
v -232.3631 686.9115 -87.4151
v -235.2142 718.2632 -83.6479
v -254.4374 688.9606 -125.4220
v -235.2142 718.2632 -83.6479
v -257.3731 721.2538 -121.5429
v -254.4374 688.9606 -125.4220
v -254.4374 688.9606 -125.4220
v -257.3731 721.2538 -121.5429
v -232.6271 694.1898 -163.2766
v -257.3731 721.2538 -121.5429
v -235.7788 728.8857 -159.1120
v -232.6271 694.1898 -163.2766
v -232.6271 694.1898 -163.2766
v -235.7788 728.8857 -159.1120
v -188.7424 697.3699 -163.1241
v -235.7788 728.8857 -159.1120
v -192.0255 733.5271 -158.7861
v -188.7424 697.3699 -163.1241
v -188.7424 697.3699 -163.1241
v -192.0255 733.5271 -158.7861
v -166.6681 695.3209 -125.1172
v -192.0255 733.5271 -158.7861
v -169.8665 730.5365 -120.8910
v -166.6681 695.3209 -125.1172
v -169.8665 730.5365 -120.8910
v -173.9951 765.0033 -115.4356
v -191.4609 722.9046 -83.3219
v -173.9951 765.0033 -115.4356
v -195.3973 755.7551 -78.1205
v -191.4609 722.9046 -83.3219
v -191.4609 722.9046 -83.3219
v -195.3973 755.7551 -78.1205
v -235.2142 718.2632 -83.6479
v -195.3973 755.7551 -78.1205
v -239.0337 750.1308 -78.6009
v -235.2142 718.2632 -83.6479
v -235.2142 718.2632 -83.6479
v -239.0337 750.1308 -78.6009
v -257.3731 721.2538 -121.5429
v -239.0337 750.1308 -78.6009
v -261.2679 753.7547 -116.3965
v -257.3731 721.2538 -121.5429
v -257.3731 721.2538 -121.5429
v -261.2679 753.7547 -116.3965
v -235.7788 728.8857 -159.1120
v -261.2679 753.7547 -116.3965
v -239.8658 763.0028 -153.7116
v -235.7788 728.8857 -159.1120
v -235.7788 728.8857 -159.1120
v -239.8658 763.0028 -153.7116
v -192.0255 733.5271 -158.7861
v -239.8658 763.0028 -153.7116
v -196.2294 768.6271 -153.2312
v -192.0255 733.5271 -158.7861
v -192.0255 733.5271 -158.7861
v -196.2294 768.6271 -153.2312
v -169.8665 730.5365 -120.8910
v -196.2294 768.6271 -153.2312
v -173.9951 765.0033 -115.4356
v -169.8665 730.5365 -120.8910
v -173.9951 765.0033 -115.4356
v -178.6766 798.8323 -109.2497
v -195.3973 755.7551 -78.1205
v -178.6766 798.8323 -109.2497
v -199.9534 788.6730 -72.1002
v -195.3973 755.7551 -78.1205
v -195.3973 755.7551 -78.1205
v -199.9534 788.6730 -72.1002
v -239.0337 750.1308 -78.6009
v -199.9534 788.6730 -72.1002
v -243.5136 782.4946 -72.6814
v -239.0337 750.1308 -78.6009
v -239.0337 750.1308 -78.6009
v -243.5136 782.4946 -72.6814
v -261.2679 753.7547 -116.3965
v -243.5136 782.4946 -72.6814
v -265.7970 786.4755 -110.4120
v -261.2679 753.7547 -116.3965
v -261.2679 753.7547 -116.3965
v -265.7970 786.4755 -110.4120
v -239.8658 763.0028 -153.7116
v -265.7970 786.4755 -110.4120
v -244.5202 796.6348 -147.5616
v -239.8658 763.0028 -153.7116
v -239.8658 763.0028 -153.7116
v -244.5202 796.6348 -147.5616
v -196.2294 768.6271 -153.2312
v -244.5202 796.6348 -147.5616
v -200.9600 802.8132 -146.9804
v -196.2294 768.6271 -153.2312
v -196.2294 768.6271 -153.2312
v -200.9600 802.8132 -146.9804
v -173.9951 765.0033 -115.4356
v -200.9600 802.8132 -146.9804
v -178.6766 798.8323 -109.2497
v -173.9951 765.0033 -115.4356
v -178.6766 798.8323 -109.2497
v -183.5796 832.1575 -102.7713
v -199.9534 788.6730 -72.1002
v -183.5796 832.1575 -102.7713
v -204.8185 821.7395 -65.6718
v -199.9534 788.6730 -72.1002
v -199.9534 788.6730 -72.1002
v -204.8185 821.7395 -65.6718
v -243.5136 782.4946 -72.6814
v -204.8185 821.7395 -65.6718
v -248.3557 815.4038 -66.2833
v -243.5136 782.4946 -72.6814
v -243.5136 782.4946 -72.6814
v -248.3557 815.4038 -66.2833
v -265.7970 786.4755 -110.4120
v -248.3557 815.4038 -66.2833
v -270.6539 819.4860 -103.9944
v -265.7970 786.4755 -110.4120
v -265.7970 786.4755 -110.4120
v -270.6539 819.4860 -103.9944
v -244.5202 796.6348 -147.5616
v -270.6539 819.4860 -103.9944
v -249.4149 829.9040 -141.0939
v -244.5202 796.6348 -147.5616
v -244.5202 796.6348 -147.5616
v -249.4149 829.9040 -141.0939
v -200.9600 802.8132 -146.9804
v -249.4149 829.9040 -141.0939
v -205.8778 836.2397 -140.4823
v -200.9600 802.8132 -146.9804
v -200.9600 802.8132 -146.9804
v -205.8778 836.2397 -140.4823
v -178.6766 798.8323 -109.2497
v -205.8778 836.2397 -140.4823
v -183.5796 832.1575 -102.7713
v -178.6766 798.8323 -109.2497
v -183.5796 832.1575 -102.7713
v -188.3980 865.1066 -96.4044
v -204.8185 821.7395 -65.6718
v -188.3980 865.1066 -96.4044
v -209.6919 855.0667 -59.2323
v -204.8185 821.7395 -65.6718
v -204.8185 821.7395 -65.6718
v -209.6919 855.0667 -59.2323
v -248.3557 815.4038 -66.2833
v -209.6919 855.0667 -59.2323
v -253.2625 848.9609 -59.7997
v -248.3557 815.4038 -66.2833
v -248.3557 815.4038 -66.2833
v -253.2625 848.9609 -59.7997
v -270.6539 819.4860 -103.9944
v -253.2625 848.9609 -59.7997
v -275.5392 852.8950 -97.5392
v -270.6539 819.4860 -103.9944
v -270.6539 819.4860 -103.9944
v -275.5392 852.8950 -97.5392
v -249.4149 829.9040 -141.0939
v -275.5392 852.8950 -97.5392
v -254.2453 862.9349 -134.7114
v -249.4149 829.9040 -141.0939
v -249.4149 829.9040 -141.0939
v -254.2453 862.9349 -134.7114
v -205.8778 836.2397 -140.4823
v -254.2453 862.9349 -134.7114
v -210.6747 869.0407 -134.1440
v -205.8778 836.2397 -140.4823
v -205.8778 836.2397 -140.4823
v -210.6747 869.0407 -134.1440
v -183.5796 832.1575 -102.7713
v -210.6747 869.0407 -134.1440
v -188.3980 865.1066 -96.4044
v -183.5796 832.1575 -102.7713
v -188.3980 865.1066 -96.4044
v -192.8325 897.7830 -90.5450
v -209.6919 855.0667 -59.2323
v -192.8325 897.7830 -90.5450
v -214.2662 888.7798 -53.1881
v -209.6919 855.0667 -59.2323
v -209.6919 855.0667 -59.2323
v -214.2662 888.7798 -53.1881
v -253.2625 848.9609 -59.7997
v -214.2662 888.7798 -53.1881
v -257.9218 883.3046 -53.6431
v -253.2625 848.9609 -59.7997
v -253.2625 848.9609 -59.7997
v -257.9218 883.3046 -53.6431
v -275.5392 852.8950 -97.5392
v -257.9218 883.3046 -53.6431
v -280.1437 886.8325 -91.4550
v -275.5392 852.8950 -97.5392
v -275.5392 852.8950 -97.5392
v -280.1437 886.8325 -91.4550
v -254.2453 862.9349 -134.7114
v -280.1437 886.8325 -91.4550
v -258.7100 895.8356 -128.8119
v -254.2453 862.9349 -134.7114
v -254.2453 862.9349 -134.7114
v -258.7100 895.8356 -128.8119
v -210.6747 869.0407 -134.1440
v -258.7100 895.8356 -128.8119
v -215.0543 901.3109 -128.3569
v -210.6747 869.0407 -134.1440
v -210.6747 869.0407 -134.1440
v -215.0543 901.3109 -128.3569
v -188.3980 865.1066 -96.4044
v -215.0543 901.3109 -128.3569
v -192.8325 897.7830 -90.5450
v -188.3980 865.1066 -96.4044
v -210.0000 -25.4998 170.0000
v -209.4511 34.2663 169.6907
v -248.1051 -25.4996 148.0000
v -209.4511 34.2663 169.6907
v -247.5535 34.6393 147.6892
v -248.1051 -25.4996 148.0000
v -248.1051 -25.4996 148.0000
v -247.5535 34.6393 147.6892
v -248.1051 -25.4998 104.0000
v -247.5535 34.6393 147.6892
v -247.5561 34.2796 103.6907
v -248.1051 -25.4998 104.0000
v -248.1051 -25.4998 104.0000
v -247.5561 34.2796 103.6907
v -210.0000 -25.5002 82.0000
v -247.5561 34.2796 103.6907
v -209.4563 33.5470 81.6936
v -210.0000 -25.5002 82.0000
v -210.0000 -25.5002 82.0000
v -209.4563 33.5470 81.6936
v -171.8949 -25.5004 104.0000
v -209.4563 33.5470 81.6936
v -171.3539 33.1741 103.6952
v -171.8949 -25.5004 104.0000
v -171.8949 -25.5004 104.0000
v -171.3539 33.1741 103.6952
v -171.8949 -25.5002 148.0000
v -171.3539 33.1741 103.6952
v -171.3513 33.5337 147.6937
v -171.8949 -25.5002 148.0000
v -171.8949 -25.5002 148.0000
v -171.3513 33.5337 147.6937
v -210.0000 -25.4998 170.0000
v -171.3513 33.5337 147.6937
v -209.4511 34.2663 169.6907
v -210.0000 -25.4998 170.0000
v -209.4511 34.2663 169.6907
v -208.8355 93.3652 169.3438
v -247.5535 34.6393 147.6892
v -208.8355 93.3652 169.3438
v -246.9405 93.4201 147.3438
v -247.5535 34.6393 147.6892
v -247.5535 34.6393 147.6892
v -246.9405 93.4201 147.3438
v -247.5561 34.2796 103.6907
v -246.9405 93.4201 147.3438
v -246.9406 93.3672 103.3438
v -247.5561 34.2796 103.6907
v -247.5561 34.2796 103.6907
v -246.9406 93.3672 103.3438
v -209.4563 33.5470 81.6936
v -246.9406 93.3672 103.3438
v -208.8356 93.2594 81.3439
v -209.4563 33.5470 81.6936
v -209.4563 33.5470 81.6936
v -208.8356 93.2594 81.3439
v -171.3539 33.1741 103.6952
v -208.8356 93.2594 81.3439
v -170.7305 93.2045 103.3439
v -171.3539 33.1741 103.6952
v -171.3539 33.1741 103.6952
v -170.7305 93.2045 103.3439
v -171.3513 33.5337 147.6937
v -170.7305 93.2045 103.3439
v -170.7305 93.2574 147.3439
v -171.3513 33.5337 147.6937
v -171.3513 33.5337 147.6937
v -170.7305 93.2574 147.3439
v -209.4511 34.2663 169.6907
v -170.7305 93.2574 147.3439
v -208.8355 93.3652 169.3438
v -209.4511 34.2663 169.6907
v -208.8355 93.3652 169.3438
v -209.4715 152.1103 169.7022
v -246.9405 93.4201 147.3438
v -209.4715 152.1103 169.7022
v -247.5689 151.4834 147.6979
v -246.9405 93.4201 147.3438
v -246.9405 93.4201 147.3438
v -247.5689 151.4834 147.6979
v -246.9406 93.3672 103.3438
v -247.5689 151.4834 147.6979
v -247.5763 152.0879 103.7020
v -246.9406 93.3672 103.3438
v -246.9406 93.3672 103.3438
v -247.5763 152.0879 103.7020
v -208.8356 93.2594 81.3439
v -247.5763 152.0879 103.7020
v -209.4862 153.3194 81.7105
v -208.8356 93.2594 81.3439
v -208.8356 93.2594 81.3439
v -209.4862 153.3194 81.7105
v -170.7305 93.2045 103.3439
v -209.4862 153.3194 81.7105
v -171.3887 153.9463 103.7148
v -170.7305 93.2045 103.3439
v -170.7305 93.2045 103.3439
v -171.3887 153.9463 103.7148
v -170.7305 93.2574 147.3439
v -171.3887 153.9463 103.7148
v -171.3814 153.3417 147.7107
v -170.7305 93.2574 147.3439
v -170.7305 93.2574 147.3439
v -171.3814 153.3417 147.7107
v -208.8355 93.3652 169.3438
v -171.3814 153.3417 147.7107
v -209.4715 152.1103 169.7022
v -208.8355 93.3652 169.3438
v -209.4715 152.1103 169.7022
v -211.6208 210.9179 170.9132
v -247.5689 151.4834 147.6979
v -211.6208 210.9179 170.9132
v -249.6981 209.7224 148.8976
v -247.5689 151.4834 147.6979
v -247.5689 151.4834 147.6979
v -249.6981 209.7224 148.8976
v -247.5763 152.0879 103.7020
v -249.6981 209.7224 148.8976
v -249.7249 210.8753 104.9127
v -247.5763 152.0879 103.7020
v -247.5763 152.0879 103.7020
v -249.7249 210.8753 104.9127
v -209.4862 153.3194 81.7105
v -249.7249 210.8753 104.9127
v -211.6745 213.2237 82.9435
v -209.4862 153.3194 81.7105
v -209.4862 153.3194 81.7105
v -211.6745 213.2237 82.9435
v -171.3887 153.9463 103.7148
v -211.6745 213.2237 82.9435
v -173.5972 214.4193 104.9592
v -171.3887 153.9463 103.7148
v -171.3887 153.9463 103.7148
v -173.5972 214.4193 104.9592
v -171.3814 153.3417 147.7107
v -173.5972 214.4193 104.9592
v -173.5703 213.2664 148.9440
v -171.3814 153.3417 147.7107
v -171.3814 153.3417 147.7107
v -173.5703 213.2664 148.9440
v -209.4715 152.1103 169.7022
v -173.5703 213.2664 148.9440
v -211.6208 210.9179 170.9132
v -209.4715 152.1103 169.7022
v -211.6208 210.9179 170.9132
v -214.7580 269.9191 172.6809
v -249.6981 209.7224 148.8976
v -214.7580 269.9191 172.6809
v -252.8191 268.4149 150.6561
v -249.6981 209.7224 148.8976
v -249.6981 209.7224 148.8976
v -252.8191 268.4149 150.6561
v -249.7249 210.8753 104.9127
v -252.8191 268.4149 150.6561
v -252.8616 269.8655 106.6800
v -249.7249 210.8753 104.9127
v -249.7249 210.8753 104.9127
v -252.8616 269.8655 106.6800
v -211.6745 213.2237 82.9435
v -252.8616 269.8655 106.6800
v -214.8430 272.8203 84.7288
v -211.6745 213.2237 82.9435
v -211.6745 213.2237 82.9435
v -214.8430 272.8203 84.7288
v -173.5972 214.4193 104.9592
v -214.8430 272.8203 84.7288
v -176.7819 274.3245 106.7536
v -173.5972 214.4193 104.9592
v -173.5972 214.4193 104.9592
v -176.7819 274.3245 106.7536
v -173.5703 213.2664 148.9440
v -176.7819 274.3245 106.7536
v -176.7395 272.8740 150.7297
v -173.5703 213.2664 148.9440
v -173.5703 213.2664 148.9440
v -176.7395 272.8740 150.7297
v -211.6208 210.9179 170.9132
v -176.7395 272.8740 150.7297
v -214.7580 269.9191 172.6809
v -211.6208 210.9179 170.9132
v -214.7580 269.9191 172.6809
v -218.4503 329.0033 174.7613
v -252.8191 268.4149 150.6561
v -218.4503 329.0033 174.7613
v -256.5001 327.3179 152.7301
v -252.8191 268.4149 150.6561
v -252.8191 268.4149 150.6561
v -256.5001 327.3179 152.7301
v -252.8616 269.8655 106.6800
v -256.5001 327.3179 152.7301
v -256.5535 328.9431 108.7602
v -252.8616 269.8655 106.6800
v -252.8616 269.8655 106.6800
v -256.5535 328.9431 108.7602
v -214.8430 272.8203 84.7288
v -256.5535 328.9431 108.7602
v -218.5570 332.2538 86.8214
v -214.8430 272.8203 84.7288
v -214.8430 272.8203 84.7288
v -218.5570 332.2538 86.8214
v -176.7819 274.3245 106.7536
v -218.5570 332.2538 86.8214
v -180.5072 333.9391 108.8526
v -176.7819 274.3245 106.7536
v -176.7819 274.3245 106.7536
v -180.5072 333.9391 108.8526
v -176.7395 272.8740 150.7297
v -180.5072 333.9391 108.8526
v -180.4539 332.3139 152.8225
v -176.7395 272.8740 150.7297
v -176.7395 272.8740 150.7297
v -180.4539 332.3139 152.8225
v -214.7580 269.9191 172.6809
v -180.4539 332.3139 152.8225
v -218.4503 329.0033 174.7613
v -214.7580 269.9191 172.6809
v -218.4503 329.0033 174.7613
v -222.4738 388.1310 177.0283
v -256.5001 327.3179 152.7301
v -222.4738 388.1310 177.0283
v -260.5163 386.3379 154.9930
v -256.5001 327.3179 152.7301
v -256.5001 327.3179 152.7301
v -260.5163 386.3379 154.9930
v -256.5535 328.9431 108.7602
v -260.5163 386.3379 154.9930
v -260.5767 388.0670 111.0271
v -256.5535 328.9431 108.7602
v -256.5535 328.9431 108.7602
v -260.5767 388.0670 111.0271
v -218.5570 332.2538 86.8214
v -260.5767 388.0670 111.0271
v -222.5946 391.5891 89.0964
v -218.5570 332.2538 86.8214
v -218.5570 332.2538 86.8214
v -222.5946 391.5891 89.0964
v -180.5072 333.9391 108.8526
v -222.5946 391.5891 89.0964
v -184.5521 393.3822 111.1317
v -180.5072 333.9391 108.8526
v -180.5072 333.9391 108.8526
v -184.5521 393.3822 111.1317
v -180.4539 332.3139 152.8225
v -184.5521 393.3822 111.1317
v -184.4917 391.6531 155.0976
v -180.4539 332.3139 152.8225
v -180.4539 332.3139 152.8225
v -184.4917 391.6531 155.0976
v -218.4503 329.0033 174.7613
v -184.4917 391.6531 155.0976
v -222.4738 388.1310 177.0283
v -218.4503 329.0033 174.7613
v -222.4738 388.1310 177.0283
v -226.6881 447.2896 179.4028
v -260.5163 386.3379 154.9930
v -226.6881 447.2896 179.4028
v -264.7265 445.4393 157.3652
v -260.5163 386.3379 154.9930
v -260.5163 386.3379 154.9930
v -264.7265 445.4393 157.3652
v -260.5767 388.0670 111.0271
v -264.7265 445.4393 157.3652
v -264.7908 447.2236 113.4015
v -260.5767 388.0670 111.0271
v -260.5767 388.0670 111.0271
v -264.7908 447.2236 113.4015
v -222.5946 391.5891 89.0964
v -264.7908 447.2236 113.4015
v -226.8167 450.8582 91.4753
v -222.5946 391.5891 89.0964
v -222.5946 391.5891 89.0964
v -226.8167 450.8582 91.4753
v -184.5521 393.3822 111.1317
v -226.8167 450.8582 91.4753
v -188.7783 452.7085 113.5129
v -184.5521 393.3822 111.1317
v -184.5521 393.3822 111.1317
v -188.7783 452.7085 113.5129
v -184.4917 391.6531 155.0976
v -188.7783 452.7085 113.5129
v -188.7140 450.9243 157.4767
v -184.4917 391.6531 155.0976
v -184.4917 391.6531 155.0976
v -188.7140 450.9243 157.4767
v -222.4738 388.1310 177.0283
v -188.7140 450.9243 157.4767
v -226.6881 447.2896 179.4028
v -222.4738 388.1310 177.0283
v -226.6881 447.2896 179.4028
v -230.9897 506.4794 181.8266
v -264.7265 445.4393 157.3652
v -230.9897 506.4794 181.8266
v -269.0269 504.6121 159.7883
v -264.7265 445.4393 157.3652
v -264.7265 445.4393 157.3652
v -269.0269 504.6121 159.7883
v -264.7908 447.2236 113.4015
v -269.0269 504.6121 159.7883
v -269.0923 506.4127 115.8252
v -264.7908 447.2236 113.4015
v -264.7908 447.2236 113.4015
v -269.0923 506.4127 115.8252
v -226.8167 450.8582 91.4753
v -269.0923 506.4127 115.8252
v -231.1207 510.0806 93.9004
v -226.8167 450.8582 91.4753
v -226.8167 450.8582 91.4753
v -231.1207 510.0806 93.9004
v -188.7783 452.7085 113.5129
v -231.1207 510.0806 93.9004
v -193.0835 511.9478 115.9386
v -188.7783 452.7085 113.5129
v -188.7783 452.7085 113.5129
v -193.0835 511.9478 115.9386
v -188.7140 450.9243 157.4767
v -193.0835 511.9478 115.9386
v -193.0180 510.1472 159.9017
v -188.7140 450.9243 157.4767
v -188.7140 450.9243 157.4767
v -193.0180 510.1472 159.9017
v -226.6881 447.2896 179.4028
v -193.0180 510.1472 159.9017
v -230.9897 506.4794 181.8266
v -226.6881 447.2896 179.4028
v -230.9897 506.4794 181.8266
v -235.2894 565.7052 184.2492
v -269.0269 504.6121 159.7883
v -235.2894 565.7052 184.2492
v -273.3282 563.8587 162.2118
v -269.0269 504.6121 159.7883
v -269.0269 504.6121 159.7883
v -273.3282 563.8587 162.2118
v -269.0923 506.4127 115.8252
v -273.3282 563.8587 162.2118
v -273.3922 565.6393 118.2479
v -269.0923 506.4127 115.8252
v -269.0923 506.4127 115.8252
v -273.3922 565.6393 118.2479
v -231.1207 510.0806 93.9004
v -273.3922 565.6393 118.2479
v -235.4175 569.2664 96.3214
v -231.1207 510.0806 93.9004
v -231.1207 510.0806 93.9004
v -235.4175 569.2664 96.3214
v -193.0835 511.9478 115.9386
v -235.4175 569.2664 96.3214
v -197.3788 571.1129 118.3588
v -193.0835 511.9478 115.9386
v -193.0835 511.9478 115.9386
v -197.3788 571.1129 118.3588
v -193.0180 510.1472 159.9017
v -197.3788 571.1129 118.3588
v -197.3148 569.3323 162.3228
v -193.0180 510.1472 159.9017
v -193.0180 510.1472 159.9017
v -197.3148 569.3323 162.3228
v -230.9897 506.4794 181.8266
v -197.3148 569.3323 162.3228
v -235.2894 565.7052 184.2492
v -230.9897 506.4794 181.8266
v -235.2894 565.7052 184.2492
v -239.4980 624.9802 186.6205
v -273.3282 563.8587 162.2118
v -239.4980 624.9802 186.6205
v -277.5411 623.1955 164.5856
v -273.3282 563.8587 162.2118
v -273.3282 563.8587 162.2118
v -277.5411 623.1955 164.5856
v -273.3922 565.6393 118.2479
v -277.5411 623.1955 164.5856
v -277.6009 624.9165 120.6193
v -273.3922 565.6393 118.2479
v -273.3922 565.6393 118.2479
v -277.6009 624.9165 120.6193
v -235.4175 569.2664 96.3214
v -277.6009 624.9165 120.6193
v -239.6177 628.4223 98.6880
v -235.4175 569.2664 96.3214
v -235.4175 569.2664 96.3214
v -239.6177 628.4223 98.6880
v -197.3788 571.1129 118.3588
v -239.6177 628.4223 98.6880
v -201.5746 630.2070 120.7229
v -197.3788 571.1129 118.3588
v -197.3788 571.1129 118.3588
v -201.5746 630.2070 120.7229
v -197.3148 569.3323 162.3228
v -201.5746 630.2070 120.7229
v -201.5148 628.4860 164.6892
v -197.3148 569.3323 162.3228
v -197.3148 569.3323 162.3228
v -201.5148 628.4860 164.6892
v -235.2894 565.7052 184.2492
v -201.5148 628.4860 164.6892
v -239.4980 624.9802 186.6205
v -235.2894 565.7052 184.2492
v -239.4980 624.9802 186.6205
v -243.5099 684.3209 188.8810
v -277.5411 623.1955 164.5856
v -243.5099 684.3209 188.8810
v -281.5606 682.6497 166.8504
v -277.5411 623.1955 164.5856
v -277.5411 623.1955 164.5856
v -281.5606 682.6497 166.8504
v -277.6009 624.9165 120.6193
v -281.5606 682.6497 166.8504
v -281.6131 684.2612 122.8799
v -277.6009 624.9165 120.6193
v -277.6009 624.9165 120.6193
v -281.6131 684.2612 122.8799
v -239.6177 628.4223 98.6880
v -281.6131 684.2612 122.8799
v -243.6148 687.5438 100.9401
v -239.6177 628.4223 98.6880
v -239.6177 628.4223 98.6880
v -243.6148 687.5438 100.9401
v -201.5746 630.2070 120.7229
v -243.6148 687.5438 100.9401
v -205.5641 689.2150 122.9708
v -201.5746 630.2070 120.7229
v -201.5746 630.2070 120.7229
v -205.5641 689.2150 122.9708
v -201.5148 628.4860 164.6892
v -205.5641 689.2150 122.9708
v -205.5116 687.6035 166.9412
v -201.5148 628.4860 164.6892
v -201.5148 628.4860 164.6892
v -205.5116 687.6035 166.9412
v -239.4980 624.9802 186.6205
v -205.5116 687.6035 166.9412
v -243.5099 684.3209 188.8810
v -239.4980 624.9802 186.6205
v -166.0000 145.4998 378.0000
v -165.8720 187.0869 378.1906
v -188.0000 145.4997 416.1051
v -165.8720 187.0869 378.1906
v -187.8725 186.9002 416.2950
v -188.0000 145.4997 416.1051
v -188.0000 145.4997 416.1051
v -187.8725 186.9002 416.2950
v -232.0000 145.4999 416.1051
v -187.8725 186.9002 416.2950
v -231.8719 187.1366 416.2959
v -232.0000 145.4999 416.1051
v -232.0000 145.4999 416.1051
v -231.8719 187.1366 416.2959
v -254.0000 145.5002 378.0000
v -231.8719 187.1366 416.2959
v -253.8708 187.5595 378.1925
v -254.0000 145.5002 378.0000
v -254.0000 145.5002 378.0000
v -253.8708 187.5595 378.1925
v -232.0000 145.5003 339.8949
v -253.8708 187.5595 378.1925
v -231.8703 187.7462 340.0881
v -232.0000 145.5003 339.8949
v -232.0000 145.5003 339.8949
v -231.8703 187.7462 340.0881
v -188.0000 145.5001 339.8949
v -231.8703 187.7462 340.0881
v -187.8709 187.5099 340.0872
v -188.0000 145.5001 339.8949
v -188.0000 145.5001 339.8949
v -187.8709 187.5099 340.0872
v -166.0000 145.4998 378.0000
v -187.8709 187.5099 340.0872
v -165.8720 187.0869 378.1906
v -166.0000 145.4998 378.0000
v -165.8720 187.0869 378.1906
v -165.6248 228.9012 378.5588
v -187.8725 186.9002 416.2950
v -165.6248 228.9012 378.5588
v -187.6254 228.7091 416.6631
v -187.8725 186.9002 416.2950
v -187.8725 186.9002 416.2950
v -187.6254 228.7091 416.6631
v -231.8719 187.1366 416.2959
v -187.6254 228.7091 416.6631
v -231.6247 228.9523 416.6641
v -231.8719 187.1366 416.2959
v -231.8719 187.1366 416.2959
v -231.6247 228.9523 416.6641
v -253.8708 187.5595 378.1925
v -231.6247 228.9523 416.6641
v -253.6235 229.3876 378.5608
v -253.8708 187.5595 378.1925
v -253.8708 187.5595 378.1925
v -253.6235 229.3876 378.5608
v -231.8703 187.7462 340.0881
v -253.6235 229.3876 378.5608
v -231.6230 229.5797 340.4565
v -231.8703 187.7462 340.0881
v -231.8703 187.7462 340.0881
v -231.6230 229.5797 340.4565
v -187.8709 187.5099 340.0872
v -231.6230 229.5797 340.4565
v -187.6236 229.3365 340.4554
v -187.8709 187.5099 340.0872
v -187.8709 187.5099 340.0872
v -187.6236 229.3365 340.4554
v -165.8720 187.0869 378.1906
v -187.6236 229.3365 340.4554
v -165.6248 228.9012 378.5588
v -165.8720 187.0869 378.1906
v -165.6248 228.9012 378.5588
v -165.4832 270.9484 378.7697
v -187.6254 228.7091 416.6631
v -165.4832 270.9484 378.7697
v -187.4832 270.9337 416.8748
v -187.6254 228.7091 416.6631
v -187.6254 228.7091 416.6631
v -187.4832 270.9337 416.8748
v -231.6247 228.9523 416.6641
v -187.4832 270.9337 416.8748
v -231.4832 270.9523 416.8748
v -231.6247 228.9523 416.6641
v -231.6247 228.9523 416.6641
v -231.4832 270.9523 416.8748
v -253.6235 229.3876 378.5608
v -231.4832 270.9523 416.8748
v -253.4832 270.9855 378.7697
v -253.6235 229.3876 378.5608
v -253.6235 229.3876 378.5608
v -253.4832 270.9855 378.7697
v -231.6230 229.5797 340.4565
v -253.4832 270.9855 378.7697
v -231.4832 271.0002 340.6646
v -231.6230 229.5797 340.4565
v -231.6230 229.5797 340.4565
v -231.4832 271.0002 340.6646
v -187.6236 229.3365 340.4554
v -231.4832 271.0002 340.6646
v -187.4832 270.9816 340.6646
v -187.6236 229.3365 340.4554
v -187.6236 229.3365 340.4554
v -187.4832 270.9816 340.6646
v -165.6248 228.9012 378.5588
v -187.4832 270.9816 340.6646
v -165.4832 270.9484 378.7697
v -165.6248 228.9012 378.5588
v -165.4832 270.9484 378.7697
v -165.6444 313.1646 378.5296
v -187.4832 270.9337 416.8748
v -165.6444 313.1646 378.5296
v -187.6456 313.4612 416.6329
v -187.4832 270.9337 416.8748
v -187.4832 270.9337 416.8748
v -187.6456 313.4612 416.6329
v -231.4832 270.9523 416.8748
v -187.6456 313.4612 416.6329
v -231.6440 313.0858 416.6353
v -231.4832 270.9523 416.8748
v -231.4832 270.9523 416.8748
v -231.6440 313.0858 416.6353
v -253.4832 270.9855 378.7697
v -231.6440 313.0858 416.6353
v -253.6412 312.4138 378.5344
v -253.4832 270.9855 378.7697
v -253.4832 270.9855 378.7697
v -253.6412 312.4138 378.5344
v -231.4832 271.0002 340.6646
v -253.6412 312.4138 378.5344
v -231.6399 312.1173 340.4312
v -231.4832 271.0002 340.6646
v -231.4832 271.0002 340.6646
v -231.6399 312.1173 340.4312
v -187.4832 270.9816 340.6646
v -231.6399 312.1173 340.4312
v -187.6415 312.4927 340.4288
v -187.4832 270.9816 340.6646
v -187.4832 270.9816 340.6646
v -187.6415 312.4927 340.4288
v -165.4832 270.9484 378.7697
v -187.6415 312.4927 340.4288
v -165.6444 313.1646 378.5296
v -165.4832 270.9484 378.7697
v -165.6444 313.1646 378.5296
v -166.2301 355.4408 377.6573
v -187.6456 313.4612 416.6329
v -166.2301 355.4408 377.6573
v -188.2365 356.1060 415.7529
v -187.6456 313.4612 416.6329
v -187.6456 313.4612 416.6329
v -188.2365 356.1060 415.7529
v -231.6440 313.0858 416.6353
v -188.2365 356.1060 415.7529
v -232.2284 355.2638 415.7649
v -231.6440 313.0858 416.6353
v -231.6440 313.0858 416.6353
v -232.2284 355.2638 415.7649
v -253.6412 312.4138 378.5344
v -232.2284 355.2638 415.7649
v -254.2140 353.7565 377.6813
v -253.6412 312.4138 378.5344
v -253.6412 312.4138 378.5344
v -254.2140 353.7565 377.6813
v -231.6399 312.1173 340.4312
v -254.2140 353.7565 377.6813
v -232.2076 353.0913 339.5857
v -231.6399 312.1173 340.4312
v -231.6399 312.1173 340.4312
v -232.2076 353.0913 339.5857
v -187.6415 312.4927 340.4288
v -232.2076 353.0913 339.5857
v -188.2157 353.9335 339.5737
v -187.6415 312.4927 340.4288
v -187.6415 312.4927 340.4288
v -188.2157 353.9335 339.5737
v -165.6444 313.1646 378.5296
v -188.2157 353.9335 339.5737
v -166.2301 355.4408 377.6573
v -165.6444 313.1646 378.5296
v -166.2301 355.4408 377.6573
v -167.2140 397.5725 376.1919
v -188.2365 356.1060 415.7529
v -167.2140 397.5725 376.1919
v -189.2267 398.5094 414.2782
v -188.2365 356.1060 415.7529
v -188.2365 356.1060 415.7529
v -189.2267 398.5094 414.2782
v -232.2284 355.2638 415.7649
v -189.2267 398.5094 414.2782
v -233.2106 397.3232 414.3020
v -232.2284 355.2638 415.7649
v -232.2284 355.2638 415.7649
v -233.2106 397.3232 414.3020
v -254.2140 353.7565 377.6813
v -233.2106 397.3232 414.3020
v -255.1820 395.2000 376.2396
v -254.2140 353.7565 377.6813
v -254.2140 353.7565 377.6813
v -255.1820 395.2000 376.2396
v -232.2076 353.0913 339.5857
v -255.1820 395.2000 376.2396
v -233.1694 394.2630 338.1533
v -232.2076 353.0913 339.5857
v -232.2076 353.0913 339.5857
v -233.1694 394.2630 338.1533
v -188.2157 353.9335 339.5737
v -233.1694 394.2630 338.1533
v -189.1854 395.4493 338.1295
v -188.2157 353.9335 339.5737
v -188.2157 353.9335 339.5737
v -189.1854 395.4493 338.1295
v -166.2301 355.4408 377.6573
v -189.1854 395.4493 338.1295
v -167.2140 397.5725 376.1919
v -166.2301 355.4408 377.6573
v -167.2140 397.5725 376.1919
v -168.4610 439.5579 374.3347
v -189.2267 398.5094 414.2782
v -168.4610 439.5579 374.3347
v -190.4788 440.6691 412.4133
v -189.2267 398.5094 414.2782
v -189.2267 398.5094 414.2782
v -190.4788 440.6691 412.4133
v -233.2106 397.3232 414.3020
v -190.4788 440.6691 412.4133
v -234.4563 439.2622 412.4468
v -233.2106 397.3232 414.3020
v -233.2106 397.3232 414.3020
v -234.4563 439.2622 412.4468
v -255.1820 395.2000 376.2396
v -234.4563 439.2622 412.4468
v -256.4160 436.7441 374.4017
v -255.1820 395.2000 376.2396
v -255.1820 395.2000 376.2396
v -256.4160 436.7441 374.4017
v -233.1694 394.2630 338.1533
v -256.4160 436.7441 374.4017
v -234.3982 435.6329 336.3231
v -233.1694 394.2630 338.1533
v -233.1694 394.2630 338.1533
v -234.3982 435.6329 336.3231
v -189.1854 395.4493 338.1295
v -234.3982 435.6329 336.3231
v -190.4207 437.0398 336.2896
v -189.1854 395.4493 338.1295
v -189.1854 395.4493 338.1295
v -190.4207 437.0398 336.2896
v -167.2140 397.5725 376.1919
v -190.4207 437.0398 336.2896
v -168.4610 439.5579 374.3347
v -167.2140 397.5725 376.1919
v -168.4610 439.5579 374.3347
v -169.8720 481.4384 372.2332
v -190.4788 440.6691 412.4133
v -169.8720 481.4384 372.2332
v -191.8933 482.6545 410.3066
v -190.4788 440.6691 412.4133
v -190.4788 440.6691 412.4133
v -191.8933 482.6545 410.3066
v -234.4563 439.2622 412.4468
v -191.8933 482.6545 410.3066
v -235.8663 481.1147 410.3468
v -234.4563 439.2622 412.4468
v -234.4563 439.2622 412.4468
v -235.8663 481.1147 410.3468
v -256.4160 436.7441 374.4017
v -235.8663 481.1147 410.3468
v -257.8181 478.3589 372.3136
v -256.4160 436.7441 374.4017
v -256.4160 436.7441 374.4017
v -257.8181 478.3589 372.3136
v -234.3982 435.6329 336.3231
v -257.8181 478.3589 372.3136
v -235.7968 477.1428 334.2402
v -234.3982 435.6329 336.3231
v -234.3982 435.6329 336.3231
v -235.7968 477.1428 334.2402
v -190.4207 437.0398 336.2896
v -235.7968 477.1428 334.2402
v -191.8237 478.6825 334.2000
v -190.4207 437.0398 336.2896
v -190.4207 437.0398 336.2896
v -191.8237 478.6825 334.2000
v -168.4610 439.5579 374.3347
v -191.8237 478.6825 334.2000
v -169.8720 481.4384 372.2332
v -168.4610 439.5579 374.3347
v -169.8720 481.4384 372.2332
v -171.3729 523.2390 369.9979
v -191.8933 482.6545 410.3066
v -171.3729 523.2390 369.9979
v -193.3959 524.5048 408.0687
v -191.8933 482.6545 410.3066
v -191.8933 482.6545 410.3066
v -193.3959 524.5048 408.0687
v -235.8663 481.1147 410.3468
v -193.3959 524.5048 408.0687
v -237.3667 522.9022 408.1122
v -235.8663 481.1147 410.3468
v -235.8663 481.1147 410.3468
v -237.3667 522.9022 408.1122
v -257.8181 478.3589 372.3136
v -237.3667 522.9022 408.1122
v -259.3144 520.0338 370.0850
v -257.8181 478.3589 372.3136
v -257.8181 478.3589 372.3136
v -259.3144 520.0338 370.0850
v -235.7968 477.1428 334.2402
v -259.3144 520.0338 370.0850
v -237.2914 518.7681 332.0142
v -235.7968 477.1428 334.2402
v -235.7968 477.1428 334.2402
v -237.2914 518.7681 332.0142
v -191.8237 478.6825 334.2000
v -237.2914 518.7681 332.0142
v -193.3206 520.3707 331.9707
v -191.8237 478.6825 334.2000
v -191.8237 478.6825 334.2000
v -193.3206 520.3707 331.9707
v -169.8720 481.4384 372.2332
v -193.3206 520.3707 331.9707
v -171.3729 523.2390 369.9979
v -169.8720 481.4384 372.2332
v -171.3729 523.2390 369.9979
v -172.9012 564.9734 367.7216
v -193.3959 524.5048 408.0687
v -172.9012 564.9734 367.7216
v -194.9243 566.2394 405.7924
v -193.3959 524.5048 408.0687
v -193.3959 524.5048 408.0687
v -194.9243 566.2394 405.7924
v -237.3667 522.9022 408.1122
v -194.9243 566.2394 405.7924
v -238.8951 564.6365 405.8359
v -237.3667 522.9022 408.1122
v -237.3667 522.9022 408.1122
v -238.8951 564.6365 405.8359
v -259.3144 520.0338 370.0850
v -238.8951 564.6365 405.8359
v -260.8428 561.7674 367.8087
v -259.3144 520.0338 370.0850
v -259.3144 520.0338 370.0850
v -260.8428 561.7674 367.8087
v -237.2914 518.7681 332.0142
v -260.8428 561.7674 367.8087
v -238.8197 560.5013 329.7380
v -237.2914 518.7681 332.0142
v -237.2914 518.7681 332.0142
v -238.8197 560.5013 329.7380
v -193.3206 520.3707 331.9707
v -238.8197 560.5013 329.7380
v -194.8489 562.1044 329.6945
v -193.3206 520.3707 331.9707
v -193.3206 520.3707 331.9707
v -194.8489 562.1044 329.6945
v -171.3729 523.2390 369.9979
v -194.8489 562.1044 329.6945
v -172.9012 564.9734 367.7216
v -171.3729 523.2390 369.9979
v -172.9012 564.9734 367.7216
v -174.3984 606.6490 365.4919
v -194.9243 566.2394 405.7924
v -174.3984 606.6490 365.4919
v -196.4197 607.8661 403.5652
v -194.9243 566.2394 405.7924
v -194.9243 566.2394 405.7924
v -196.4197 607.8661 403.5652
v -238.8951 564.6365 405.8359
v -196.4197 607.8661 403.5652
v -240.3927 606.3251 403.6054
v -238.8951 564.6365 405.8359
v -238.8951 564.6365 405.8359
v -240.3927 606.3251 403.6054
v -260.8428 561.7674 367.8087
v -240.3927 606.3251 403.6054
v -262.3444 603.5671 365.5723
v -260.8428 561.7674 367.8087
v -260.8428 561.7674 367.8087
v -262.3444 603.5671 365.5723
v -238.8197 560.5013 329.7380
v -262.3444 603.5671 365.5723
v -240.3230 602.3500 327.4990
v -238.8197 560.5013 329.7380
v -238.8197 560.5013 329.7380
v -240.3230 602.3500 327.4990
v -194.8489 562.1044 329.6945
v -240.3230 602.3500 327.4990
v -196.3501 603.8910 327.4587
v -194.8489 562.1044 329.6945
v -194.8489 562.1044 329.6945
v -196.3501 603.8910 327.4587
v -172.9012 564.9734 367.7216
v -196.3501 603.8910 327.4587
v -174.3984 606.6490 365.4919
v -172.9012 564.9734 367.7216
v -174.3984 606.6490 365.4919
v -175.8021 648.2643 363.4012
v -196.4197 607.8661 403.5652
v -175.8021 648.2643 363.4012
v -197.8200 649.3773 401.4798
v -196.4197 607.8661 403.5652
v -196.4197 607.8661 403.5652
v -197.8200 649.3773 401.4798
v -240.3927 606.3251 403.6054
v -197.8200 649.3773 401.4798
v -241.7974 647.9681 401.5134
v -240.3927 606.3251 403.6054
v -240.3927 606.3251 403.6054
v -241.7974 647.9681 401.5134
v -262.3444 603.5671 365.5723
v -241.7974 647.9681 401.5134
v -263.7570 645.4457 363.4685
v -262.3444 603.5671 365.5723
v -262.3444 603.5671 365.5723
v -263.7570 645.4457 363.4685
v -240.3230 602.3500 327.4990
v -263.7570 645.4457 363.4685
v -241.7391 644.3326 325.3900
v -240.3230 602.3500 327.4990
v -240.3230 602.3500 327.4990
v -241.7391 644.3326 325.3900
v -196.3501 603.8910 327.4587
v -241.7391 644.3326 325.3900
v -197.7617 645.7419 325.3563
v -196.3501 603.8910 327.4587
v -196.3501 603.8910 327.4587
v -197.7617 645.7419 325.3563
v -174.3984 606.6490 365.4919
v -197.7617 645.7419 325.3563
v -175.8021 648.2643 363.4012
v -174.3984 606.6490 365.4919
v -166.0000 316.5005 630.0000
v -166.2656 348.3947 630.4002
v -188.0000 316.4996 668.1051
v -166.2656 348.3947 630.4002
v -188.2566 347.1992 668.4918
v -188.0000 316.4996 668.1051
v -188.0000 316.4996 668.1051
v -188.2566 347.1992 668.4918
v -232.0000 316.4990 668.1051
v -188.2566 347.1992 668.4918
v -232.2516 346.5369 668.4843
v -232.0000 316.4990 668.1051
v -232.0000 316.4990 668.1051
v -232.2516 346.5369 668.4843
v -254.0000 316.4995 630.0000
v -232.2516 346.5369 668.4843
v -254.2556 347.0701 630.3852
v -254.0000 316.4995 630.0000
v -254.0000 316.4995 630.0000
v -254.2556 347.0701 630.3852
v -232.0000 316.5004 591.8949
v -254.2556 347.0701 630.3852
v -232.2646 348.2656 592.2936
v -232.0000 316.5004 591.8949
v -232.0000 316.5004 591.8949
v -232.2646 348.2656 592.2936
v -188.0000 316.5010 591.8949
v -232.2646 348.2656 592.2936
v -188.2696 348.9279 592.3011
v -188.0000 316.5010 591.8949
v -188.0000 316.5010 591.8949
v -188.2696 348.9279 592.3011
v -166.0000 316.5005 630.0000
v -188.2696 348.9279 592.3011
v -166.2656 348.3947 630.4002
v -166.0000 316.5005 630.0000
v -166.2656 348.3947 630.4002
v -166.8517 379.8606 631.2833
v -188.2566 347.1992 668.4918
v -166.8517 379.8606 631.2833
v -188.8347 378.2198 669.3629
v -188.2566 347.1992 668.4918
v -188.2566 347.1992 668.4918
v -188.8347 378.2198 669.3629
v -232.2516 346.5369 668.4843
v -188.8347 378.2198 669.3629
v -232.8253 377.3109 669.3488
v -232.2516 346.5369 668.4843
v -232.2516 346.5369 668.4843
v -232.8253 377.3109 669.3488
v -254.2556 347.0701 630.3852
v -232.8253 377.3109 669.3488
v -254.8329 378.0426 631.2550
v -254.2556 347.0701 630.3852
v -254.2556 347.0701 630.3852
v -254.8329 378.0426 631.2550
v -232.2646 348.2656 592.2936
v -254.8329 378.0426 631.2550
v -232.8498 379.6833 593.1754
v -232.2646 348.2656 592.2936
v -232.2646 348.2656 592.2936
v -232.8498 379.6833 593.1754
v -188.2696 348.9279 592.3011
v -232.8498 379.6833 593.1754
v -188.8592 380.5923 593.1896
v -188.2696 348.9279 592.3011
v -188.2696 348.9279 592.3011
v -188.8592 380.5923 593.1896
v -166.2656 348.3947 630.4002
v -188.8592 380.5923 593.1896
v -166.8517 379.8606 631.2833
v -166.2656 348.3947 630.4002
v -166.8517 379.8606 631.2833
v -167.4632 410.9241 632.2048
v -188.8347 378.2198 669.3629
v -167.4632 410.9241 632.2048
v -189.4515 409.5608 670.2924
v -188.8347 378.2198 669.3629
v -188.8347 378.2198 669.3629
v -189.4515 409.5608 670.2924
v -232.8253 377.3109 669.3488
v -189.4515 409.5608 670.2924
v -233.4450 408.8055 670.2826
v -232.8253 377.3109 669.3488
v -232.8253 377.3109 669.3488
v -233.4450 408.8055 670.2826
v -254.8329 378.0426 631.2550
v -233.4450 408.8055 670.2826
v -255.4502 409.4135 632.1853
v -254.8329 378.0426 631.2550
v -254.8329 378.0426 631.2550
v -255.4502 409.4135 632.1853
v -232.8498 379.6833 593.1754
v -255.4502 409.4135 632.1853
v -233.4619 410.7768 594.0978
v -232.8498 379.6833 593.1754
v -232.8498 379.6833 593.1754
v -233.4619 410.7768 594.0978
v -188.8592 380.5923 593.1896
v -233.4619 410.7768 594.0978
v -189.4684 411.5321 594.1076
v -188.8592 380.5923 593.1896
v -188.8592 380.5923 593.1896
v -189.4684 411.5321 594.1076
v -166.8517 379.8606 631.2833
v -189.4684 411.5321 594.1076
v -167.4632 410.9241 632.2048
v -166.8517 379.8606 631.2833
v -167.4632 410.9241 632.2048
v -167.8182 441.5898 632.7398
v -189.4515 409.5608 670.2924
v -167.8182 441.5898 632.7398
v -189.8175 441.2440 670.8438
v -189.4515 409.5608 670.2924
v -189.4515 409.5608 670.2924
v -189.8175 441.2440 670.8438
v -233.4450 408.8055 670.2826
v -189.8175 441.2440 670.8438
v -233.8171 441.0525 670.8432
v -233.4450 408.8055 670.2826
v -233.4450 408.8055 670.2826
v -233.8171 441.0525 670.8432
v -255.4502 409.4135 632.1853
v -233.8171 441.0525 670.8432
v -255.8174 441.2067 632.7386
v -255.4502 409.4135 632.1853
v -255.4502 409.4135 632.1853
v -255.8174 441.2067 632.7386
v -233.4619 410.7768 594.0978
v -255.8174 441.2067 632.7386
v -233.8181 441.5524 594.6346
v -233.4619 410.7768 594.0978
v -233.4619 410.7768 594.0978
v -233.8181 441.5524 594.6346
v -189.4684 411.5321 594.1076
v -233.8181 441.5524 594.6346
v -189.8186 441.7440 594.6352
v -189.4684 411.5321 594.1076
v -189.4684 411.5321 594.1076
v -189.8186 441.7440 594.6352
v -167.4632 410.9241 632.2048
v -189.8186 441.7440 594.6352
v -167.8182 441.5898 632.7398
v -167.4632 410.9241 632.2048
v -167.8182 441.5898 632.7398
v -167.6315 471.8157 632.4585
v -189.8175 441.2440 670.8438
v -167.6315 471.8157 632.4585
v -189.6179 473.2874 670.5430
v -189.8175 441.2440 670.8438
v -189.8175 441.2440 670.8438
v -189.6179 473.2874 670.5430
v -233.8171 441.0525 670.8432
v -189.6179 473.2874 670.5430
v -233.6103 474.1028 670.5317
v -233.8171 441.0525 670.8432
v -233.8171 441.0525 670.8432
v -233.6103 474.1028 670.5317
v -255.8174 441.2067 632.7386
v -233.6103 474.1028 670.5317
v -255.6164 473.4464 632.4357
v -255.8174 441.2067 632.7386
v -255.8174 441.2067 632.7386
v -255.6164 473.4464 632.4357
v -233.8181 441.5524 594.6346
v -255.6164 473.4464 632.4357
v -233.6300 471.9747 594.3511
v -233.8181 441.5524 594.6346
v -233.8181 441.5524 594.6346
v -233.6300 471.9747 594.3511
v -189.8186 441.7440 594.6352
v -233.6300 471.9747 594.3511
v -189.6376 471.1593 594.3625
v -189.8186 441.7440 594.6352
v -189.8186 441.7440 594.6352
v -189.6376 471.1593 594.3625
v -167.8182 441.5898 632.7398
v -189.6376 471.1593 594.3625
v -167.6315 471.8157 632.4585
v -167.8182 441.5898 632.7398
v -167.6315 471.8157 632.4585
v -166.6045 501.4865 630.9108
v -189.6179 473.2874 670.5430
v -166.6045 501.4865 630.9108
v -188.4942 505.6659 668.8499
v -189.6179 473.2874 670.5430
v -189.6179 473.2874 670.5430
v -188.4942 505.6659 668.8499
v -233.6103 474.1028 670.5317
v -188.4942 505.6659 668.8499
v -232.4332 507.9813 668.7579
v -233.6103 474.1028 670.5317
v -233.6103 474.1028 670.5317
v -232.4332 507.9813 668.7579
v -255.6164 473.4464 632.4357
v -232.4332 507.9813 668.7579
v -254.4823 506.1174 630.7268
v -255.6164 473.4464 632.4357
v -255.6164 473.4464 632.4357
v -254.4823 506.1174 630.7268
v -233.6300 471.9747 594.3511
v -254.4823 506.1174 630.7268
v -232.5925 501.9381 592.7878
v -233.6300 471.9747 594.3511
v -233.6300 471.9747 594.3511
v -232.5925 501.9381 592.7878
v -189.6376 471.1593 594.3625
v -232.5925 501.9381 592.7878
v -188.6536 499.6226 592.8798
v -189.6376 471.1593 594.3625
v -189.6376 471.1593 594.3625
v -188.6536 499.6226 592.8798
v -167.6315 471.8157 632.4585
v -188.6536 499.6226 592.8798
v -166.6045 501.4865 630.9108
v -167.6315 471.8157 632.4585
v -166.6045 501.4865 630.9108
v -164.4424 530.6468 627.6529
v -188.4942 505.6659 668.8499
v -164.4424 530.6468 627.6529
v -186.0938 538.0616 665.2327
v -188.4942 505.6659 668.8499
v -188.4942 505.6659 668.8499
v -186.0938 538.0616 665.2327
v -232.4332 507.9813 668.7579
v -186.0938 538.0616 665.2327
v -229.9006 542.1695 664.9417
v -232.4332 507.9813 668.7579
v -232.4332 507.9813 668.7579
v -229.9006 542.1695 664.9417
v -254.4823 506.1174 630.7268
v -229.9006 542.1695 664.9417
v -252.0561 538.8626 627.0708
v -254.4823 506.1174 630.7268
v -254.4823 506.1174 630.7268
v -252.0561 538.8626 627.0708
v -232.5925 501.9381 592.7878
v -252.0561 538.8626 627.0708
v -230.4047 531.4479 589.4910
v -232.5925 501.9381 592.7878
v -232.5925 501.9381 592.7878
v -230.4047 531.4479 589.4910
v -188.6536 499.6226 592.8798
v -230.4047 531.4479 589.4910
v -186.5979 527.3400 589.7821
v -188.6536 499.6226 592.8798
v -188.6536 499.6226 592.8798
v -186.5979 527.3400 589.7821
v -166.6045 501.4865 630.9108
v -186.5979 527.3400 589.7821
v -164.4424 530.6468 627.6529
v -166.6045 501.4865 630.9108
v -164.4424 530.6468 627.6529
v -161.1649 559.9003 622.7142
v -186.0938 538.0616 665.2327
v -161.1649 559.9003 622.7142
v -182.5443 569.7657 659.8840
v -186.0938 538.0616 665.2327
v -186.0938 538.0616 665.2327
v -182.5443 569.7657 659.8840
v -229.9006 542.1695 664.9417
v -182.5443 569.7657 659.8840
v -226.2004 575.2313 659.3659
v -229.9006 542.1695 664.9417
v -229.9006 542.1695 664.9417
v -226.2004 575.2313 659.3659
v -252.0561 538.8626 627.0708
v -226.2004 575.2313 659.3659
v -248.4772 570.8315 621.6779
v -252.0561 538.8626 627.0708
v -252.0561 538.8626 627.0708
v -248.4772 570.8315 621.6779
v -230.4047 531.4479 589.4910
v -248.4772 570.8315 621.6779
v -227.0979 560.9662 584.5081
v -230.4047 531.4479 589.4910
v -230.4047 531.4479 589.4910
v -227.0979 560.9662 584.5081
v -186.5979 527.3400 589.7821
v -227.0979 560.9662 584.5081
v -183.4417 555.5005 585.0262
v -186.5979 527.3400 589.7821
v -186.5979 527.3400 589.7821
v -183.4417 555.5005 585.0262
v -164.4424 530.6468 627.6529
v -183.4417 555.5005 585.0262
v -161.1649 559.9003 622.7142
v -164.4424 530.6468 627.6529
v -161.1649 559.9003 622.7142
v -157.0712 589.3526 616.5454
v -182.5443 569.7657 659.8840
v -157.0712 589.3526 616.5454
v -178.2412 600.7359 653.3999
v -182.5443 569.7657 659.8840
v -182.5443 569.7657 659.8840
v -178.2412 600.7359 653.3999
v -226.2004 575.2313 659.3659
v -178.2412 600.7359 653.3999
v -221.7814 607.0425 652.7070
v -226.2004 575.2313 659.3659
v -226.2004 575.2313 659.3659
v -221.7814 607.0425 652.7070
v -248.4772 570.8315 621.6779
v -221.7814 607.0425 652.7070
v -244.1515 601.9658 615.1597
v -248.4772 570.8315 621.6779
v -248.4772 570.8315 621.6779
v -244.1515 601.9658 615.1597
v -227.0979 560.9662 584.5081
v -244.1515 601.9658 615.1597
v -222.9815 590.5825 578.3052
v -227.0979 560.9662 584.5081
v -227.0979 560.9662 584.5081
v -222.9815 590.5825 578.3052
v -183.4417 555.5005 585.0262
v -222.9815 590.5825 578.3052
v -179.4413 584.2759 578.9981
v -183.4417 555.5005 585.0262
v -183.4417 555.5005 585.0262
v -179.4413 584.2759 578.9981
v -161.1649 559.9003 622.7142
v -179.4413 584.2759 578.9981
v -157.0712 589.3526 616.5454
v -161.1649 559.9003 622.7142
v -157.0712 589.3526 616.5454
v -152.4988 619.1344 609.6555
v -178.2412 600.7359 653.3999
v -152.4988 619.1344 609.6555
v -173.5818 631.0889 646.3788
v -178.2412 600.7359 653.3999
v -178.2412 600.7359 653.3999
v -173.5818 631.0889 646.3788
v -221.7814 607.0425 652.7070
v -173.5818 631.0889 646.3788
v -217.0738 637.7119 645.6132
v -221.7814 607.0425 652.7070
v -221.7814 607.0425 652.7070
v -217.0738 637.7119 645.6132
v -244.1515 601.9658 615.1597
v -217.0738 637.7119 645.6132
v -239.4827 632.3805 608.1244
v -244.1515 601.9658 615.1597
v -244.1515 601.9658 615.1597
v -239.4827 632.3805 608.1244
v -222.9815 590.5825 578.3052
v -239.4827 632.3805 608.1244
v -218.3998 620.4260 571.4011
v -222.9815 590.5825 578.3052
v -222.9815 590.5825 578.3052
v -218.3998 620.4260 571.4011
v -179.4413 584.2759 578.9981
v -218.3998 620.4260 571.4011
v -174.9078 613.8030 572.1667
v -179.4413 584.2759 578.9981
v -179.4413 584.2759 578.9981
v -174.9078 613.8030 572.1667
v -157.0712 589.3526 616.5454
v -174.9078 613.8030 572.1667
v -152.4988 619.1344 609.6555
v -157.0712 589.3526 616.5454
v -152.4988 619.1344 609.6555
v -147.8077 649.4206 602.5865
v -173.5818 631.0889 646.3788
v -147.8077 649.4206 602.5865
v -168.9482 661.0009 639.3965
v -173.5818 631.0889 646.3788
v -173.5818 631.0889 646.3788
v -168.9482 661.0009 639.3965
v -217.0738 637.7119 645.6132
v -168.9482 661.0009 639.3965
v -212.4720 667.4166 638.6790
v -217.0738 637.7119 645.6132
v -217.0738 637.7119 645.6132
v -212.4720 667.4166 638.6790
v -239.4827 632.3805 608.1244
v -212.4720 667.4166 638.6790
v -234.8553 662.2521 601.1515
v -239.4827 632.3805 608.1244
v -239.4827 632.3805 608.1244
v -234.8553 662.2521 601.1515
v -218.3998 620.4260 571.4011
v -234.8553 662.2521 601.1515
v -213.7148 650.6718 564.3415
v -218.3998 620.4260 571.4011
v -218.3998 620.4260 571.4011
v -213.7148 650.6718 564.3415
v -174.9078 613.8030 572.1667
v -213.7148 650.6718 564.3415
v -170.1910 644.2560 565.0590
v -174.9078 613.8030 572.1667
v -174.9078 613.8030 572.1667
v -170.1910 644.2560 565.0590
v -152.4988 619.1344 609.6555
v -170.1910 644.2560 565.0590
v -147.8077 649.4206 602.5865
v -152.4988 619.1344 609.6555
v -147.8077 649.4206 602.5865
v -143.3778 680.3918 595.9114
v -168.9482 661.0009 639.3965
v -143.3778 680.3918 595.9114
v -164.7057 690.6524 633.0037
v -168.9482 661.0009 639.3965
v -168.9482 661.0009 639.3965
v -164.7057 690.6524 633.0037
v -212.4720 667.4166 638.6790
v -164.7057 690.6524 633.0037
v -208.3334 696.3369 632.4426
v -212.4720 667.4166 638.6790
v -212.4720 667.4166 638.6790
v -208.3334 696.3369 632.4426
v -234.8553 662.2521 601.1515
v -208.3334 696.3369 632.4426
v -230.6331 691.7609 594.7892
v -234.8553 662.2521 601.1515
v -234.8553 662.2521 601.1515
v -230.6331 691.7609 594.7892
v -213.7148 650.6718 564.3415
v -230.6331 691.7609 594.7892
v -209.3052 681.5004 557.6968
v -213.7148 650.6718 564.3415
v -213.7148 650.6718 564.3415
v -209.3052 681.5004 557.6968
v -170.1910 644.2560 565.0590
v -209.3052 681.5004 557.6968
v -165.6776 675.8159 558.2579
v -170.1910 644.2560 565.0590
v -170.1910 644.2560 565.0590
v -165.6776 675.8159 558.2579
v -147.8077 649.4206 602.5865
v -165.6776 675.8159 558.2579
v -143.3778 680.3918 595.9114
v -147.8077 649.4206 602.5865
v 44.0000 487.5000 -630.0000
v 43.9190 547.6078 -629.4319
v 22.0000 487.4997 -591.8949
v 43.9190 547.6078 -629.4319
v 21.9197 546.9958 -591.3313
v 22.0000 487.4997 -591.8949
v 22.0000 487.4997 -591.8949
v 21.9197 546.9958 -591.3313
v -22.0000 487.4997 -591.8949
v 21.9197 546.9958 -591.3313
v -22.0802 546.9027 -591.3320
v -22.0000 487.4997 -591.8949
v -22.0000 487.4997 -591.8949
v -22.0802 546.9027 -591.3320
v -44.0000 487.5000 -630.0000
v -22.0802 546.9027 -591.3320
v -44.0808 547.4217 -629.4333
v -44.0000 487.5000 -630.0000
v -44.0000 487.5000 -630.0000
v -44.0808 547.4217 -629.4333
v -22.0000 487.5003 -668.1051
v -44.0808 547.4217 -629.4333
v -22.0814 548.0338 -667.5339
v -22.0000 487.5003 -668.1051
v -22.0000 487.5003 -668.1051
v -22.0814 548.0338 -667.5339
v 22.0000 487.5003 -668.1051
v -22.0814 548.0338 -667.5339
v 21.9185 548.1268 -667.5331
v 22.0000 487.5003 -668.1051
v 22.0000 487.5003 -668.1051
v 21.9185 548.1268 -667.5331
v 44.0000 487.5000 -630.0000
v 21.9185 548.1268 -667.5331
v 43.9190 547.6078 -629.4319
v 44.0000 487.5000 -630.0000
v 43.9190 547.6078 -629.4319
v 43.8302 607.5383 -628.8088
v 21.9197 546.9958 -591.3313
v 43.8302 607.5383 -628.8088
v 21.8302 607.4703 -590.7038
v 21.9197 546.9958 -591.3313
v 21.9197 546.9958 -591.3313
v 21.8302 607.4703 -590.7038
v -22.0802 546.9027 -591.3320
v 21.8302 607.4703 -590.7038
v -22.1698 607.4599 -590.7038
v -22.0802 546.9027 -591.3320
v -22.0802 546.9027 -591.3320
v -22.1698 607.4599 -590.7038
v -44.0808 547.4217 -629.4333
v -22.1698 607.4599 -590.7038
v -44.1698 607.5176 -628.8088
v -44.0808 547.4217 -629.4333
v -44.0808 547.4217 -629.4333
v -44.1698 607.5176 -628.8088
v -22.0814 548.0338 -667.5339
v -44.1698 607.5176 -628.8088
v -22.1698 607.5857 -666.9139
v -22.0814 548.0338 -667.5339
v -22.0814 548.0338 -667.5339
v -22.1698 607.5857 -666.9139
v 21.9185 548.1268 -667.5331
v -22.1698 607.5857 -666.9139
v 21.8302 607.5960 -666.9139
v 21.9185 548.1268 -667.5331
v 21.9185 548.1268 -667.5331
v 21.8302 607.5960 -666.9139
v 43.9190 547.6078 -629.4319
v 21.8302 607.5960 -666.9139
v 43.8302 607.5383 -628.8088
v 43.9190 547.6078 -629.4319
v 43.8302 607.5383 -628.8088
v 43.9306 667.3793 -629.5133
v 21.8302 607.4703 -590.7038
v 43.9306 667.3793 -629.5133
v 21.9326 668.4391 -591.4218
v 21.8302 607.4703 -590.7038
v 21.8302 607.4703 -590.7038
v 21.9326 668.4391 -591.4218
v -22.1698 607.4599 -590.7038
v 21.9326 668.4391 -591.4218
v -22.0671 668.6003 -591.4239
v -22.1698 607.4599 -590.7038
v -22.1698 607.4599 -590.7038
v -22.0671 668.6003 -591.4239
v -44.1698 607.5176 -628.8088
v -22.0671 668.6003 -591.4239
v -44.0688 667.7017 -629.5175
v -44.1698 607.5176 -628.8088
v -44.1698 607.5176 -628.8088
v -44.0688 667.7017 -629.5175
v -22.1698 607.5857 -666.9139
v -44.0688 667.7017 -629.5175
v -22.0707 666.6418 -667.6089
v -22.1698 607.5857 -666.9139
v -22.1698 607.5857 -666.9139
v -22.0707 666.6418 -667.6089
v 21.8302 607.5960 -666.9139
v -22.0707 666.6418 -667.6089
v 21.9290 666.4806 -667.6069
v 21.8302 607.5960 -666.9139
v 21.8302 607.5960 -666.9139
v 21.9290 666.4806 -667.6069
v 43.8302 607.5383 -628.8088
v 21.9290 666.4806 -667.6069
v 43.9306 667.3793 -629.5133
v 43.8302 607.5383 -628.8088
v 43.9306 667.3793 -629.5133
v 44.2543 727.2087 -631.7838
v 21.9326 668.4391 -591.4218
v 44.2543 727.2087 -631.7838
v 22.2610 729.1841 -593.7260
v 21.9326 668.4391 -591.4218
v 21.9326 668.4391 -591.4218
v 22.2610 729.1841 -593.7260
v -22.0671 668.6003 -591.4239
v 22.2610 729.1841 -593.7260
v -21.7380 729.4845 -593.7332
v -22.0671 668.6003 -591.4239
v -22.0671 668.6003 -591.4239
v -21.7380 729.4845 -593.7332
v -44.0688 667.7017 -629.5175
v -21.7380 729.4845 -593.7332
v -43.7437 727.8096 -631.7982
v -44.0688 667.7017 -629.5175
v -44.0688 667.7017 -629.5175
v -43.7437 727.8096 -631.7982
v -22.0707 666.6418 -667.6089
v -43.7437 727.8096 -631.7982
v -21.7504 725.8342 -669.8560
v -22.0707 666.6418 -667.6089
v -22.0707 666.6418 -667.6089
v -21.7504 725.8342 -669.8560
v 21.9290 666.4806 -667.6069
v -21.7504 725.8342 -669.8560
v 22.2485 725.5338 -669.8488
v 21.9290 666.4806 -667.6069
v 21.9290 666.4806 -667.6069
v 22.2485 725.5338 -669.8488
v 43.9306 667.3793 -629.5133
v 22.2485 725.5338 -669.8488
v 44.2543 727.2087 -631.7838
v 43.9306 667.3793 -629.5133
v 44.2543 727.2087 -631.7838
v 44.7195 787.0641 -635.0474
v 22.2610 729.1841 -593.7260
v 44.7195 787.0641 -635.0474
v 22.7300 789.5330 -597.0162
v 22.2610 729.1841 -593.7260
v 22.2610 729.1841 -593.7260
v 22.7300 789.5330 -597.0162
v -21.7380 729.4845 -593.7332
v 22.7300 789.5330 -597.0162
v -21.2684 789.9084 -597.0275
v -21.7380 729.4845 -593.7332
v -21.7380 729.4845 -593.7332
v -21.2684 789.9084 -597.0275
v -43.7437 727.8096 -631.7982
v -21.2684 789.9084 -597.0275
v -43.2773 787.8151 -635.0699
v -43.7437 727.8096 -631.7982
v -43.7437 727.8096 -631.7982
v -43.2773 787.8151 -635.0699
v -21.7504 725.8342 -669.8560
v -43.2773 787.8151 -635.0699
v -21.2878 785.3463 -673.1010
v -21.7504 725.8342 -669.8560
v -21.7504 725.8342 -669.8560
v -21.2878 785.3463 -673.1010
v 22.2485 725.5338 -669.8488
v -21.2878 785.3463 -673.1010
v 22.7105 784.9708 -673.0898
v 22.2485 725.5338 -669.8488
v 22.2485 725.5338 -669.8488
v 22.7105 784.9708 -673.0898
v 44.2543 727.2087 -631.7838
v 22.7105 784.9708 -673.0898
v 44.7195 787.0641 -635.0474
v 44.2543 727.2087 -631.7838
v 44.7195 787.0641 -635.0474
v 45.2638 846.9129 -638.8658
v 22.7300 789.5330 -597.0162
v 45.2638 846.9129 -638.8658
v 23.2770 849.6712 -600.8531
v 22.7300 789.5330 -597.0162
v 22.7300 789.5330 -597.0162
v 23.2770 849.6712 -600.8531
v -21.2684 789.9084 -597.0275
v 23.2770 849.6712 -600.8531
v -20.7210 850.0907 -600.8671
v -21.2684 789.9084 -597.0275
v -21.2684 789.9084 -597.0275
v -20.7210 850.0907 -600.8671
v -43.2773 787.8151 -635.0699
v -20.7210 850.0907 -600.8671
v -42.7322 847.7519 -638.8939
v -43.2773 787.8151 -635.0699
v -43.2773 787.8151 -635.0699
v -42.7322 847.7519 -638.8939
v -21.2878 785.3463 -673.1010
v -42.7322 847.7519 -638.8939
v -20.7454 844.9936 -676.9067
v -21.2878 785.3463 -673.1010
v -21.2878 785.3463 -673.1010
v -20.7454 844.9936 -676.9067
v 22.7105 784.9708 -673.0898
v -20.7454 844.9936 -676.9067
v 23.2526 844.5741 -676.8926
v 22.7105 784.9708 -673.0898
v 22.7105 784.9708 -673.0898
v 23.2526 844.5741 -676.8926
v 44.7195 787.0641 -635.0474
v 23.2526 844.5741 -676.8926
v 45.2638 846.9129 -638.8658
v 44.7195 787.0641 -635.0474
v 45.2638 846.9129 -638.8658
v 45.8552 906.7596 -643.0148
v 23.2770 849.6712 -600.8531
v 45.8552 906.7596 -643.0148
v 23.8701 909.6899 -605.0139
v 23.2770 849.6712 -600.8531
v 23.2770 849.6712 -600.8531
v 23.8701 909.6899 -605.0139
v -20.7210 850.0907 -600.8671
v 23.8701 909.6899 -605.0139
v -20.1277 910.1355 -605.0297
v -20.7210 850.0907 -600.8671
v -20.7210 850.0907 -600.8671
v -20.1277 910.1355 -605.0297
v -42.7322 847.7519 -638.8939
v -20.1277 910.1355 -605.0297
v -42.1403 907.6509 -643.0464
v -42.7322 847.7519 -638.8939
v -42.7322 847.7519 -638.8939
v -42.1403 907.6509 -643.0464
v -20.7454 844.9936 -676.9067
v -42.1403 907.6509 -643.0464
v -20.1551 904.7207 -681.0474
v -20.7454 844.9936 -676.9067
v -20.7454 844.9936 -676.9067
v -20.1551 904.7207 -681.0474
v 23.2526 844.5741 -676.8926
v -20.1551 904.7207 -681.0474
v 23.8426 904.2751 -681.0315
v 23.2526 844.5741 -676.8926
v 23.2526 844.5741 -676.8926
v 23.8426 904.2751 -681.0315
v 45.2638 846.9129 -638.8658
v 23.8426 904.2751 -681.0315
v 45.8552 906.7596 -643.0148
v 45.2638 846.9129 -638.8658
v 45.8552 906.7596 -643.0148
v 46.4736 966.6033 -647.3529
v 23.8701 909.6899 -605.0139
v 46.4736 966.6033 -647.3529
v 24.4894 969.6247 -609.3586
v 23.8701 909.6899 -605.0139
v 23.8701 909.6899 -605.0139
v 24.4894 969.6247 -609.3586
v -20.1277 910.1355 -605.0297
v 24.4894 969.6247 -609.3586
v -19.5082 970.0842 -609.3754
v -20.1277 910.1355 -605.0297
v -20.1277 910.1355 -605.0297
v -19.5082 970.0842 -609.3754
v -42.1403 907.6509 -643.0464
v -19.5082 970.0842 -609.3754
v -41.5216 967.5223 -647.3866
v -42.1403 907.6509 -643.0464
v -42.1403 907.6509 -643.0464
v -41.5216 967.5223 -647.3866
v -20.1551 904.7207 -681.0474
v -41.5216 967.5223 -647.3866
v -19.5374 964.5010 -685.3809
v -20.1551 904.7207 -681.0474
v -20.1551 904.7207 -681.0474
v -19.5374 964.5010 -685.3809
v 23.8426 904.2751 -681.0315
v -19.5374 964.5010 -685.3809
v 24.4602 964.0414 -685.3640
v 23.8426 904.2751 -681.0315
v 23.8426 904.2751 -681.0315
v 24.4602 964.0414 -685.3640
v 45.8552 906.7596 -643.0148
v 24.4602 964.0414 -685.3640
v 46.4736 966.6033 -647.3529
v 45.8552 906.7596 -643.0148
v 46.4736 966.6033 -647.3529
v 47.1041 1026.4517 -651.7762
v 24.4894 969.6247 -609.3586
v 47.1041 1026.4517 -651.7762
v 25.1202 1029.4994 -613.7838
v 24.4894 969.6247 -609.3586
v 24.4894 969.6247 -609.3586
v 25.1202 1029.4994 -613.7838
v -19.5082 970.0842 -609.3754
v 25.1202 1029.4994 -613.7838
v -18.8774 1029.9629 -613.8010
v -19.5082 970.0842 -609.3754
v -19.5082 970.0842 -609.3754
v -18.8774 1029.9629 -613.8010
v -41.5216 967.5223 -647.3866
v -18.8774 1029.9629 -613.8010
v -40.8910 1027.3787 -651.8105
v -41.5216 967.5223 -647.3866
v -41.5216 967.5223 -647.3866
v -40.8910 1027.3787 -651.8105
v -19.5374 964.5010 -685.3809
v -40.8910 1027.3787 -651.8105
v -18.9071 1024.3310 -689.8029
v -19.5374 964.5010 -685.3809
v -19.5374 964.5010 -685.3809
v -18.9071 1024.3310 -689.8029
v 24.4602 964.0414 -685.3640
v -18.9071 1024.3310 -689.8029
v 25.0905 1023.8675 -689.7857
v 24.4602 964.0414 -685.3640
v 24.4602 964.0414 -685.3640
v 25.0905 1023.8675 -689.7857
v 46.4736 966.6033 -647.3529
v 25.0905 1023.8675 -689.7857
v 47.1041 1026.4517 -651.7762
v 46.4736 966.6033 -647.3529
v 47.1041 1026.4517 -651.7762
v 47.7339 1086.3088 -656.1944
v 25.1202 1029.4994 -613.7838
v 47.7339 1086.3088 -656.1944
v 25.7496 1089.3223 -618.1995
v 25.1202 1029.4994 -613.7838
v 25.1202 1029.4994 -613.7838
v 25.7496 1089.3223 -618.1995
v -18.8774 1029.9629 -613.8010
v 25.7496 1089.3223 -618.1995
v -18.2480 1089.7806 -618.2163
v -18.8774 1029.9629 -613.8010
v -18.8774 1029.9629 -613.8010
v -18.2480 1089.7806 -618.2163
v -40.8910 1027.3787 -651.8105
v -18.2480 1089.7806 -618.2163
v -40.2613 1087.2254 -656.2280
v -40.8910 1027.3787 -651.8105
v -40.8910 1027.3787 -651.8105
v -40.2613 1087.2254 -656.2280
v -18.9071 1024.3310 -689.8029
v -40.2613 1087.2254 -656.2280
v -18.2770 1084.2120 -694.2228
v -18.9071 1024.3310 -689.8029
v -18.9071 1024.3310 -689.8029
v -18.2770 1084.2120 -694.2228
v 25.0905 1023.8675 -689.7857
v -18.2770 1084.2120 -694.2228
v 25.7206 1083.7537 -694.2061
v 25.0905 1023.8675 -689.7857
v 25.0905 1023.8675 -689.7857
v 25.7206 1083.7537 -694.2061
v 47.1041 1026.4517 -651.7762
v 25.7206 1083.7537 -694.2061
v 47.7339 1086.3088 -656.1944
v 47.1041 1026.4517 -651.7762
v 47.7339 1086.3088 -656.1944
v 48.3501 1146.1845 -660.5168
v 25.7496 1089.3223 -618.1995
v 48.3501 1146.1845 -660.5168
v 26.3648 1149.0976 -622.5148
v 25.7496 1089.3223 -618.1995
v 25.7496 1089.3223 -618.1995
v 26.3648 1149.0976 -622.5148
v -18.2480 1089.7806 -618.2163
v 26.3648 1149.0976 -622.5148
v -17.6330 1149.5406 -622.5304
v -18.2480 1089.7806 -618.2163
v -18.2480 1089.7806 -618.2163
v -17.6330 1149.5406 -622.5304
v -40.2613 1087.2254 -656.2280
v -17.6330 1149.5406 -622.5304
v -39.6455 1147.0706 -660.5482
v -40.2613 1087.2254 -656.2280
v -40.2613 1087.2254 -656.2280
v -39.6455 1147.0706 -660.5482
v -18.2770 1084.2120 -694.2228
v -39.6455 1147.0706 -660.5482
v -17.6601 1144.1574 -698.5503
v -18.2770 1084.2120 -694.2228
v -18.2770 1084.2120 -694.2228
v -17.6601 1144.1574 -698.5503
v 25.7206 1083.7537 -694.2061
v -17.6601 1144.1574 -698.5503
v 26.3376 1143.7144 -698.5346
v 25.7206 1083.7537 -694.2061
v 25.7206 1083.7537 -694.2061
v 26.3376 1143.7144 -698.5346
v 47.7339 1086.3088 -656.1944
v 26.3376 1143.7144 -698.5346
v 48.3501 1146.1845 -660.5168
v 47.7339 1086.3088 -656.1944
v 48.3501 1146.1845 -660.5168
v 48.9372 1206.0850 -664.6360
v 26.3648 1149.0976 -622.5148
v 48.9372 1206.0850 -664.6360
v 26.9501 1208.8140 -626.6213
v 26.3648 1149.0976 -622.5148
v 26.3648 1149.0976 -622.5148
v 26.9501 1208.8140 -626.6213
v -17.6330 1149.5406 -622.5304
v 26.9501 1208.8140 -626.6213
v -17.0479 1209.2290 -626.6350
v -17.6330 1149.5406 -622.5304
v -17.6330 1149.5406 -622.5304
v -17.0479 1209.2290 -626.6350
v -39.6455 1147.0706 -660.5482
v -17.0479 1209.2290 -626.6350
v -39.0588 1206.9150 -664.6635
v -39.6455 1147.0706 -660.5482
v -39.6455 1147.0706 -660.5482
v -39.0588 1206.9150 -664.6635
v -17.6601 1144.1574 -698.5503
v -39.0588 1206.9150 -664.6635
v -17.0717 1204.1860 -702.6782
v -17.6601 1144.1574 -698.5503
v -17.6601 1144.1574 -698.5503
v -17.0717 1204.1860 -702.6782
v 26.3376 1143.7144 -698.5346
v -17.0717 1204.1860 -702.6782
v 26.9263 1203.7710 -702.6645
v 26.3376 1143.7144 -698.5346
v 26.3376 1143.7144 -698.5346
v 26.9263 1203.7710 -702.6645
v 48.3501 1146.1845 -660.5168
v 26.9263 1203.7710 -702.6645
v 48.9372 1206.0850 -664.6360
v 48.3501 1146.1845 -660.5168
v -0.0000 -25.5004 -334.0000
v 0.2885 2.7383 -333.8413
v -38.1051 -25.4996 -356.0000
v 0.2885 2.7383 -333.8413
v -37.8080 3.6682 -355.8366
v -38.1051 -25.4996 -356.0000
v -38.1051 -25.4996 -356.0000
v -37.8080 3.6682 -355.8366
v -38.1051 -25.4992 -400.0000
v -37.8080 3.6682 -355.8366
v -37.8038 4.1164 -399.8343
v -38.1051 -25.4992 -400.0000
v -38.1051 -25.4992 -400.0000
v -37.8038 4.1164 -399.8343
v 0.0000 -25.4996 -422.0000
v -37.8038 4.1164 -399.8343
v 0.2968 3.6346 -421.8368
v 0.0000 -25.4996 -422.0000
v 0.0000 -25.4996 -422.0000
v 0.2968 3.6346 -421.8368
v 38.1051 -25.5004 -400.0000
v 0.2968 3.6346 -421.8368
v 38.3933 2.7047 -399.8415
v 38.1051 -25.5004 -400.0000
v 38.1051 -25.5004 -400.0000
v 38.3933 2.7047 -399.8415
v 38.1051 -25.5008 -356.0000
v 38.3933 2.7047 -399.8415
v 38.3892 2.2565 -355.8438
v 38.1051 -25.5008 -356.0000
v 38.1051 -25.5008 -356.0000
v 38.3892 2.2565 -355.8438
v -0.0000 -25.5004 -334.0000
v 38.3892 2.2565 -355.8438
v 0.2885 2.7383 -333.8413
v -0.0000 -25.5004 -334.0000
v 0.2885 2.7383 -333.8413
v 0.9542 31.2236 -333.4753
v -37.8080 3.6682 -355.8366
v 0.9542 31.2236 -333.4753
v -37.1333 32.5555 -355.4656
v -37.8080 3.6682 -355.8366
v -37.8080 3.6682 -355.8366
v -37.1333 32.5555 -355.4656
v -37.8038 4.1164 -399.8343
v -37.1333 32.5555 -355.4656
v -37.1248 33.1974 -399.4609
v -37.8038 4.1164 -399.8343
v -37.8038 4.1164 -399.8343
v -37.1248 33.1974 -399.4609
v 0.2968 3.6346 -421.8368
v -37.1248 33.1974 -399.4609
v 0.9712 32.5074 -421.4659
v 0.2968 3.6346 -421.8368
v 0.2968 3.6346 -421.8368
v 0.9712 32.5074 -421.4659
v 38.3933 2.7047 -399.8415
v 0.9712 32.5074 -421.4659
v 39.0587 31.1754 -399.4757
v 38.3933 2.7047 -399.8415
v 38.3933 2.7047 -399.8415
v 39.0587 31.1754 -399.4757
v 38.3892 2.2565 -355.8438
v 39.0587 31.1754 -399.4757
v 39.0501 30.5335 -355.4803
v 38.3892 2.2565 -355.8438
v 38.3892 2.2565 -355.8438
v 39.0501 30.5335 -355.4803
v 0.2885 2.7383 -333.8413
v 39.0501 30.5335 -355.4803
v 0.9542 31.2236 -333.4753
v 0.2885 2.7383 -333.8413
v 0.9542 31.2236 -333.4753
v 1.7152 59.9403 -333.0569
v -37.1333 32.5555 -355.4656
v 1.7152 59.9403 -333.0569
v -36.3744 61.1879 -355.0483
v -37.1333 32.5555 -355.4656
v -37.1333 32.5555 -355.4656
v -36.3744 61.1879 -355.0483
v -37.1248 33.1974 -399.4609
v -36.3744 61.1879 -355.0483
v -36.3669 61.7892 -399.0442
v -37.1248 33.1974 -399.4609
v -37.1248 33.1974 -399.4609
v -36.3669 61.7892 -399.0442
v 0.9712 32.5074 -421.4659
v -36.3669 61.7892 -399.0442
v 1.7302 61.1429 -421.0486
v 0.9712 32.5074 -421.4659
v 0.9712 32.5074 -421.4659
v 1.7302 61.1429 -421.0486
v 39.0587 31.1754 -399.4757
v 1.7302 61.1429 -421.0486
v 39.8198 59.8953 -399.0572
v 39.0587 31.1754 -399.4757
v 39.0587 31.1754 -399.4757
v 39.8198 59.8953 -399.0572
v 39.0501 30.5335 -355.4803
v 39.8198 59.8953 -399.0572
v 39.8123 59.2940 -355.0612
v 39.0501 30.5335 -355.4803
v 39.0501 30.5335 -355.4803
v 39.8123 59.2940 -355.0612
v 0.9542 31.2236 -333.4753
v 39.8123 59.2940 -355.0612
v 1.7152 59.9403 -333.0569
v 0.9542 31.2236 -333.4753
v 1.7152 59.9403 -333.0569
v 2.2925 88.9012 -332.7394
v -36.3744 61.1879 -355.0483
v 2.2925 88.9012 -332.7394
v -35.8082 89.5695 -354.7370
v -36.3744 61.1879 -355.0483
v -36.3744 61.1879 -355.0483
v -35.8082 89.5695 -354.7370
v -36.3669 61.7892 -399.0442
v -35.8082 89.5695 -354.7370
v -35.8060 89.8916 -398.7358
v -36.3669 61.7892 -399.0442
v -36.3669 61.7892 -399.0442
v -35.8060 89.8916 -398.7358
v 1.7302 61.1429 -421.0486
v -35.8060 89.8916 -398.7358
v 2.2968 89.5453 -420.7371
v 1.7302 61.1429 -421.0486
v 1.7302 61.1429 -421.0486
v 2.2968 89.5453 -420.7371
v 39.8198 59.8953 -399.0572
v 2.2968 89.5453 -420.7371
v 40.3975 88.8771 -398.7395
v 39.8198 59.8953 -399.0572
v 39.8198 59.8953 -399.0572
v 40.3975 88.8771 -398.7395
v 39.8123 59.2940 -355.0612
v 40.3975 88.8771 -398.7395
v 40.3953 88.5550 -354.7407
v 39.8123 59.2940 -355.0612
v 39.8123 59.2940 -355.0612
v 40.3953 88.5550 -354.7407
v 1.7152 59.9403 -333.0569
v 40.3953 88.5550 -354.7407
v 2.2925 88.9012 -332.7394
v 1.7152 59.9403 -333.0569
v 2.2925 88.9012 -332.7394
v 2.3800 118.1365 -332.6913
v -35.8082 89.5695 -354.7370
v 2.3800 118.1365 -332.6913
v -35.7230 117.6697 -354.6901
v -35.8082 89.5695 -354.7370
v -35.8082 89.5695 -354.7370
v -35.7230 117.6697 -354.6901
v -35.8060 89.8916 -398.7358
v -35.7230 117.6697 -354.6901
v -35.7219 117.4447 -398.6895
v -35.8060 89.8916 -398.7358
v -35.8060 89.8916 -398.7358
v -35.7219 117.4447 -398.6895
v 2.2968 89.5453 -420.7371
v -35.7219 117.4447 -398.6895
v 2.3821 117.6866 -420.6902
v 2.2968 89.5453 -420.7371
v 2.2968 89.5453 -420.7371
v 2.3821 117.6866 -420.6902
v 40.3975 88.8771 -398.7395
v 2.3821 117.6866 -420.6902
v 40.4850 118.1534 -398.6913
v 40.3975 88.8771 -398.7395
v 40.3975 88.8771 -398.7395
v 40.4850 118.1534 -398.6913
v 40.3953 88.5550 -354.7407
v 40.4850 118.1534 -398.6913
v 40.4840 118.3784 -354.6919
v 40.3953 88.5550 -354.7407
v 40.3953 88.5550 -354.7407
v 40.4840 118.3784 -354.6919
v 2.2925 88.9012 -332.7394
v 40.4840 118.3784 -354.6919
v 2.3800 118.1365 -332.6913
v 2.2925 88.9012 -332.7394
v 2.3800 118.1365 -332.6913
v 1.6068 147.6865 -333.1165
v -35.7230 117.6697 -354.6901
v 1.6068 147.6865 -333.1165
v -36.4463 145.4032 -355.0879
v -35.7230 117.6697 -354.6901
v -35.7230 117.6697 -354.6901
v -36.4463 145.4032 -355.0879
v -35.7219 117.4447 -398.6895
v -36.4463 145.4032 -355.0879
v -36.4213 144.3028 -399.0741
v -35.7219 117.4447 -398.6895
v -35.7219 117.4447 -398.6895
v -36.4213 144.3028 -399.0741
v 2.3821 117.6866 -420.6902
v -36.4213 144.3028 -399.0741
v 1.6569 145.4857 -421.0889
v 2.3821 117.6866 -420.6902
v 2.3821 117.6866 -420.6902
v 1.6569 145.4857 -421.0889
v 40.4850 118.1534 -398.6913
v 1.6569 145.4857 -421.0889
v 39.7101 147.7689 -399.1175
v 40.4850 118.1534 -398.6913
v 40.4850 118.1534 -398.6913
v 39.7101 147.7689 -399.1175
v 40.4840 118.3784 -354.6919
v 39.7101 147.7689 -399.1175
v 39.6850 148.8693 -355.1313
v 40.4840 118.3784 -354.6919
v 40.4840 118.3784 -354.6919
v 39.6850 148.8693 -355.1313
v 2.3800 118.1365 -332.6913
v 39.6850 148.8693 -355.1313
v 1.6068 147.6865 -333.1165
v 2.3800 118.1365 -332.6913
v 1.6068 147.6865 -333.1165
v -0.5173 177.5761 -334.2845
v -36.4463 145.4032 -355.0879
v -0.5173 177.5761 -334.2845
v -38.3748 172.5981 -356.1483
v -36.4463 145.4032 -355.0879
v -36.4463 145.4032 -355.0879
v -38.3748 172.5981 -356.1483
v -36.4213 144.3028 -399.0741
v -38.3748 172.5981 -356.1483
v -38.2555 170.1989 -400.0827
v -36.4213 144.3028 -399.0741
v -36.4213 144.3028 -399.0741
v -38.2555 170.1989 -400.0827
v 1.6569 145.4857 -421.0889
v -38.2555 170.1989 -400.0827
v -0.2787 172.7779 -422.1532
v 1.6569 145.4857 -421.0889
v 1.6569 145.4857 -421.0889
v -0.2787 172.7779 -422.1532
v 39.7101 147.7689 -399.1175
v -0.2787 172.7779 -422.1532
v 37.5789 177.7560 -400.2894
v 39.7101 147.7689 -399.1175
v 39.7101 147.7689 -399.1175
v 37.5789 177.7560 -400.2894
v 39.6850 148.8693 -355.1313
v 37.5789 177.7560 -400.2894
v 37.4595 180.1551 -356.3550
v 39.6850 148.8693 -355.1313
v 39.6850 148.8693 -355.1313
v 37.4595 180.1551 -356.3550
v 1.6068 147.6865 -333.1165
v 37.4595 180.1551 -356.3550
v -0.5173 177.5761 -334.2845
v 1.6068 147.6865 -333.1165
v -0.5173 177.5761 -334.2845
v -4.3406 207.2710 -336.3868
v -38.3748 172.5981 -356.1483
v -4.3406 207.2710 -336.3868
v -41.8494 199.5634 -358.0589
v -38.3748 172.5981 -356.1483
v -38.3748 172.5981 -356.1483
v -41.8494 199.5634 -358.0589
v -38.2555 170.1989 -400.0827
v -41.8494 199.5634 -358.0589
v -41.5620 195.8487 -401.9008
v -38.2555 170.1989 -400.0827
v -38.2555 170.1989 -400.0827
v -41.5620 195.8487 -401.9008
v -0.2787 172.7779 -422.1532
v -41.5620 195.8487 -401.9008
v -3.7658 199.8418 -424.0707
v -0.2787 172.7779 -422.1532
v -0.2787 172.7779 -422.1532
v -3.7658 199.8418 -424.0707
v 37.5789 177.7560 -400.2894
v -3.7658 199.8418 -424.0707
v 33.7430 207.5494 -402.3986
v 37.5789 177.7560 -400.2894
v 37.5789 177.7560 -400.2894
v 33.7430 207.5494 -402.3986
v 37.4595 180.1551 -356.3550
v 33.7430 207.5494 -402.3986
v 33.4556 211.2641 -358.5566
v 37.4595 180.1551 -356.3550
v 37.4595 180.1551 -356.3550
v 33.4556 211.2641 -358.5566
v -0.5173 177.5761 -334.2845
v 33.4556 211.2641 -358.5566
v -4.3406 207.2710 -336.3868
v -0.5173 177.5761 -334.2845
v -4.3406 207.2710 -336.3868
v -9.5082 236.3179 -339.2283
v -41.8494 199.5634 -358.0589
v -9.5082 236.3179 -339.2283
v -46.6751 226.6718 -360.7124
v -41.8494 199.5634 -358.0589
v -41.8494 199.5634 -358.0589
v -46.6751 226.6718 -360.7124
v -41.5620 195.8487 -401.9008
v -46.6751 226.6718 -360.7124
v -46.2230 222.0229 -404.4638
v -41.5620 195.8487 -401.9008
v -41.5620 195.8487 -401.9008
v -46.2230 222.0229 -404.4638
v -3.7658 199.8418 -424.0707
v -46.2230 222.0229 -404.4638
v -8.6039 227.0202 -426.7311
v -3.7658 199.8418 -424.0707
v -3.7658 199.8418 -424.0707
v -8.6039 227.0202 -426.7311
v 33.7430 207.5494 -402.3986
v -8.6039 227.0202 -426.7311
v 28.5631 236.6663 -405.2469
v 33.7430 207.5494 -402.3986
v 33.7430 207.5494 -402.3986
v 28.5631 236.6663 -405.2469
v 33.4556 211.2641 -358.5566
v 28.5631 236.6663 -405.2469
v 28.1110 241.3151 -361.4955
v 33.4556 211.2641 -358.5566
v 33.4556 211.2641 -358.5566
v 28.1110 241.3151 -361.4955
v -4.3406 207.2710 -336.3868
v 28.1110 241.3151 -361.4955
v -9.5082 236.3179 -339.2283
v -4.3406 207.2710 -336.3868
v -9.5082 236.3179 -339.2283
v -15.4251 264.6655 -342.4819
v -46.6751 226.6718 -360.7124
v -15.4251 264.6655 -342.4819
v -52.4032 254.1062 -363.8622
v -46.6751 226.6718 -360.7124
v -46.6751 226.6718 -360.7124
v -52.4032 254.1062 -363.8622
v -46.2230 222.0229 -404.4638
v -52.4032 254.1062 -363.8622
v -51.8601 249.0172 -407.5635
v -46.2230 222.0229 -404.4638
v -46.2230 222.0229 -404.4638
v -51.8601 249.0172 -407.5635
v -8.6039 227.0202 -426.7311
v -51.8601 249.0172 -407.5635
v -14.3388 254.4876 -429.8846
v -8.6039 227.0202 -426.7311
v -8.6039 227.0202 -426.7311
v -14.3388 254.4876 -429.8846
v 28.5631 236.6663 -405.2469
v -14.3388 254.4876 -429.8846
v 22.6393 265.0469 -408.5042
v 28.5631 236.6663 -405.2469
v 28.5631 236.6663 -405.2469
v 22.6393 265.0469 -408.5042
v 28.1110 241.3151 -361.4955
v 22.6393 265.0469 -408.5042
v 22.0962 270.1358 -364.8029
v 28.1110 241.3151 -361.4955
v 28.1110 241.3151 -361.4955
v 22.0962 270.1358 -364.8029
v -9.5082 236.3179 -339.2283
v 22.0962 270.1358 -364.8029
v -15.4251 264.6655 -342.4819
v -9.5082 236.3179 -339.2283
v -15.4251 264.6655 -342.4819
v -21.4285 292.4122 -345.7830
v -52.4032 254.1062 -363.8622
v -21.4285 292.4122 -345.7830
v -58.4537 282.0723 -367.1891
v -52.4032 254.1062 -363.8622
v -52.4032 254.1062 -363.8622
v -58.4537 282.0723 -367.1891
v -51.8601 249.0172 -407.5635
v -58.4537 282.0723 -367.1891
v -57.9332 277.0892 -410.9030
v -51.8601 249.0172 -407.5635
v -51.8601 249.0172 -407.5635
v -57.9332 277.0892 -410.9030
v -14.3388 254.4876 -429.8846
v -57.9332 277.0892 -410.9030
v -20.3876 282.4459 -433.2106
v -14.3388 254.4876 -429.8846
v -14.3388 254.4876 -429.8846
v -20.3876 282.4459 -433.2106
v 22.6393 265.0469 -408.5042
v -20.3876 282.4459 -433.2106
v 16.6376 292.7858 -411.8044
v 22.6393 265.0469 -408.5042
v 22.6393 265.0469 -408.5042
v 16.6376 292.7858 -411.8044
v 22.0962 270.1358 -364.8029
v 16.6376 292.7858 -411.8044
v 16.1171 297.7689 -368.0906
v 22.0962 270.1358 -364.8029
v 22.0962 270.1358 -364.8029
v 16.1171 297.7689 -368.0906
v -15.4251 264.6655 -342.4819
v 16.1171 297.7689 -368.0906
v -21.4285 292.4122 -345.7830
v -15.4251 264.6655 -342.4819
v -21.4285 292.4122 -345.7830
v -26.8823 319.7458 -348.7819
v -58.4537 282.0723 -367.1891
v -26.8823 319.7458 -348.7819
v -64.1694 310.7314 -370.3321
v -58.4537 282.0723 -367.1891
v -58.4537 282.0723 -367.1891
v -64.1694 310.7314 -370.3321
v -57.9332 277.0892 -410.9030
v -64.1694 310.7314 -370.3321
v -63.7752 306.3870 -414.1154
v -57.9332 277.0892 -410.9030
v -57.9332 277.0892 -410.9030
v -63.7752 306.3870 -414.1154
v -20.3876 282.4459 -433.2106
v -63.7752 306.3870 -414.1154
v -26.0939 311.0571 -436.3484
v -20.3876 282.4459 -433.2106
v -20.3876 282.4459 -433.2106
v -26.0939 311.0571 -436.3484
v 16.6376 292.7858 -411.8044
v -26.0939 311.0571 -436.3484
v 11.1933 320.0714 -414.7982
v 16.6376 292.7858 -411.8044
v 16.6376 292.7858 -411.8044
v 11.1933 320.0714 -414.7982
v 16.1171 297.7689 -368.0906
v 11.1933 320.0714 -414.7982
v 10.7990 324.4158 -371.0149
v 16.1171 297.7689 -368.0906
v 16.1171 297.7689 -368.0906
v 10.7990 324.4158 -371.0149
v -21.4285 292.4122 -345.7830
v 10.7990 324.4158 -371.0149
v -26.8823 319.7458 -348.7819
v -21.4285 292.4122 -345.7830
v 0.0000 145.5002 -82.0000
v 0.5489 205.2663 -82.3093
v -38.1051 145.5004 -104.0000
v 0.5489 205.2663 -82.3093
v -37.5535 205.6393 -104.3108
v -38.1051 145.5004 -104.0000
v -38.1051 145.5004 -104.0000
v -37.5535 205.6393 -104.3108
v -38.1051 145.5002 -148.0000
v -37.5535 205.6393 -104.3108
v -37.5561 205.2796 -148.3094
v -38.1051 145.5002 -148.0000
v -38.1051 145.5002 -148.0000
v -37.5561 205.2796 -148.3094
v -0.0000 145.4998 -170.0000
v -37.5561 205.2796 -148.3094
v 0.5437 204.5470 -170.3064
v -0.0000 145.4998 -170.0000
v -0.0000 145.4998 -170.0000
v 0.5437 204.5470 -170.3064
v 38.1051 145.4996 -148.0000
v 0.5437 204.5470 -170.3064
v 38.6461 204.1741 -148.3048
v 38.1051 145.4996 -148.0000
v 38.1051 145.4996 -148.0000
v 38.6461 204.1741 -148.3048
v 38.1051 145.4998 -104.0000
v 38.6461 204.1741 -148.3048
v 38.6487 204.5337 -104.3063
v 38.1051 145.4998 -104.0000
v 38.1051 145.4998 -104.0000
v 38.6487 204.5337 -104.3063
v 0.0000 145.5002 -82.0000
v 38.6487 204.5337 -104.3063
v 0.5489 205.2663 -82.3093
v 0.0000 145.5002 -82.0000
v 0.5489 205.2663 -82.3093
v 1.1645 264.3652 -82.6562
v -37.5535 205.6393 -104.3108
v 1.1645 264.3652 -82.6562
v -36.9405 264.4201 -104.6562
v -37.5535 205.6393 -104.3108
v -37.5535 205.6393 -104.3108
v -36.9405 264.4201 -104.6562
v -37.5561 205.2796 -148.3094
v -36.9405 264.4201 -104.6562
v -36.9406 264.3672 -148.6562
v -37.5561 205.2796 -148.3094
v -37.5561 205.2796 -148.3094
v -36.9406 264.3672 -148.6562
v 0.5437 204.5470 -170.3064
v -36.9406 264.3672 -148.6562
v 1.1644 264.2594 -170.6561
v 0.5437 204.5470 -170.3064
v 0.5437 204.5470 -170.3064
v 1.1644 264.2594 -170.6561
v 38.6461 204.1741 -148.3048
v 1.1644 264.2594 -170.6561
v 39.2695 264.2045 -148.6561
v 38.6461 204.1741 -148.3048
v 38.6461 204.1741 -148.3048
v 39.2695 264.2045 -148.6561
v 38.6487 204.5337 -104.3063
v 39.2695 264.2045 -148.6561
v 39.2695 264.2574 -104.6561
v 38.6487 204.5337 -104.3063
v 38.6487 204.5337 -104.3063
v 39.2695 264.2574 -104.6561
v 0.5489 205.2663 -82.3093
v 39.2695 264.2574 -104.6561
v 1.1645 264.3652 -82.6562
v 0.5489 205.2663 -82.3093
v 1.1645 264.3652 -82.6562
v 0.5285 323.1103 -82.2978
v -36.9405 264.4201 -104.6562
v 0.5285 323.1103 -82.2978
v -37.5689 322.4834 -104.3021
v -36.9405 264.4201 -104.6562
v -36.9405 264.4201 -104.6562
v -37.5689 322.4834 -104.3021
v -36.9406 264.3672 -148.6562
v -37.5689 322.4834 -104.3021
v -37.5763 323.0879 -148.2980
v -36.9406 264.3672 -148.6562
v -36.9406 264.3672 -148.6562
v -37.5763 323.0879 -148.2980
v 1.1644 264.2594 -170.6561
v -37.5763 323.0879 -148.2980
v 0.5138 324.3194 -170.2895
v 1.1644 264.2594 -170.6561
v 1.1644 264.2594 -170.6561
v 0.5138 324.3194 -170.2895
v 39.2695 264.2045 -148.6561
v 0.5138 324.3194 -170.2895
v 38.6113 324.9463 -148.2852
v 39.2695 264.2045 -148.6561
v 39.2695 264.2045 -148.6561
v 38.6113 324.9463 -148.2852
v 39.2695 264.2574 -104.6561
v 38.6113 324.9463 -148.2852
v 38.6186 324.3417 -104.2893
v 39.2695 264.2574 -104.6561
v 39.2695 264.2574 -104.6561
v 38.6186 324.3417 -104.2893
v 1.1645 264.3652 -82.6562
v 38.6186 324.3417 -104.2893
v 0.5285 323.1103 -82.2978
v 1.1645 264.3652 -82.6562
v 0.5285 323.1103 -82.2978
v -1.6208 381.9179 -81.0868
v -37.5689 322.4834 -104.3021
v -1.6208 381.9179 -81.0868
v -39.6981 380.7224 -103.1024
v -37.5689 322.4834 -104.3021
v -37.5689 322.4834 -104.3021
v -39.6981 380.7224 -103.1024
v -37.5763 323.0879 -148.2980
v -39.6981 380.7224 -103.1024
v -39.7249 381.8753 -147.0873
v -37.5763 323.0879 -148.2980
v -37.5763 323.0879 -148.2980
v -39.7249 381.8753 -147.0873
v 0.5138 324.3194 -170.2895
v -39.7249 381.8753 -147.0873
v -1.6745 384.2237 -169.0565
v 0.5138 324.3194 -170.2895
v 0.5138 324.3194 -170.2895
v -1.6745 384.2237 -169.0565
v 38.6113 324.9463 -148.2852
v -1.6745 384.2237 -169.0565
v 36.4028 385.4193 -147.0408
v 38.6113 324.9463 -148.2852
v 38.6113 324.9463 -148.2852
v 36.4028 385.4193 -147.0408
v 38.6186 324.3417 -104.2893
v 36.4028 385.4193 -147.0408
v 36.4297 384.2664 -103.0560
v 38.6186 324.3417 -104.2893
v 38.6186 324.3417 -104.2893
v 36.4297 384.2664 -103.0560
v 0.5285 323.1103 -82.2978
v 36.4297 384.2664 -103.0560
v -1.6208 381.9179 -81.0868
v 0.5285 323.1103 -82.2978
v -1.6208 381.9179 -81.0868
v -4.7580 440.9191 -79.3191
v -39.6981 380.7224 -103.1024
v -4.7580 440.9191 -79.3191
v -42.8191 439.4149 -101.3439
v -39.6981 380.7224 -103.1024
v -39.6981 380.7224 -103.1024
v -42.8191 439.4149 -101.3439
v -39.7249 381.8753 -147.0873
v -42.8191 439.4149 -101.3439
v -42.8616 440.8655 -145.3200
v -39.7249 381.8753 -147.0873
v -39.7249 381.8753 -147.0873
v -42.8616 440.8655 -145.3200
v -1.6745 384.2237 -169.0565
v -42.8616 440.8655 -145.3200
v -4.8430 443.8203 -167.2712
v -1.6745 384.2237 -169.0565
v -1.6745 384.2237 -169.0565
v -4.8430 443.8203 -167.2712
v 36.4028 385.4193 -147.0408
v -4.8430 443.8203 -167.2712
v 33.2181 445.3245 -145.2464
v 36.4028 385.4193 -147.0408
v 36.4028 385.4193 -147.0408
v 33.2181 445.3245 -145.2464
v 36.4297 384.2664 -103.0560
v 33.2181 445.3245 -145.2464
v 33.2605 443.8740 -101.2703
v 36.4297 384.2664 -103.0560
v 36.4297 384.2664 -103.0560
v 33.2605 443.8740 -101.2703
v -1.6208 381.9179 -81.0868
v 33.2605 443.8740 -101.2703
v -4.7580 440.9191 -79.3191
v -1.6208 381.9179 -81.0868
v -4.7580 440.9191 -79.3191
v -8.4503 500.0033 -77.2387
v -42.8191 439.4149 -101.3439
v -8.4503 500.0033 -77.2387
v -46.5001 498.3179 -99.2699
v -42.8191 439.4149 -101.3439
v -42.8191 439.4149 -101.3439
v -46.5001 498.3179 -99.2699
v -42.8616 440.8655 -145.3200
v -46.5001 498.3179 -99.2699
v -46.5535 499.9431 -143.2398
v -42.8616 440.8655 -145.3200
v -42.8616 440.8655 -145.3200
v -46.5535 499.9431 -143.2398
v -4.8430 443.8203 -167.2712
v -46.5535 499.9431 -143.2398
v -8.5570 503.2538 -165.1786
v -4.8430 443.8203 -167.2712
v -4.8430 443.8203 -167.2712
v -8.5570 503.2538 -165.1786
v 33.2181 445.3245 -145.2464
v -8.5570 503.2538 -165.1786
v 29.4928 504.9391 -143.1474
v 33.2181 445.3245 -145.2464
v 33.2181 445.3245 -145.2464
v 29.4928 504.9391 -143.1474
v 33.2605 443.8740 -101.2703
v 29.4928 504.9391 -143.1474
v 29.5461 503.3139 -99.1775
v 33.2605 443.8740 -101.2703
v 33.2605 443.8740 -101.2703
v 29.5461 503.3139 -99.1775
v -4.7580 440.9191 -79.3191
v 29.5461 503.3139 -99.1775
v -8.4503 500.0033 -77.2387
v -4.7580 440.9191 -79.3191
v -8.4503 500.0033 -77.2387
v -12.4738 559.1310 -74.9717
v -46.5001 498.3179 -99.2699
v -12.4738 559.1310 -74.9717
v -50.5163 557.3379 -97.0070
v -46.5001 498.3179 -99.2699
v -46.5001 498.3179 -99.2699
v -50.5163 557.3379 -97.0070
v -46.5535 499.9431 -143.2398
v -50.5163 557.3379 -97.0070
v -50.5767 559.0670 -140.9729
v -46.5535 499.9431 -143.2398
v -46.5535 499.9431 -143.2398
v -50.5767 559.0670 -140.9729
v -8.5570 503.2538 -165.1786
v -50.5767 559.0670 -140.9729
v -12.5946 562.5891 -162.9036
v -8.5570 503.2538 -165.1786
v -8.5570 503.2538 -165.1786
v -12.5946 562.5891 -162.9036
v 29.4928 504.9391 -143.1474
v -12.5946 562.5891 -162.9036
v 25.4479 564.3822 -140.8683
v 29.4928 504.9391 -143.1474
v 29.4928 504.9391 -143.1474
v 25.4479 564.3822 -140.8683
v 29.5461 503.3139 -99.1775
v 25.4479 564.3822 -140.8683
v 25.5083 562.6531 -96.9024
v 29.5461 503.3139 -99.1775
v 29.5461 503.3139 -99.1775
v 25.5083 562.6531 -96.9024
v -8.4503 500.0033 -77.2387
v 25.5083 562.6531 -96.9024
v -12.4738 559.1310 -74.9717
v -8.4503 500.0033 -77.2387
v -12.4738 559.1310 -74.9717
v -16.6881 618.2896 -72.5972
v -50.5163 557.3379 -97.0070
v -16.6881 618.2896 -72.5972
v -54.7265 616.4393 -94.6348
v -50.5163 557.3379 -97.0070
v -50.5163 557.3379 -97.0070
v -54.7265 616.4393 -94.6348
v -50.5767 559.0670 -140.9729
v -54.7265 616.4393 -94.6348
v -54.7908 618.2236 -138.5985
v -50.5767 559.0670 -140.9729
v -50.5767 559.0670 -140.9729
v -54.7908 618.2236 -138.5985
v -12.5946 562.5891 -162.9036
v -54.7908 618.2236 -138.5985
v -16.8167 621.8582 -160.5247
v -12.5946 562.5891 -162.9036
v -12.5946 562.5891 -162.9036
v -16.8167 621.8582 -160.5247
v 25.4479 564.3822 -140.8683
v -16.8167 621.8582 -160.5247
v 21.2217 623.7085 -138.4871
v 25.4479 564.3822 -140.8683
v 25.4479 564.3822 -140.8683
v 21.2217 623.7085 -138.4871
v 25.5083 562.6531 -96.9024
v 21.2217 623.7085 -138.4871
v 21.2860 621.9243 -94.5233
v 25.5083 562.6531 -96.9024
v 25.5083 562.6531 -96.9024
v 21.2860 621.9243 -94.5233
v -12.4738 559.1310 -74.9717
v 21.2860 621.9243 -94.5233
v -16.6881 618.2896 -72.5972
v -12.4738 559.1310 -74.9717
v -16.6881 618.2896 -72.5972
v -20.9897 677.4794 -70.1735
v -54.7265 616.4393 -94.6348
v -20.9897 677.4794 -70.1735
v -59.0269 675.6121 -92.2117
v -54.7265 616.4393 -94.6348
v -54.7265 616.4393 -94.6348
v -59.0269 675.6121 -92.2117
v -54.7908 618.2236 -138.5985
v -59.0269 675.6121 -92.2117
v -59.0924 677.4127 -136.1748
v -54.7908 618.2236 -138.5985
v -54.7908 618.2236 -138.5985
v -59.0924 677.4127 -136.1748
v -16.8167 621.8582 -160.5247
v -59.0924 677.4127 -136.1748
v -21.1207 681.0806 -158.0996
v -16.8167 621.8582 -160.5247
v -16.8167 621.8582 -160.5247
v -21.1207 681.0806 -158.0996
v 21.2217 623.7085 -138.4871
v -21.1207 681.0806 -158.0996
v 16.9165 682.9478 -136.0614
v 21.2217 623.7085 -138.4871
v 21.2217 623.7085 -138.4871
v 16.9165 682.9478 -136.0614
v 21.2860 621.9243 -94.5233
v 16.9165 682.9478 -136.0614
v 16.9820 681.1472 -92.0983
v 21.2860 621.9243 -94.5233
v 21.2860 621.9243 -94.5233
v 16.9820 681.1472 -92.0983
v -16.6881 618.2896 -72.5972
v 16.9820 681.1472 -92.0983
v -20.9897 677.4794 -70.1735
v -16.6881 618.2896 -72.5972
v -20.9897 677.4794 -70.1735
v -25.2894 736.7052 -67.7508
v -59.0269 675.6121 -92.2117
v -25.2894 736.7052 -67.7508
v -63.3281 734.8587 -89.7882
v -59.0269 675.6121 -92.2117
v -59.0269 675.6121 -92.2117
v -63.3281 734.8587 -89.7882
v -59.0924 677.4127 -136.1748
v -63.3281 734.8587 -89.7882
v -63.3922 736.6393 -133.7521
v -59.0924 677.4127 -136.1748
v -59.0924 677.4127 -136.1748
v -63.3922 736.6393 -133.7521
v -21.1207 681.0806 -158.0996
v -63.3922 736.6393 -133.7521
v -25.4175 740.2664 -155.6786
v -21.1207 681.0806 -158.0996
v -21.1207 681.0806 -158.0996
v -25.4175 740.2664 -155.6786
v 16.9165 682.9478 -136.0614
v -25.4175 740.2664 -155.6786
v 12.6211 742.1129 -133.6412
v 16.9165 682.9478 -136.0614
v 16.9165 682.9478 -136.0614
v 12.6211 742.1129 -133.6412
v 16.9820 681.1472 -92.0983
v 12.6211 742.1129 -133.6412
v 12.6852 740.3323 -89.6772
v 16.9820 681.1472 -92.0983
v 16.9820 681.1472 -92.0983
v 12.6852 740.3323 -89.6772
v -20.9897 677.4794 -70.1735
v 12.6852 740.3323 -89.6772
v -25.2894 736.7052 -67.7508
v -20.9897 677.4794 -70.1735
v -25.2894 736.7052 -67.7508
v -29.4980 795.9802 -65.3795
v -63.3281 734.8587 -89.7882
v -29.4980 795.9802 -65.3795
v -67.5411 794.1955 -87.4144
v -63.3281 734.8587 -89.7882
v -63.3281 734.8587 -89.7882
v -67.5411 794.1955 -87.4144
v -63.3922 736.6393 -133.7521
v -67.5411 794.1955 -87.4144
v -67.6009 795.9165 -131.3807
v -63.3922 736.6393 -133.7521
v -63.3922 736.6393 -133.7521
v -67.6009 795.9165 -131.3807
v -25.4175 740.2664 -155.6786
v -67.6009 795.9165 -131.3807
v -29.6177 799.4223 -153.3120
v -25.4175 740.2664 -155.6786
v -25.4175 740.2664 -155.6786
v -29.6177 799.4223 -153.3120
v 12.6211 742.1129 -133.6412
v -29.6177 799.4223 -153.3120
v 8.4254 801.2070 -131.2771
v 12.6211 742.1129 -133.6412
v 12.6211 742.1129 -133.6412
v 8.4254 801.2070 -131.2771
v 12.6852 740.3323 -89.6772
v 8.4254 801.2070 -131.2771
v 8.4852 799.4860 -87.3108
v 12.6852 740.3323 -89.6772
v 12.6852 740.3323 -89.6772
v 8.4852 799.4860 -87.3108
v -25.2894 736.7052 -67.7508
v 8.4852 799.4860 -87.3108
v -29.4980 795.9802 -65.3795
v -25.2894 736.7052 -67.7508
v -29.4980 795.9802 -65.3795
v -33.5099 855.3209 -63.1190
v -67.5411 794.1955 -87.4144
v -33.5099 855.3209 -63.1190
v -71.5606 853.6497 -85.1496
v -67.5411 794.1955 -87.4144
v -67.5411 794.1955 -87.4144
v -71.5606 853.6497 -85.1496
v -67.6009 795.9165 -131.3807
v -71.5606 853.6497 -85.1496
v -71.6131 855.2612 -129.1201
v -67.6009 795.9165 -131.3807
v -67.6009 795.9165 -131.3807
v -71.6131 855.2612 -129.1201
v -29.6177 799.4223 -153.3120
v -71.6131 855.2612 -129.1201
v -33.6148 858.5438 -151.0599
v -29.6177 799.4223 -153.3120
v -29.6177 799.4223 -153.3120
v -33.6148 858.5438 -151.0599
v 8.4254 801.2070 -131.2771
v -33.6148 858.5438 -151.0599
v 4.4359 860.2150 -129.0292
v 8.4254 801.2070 -131.2771
v 8.4254 801.2070 -131.2771
v 4.4359 860.2150 -129.0292
v 8.4852 799.4860 -87.3108
v 4.4359 860.2150 -129.0292
v 4.4884 858.6035 -85.0588
v 8.4852 799.4860 -87.3108
v 8.4852 799.4860 -87.3108
v 4.4884 858.6035 -85.0588
v -29.4980 795.9802 -65.3795
v 4.4884 858.6035 -85.0588
v -33.5099 855.3209 -63.1190
v -29.4980 795.9802 -65.3795
v 44.0000 316.4998 126.0000
v 44.1084 346.2289 125.6119
v 22.0000 316.5007 164.1051
v 44.1084 346.2289 125.6119
v 22.1119 347.2733 163.7047
v 22.0000 316.5007 164.1051
v 22.0000 316.5007 164.1051
v 22.1119 347.2733 163.7047
v -22.0000 316.5009 164.1051
v 22.1119 347.2733 163.7047
v -21.8872 347.5634 163.7013
v -22.0000 316.5009 164.1051
v -22.0000 316.5009 164.1051
v -21.8872 347.5634 163.7013
v -44.0000 316.5002 126.0000
v -21.8872 347.5634 163.7013
v -43.8897 346.8092 125.6051
v -44.0000 316.5002 126.0000
v -44.0000 316.5002 126.0000
v -43.8897 346.8092 125.6051
v -22.0000 316.4993 87.8949
v -43.8897 346.8092 125.6051
v -21.8931 345.7648 87.5123
v -22.0000 316.4993 87.8949
v -22.0000 316.4993 87.8949
v -21.8931 345.7648 87.5123
v 22.0000 316.4991 87.8949
v -21.8931 345.7648 87.5123
v 22.1059 345.4747 87.5157
v 22.0000 316.4991 87.8949
v 22.0000 316.4991 87.8949
v 22.1059 345.4747 87.5157
v 44.0000 316.4998 126.0000
v 22.1059 345.4747 87.5157
v 44.1084 346.2289 125.6119
v 44.0000 316.4998 126.0000
v 44.1084 346.2289 125.6119
v 44.3547 376.1208 124.7305
v 22.1119 347.2733 163.7047
v 44.3547 376.1208 124.7305
v 22.3615 377.5849 162.8114
v 22.1119 347.2733 163.7047
v 22.1119 347.2733 163.7047
v 22.3615 377.5849 162.8114
v -21.8872 347.5634 163.7013
v 22.3615 377.5849 162.8114
v -21.6366 377.9917 162.8047
v -21.8872 347.5634 163.7013
v -21.8872 347.5634 163.7013
v -21.6366 377.9917 162.8047
v -43.8897 346.8092 125.6051
v -21.6366 377.9917 162.8047
v -43.6415 376.9344 124.7170
v -43.8897 346.8092 125.6051
v -43.8897 346.8092 125.6051
v -43.6415 376.9344 124.7170
v -21.8931 345.7648 87.5123
v -43.6415 376.9344 124.7170
v -21.6483 375.4702 86.6361
v -21.8931 345.7648 87.5123
v -21.8931 345.7648 87.5123
v -21.6483 375.4702 86.6361
v 22.1059 345.4747 87.5157
v -21.6483 375.4702 86.6361
v 22.3498 375.0635 86.6429
v 22.1059 345.4747 87.5157
v 22.1059 345.4747 87.5157
v 22.3498 375.0635 86.6429
v 44.1084 346.2289 125.6119
v 22.3498 375.0635 86.6429
v 44.3547 376.1208 124.7305
v 44.1084 346.2289 125.6119
v 44.3547 376.1208 124.7305
v 44.6259 406.1739 123.7601
v 22.3615 377.5849 162.8114
v 44.6259 406.1739 123.7601
v 22.6311 407.4680 161.8463
v 22.3615 377.5849 162.8114
v 22.3615 377.5849 162.8114
v 22.6311 407.4680 161.8463
v -21.6366 377.9917 162.8047
v 22.6311 407.4680 161.8463
v -21.3674 407.8275 161.8411
v -21.6366 377.9917 162.8047
v -21.6366 377.9917 162.8047
v -21.3674 407.8275 161.8411
v -43.6415 376.9344 124.7170
v -21.3674 407.8275 161.8411
v -43.3712 406.8929 123.7496
v -43.6415 376.9344 124.7170
v -43.6415 376.9344 124.7170
v -43.3712 406.8929 123.7496
v -21.6483 375.4702 86.6361
v -43.3712 406.8929 123.7496
v -21.3765 405.5989 85.6634
v -21.6483 375.4702 86.6361
v -21.6483 375.4702 86.6361
v -21.3765 405.5989 85.6634
v 22.3498 375.0635 86.6429
v -21.3765 405.5989 85.6634
v 22.6220 405.2393 85.6687
v 22.3498 375.0635 86.6429
v 22.3498 375.0635 86.6429
v 22.6220 405.2393 85.6687
v 44.3547 376.1208 124.7305
v 22.6220 405.2393 85.6687
v 44.6259 406.1739 123.7601
v 44.3547 376.1208 124.7305
v 44.6259 406.1739 123.7601
v 44.8089 436.4037 123.1049
v 22.6311 407.4680 161.8463
v 44.8089 436.4037 123.1049
v 22.8098 436.9237 161.2070
v 22.6311 407.4680 161.8463
v 22.6311 407.4680 161.8463
v 22.8098 436.9237 161.2070
v -21.3674 407.8275 161.8411
v 22.8098 436.9237 161.2070
v -21.1900 437.0682 161.2061
v -21.3674 407.8275 161.8411
v -21.3674 407.8275 161.8411
v -21.1900 437.0682 161.2061
v -43.3712 406.8929 123.7496
v -21.1900 437.0682 161.2061
v -43.1906 436.6927 123.1032
v -43.3712 406.8929 123.7496
v -43.3712 406.8929 123.7496
v -43.1906 436.6927 123.1032
v -21.3765 405.5989 85.6634
v -43.1906 436.6927 123.1032
v -21.1914 436.1725 85.0012
v -21.3765 405.5989 85.6634
v -21.3765 405.5989 85.6634
v -21.1914 436.1725 85.0012
v 22.6220 405.2393 85.6687
v -21.1914 436.1725 85.0012
v 22.8083 436.0281 85.0020
v 22.6220 405.2393 85.6687
v 22.6220 405.2393 85.6687
v 22.8083 436.0281 85.0020
v 44.6259 406.1739 123.7601
v 22.8083 436.0281 85.0020
v 44.8089 436.4037 123.1049
v 44.6259 406.1739 123.7601
v 44.8089 436.4037 123.1049
v 44.7817 466.8255 123.2026
v 22.8098 436.9237 161.2070
v 44.7817 466.8255 123.2026
v 22.7843 465.9035 161.2981
v 22.8098 436.9237 161.2070
v 22.8098 436.9237 161.2070
v 22.7843 465.9035 161.2981
v -21.1900 437.0682 161.2061
v 22.7843 465.9035 161.2981
v -21.2149 465.6473 161.2954
v -21.1900 437.0682 161.2061
v -21.1900 437.0682 161.2061
v -21.2149 465.6473 161.2954
v -43.1906 436.6927 123.1032
v -21.2149 465.6473 161.2954
v -43.2169 466.3132 123.1972
v -43.1906 436.6927 123.1032
v -43.1906 436.6927 123.1032
v -43.2169 466.3132 123.1972
v -21.1914 436.1725 85.0012
v -43.2169 466.3132 123.1972
v -21.2195 467.2352 85.1017
v -21.1914 436.1725 85.0012
v -21.1914 436.1725 85.0012
v -21.2195 467.2352 85.1017
v 22.8083 436.0281 85.0020
v -21.2195 467.2352 85.1017
v 22.7797 467.4914 85.1044
v 22.8083 436.0281 85.0020
v 22.8083 436.0281 85.0020
v 22.7797 467.4914 85.1044
v 44.8089 436.4037 123.1049
v 22.7797 467.4914 85.1044
v 44.7817 466.8255 123.2026
v 44.8089 436.4037 123.1049
v 44.7817 466.8255 123.2026
v 44.4014 497.4315 124.5634
v 22.7843 465.9035 161.2981
v 44.4014 497.4315 124.5634
v 22.4327 494.2825 162.5564
v 22.7843 465.9035 161.2981
v 22.7843 465.9035 161.2981
v 22.4327 494.2825 162.5564
v -21.2149 465.6473 161.2954
v 22.4327 494.2825 162.5564
v -21.5585 493.4076 162.5252
v -21.2149 465.6473 161.2954
v -21.2149 465.6473 161.2954
v -21.5585 493.4076 162.5252
v -43.2169 466.3132 123.1972
v -21.5585 493.4076 162.5252
v -43.5812 495.6818 124.5011
v -43.2169 466.3132 123.1972
v -43.2169 466.3132 123.1972
v -43.5812 495.6818 124.5011
v -21.2195 467.2352 85.1017
v -43.5812 495.6818 124.5011
v -21.6125 498.8308 86.5082
v -21.2195 467.2352 85.1017
v -21.2195 467.2352 85.1017
v -21.6125 498.8308 86.5082
v 22.7797 467.4914 85.1044
v -21.6125 498.8308 86.5082
v 22.3788 499.7057 86.5393
v 22.7797 467.4914 85.1044
v 22.7797 467.4914 85.1044
v 22.3788 499.7057 86.5393
v 44.7817 466.8255 123.2026
v 22.3788 499.7057 86.5393
v 44.4014 497.4315 124.5634
v 44.7817 466.8255 123.2026
v 44.4014 497.4315 124.5634
v 43.5000 528.1047 127.7895
v 22.4327 494.2825 162.5564
v 43.5000 528.1047 127.7895
v 21.6202 521.9513 165.4645
v 22.4327 494.2825 162.5564
v 22.4327 494.2825 162.5564
v 21.6202 521.9513 165.4645
v -21.5585 493.4076 162.5252
v 21.6202 521.9513 165.4645
v -22.3465 520.2418 165.3450
v -21.5585 493.4076 162.5252
v -21.5585 493.4076 162.5252
v -22.3465 520.2418 165.3450
v -43.5812 495.6818 124.5011
v -22.3465 520.2418 165.3450
v -44.4332 524.6856 127.5505
v -43.5812 495.6818 124.5011
v -43.5812 495.6818 124.5011
v -44.4332 524.6856 127.5505
v -21.6125 498.8308 86.5082
v -44.4332 524.6856 127.5505
v -22.5534 530.8391 89.8755
v -21.6125 498.8308 86.5082
v -21.6125 498.8308 86.5082
v -22.5534 530.8391 89.8755
v 22.3788 499.7057 86.5393
v -22.5534 530.8391 89.8755
v 21.4132 532.5486 89.9949
v 22.3788 499.7057 86.5393
v 22.3788 499.7057 86.5393
v 21.4132 532.5486 89.9949
v 44.4014 497.4315 124.5634
v 21.4132 532.5486 89.9949
v 43.5000 528.1047 127.7895
v 44.4014 497.4315 124.5634
v 43.5000 528.1047 127.7895
v 42.0455 558.3630 132.9948
v 21.6202 521.9513 165.4645
v 42.0455 558.3630 132.9948
v 20.2872 549.6610 170.2352
v 21.6202 521.9513 165.4645
v 21.6202 521.9513 165.4645
v 20.2872 549.6610 170.2352
v -22.3465 520.2418 165.3450
v 20.2872 549.6610 170.2352
v -23.6457 547.2434 169.9950
v -22.3465 520.2418 165.3450
v -22.3465 520.2418 165.3450
v -23.6457 547.2434 169.9950
v -44.4332 524.6856 127.5505
v -23.6457 547.2434 169.9950
v -45.8202 553.5278 132.5143
v -44.4332 524.6856 127.5505
v -44.4332 524.6856 127.5505
v -45.8202 553.5278 132.5143
v -22.5534 530.8391 89.8755
v -45.8202 553.5278 132.5143
v -24.0618 562.2297 95.2739
v -22.5534 530.8391 89.8755
v -22.5534 530.8391 89.8755
v -24.0618 562.2297 95.2739
v 21.4132 532.5486 89.9949
v -24.0618 562.2297 95.2739
v 19.8711 564.6474 95.5142
v 21.4132 532.5486 89.9949
v 21.4132 532.5486 89.9949
v 19.8711 564.6474 95.5142
v 43.5000 528.1047 127.7895
v 19.8711 564.6474 95.5142
v 42.0455 558.3630 132.9948
v 43.5000 528.1047 127.7895
v 42.0455 558.3630 132.9948
v 40.1939 588.0740 139.6217
v 20.2872 549.6610 170.2352
v 40.1939 588.0740 139.6217
v 18.5388 577.6996 176.4922
v 20.2872 549.6610 170.2352
v 20.2872 549.6610 170.2352
v 18.5388 577.6996 176.4922
v -23.6457 547.2434 169.9950
v 18.5388 577.6996 176.4922
v -25.3653 574.8174 176.1492
v -23.6457 547.2434 169.9950
v -23.6457 547.2434 169.9950
v -25.3653 574.8174 176.1492
v -45.8202 553.5278 132.5143
v -25.3653 574.8174 176.1492
v -47.6144 582.3095 138.9357
v -45.8202 553.5278 132.5143
v -45.8202 553.5278 132.5143
v -47.6144 582.3095 138.9357
v -24.0618 562.2297 95.2739
v -47.6144 582.3095 138.9357
v -25.9594 592.6838 102.0652
v -24.0618 562.2297 95.2739
v -24.0618 562.2297 95.2739
v -25.9594 592.6838 102.0652
v 19.8711 564.6474 95.5142
v -25.9594 592.6838 102.0652
v 17.9447 595.5661 102.4082
v 19.8711 564.6474 95.5142
v 19.8711 564.6474 95.5142
v 17.9447 595.5661 102.4082
v 42.0455 558.3630 132.9948
v 17.9447 595.5661 102.4082
v 40.1939 588.0740 139.6217
v 42.0455 558.3630 132.9948
v 40.1939 588.0740 139.6217
v 38.1315 617.3093 147.0027
v 18.5388 577.6996 176.4922
v 38.1315 617.3093 147.0027
v 16.5255 606.2350 183.6979
v 18.5388 577.6996 176.4922
v 18.5388 577.6996 176.4922
v 16.5255 606.2350 183.6979
v -25.3653 574.8174 176.1492
v 16.5255 606.2350 183.6979
v -27.3651 603.1583 183.3062
v -25.3653 574.8174 176.1492
v -25.3653 574.8174 176.1492
v -27.3651 603.1583 183.3062
v -47.6144 582.3095 138.9357
v -27.3651 603.1583 183.3062
v -49.6496 611.1559 146.2193
v -47.6144 582.3095 138.9357
v -47.6144 582.3095 138.9357
v -49.6496 611.1559 146.2193
v -25.9594 592.6838 102.0652
v -49.6496 611.1559 146.2193
v -28.0435 622.2303 109.5241
v -25.9594 592.6838 102.0652
v -25.9594 592.6838 102.0652
v -28.0435 622.2303 109.5241
v 17.9447 595.5661 102.4082
v -28.0435 622.2303 109.5241
v 15.8470 625.3069 109.9158
v 17.9447 595.5661 102.4082
v 17.9447 595.5661 102.4082
v 15.8470 625.3069 109.9158
v 40.1939 588.0740 139.6217
v 15.8470 625.3069 109.9158
v 38.1315 617.3093 147.0027
v 40.1939 588.0740 139.6217
v 38.1315 617.3093 147.0027
v 36.0512 646.2289 154.4480
v 16.5255 606.2350 183.6979
v 36.0512 646.2289 154.4480
v 14.4234 635.4590 191.2209
v 16.5255 606.2350 183.6979
v 16.5255 606.2350 183.6979
v 14.4234 635.4590 191.2209
v -27.3651 603.1583 183.3062
v 14.4234 635.4590 191.2209
v -29.4732 632.4669 190.8508
v -27.3651 603.1583 183.3062
v -27.3651 603.1583 183.3062
v -29.4732 632.4669 190.8508
v -49.6496 611.1559 146.2193
v -29.4732 632.4669 190.8508
v -51.7420 640.2447 153.7078
v -49.6496 611.1559 146.2193
v -49.6496 611.1559 146.2193
v -51.7420 640.2447 153.7078
v -28.0435 622.2303 109.5241
v -51.7420 640.2447 153.7078
v -30.1142 651.0146 116.9348
v -28.0435 622.2303 109.5241
v -28.0435 622.2303 109.5241
v -30.1142 651.0146 116.9348
v 15.8470 625.3069 109.9158
v -30.1142 651.0146 116.9348
v 13.7824 654.0067 117.3049
v 15.8470 625.3069 109.9158
v 15.8470 625.3069 109.9158
v 13.7824 654.0067 117.3049
v 38.1315 617.3093 147.0027
v 13.7824 654.0067 117.3049
v 36.0512 646.2289 154.4480
v 38.1315 617.3093 147.0027
v 36.0512 646.2289 154.4480
v 34.1407 675.0177 161.2854
v 14.4234 635.4590 191.2209
v 34.1407 675.0177 161.2854
v 12.4278 665.5424 198.3632
v 14.4234 635.4590 191.2209
v 14.4234 635.4590 191.2209
v 12.4278 665.5424 198.3632
v -29.4732 632.4669 190.8508
v 12.4278 665.5424 198.3632
v -31.4925 662.9099 198.0778
v -29.4732 632.4669 190.8508
v -29.4732 632.4669 190.8508
v -31.4925 662.9099 198.0778
v -51.7420 640.2447 153.7078
v -31.4925 662.9099 198.0778
v -53.6998 669.7528 160.7146
v -51.7420 640.2447 153.7078
v -51.7420 640.2447 153.7078
v -53.6998 669.7528 160.7146
v -30.1142 651.0146 116.9348
v -53.6998 669.7528 160.7146
v -31.9868 679.2281 123.6368
v -30.1142 651.0146 116.9348
v -30.1142 651.0146 116.9348
v -31.9868 679.2281 123.6368
v 13.7824 654.0067 117.3049
v -31.9868 679.2281 123.6368
v 11.9334 681.8606 123.9222
v 13.7824 654.0067 117.3049
v 13.7824 654.0067 117.3049
v 11.9334 681.8606 123.9222
v 36.0512 646.2289 154.4480
v 11.9334 681.8606 123.9222
v 34.1407 675.0177 161.2854
v 36.0512 646.2289 154.4480
v -0.0000 487.5002 422.0000
v -0.3693 545.3899 421.6963
v -38.1051 487.4999 400.0000
v -0.3693 545.3899 421.6963
v -38.4715 544.8153 399.6987
v -38.1051 487.4999 400.0000
v -38.1051 487.4999 400.0000
v -38.4715 544.8153 399.6987
v -38.1051 487.4997 356.0000
v -38.4715 544.8153 399.6987
v -38.4696 544.4454 355.7003
v -38.1051 487.4997 356.0000
v -38.1051 487.4997 356.0000
v -38.4696 544.4454 355.7003
v 0.0000 487.4998 334.0000
v -38.4696 544.4454 355.7003
v -0.3655 544.6500 333.6994
v 0.0000 487.4998 334.0000
v 0.0000 487.4998 334.0000
v -0.3655 544.6500 333.6994
v 38.1051 487.5001 356.0000
v -0.3655 544.6500 333.6994
v 37.7367 545.2245 355.6970
v 38.1051 487.5001 356.0000
v 38.1051 487.5001 356.0000
v 37.7367 545.2245 355.6970
v 38.1051 487.5003 400.0000
v 37.7367 545.2245 355.6970
v 37.7348 545.5945 399.6955
v 38.1051 487.5003 400.0000
v 38.1051 487.5003 400.0000
v 37.7348 545.5945 399.6955
v -0.0000 487.5002 422.0000
v 37.7348 545.5945 399.6955
v -0.3693 545.3899 421.6963
v -0.0000 487.5002 422.0000
v -0.3693 545.3899 421.6963
v -0.8190 602.6330 421.3265
v -38.4715 544.8153 399.6987
v -0.8190 602.6330 421.3265
v -38.9239 602.4861 399.3266
v -38.4715 544.8153 399.6987
v -38.4715 544.8153 399.6987
v -38.9239 602.4861 399.3266
v -38.4696 544.4454 355.7003
v -38.9239 602.4861 399.3266
v -38.9238 602.3914 355.3268
v -38.4696 544.4454 355.7003
v -38.4696 544.4454 355.7003
v -38.9238 602.3914 355.3268
v -0.3655 544.6500 333.6994
v -38.9238 602.3914 355.3268
v -0.8187 602.4438 333.3267
v -0.3655 544.6500 333.6994
v -0.3655 544.6500 333.6994
v -0.8187 602.4438 333.3267
v 37.7367 545.2245 355.6970
v -0.8187 602.4438 333.3267
v 37.2862 602.5907 355.3265
v 37.7367 545.2245 355.6970
v 37.7367 545.2245 355.6970
v 37.2862 602.5907 355.3265
v 37.7348 545.5945 399.6955
v 37.2862 602.5907 355.3265
v 37.2861 602.6853 399.3264
v 37.7348 545.5945 399.6955
v 37.7348 545.5945 399.6955
v 37.2861 602.6853 399.3264
v -0.3693 545.3899 421.6963
v 37.2861 602.6853 399.3264
v -0.8190 602.6330 421.3265
v -0.3693 545.3899 421.6963
v -0.8190 602.6330 421.3265
v -0.4700 659.4949 421.6135
v -38.9239 602.4861 399.3266
v -0.4700 659.4949 421.6135
v -38.5683 660.3669 399.6190
v -38.9239 602.4861 399.3266
v -38.9239 602.4861 399.3266
v -38.5683 660.3669 399.6190
v -38.9238 602.3914 355.3268
v -38.5683 660.3669 399.6190
v -38.5640 660.9284 355.6227
v -38.9238 602.3914 355.3268
v -38.9238 602.3914 355.3268
v -38.5640 660.9284 355.6227
v -0.8187 602.4438 333.3267
v -38.5640 660.9284 355.6227
v -0.4613 660.6179 333.6207
v -0.8187 602.4438 333.3267
v -0.8187 602.4438 333.3267
v -0.4613 660.6179 333.6207
v 37.2862 602.5907 355.3265
v -0.4613 660.6179 333.6207
v 37.6371 659.7458 355.6151
v 37.2862 602.5907 355.3265
v 37.2862 602.5907 355.3265
v 37.6371 659.7458 355.6151
v 37.2861 602.6853 399.3264
v 37.6371 659.7458 355.6151
v 37.6327 659.1844 399.6115
v 37.2861 602.6853 399.3264
v 37.2861 602.6853 399.3264
v 37.6327 659.1844 399.6115
v -0.8190 602.6330 421.3265
v 37.6327 659.1844 399.6115
v -0.4700 659.4949 421.6135
v -0.8190 602.6330 421.3265
v -0.4700 659.4949 421.6135
v 0.9188 716.3889 422.7556
v -38.5683 660.3669 399.6190
v 0.9188 716.3889 422.7556
v -37.1576 718.1857 400.7793
v -38.5683 660.3669 399.6190
v -38.5683 660.3669 399.6190
v -37.1576 718.1857 400.7793
v -38.5640 660.9284 355.6227
v -37.1576 718.1857 400.7793
v -37.1391 719.3426 356.7945
v -38.5640 660.9284 355.6227
v -38.5640 660.9284 355.6227
v -37.1391 719.3426 356.7945
v -0.4613 660.6179 333.6207
v -37.1391 719.3426 356.7945
v 0.9558 718.7028 334.7861
v -0.4613 660.6179 333.6207
v -0.4613 660.6179 333.6207
v 0.9558 718.7028 334.7861
v 37.6371 659.7458 355.6151
v 0.9558 718.7028 334.7861
v 39.0322 716.9059 356.7625
v 37.6371 659.7458 355.6151
v 37.6371 659.7458 355.6151
v 39.0322 716.9059 356.7625
v 37.6327 659.1844 399.6115
v 39.0322 716.9059 356.7625
v 39.0137 715.7490 400.7472
v 37.6327 659.1844 399.6115
v 37.6327 659.1844 399.6115
v 39.0137 715.7490 400.7472
v -0.4700 659.4949 421.6135
v 39.0137 715.7490 400.7472
v 0.9188 716.3889 422.7556
v -0.4700 659.4949 421.6135
v 0.9188 716.3889 422.7556
v 3.0358 773.5119 424.4967
v -37.1576 718.1857 400.7793
v 3.0358 773.5119 424.4967
v -35.0216 775.8270 402.5359
v -37.1576 718.1857 400.7793
v -37.1576 718.1857 400.7793
v -35.0216 775.8270 402.5359
v -37.1391 719.3426 356.7945
v -35.0216 775.8270 402.5359
v -34.9908 777.3176 358.5612
v -37.1391 719.3426 356.7945
v -37.1391 719.3426 356.7945
v -34.9908 777.3176 358.5612
v 0.9558 718.7028 334.7861
v -34.9908 777.3176 358.5612
v 3.0973 776.4932 336.5472
v 0.9558 718.7028 334.7861
v 0.9558 718.7028 334.7861
v 3.0973 776.4932 336.5472
v 39.0322 716.9059 356.7625
v 3.0973 776.4932 336.5472
v 41.1547 774.1782 358.5080
v 39.0322 716.9059 356.7625
v 39.0322 716.9059 356.7625
v 41.1547 774.1782 358.5080
v 39.0137 715.7490 400.7472
v 41.1547 774.1782 358.5080
v 41.1240 772.6875 402.4827
v 39.0137 715.7490 400.7472
v 39.0137 715.7490 400.7472
v 41.1240 772.6875 402.4827
v 0.9188 716.3889 422.7556
v 41.1240 772.6875 402.4827
v 3.0358 773.5119 424.4967
v 0.9188 716.3889 422.7556
v 3.0358 773.5119 424.4967
v 5.5660 830.7448 426.5775
v -35.0216 775.8270 402.5359
v 5.5660 830.7448 426.5775
v -32.4780 833.3647 404.6277
v -35.0216 775.8270 402.5359
v -35.0216 775.8270 402.5359
v -32.4780 833.3647 404.6277
v -34.9908 777.3176 358.5612
v -32.4780 833.3647 404.6277
v -32.4386 835.0516 360.6601
v -34.9908 777.3176 358.5612
v -34.9908 777.3176 358.5612
v -32.4386 835.0516 360.6601
v 3.0973 776.4932 336.5472
v -32.4386 835.0516 360.6601
v 5.6447 834.1187 338.6422
v 3.0973 776.4932 336.5472
v 3.0973 776.4932 336.5472
v 5.6447 834.1187 338.6422
v 41.1547 774.1782 358.5080
v 5.6447 834.1187 338.6422
v 43.6887 831.4988 360.5919
v 41.1547 774.1782 358.5080
v 41.1547 774.1782 358.5080
v 43.6887 831.4988 360.5919
v 41.1240 772.6875 402.4827
v 43.6887 831.4988 360.5919
v 43.6494 829.8118 404.5595
v 41.1240 772.6875 402.4827
v 41.1240 772.6875 402.4827
v 43.6494 829.8118 404.5595
v 3.0358 773.5119 424.4967
v 43.6494 829.8118 404.5595
v 5.5660 830.7448 426.5775
v 3.0358 773.5119 424.4967
v 5.5660 830.7448 426.5775
v 8.3435 888.0387 428.8617
v -32.4780 833.3647 404.6277
v 8.3435 888.0387 428.8617
v -29.6917 890.8405 406.9192
v -32.4780 833.3647 404.6277
v -32.4780 833.3647 404.6277
v -29.6917 890.8405 406.9192
v -32.4386 835.0516 360.6601
v -29.6917 890.8405 406.9192
v -29.6467 892.6446 362.9562
v -32.4386 835.0516 360.6601
v -32.4386 835.0516 360.6601
v -29.6467 892.6446 362.9562
v 5.6447 834.1187 338.6422
v -29.6467 892.6446 362.9562
v 8.4335 891.6469 340.9357
v 5.6447 834.1187 338.6422
v 5.6447 834.1187 338.6422
v 8.4335 891.6469 340.9357
v 43.6887 831.4988 360.5919
v 8.4335 891.6469 340.9357
v 46.4688 888.8450 362.8782
v 43.6887 831.4988 360.5919
v 43.6887 831.4988 360.5919
v 46.4688 888.8450 362.8782
v 43.6494 829.8118 404.5595
v 46.4688 888.8450 362.8782
v 46.4237 887.0410 406.8412
v 43.6494 829.8118 404.5595
v 43.6494 829.8118 404.5595
v 46.4237 887.0410 406.8412
v 5.5660 830.7448 426.5775
v 46.4237 887.0410 406.8412
v 8.3435 888.0387 428.8617
v 5.5660 830.7448 426.5775
v 8.3435 888.0387 428.8617
v 11.2645 945.3738 431.2638
v -29.6917 890.8405 406.9192
v 11.2645 945.3738 431.2638
v -26.7658 948.2734 409.3254
v -29.6917 890.8405 406.9192
v -29.6917 890.8405 406.9192
v -26.7658 948.2734 409.3254
v -29.6467 892.6446 362.9562
v -26.7658 948.2734 409.3254
v -26.7176 950.1405 365.3651
v -29.6467 892.6446 362.9562
v -29.6467 892.6446 362.9562
v -26.7176 950.1405 365.3651
v 8.4335 891.6469 340.9357
v -26.7176 950.1405 365.3651
v 11.3609 949.1079 343.3431
v 8.4335 891.6469 340.9357
v 8.4335 891.6469 340.9357
v 11.3609 949.1079 343.3431
v 46.4688 888.8450 362.8782
v 11.3609 949.1079 343.3431
v 49.3911 946.2083 365.2816
v 46.4688 888.8450 362.8782
v 46.4688 888.8450 362.8782
v 49.3911 946.2083 365.2816
v 46.4237 887.0410 406.8412
v 49.3911 946.2083 365.2816
v 49.3429 944.3412 409.2419
v 46.4237 887.0410 406.8412
v 46.4237 887.0410 406.8412
v 49.3429 944.3412 409.2419
v 8.3435 888.0387 428.8617
v 49.3429 944.3412 409.2419
v 11.2645 945.3738 431.2638
v 8.3435 888.0387 428.8617
v 11.2645 945.3738 431.2638
v 14.2525 1002.7463 433.7212
v -26.7658 948.2734 409.3254
v 14.2525 1002.7463 433.7212
v -23.7761 1005.6768 411.7841
v -26.7658 948.2734 409.3254
v -26.7658 948.2734 409.3254
v -23.7761 1005.6768 411.7841
v -26.7176 950.1405 365.3651
v -23.7761 1005.6768 411.7841
v -23.7269 1007.5636 367.8246
v -26.7176 950.1405 365.3651
v -26.7176 950.1405 365.3651
v -23.7269 1007.5636 367.8246
v 11.3609 949.1079 343.3431
v -23.7269 1007.5636 367.8246
v 14.3510 1006.5201 345.8022
v 11.3609 949.1079 343.3431
v 11.3609 949.1079 343.3431
v 14.3510 1006.5201 345.8022
v 49.3911 946.2083 365.2816
v 14.3510 1006.5201 345.8022
v 52.3796 1003.5897 367.7393
v 49.3911 946.2083 365.2816
v 49.3911 946.2083 365.2816
v 52.3796 1003.5897 367.7393
v 49.3429 944.3412 409.2419
v 52.3796 1003.5897 367.7393
v 52.3304 1001.7028 411.6988
v 49.3429 944.3412 409.2419
v 49.3429 944.3412 409.2419
v 52.3304 1001.7028 411.6988
v 11.2645 945.3738 431.2638
v 52.3304 1001.7028 411.6988
v 14.2525 1002.7463 433.7212
v 11.2645 945.3738 431.2638
v 14.2525 1002.7463 433.7212
v 17.2423 1060.1595 436.1800
v -23.7761 1005.6768 411.7841
v 17.2423 1060.1595 436.1800
v -20.7879 1063.0584 414.2416
v -23.7761 1005.6768 411.7841
v -23.7761 1005.6768 411.7841
v -20.7879 1063.0584 414.2416
v -23.7269 1007.5636 367.8246
v -20.7879 1063.0584 414.2416
v -20.7397 1064.9250 370.2812
v -23.7269 1007.5636 367.8246
v -23.7269 1007.5636 367.8246
v -20.7397 1064.9250 370.2812
v 14.3510 1006.5201 345.8022
v -20.7397 1064.9250 370.2812
v 17.3387 1063.8927 348.2593
v 14.3510 1006.5201 345.8022
v 14.3510 1006.5201 345.8022
v 17.3387 1063.8927 348.2593
v 52.3796 1003.5897 367.7393
v 17.3387 1063.8927 348.2593
v 55.3690 1060.9938 370.1977
v 52.3796 1003.5897 367.7393
v 52.3796 1003.5897 367.7393
v 55.3690 1060.9938 370.1977
v 52.3304 1001.7028 411.6988
v 55.3690 1060.9938 370.1977
v 55.3208 1059.1271 414.1581
v 52.3304 1001.7028 411.6988
v 52.3304 1001.7028 411.6988
v 55.3208 1059.1271 414.1581
v 14.2525 1002.7463 433.7212
v 55.3208 1059.1271 414.1581
v 17.2423 1060.1595 436.1800
v 14.2525 1002.7463 433.7212
v 17.2423 1060.1595 436.1800
v 20.1686 1117.6215 438.5865
v -20.7879 1063.0584 414.2416
v 20.1686 1117.6215 438.5865
v -17.8667 1120.4218 416.6440
v -20.7879 1063.0584 414.2416
v -20.7879 1063.0584 414.2416
v -17.8667 1120.4218 416.6440
v -20.7397 1064.9250 370.2812
v -17.8667 1120.4218 416.6440
v -17.8217 1122.2249 372.6810
v -20.7397 1064.9250 370.2812
v -20.7397 1064.9250 370.2812
v -17.8217 1122.2249 372.6810
v 17.3387 1063.8927 348.2593
v -17.8217 1122.2249 372.6810
v 20.2586 1121.2277 350.6605
v 17.3387 1063.8927 348.2593
v 17.3387 1063.8927 348.2593
v 20.2586 1121.2277 350.6605
v 55.3690 1060.9938 370.1977
v 20.2586 1121.2277 350.6605
v 58.2938 1118.4274 372.6031
v 55.3690 1060.9938 370.1977
v 55.3690 1060.9938 370.1977
v 58.2938 1118.4274 372.6031
v 55.3208 1059.1271 414.1581
v 58.2938 1118.4274 372.6031
v 58.2489 1116.6243 416.5661
v 55.3208 1059.1271 414.1581
v 55.3208 1059.1271 414.1581
v 58.2489 1116.6243 416.5661
v 17.2423 1060.1595 436.1800
v 58.2489 1116.6243 416.5661
v 20.1686 1117.6215 438.5865
v 17.2423 1060.1595 436.1800
v 20.1686 1117.6215 438.5865
v 22.9552 1175.1469 440.8783
v -17.8667 1120.4218 416.6440
v 22.9552 1175.1469 440.8783
v -15.0889 1177.7643 418.9284
v -17.8667 1120.4218 416.6440
v -17.8667 1120.4218 416.6440
v -15.0889 1177.7643 418.9284
v -17.8217 1122.2249 372.6810
v -15.0889 1177.7643 418.9284
v -15.0496 1179.4498 374.9608
v -17.8217 1122.2249 372.6810
v -17.8217 1122.2249 372.6810
v -15.0496 1179.4498 374.9608
v 20.2586 1121.2277 350.6605
v -15.0496 1179.4498 374.9608
v 23.0338 1178.5176 352.9429
v 20.2586 1121.2277 350.6605
v 20.2586 1121.2277 350.6605
v 23.0338 1178.5176 352.9429
v 58.2938 1118.4274 372.6031
v 23.0338 1178.5176 352.9429
v 61.0779 1175.9001 374.8927
v 58.2938 1118.4274 372.6031
v 58.2938 1118.4274 372.6031
v 61.0779 1175.9001 374.8927
v 58.2489 1116.6243 416.5661
v 61.0779 1175.9001 374.8927
v 61.0386 1174.2147 418.8604
v 58.2489 1116.6243 416.5661
v 58.2489 1116.6243 416.5661
v 61.0386 1174.2147 418.8604
v 20.1686 1117.6215 438.5865
v 61.0386 1174.2147 418.8604
v 22.9552 1175.1469 440.8783
v 20.1686 1117.6215 438.5865
v 0.0000 -25.5003 674.0000
v -0.3937 6.4718 674.1656
v -38.1051 -25.5009 652.0000
v -0.3937 6.4718 674.1656
v -38.4917 5.8333 652.1626
v -38.1051 -25.5009 652.0000
v -38.1051 -25.5009 652.0000
v -38.4917 5.8333 652.1626
v -38.1051 -25.5005 608.0000
v -38.4917 5.8333 652.1626
v -38.4963 6.2429 608.1646
v -38.1051 -25.5005 608.0000
v -38.1051 -25.5005 608.0000
v -38.4963 6.2429 608.1646
v -0.0000 -25.4997 586.0000
v -38.4963 6.2429 608.1646
v -0.4028 7.2910 586.1694
v -0.0000 -25.4997 586.0000
v -0.0000 -25.4997 586.0000
v -0.4028 7.2910 586.1694
v 38.1051 -25.4991 608.0000
v -0.4028 7.2910 586.1694
v 37.6953 7.9295 608.1724
v 38.1051 -25.4991 608.0000
v 38.1051 -25.4991 608.0000
v 37.6953 7.9295 608.1724
v 38.1051 -25.4995 652.0000
v 37.6953 7.9295 608.1724
v 37.6998 7.5200 652.1705
v 38.1051 -25.4995 652.0000
v 38.1051 -25.4995 652.0000
v 37.6998 7.5200 652.1705
v 0.0000 -25.5003 674.0000
v 37.6998 7.5200 652.1705
v -0.3937 6.4718 674.1656
v 0.0000 -25.5003 674.0000
v -0.3937 6.4718 674.1656
v -1.2685 38.7024 674.5336
v -38.4917 5.8333 652.1626
v -1.2685 38.7024 674.5336
v -39.3608 37.8448 652.5282
v -38.4917 5.8333 652.1626
v -38.4917 5.8333 652.1626
v -39.3608 37.8448 652.5282
v -38.4963 6.2429 608.1646
v -39.3608 37.8448 652.5282
v -39.3690 38.3949 608.5316
v -38.4963 6.2429 608.1646
v -38.4963 6.2429 608.1646
v -39.3690 38.3949 608.5316
v -0.4028 7.2910 586.1694
v -39.3690 38.3949 608.5316
v -1.2848 39.8026 586.5404
v -0.4028 7.2910 586.1694
v -0.4028 7.2910 586.1694
v -1.2848 39.8026 586.5404
v 37.6953 7.9295 608.1724
v -1.2848 39.8026 586.5404
v 36.8076 40.6601 608.5458
v 37.6953 7.9295 608.1724
v 37.6953 7.9295 608.1724
v 36.8076 40.6601 608.5458
v 37.6998 7.5200 652.1705
v 36.8076 40.6601 608.5458
v 36.8157 40.1100 652.5424
v 37.6998 7.5200 652.1705
v 37.6998 7.5200 652.1705
v 36.8157 40.1100 652.5424
v -0.3937 6.4718 674.1656
v 36.8157 40.1100 652.5424
v -1.2685 38.7024 674.5336
v -0.3937 6.4718 674.1656
v -1.2685 38.7024 674.5336
v -2.1641 71.1975 674.9103
v -39.3608 37.8448 652.5282
v -2.1641 71.1975 674.9103
v -40.2616 70.5340 652.9070
v -39.3608 37.8448 652.5282
v -39.3608 37.8448 652.5282
v -40.2616 70.5340 652.9070
v -39.3690 38.3949 608.5316
v -40.2616 70.5340 652.9070
v -40.2665 70.9596 608.9091
v -39.3690 38.3949 608.5316
v -39.3690 38.3949 608.5316
v -40.2665 70.9596 608.9091
v -1.2848 39.8026 586.5404
v -40.2665 70.9596 608.9091
v -2.1739 72.0487 586.9144
v -1.2848 39.8026 586.5404
v -1.2848 39.8026 586.5404
v -2.1739 72.0487 586.9144
v 36.8076 40.6601 608.5458
v -2.1739 72.0487 586.9144
v 35.9236 72.7121 608.9176
v 36.8076 40.6601 608.5458
v 36.8076 40.6601 608.5458
v 35.9236 72.7121 608.9176
v 36.8157 40.1100 652.5424
v 35.9236 72.7121 608.9176
v 35.9285 72.2865 652.9155
v 36.8157 40.1100 652.5424
v 36.8157 40.1100 652.5424
v 35.9285 72.2865 652.9155
v -1.2685 38.7024 674.5336
v 35.9285 72.2865 652.9155
v -2.1641 71.1975 674.9103
v -1.2685 38.7024 674.5336
v -2.1641 71.1975 674.9103
v -2.6095 103.9716 675.0976
v -40.2616 70.5340 652.9070
v -2.6095 103.9716 675.0976
v -40.7145 103.9210 653.0976
v -40.2616 70.5340 652.9070
v -40.2616 70.5340 652.9070
v -40.7145 103.9210 653.0976
v -40.2665 70.9596 608.9091
v -40.7145 103.9210 653.0976
v -40.7146 103.9534 609.0976
v -40.2665 70.9596 608.9091
v -40.2665 70.9596 608.9091
v -40.7146 103.9534 609.0976
v -2.1739 72.0487 586.9144
v -40.7146 103.9534 609.0976
v -2.6095 104.0364 587.0976
v -2.1739 72.0487 586.9144
v -2.1739 72.0487 586.9144
v -2.6095 104.0364 587.0976
v 35.9236 72.7121 608.9176
v -2.6095 104.0364 587.0976
v 35.4955 104.0870 609.0977
v 35.9236 72.7121 608.9176
v 35.9236 72.7121 608.9176
v 35.4955 104.0870 609.0977
v 35.9285 72.2865 652.9155
v 35.4955 104.0870 609.0977
v 35.4956 104.0546 653.0977
v 35.9285 72.2865 652.9155
v 35.9285 72.2865 652.9155
v 35.4956 104.0546 653.0977
v -2.1641 71.1975 674.9103
v 35.4956 104.0546 653.0977
v -2.6095 103.9716 675.0976
v -2.1641 71.1975 674.9103
v -2.6095 103.9716 675.0976
v -2.1091 137.0217 674.8871
v -40.7145 103.9210 653.0976
v -2.1091 137.0217 674.8871
v -40.1970 138.0179 652.8799
v -40.7145 103.9210 653.0976
v -40.7145 103.9210 653.0976
v -40.1970 138.0179 652.8799
v -40.7146 103.9534 609.0976
v -40.1970 138.0179 652.8799
v -40.2081 137.3789 608.8846
v -40.7146 103.9534 609.0976
v -40.7146 103.9534 609.0976
v -40.2081 137.3789 608.8846
v -2.6095 104.0364 587.0976
v -40.2081 137.3789 608.8846
v -2.1312 135.7436 586.8964
v -2.6095 104.0364 587.0976
v -2.6095 104.0364 587.0976
v -2.1312 135.7436 586.8964
v 35.4955 104.0870 609.0977
v -2.1312 135.7436 586.8964
v 35.9567 134.7474 608.9037
v 35.4955 104.0870 609.0977
v 35.4955 104.0870 609.0977
v 35.9567 134.7474 608.9037
v 35.4956 104.0546 653.0977
v 35.9567 134.7474 608.9037
v 35.9677 135.3864 652.8990
v 35.4956 104.0546 653.0977
v 35.4956 104.0546 653.0977
v 35.9677 135.3864 652.8990
v -2.6095 103.9716 675.0976
v 35.9677 135.3864 652.8990
v -2.1091 137.0217 674.8871
v -2.6095 103.9716 675.0976
v -2.1091 137.0217 674.8871
v -0.1356 170.2953 674.0571
v -40.1970 138.0179 652.8799
v -0.1356 170.2953 674.0571
v -38.1329 172.7872 652.0117
v -40.1970 138.0179 652.8799
v -40.1970 138.0179 652.8799
v -38.1329 172.7872 652.0117
v -40.2081 137.3789 608.8846
v -38.1329 172.7872 652.0117
v -38.2021 171.1887 608.0408
v -40.2081 137.3789 608.8846
v -40.2081 137.3789 608.8846
v -38.2021 171.1887 608.0408
v -2.1312 135.7436 586.8964
v -38.2021 171.1887 608.0408
v -0.2740 167.0982 586.1152
v -2.1312 135.7436 586.8964
v -2.1312 135.7436 586.8964
v -0.2740 167.0982 586.1152
v 35.9567 134.7474 608.9037
v -0.2740 167.0982 586.1152
v 37.7233 164.6063 608.1606
v 35.9567 134.7474 608.9037
v 35.9567 134.7474 608.9037
v 37.7233 164.6063 608.1606
v 35.9677 135.3864 652.8990
v 37.7233 164.6063 608.1606
v 37.7924 166.2048 652.1315
v 35.9677 135.3864 652.8990
v 35.9677 135.3864 652.8990
v 37.7924 166.2048 652.1315
v -2.1091 137.0217 674.8871
v 37.7924 166.2048 652.1315
v -0.1356 170.2953 674.0571
v -2.1091 137.0217 674.8871
v -0.1356 170.2953 674.0571
v 3.6931 203.4258 672.4466
v -38.1329 172.7872 652.0117
v 3.6931 203.4258 672.4466
v -34.1256 207.4794 650.3261
v -38.1329 172.7872 652.0117
v -38.1329 172.7872 652.0117
v -34.1256 207.4794 650.3261
v -38.2021 171.1887 608.0408
v -34.1256 207.4794 650.3261
v -34.3093 204.8791 606.4034
v -38.2021 171.1887 608.0408
v -38.2021 171.1887 608.0408
v -34.3093 204.8791 606.4034
v -0.2740 167.0982 586.1152
v -34.3093 204.8791 606.4034
v 3.3256 198.2251 584.6012
v -0.2740 167.0982 586.1152
v -0.2740 167.0982 586.1152
v 3.3256 198.2251 584.6012
v 37.7233 164.6063 608.1606
v 3.3256 198.2251 584.6012
v 41.1443 194.1715 606.7217
v 37.7233 164.6063 608.1606
v 37.7233 164.6063 608.1606
v 41.1443 194.1715 606.7217
v 37.7924 166.2048 652.1315
v 41.1443 194.1715 606.7217
v 41.3280 196.7718 650.6444
v 37.7924 166.2048 652.1315
v 37.7924 166.2048 652.1315
v 41.3280 196.7718 650.6444
v -0.1356 170.2953 674.0571
v 41.3280 196.7718 650.6444
v 3.6931 203.4258 672.4466
v -0.1356 170.2953 674.0571
v 3.6931 203.4258 672.4466
v 9.0261 236.0240 670.2034
v -34.1256 207.4794 650.3261
v 9.0261 236.0240 670.2034
v -28.6119 241.1907 648.0070
v -34.1256 207.4794 650.3261
v -34.1256 207.4794 650.3261
v -28.6119 241.1907 648.0070
v -34.3093 204.8791 606.4034
v -28.6119 241.1907 648.0070
v -28.9116 237.8764 604.1330
v -34.3093 204.8791 606.4034
v -34.3093 204.8791 606.4034
v -28.9116 237.8764 604.1330
v 3.3256 198.2251 584.6012
v -28.9116 237.8764 604.1330
v 8.4269 229.3953 582.4554
v 3.3256 198.2251 584.6012
v 3.3256 198.2251 584.6012
v 8.4269 229.3953 582.4554
v 41.1443 194.1715 606.7217
v 8.4269 229.3953 582.4554
v 46.0649 224.2286 604.6519
v 41.1443 194.1715 606.7217
v 41.1443 194.1715 606.7217
v 46.0649 224.2286 604.6519
v 41.3280 196.7718 650.6444
v 46.0649 224.2286 604.6519
v 46.3645 227.5429 648.5259
v 41.3280 196.7718 650.6444
v 41.3280 196.7718 650.6444
v 46.3645 227.5429 648.5259
v 3.6931 203.4258 672.4466
v 46.3645 227.5429 648.5259
v 9.0261 236.0240 670.2034
v 3.6931 203.4258 672.4466
v 9.0261 236.0240 670.2034
v 15.3234 268.1253 667.5546
v -28.6119 241.1907 648.0070
v 15.3234 268.1253 667.5546
v -22.1850 273.9571 645.3036
v -28.6119 241.1907 648.0070
v -28.6119 241.1907 648.0070
v -22.1850 273.9571 645.3036
v -28.9116 237.8764 604.1330
v -22.1850 273.9571 645.3036
v -22.5678 270.2162 601.4646
v -28.9116 237.8764 604.1330
v -28.9116 237.8764 604.1330
v -22.5678 270.2162 601.4646
v 8.4269 229.3953 582.4554
v -22.5678 270.2162 601.4646
v 14.5580 260.6435 579.8766
v 8.4269 229.3953 582.4554
v 8.4269 229.3953 582.4554
v 14.5580 260.6435 579.8766
v 46.0649 224.2286 604.6519
v 14.5580 260.6435 579.8766
v 52.0664 254.8117 602.1276
v 46.0649 224.2286 604.6519
v 46.0649 224.2286 604.6519
v 52.0664 254.8117 602.1276
v 46.3645 227.5429 648.5259
v 52.0664 254.8117 602.1276
v 52.4492 258.5527 645.9666
v 46.3645 227.5429 648.5259
v 46.3645 227.5429 648.5259
v 52.4492 258.5527 645.9666
v 9.0261 236.0240 670.2034
v 52.4492 258.5527 645.9666
v 15.3234 268.1253 667.5546
v 9.0261 236.0240 670.2034
v 15.3234 268.1253 667.5546
v 22.0681 299.8261 664.7177
v -22.1850 273.9571 645.3036
v 22.0681 299.8261 664.7177
v -15.3924 305.8846 642.4465
v -22.1850 273.9571 645.3036
v -22.1850 273.9571 645.3036
v -15.3924 305.8846 642.4465
v -22.5678 270.2162 601.4646
v -15.3924 305.8846 642.4465
v -15.8059 301.9982 598.6204
v -22.5678 270.2162 601.4646
v -22.5678 270.2162 601.4646
v -15.8059 301.9982 598.6204
v 14.5580 260.6435 579.8766
v -15.8059 301.9982 598.6204
v 21.2411 292.0533 577.0655
v 14.5580 260.6435 579.8766
v 14.5580 260.6435 579.8766
v 21.2411 292.0533 577.0655
v 52.0664 254.8117 602.1276
v 21.2411 292.0533 577.0655
v 58.7017 285.9949 599.3366
v 52.0664 254.8117 602.1276
v 52.0664 254.8117 602.1276
v 58.7017 285.9949 599.3366
v 52.4492 258.5527 645.9666
v 58.7017 285.9949 599.3366
v 59.1152 289.8812 643.1627
v 52.4492 258.5527 645.9666
v 52.4492 258.5527 645.9666
v 59.1152 289.8812 643.1627
v 15.3234 268.1253 667.5546
v 59.1152 289.8812 643.1627
v 22.0681 299.8261 664.7177
v 15.3234 268.1253 667.5546
v 22.0681 299.8261 664.7177
v 28.7651 331.2460 661.9008
v -15.3924 305.8846 642.4465
v 28.7651 331.2460 661.9008
v -8.7393 337.0976 639.6481
v -15.3924 305.8846 642.4465
v -15.3924 305.8846 642.4465
v -8.7393 337.0976 639.6481
v -15.8059 301.9982 598.6204
v -8.7393 337.0976 639.6481
v -9.1247 333.3439 595.8102
v -15.8059 301.9982 598.6204
v -15.8059 301.9982 598.6204
v -9.1247 333.3439 595.8102
v 21.2411 292.0533 577.0655
v -9.1247 333.3439 595.8102
v 27.9943 323.7386 574.2250
v 21.2411 292.0533 577.0655
v 21.2411 292.0533 577.0655
v 27.9943 323.7386 574.2250
v 58.7017 285.9949 599.3366
v 27.9943 323.7386 574.2250
v 65.4986 317.8870 596.4777
v 58.7017 285.9949 599.3366
v 58.7017 285.9949 599.3366
v 65.4986 317.8870 596.4777
v 59.1152 289.8812 643.1627
v 65.4986 317.8870 596.4777
v 65.8840 321.6406 640.3156
v 59.1152 289.8812 643.1627
v 59.1152 289.8812 643.1627
v 65.8840 321.6406 640.3156
v 22.0681 299.8261 664.7177
v 65.8840 321.6406 640.3156
v 28.7651 331.2460 661.9008
v 22.0681 299.8261 664.7177
v 28.7651 331.2460 661.9008
v 34.9319 362.4997 659.3068
v -8.7393 337.0976 639.6481
v 34.9319 362.4997 659.3068
v -2.6987 367.7070 637.1072
v -8.7393 337.0976 639.6481
v -8.7393 337.0976 639.6481
v -2.6987 367.7070 637.1072
v -9.1247 333.3439 595.8102
v -2.6987 367.7070 637.1072
v -3.0030 364.3666 593.2353
v -9.1247 333.3439 595.8102
v -9.1247 333.3439 595.8102
v -3.0030 364.3666 593.2353
v 27.9943 323.7386 574.2250
v -3.0030 364.3666 593.2353
v 34.3231 355.8189 571.5629
v 27.9943 323.7386 574.2250
v 27.9943 323.7386 574.2250
v 34.3231 355.8189 571.5629
v 65.4986 317.8870 596.4777
v 34.3231 355.8189 571.5629
v 71.9537 350.6115 593.7625
v 65.4986 317.8870 596.4777
v 65.4986 317.8870 596.4777
v 71.9537 350.6115 593.7625
v 65.8840 321.6406 640.3156
v 71.9537 350.6115 593.7625
v 72.2581 353.9519 637.6345
v 65.8840 321.6406 640.3156
v 65.8840 321.6406 640.3156
v 72.2581 353.9519 637.6345
v 28.7651 331.2460 661.9008
v 72.2581 353.9519 637.6345
v 34.9319 362.4997 659.3068
v 28.7651 331.2460 661.9008
v 210.0000 145.4998 -586.0000
v 210.4313 205.0836 -585.6275
v 171.8949 145.5001 -608.0000
v 210.4313 205.0836 -585.6275
v 172.3299 205.7315 -607.6243
v 171.8949 145.5001 -608.0000
v 171.8949 145.5001 -608.0000
v 172.3299 205.7315 -607.6243
v 171.8949 145.5004 -652.0000
v 172.3299 205.7315 -607.6243
v 172.3323 206.1627 -651.6222
v 171.8949 145.5004 -652.0000
v 171.8949 145.5004 -652.0000
v 172.3323 206.1627 -651.6222
v 210.0000 145.5002 -674.0000
v 172.3323 206.1627 -651.6222
v 210.4362 205.9459 -673.6232
v 210.0000 145.5002 -674.0000
v 210.0000 145.5002 -674.0000
v 210.4362 205.9459 -673.6232
v 248.1051 145.4999 -652.0000
v 210.4362 205.9459 -673.6232
v 248.5376 205.2980 -651.6264
v 248.1051 145.4999 -652.0000
v 248.1051 145.4999 -652.0000
v 248.5376 205.2980 -651.6264
v 248.1051 145.4996 -608.0000
v 248.5376 205.2980 -651.6264
v 248.5352 204.8669 -607.6285
v 248.1051 145.4996 -608.0000
v 248.1051 145.4996 -608.0000
v 248.5352 204.8669 -607.6285
v 210.0000 145.4998 -586.0000
v 248.5352 204.8669 -607.6285
v 210.4313 205.0836 -585.6275
v 210.0000 145.4998 -586.0000
v 210.4313 205.0836 -585.6275
v 210.9106 265.4800 -585.2136
v 172.3299 205.7315 -607.6243
v 210.9106 265.4800 -585.2136
v 172.8055 265.5521 -607.2135
v 172.3299 205.7315 -607.6243
v 172.3299 205.7315 -607.6243
v 172.8055 265.5521 -607.2135
v 172.3323 206.1627 -651.6222
v 172.8055 265.5521 -607.2135
v 172.8055 265.6000 -651.2135
v 172.3323 206.1627 -651.6222
v 172.3323 206.1627 -651.6222
v 172.8055 265.6000 -651.2135
v 210.4362 205.9459 -673.6232
v 172.8055 265.6000 -651.2135
v 210.9106 265.5759 -673.2135
v 210.4362 205.9459 -673.6232
v 210.4362 205.9459 -673.6232
v 210.9106 265.5759 -673.2135
v 248.5376 205.2980 -651.6264
v 210.9106 265.5759 -673.2135
v 249.0157 265.5039 -651.2136
v 248.5376 205.2980 -651.6264
v 248.5376 205.2980 -651.6264
v 249.0157 265.5039 -651.2136
v 248.5352 204.8669 -607.6285
v 249.0157 265.5039 -651.2136
v 249.0157 265.4560 -607.2136
v 248.5352 204.8669 -607.6285
v 248.5352 204.8669 -607.6285
v 249.0157 265.4560 -607.2136
v 210.4313 205.0836 -585.6275
v 249.0157 265.4560 -607.2136
v 210.9106 265.4800 -585.2136
v 210.4313 205.0836 -585.6275
v 210.9106 265.4800 -585.2136
v 210.3631 326.2871 -585.6863
v 172.8055 265.5521 -607.2135
v 210.3631 326.2871 -585.6863
v 172.2690 325.1651 -607.6768
v 172.8055 265.5521 -607.2135
v 172.8055 265.5521 -607.2135
v 172.2690 325.1651 -607.6768
v 172.8055 265.6000 -651.2135
v 172.2690 325.1651 -607.6768
v 172.2764 324.4185 -651.6705
v 172.8055 265.6000 -651.2135
v 172.8055 265.6000 -651.2135
v 172.2764 324.4185 -651.6705
v 210.9106 265.5759 -673.2135
v 172.2764 324.4185 -651.6705
v 210.3778 324.7939 -673.6737
v 210.9106 265.5759 -673.2135
v 210.9106 265.5759 -673.2135
v 210.3778 324.7939 -673.6737
v 249.0157 265.5039 -651.2136
v 210.3778 324.7939 -673.6737
v 248.4719 325.9158 -651.6832
v 249.0157 265.5039 -651.2136
v 249.0157 265.5039 -651.2136
v 248.4719 325.9158 -651.6832
v 249.0157 265.4560 -607.2136
v 248.4719 325.9158 -651.6832
v 248.4646 326.6624 -607.6896
v 249.0157 265.4560 -607.2136
v 249.0157 265.4560 -607.2136
v 248.4646 326.6624 -607.6896
v 210.9106 265.4800 -585.2136
v 248.4646 326.6624 -607.6896
v 210.3631 326.2871 -585.6863
v 210.9106 265.4800 -585.2136
v 210.3631 326.2871 -585.6863
v 208.6054 386.9006 -587.2045
v 172.2690 325.1651 -607.6768
v 208.6054 386.9006 -587.2045
v 170.5386 384.8096 -609.1714
v 172.2690 325.1651 -607.6768
v 172.2690 325.1651 -607.6768
v 170.5386 384.8096 -609.1714
v 172.2764 324.4185 -651.6705
v 170.5386 384.8096 -609.1714
v 170.5641 383.4181 -653.1494
v 172.2764 324.4185 -651.6705
v 172.2764 324.4185 -651.6705
v 170.5641 383.4181 -653.1494
v 210.3778 324.7939 -673.6737
v 170.5641 383.4181 -653.1494
v 208.6564 384.1176 -675.1605
v 210.3778 324.7939 -673.6737
v 210.3778 324.7939 -673.6737
v 208.6564 384.1176 -675.1605
v 248.4719 325.9158 -651.6832
v 208.6564 384.1176 -675.1605
v 246.7232 386.2086 -653.1935
v 248.4719 325.9158 -651.6832
v 248.4719 325.9158 -651.6832
v 246.7232 386.2086 -653.1935
v 248.4646 326.6624 -607.6896
v 246.7232 386.2086 -653.1935
v 246.6977 387.6002 -609.2156
v 248.4646 326.6624 -607.6896
v 248.4646 326.6624 -607.6896
v 246.6977 387.6002 -609.2156
v 210.3631 326.2871 -585.6863
v 246.6977 387.6002 -609.2156
v 208.6054 386.9006 -587.2045
v 210.3631 326.2871 -585.6863
v 208.6054 386.9006 -587.2045
v 206.0931 447.1787 -589.3744
v 170.5386 384.8096 -609.1714
v 206.0931 447.1787 -589.3744
v 168.0478 444.5654 -611.3227
v 170.5386 384.8096 -609.1714
v 170.5386 384.8096 -609.1714
v 168.0478 444.5654 -611.3227
v 170.5641 383.4181 -653.1494
v 168.0478 444.5654 -611.3227
v 168.0876 442.8263 -655.2883
v 170.5641 383.4181 -653.1494
v 170.5641 383.4181 -653.1494
v 168.0876 442.8263 -655.2883
v 208.6564 384.1176 -675.1605
v 168.0876 442.8263 -655.2883
v 206.1727 443.7006 -677.3055
v 208.6564 384.1176 -675.1605
v 208.6564 384.1176 -675.1605
v 206.1727 443.7006 -677.3055
v 246.7232 386.2086 -653.1935
v 206.1727 443.7006 -677.3055
v 244.2180 446.3138 -655.3572
v 246.7232 386.2086 -653.1935
v 246.7232 386.2086 -653.1935
v 244.2180 446.3138 -655.3572
v 246.6977 387.6002 -609.2156
v 244.2180 446.3138 -655.3572
v 244.1782 448.0529 -611.3917
v 246.6977 387.6002 -609.2156
v 246.6977 387.6002 -609.2156
v 244.1782 448.0529 -611.3917
v 208.6054 386.9006 -587.2045
v 244.1782 448.0529 -611.3917
v 206.0931 447.1787 -589.3744
v 208.6054 386.9006 -587.2045
v 206.0931 447.1787 -589.3744
v 203.1620 507.2754 -591.9059
v 168.0478 444.5654 -611.3227
v 203.1620 507.2754 -591.9059
v 165.1316 504.3557 -613.8414
v 168.0478 444.5654 -611.3227
v 168.0478 444.5654 -611.3227
v 165.1316 504.3557 -613.8414
v 168.0876 442.8263 -655.2883
v 165.1316 504.3557 -613.8414
v 165.1814 502.4127 -657.7984
v 168.0876 442.8263 -655.2883
v 168.0876 442.8263 -655.2883
v 165.1814 502.4127 -657.7984
v 206.1727 443.7006 -677.3055
v 165.1814 502.4127 -657.7984
v 203.2615 503.3894 -679.8200
v 206.1727 443.7006 -677.3055
v 206.1727 443.7006 -677.3055
v 203.2615 503.3894 -679.8200
v 244.2180 446.3138 -655.3572
v 203.2615 503.3894 -679.8200
v 241.2919 506.3091 -657.8845
v 244.2180 446.3138 -655.3572
v 244.2180 446.3138 -655.3572
v 241.2919 506.3091 -657.8845
v 244.1782 448.0529 -611.3917
v 241.2919 506.3091 -657.8845
v 241.2421 508.2521 -613.9275
v 244.1782 448.0529 -611.3917
v 244.1782 448.0529 -611.3917
v 241.2421 508.2521 -613.9275
v 206.0931 447.1787 -589.3744
v 241.2421 508.2521 -613.9275
v 203.1620 507.2754 -591.9059
v 206.0931 447.1787 -589.3744
v 203.1620 507.2754 -591.9059
v 199.9826 567.2693 -594.6520
v 165.1316 504.3557 -613.8414
v 199.9826 567.2693 -594.6520
v 161.9618 564.1677 -616.5791
v 165.1316 504.3557 -613.8414
v 165.1316 504.3557 -613.8414
v 161.9618 564.1677 -616.5791
v 165.1814 502.4127 -657.7984
v 161.9618 564.1677 -616.5791
v 162.0179 562.1035 -660.5306
v 165.1814 502.4127 -657.7984
v 165.1814 502.4127 -657.7984
v 162.0179 562.1035 -660.5306
v 203.2615 503.3894 -679.8200
v 162.0179 562.1035 -660.5306
v 200.0948 563.1412 -682.5550
v 203.2615 503.3894 -679.8200
v 203.2615 503.3894 -679.8200
v 200.0948 563.1412 -682.5550
v 241.2919 506.3091 -657.8845
v 200.0948 563.1412 -682.5550
v 238.1156 566.2429 -660.6279
v 241.2919 506.3091 -657.8845
v 241.2919 506.3091 -657.8845
v 238.1156 566.2429 -660.6279
v 241.2421 508.2521 -613.9275
v 238.1156 566.2429 -660.6279
v 238.0595 568.3070 -616.6763
v 241.2421 508.2521 -613.9275
v 241.2421 508.2521 -613.9275
v 238.0595 568.3070 -616.6763
v 203.1620 507.2754 -591.9059
v 238.0595 568.3070 -616.6763
v 199.9826 567.2693 -594.6520
v 203.1620 507.2754 -591.9059
v 199.9826 567.2693 -594.6520
v 196.6620 627.1911 -597.5200
v 161.9618 564.1677 -616.5791
v 196.6620 627.1911 -597.5200
v 158.6465 623.9929 -619.4425
v 161.9618 564.1677 -616.5791
v 161.9618 564.1677 -616.5791
v 158.6465 623.9929 -619.4425
v 162.0179 562.1035 -660.5306
v 158.6465 623.9929 -619.4425
v 158.7062 621.8646 -663.3909
v 162.0179 562.1035 -660.5306
v 162.0179 562.1035 -660.5306
v 158.7062 621.8646 -663.3909
v 200.0948 563.1412 -682.5550
v 158.7062 621.8646 -663.3909
v 196.7813 622.9345 -685.4169
v 200.0948 563.1412 -682.5550
v 200.0948 563.1412 -682.5550
v 196.7813 622.9345 -685.4169
v 238.1156 566.2429 -660.6279
v 196.7813 622.9345 -685.4169
v 234.7968 626.1327 -663.4943
v 238.1156 566.2429 -660.6279
v 238.1156 566.2429 -660.6279
v 234.7968 626.1327 -663.4943
v 238.0595 568.3070 -616.6763
v 234.7968 626.1327 -663.4943
v 234.7371 628.2610 -619.5458
v 238.0595 568.3070 -616.6763
v 238.0595 568.3070 -616.6763
v 234.7371 628.2610 -619.5458
v 199.9826 567.2693 -594.6520
v 234.7371 628.2610 -619.5458
v 196.6620 627.1911 -597.5200
v 199.9826 567.2693 -594.6520
v 196.6620 627.1911 -597.5200
v 193.2793 687.0621 -600.4415
v 158.6465 623.9929 -619.4425
v 193.2793 687.0621 -600.4415
v 155.2654 683.8359 -622.3627
v 158.6465 623.9929 -619.4425
v 158.6465 623.9929 -619.4425
v 155.2654 683.8359 -622.3627
v 158.7062 621.8646 -663.3909
v 155.2654 683.8359 -622.3627
v 155.3262 681.6891 -666.3102
v 158.7062 621.8646 -663.3909
v 158.7062 621.8646 -663.3909
v 155.3262 681.6891 -666.3102
v 196.7813 622.9345 -685.4169
v 155.3262 681.6891 -666.3102
v 193.4008 682.7683 -688.3366
v 196.7813 622.9345 -685.4169
v 196.7813 622.9345 -685.4169
v 193.4008 682.7683 -688.3366
v 234.7968 626.1327 -663.4943
v 193.4008 682.7683 -688.3366
v 231.4146 685.9944 -666.4154
v 234.7968 626.1327 -663.4943
v 234.7968 626.1327 -663.4943
v 231.4146 685.9944 -666.4154
v 234.7371 628.2610 -619.5458
v 231.4146 685.9944 -666.4154
v 231.3539 688.1413 -622.4679
v 234.7371 628.2610 -619.5458
v 234.7371 628.2610 -619.5458
v 231.3539 688.1413 -622.4679
v 196.6620 627.1911 -597.5200
v 231.3539 688.1413 -622.4679
v 193.2793 687.0621 -600.4415
v 196.6620 627.1911 -597.5200
v 193.2793 687.0621 -600.4415
v 189.9034 746.8899 -603.3572
v 155.2654 683.8359 -622.3627
v 189.9034 746.8899 -603.3572
v 151.8875 743.7000 -625.2802
v 155.2654 683.8359 -622.3627
v 155.2654 683.8359 -622.3627
v 151.8875 743.7000 -625.2802
v 155.3262 681.6891 -666.3102
v 151.8875 743.7000 -625.2802
v 151.9469 741.5773 -669.2289
v 155.3262 681.6891 -666.3102
v 155.3262 681.6891 -666.3102
v 151.9469 741.5773 -669.2289
v 193.4008 682.7683 -688.3366
v 151.9469 741.5773 -669.2289
v 190.0222 742.6444 -691.2547
v 193.4008 682.7683 -688.3366
v 193.4008 682.7683 -688.3366
v 190.0222 742.6444 -691.2547
v 231.4146 685.9944 -666.4154
v 190.0222 742.6444 -691.2547
v 228.0381 745.8342 -669.3317
v 231.4146 685.9944 -666.4154
v 231.4146 685.9944 -666.4154
v 228.0381 745.8342 -669.3317
v 231.3539 688.1413 -622.4679
v 228.0381 745.8342 -669.3317
v 227.9787 747.9570 -625.3830
v 231.3539 688.1413 -622.4679
v 231.3539 688.1413 -622.4679
v 227.9787 747.9570 -625.3830
v 193.2793 687.0621 -600.4415
v 227.9787 747.9570 -625.3830
v 189.9034 746.8899 -603.3572
v 193.2793 687.0621 -600.4415
v 189.9034 746.8899 -603.3572
v 186.6039 806.6796 -606.2070
v 151.8875 743.7000 -625.2802
v 186.6039 806.6796 -606.2070
v 148.5821 803.5959 -628.1350
v 151.8875 743.7000 -625.2802
v 151.8875 743.7000 -625.2802
v 148.5821 803.5959 -628.1350
v 151.9469 741.5773 -669.2289
v 148.5821 803.5959 -628.1350
v 148.6376 801.5439 -672.0871
v 151.9469 741.5773 -669.2289
v 151.9469 741.5773 -669.2289
v 148.6376 801.5439 -672.0871
v 190.0222 742.6444 -691.2547
v 148.6376 801.5439 -672.0871
v 186.7148 802.5754 -694.1112
v 190.0222 742.6444 -691.2547
v 190.0222 742.6444 -691.2547
v 186.7148 802.5754 -694.1112
v 228.0381 745.8342 -669.3317
v 186.7148 802.5754 -694.1112
v 224.7366 805.6591 -672.1832
v 228.0381 745.8342 -669.3317
v 228.0381 745.8342 -669.3317
v 224.7366 805.6591 -672.1832
v 227.9787 747.9570 -625.3830
v 224.7366 805.6591 -672.1832
v 224.6811 807.7112 -628.2311
v 227.9787 747.9570 -625.3830
v 227.9787 747.9570 -625.3830
v 224.6811 807.7112 -628.2311
v 189.9034 746.8899 -603.3572
v 224.6811 807.7112 -628.2311
v 186.6039 806.6796 -606.2070
v 189.9034 746.8899 -603.3572
v 186.6039 806.6796 -606.2070
v 183.4632 866.4224 -608.9196
v 148.5821 803.5959 -628.1350
v 183.4632 866.4224 -608.9196
v 145.4313 863.5336 -630.8564
v 148.5821 803.5959 -628.1350
v 148.5821 803.5959 -628.1350
v 145.4313 863.5336 -630.8564
v 148.6376 801.5439 -672.0871
v 145.4313 863.5336 -630.8564
v 145.4799 861.6113 -674.8143
v 148.6376 801.5439 -672.0871
v 148.6376 801.5439 -672.0871
v 145.4799 861.6113 -674.8143
v 186.7148 802.5754 -694.1112
v 145.4799 861.6113 -674.8143
v 183.5606 862.5776 -696.8355
v 186.7148 802.5754 -694.1112
v 186.7148 802.5754 -694.1112
v 183.5606 862.5776 -696.8355
v 224.7366 805.6591 -672.1832
v 183.5606 862.5776 -696.8355
v 221.5926 865.4664 -674.8987
v 224.7366 805.6591 -672.1832
v 224.7366 805.6591 -672.1832
v 221.5926 865.4664 -674.8987
v 224.6811 807.7112 -628.2311
v 221.5926 865.4664 -674.8987
v 221.5439 867.3887 -630.9407
v 224.6811 807.7112 -628.2311
v 224.6811 807.7112 -628.2311
v 221.5439 867.3887 -630.9407
v 186.6039 806.6796 -606.2070
v 221.5439 867.3887 -630.9407
v 183.4632 866.4224 -608.9196
v 186.6039 806.6796 -606.2070
v 254.0000 316.4993 -378.0000
v 254.3857 349.8071 -377.6017
v 232.0000 316.4990 -339.8949
v 254.3857 349.8071 -377.6017
v 232.3820 349.4487 -339.5005
v 232.0000 316.4990 -339.8949
v 232.0000 316.4990 -339.8949
v 232.3820 349.4487 -339.5005
v 188.0000 316.4997 -339.8949
v 232.3820 349.4487 -339.5005
v 188.3914 350.3581 -339.4908
v 188.0000 316.4997 -339.8949
v 188.0000 316.4997 -339.8949
v 188.3914 350.3581 -339.4908
v 166.0000 316.5007 -378.0000
v 188.3914 350.3581 -339.4908
v 166.4045 351.6259 -377.5823
v 166.0000 316.5007 -378.0000
v 166.0000 316.5007 -378.0000
v 166.4045 351.6259 -377.5823
v 188.0000 316.5010 -416.1051
v 166.4045 351.6259 -377.5823
v 188.4082 351.9843 -415.6837
v 188.0000 316.5010 -416.1051
v 188.0000 316.5010 -416.1051
v 188.4082 351.9843 -415.6837
v 232.0000 316.5003 -416.1051
v 188.4082 351.9843 -415.6837
v 232.3988 351.0749 -415.6934
v 232.0000 316.5003 -416.1051
v 232.0000 316.5003 -416.1051
v 232.3988 351.0749 -415.6934
v 254.0000 316.4993 -378.0000
v 232.3988 351.0749 -415.6934
v 254.3857 349.8071 -377.6017
v 254.0000 316.4993 -378.0000
v 254.3857 349.8071 -377.6017
v 255.2319 383.7418 -376.7281
v 232.3820 349.4487 -339.5005
v 255.2319 383.7418 -376.7281
v 233.2258 383.2787 -338.6294
v 232.3820 349.4487 -339.5005
v 232.3820 349.4487 -339.5005
v 233.2258 383.2787 -338.6294
v 188.3914 350.3581 -339.4908
v 233.2258 383.2787 -338.6294
v 189.2415 384.4538 -338.6132
v 188.3914 350.3581 -339.4908
v 188.3914 350.3581 -339.4908
v 189.2415 384.4538 -338.6132
v 166.4045 351.6259 -377.5823
v 189.2415 384.4538 -338.6132
v 167.2634 386.0919 -376.6957
v 166.4045 351.6259 -377.5823
v 166.4045 351.6259 -377.5823
v 167.2634 386.0919 -376.6957
v 188.4082 351.9843 -415.6837
v 167.2634 386.0919 -376.6957
v 189.2695 386.5551 -414.7945
v 188.4082 351.9843 -415.6837
v 188.4082 351.9843 -415.6837
v 189.2695 386.5551 -414.7945
v 232.3988 351.0749 -415.6934
v 189.2695 386.5551 -414.7945
v 233.2538 385.3799 -414.8107
v 232.3988 351.0749 -415.6934
v 232.3988 351.0749 -415.6934
v 233.2538 385.3799 -414.8107
v 254.3857 349.8071 -377.6017
v 233.2538 385.3799 -414.8107
v 255.2319 383.7418 -376.7281
v 254.3857 349.8071 -377.6017
v 255.2319 383.7418 -376.7281
v 256.0484 418.3245 -375.8852
v 233.2258 383.2787 -338.6294
v 256.0484 418.3245 -375.8852
v 234.0456 418.0112 -337.7830
v 233.2258 383.2787 -338.6294
v 233.2258 383.2787 -338.6294
v 234.0456 418.0112 -337.7830
v 189.2415 384.4538 -338.6132
v 234.0456 418.0112 -337.7830
v 190.0528 418.8061 -337.7756
v 189.2415 384.4538 -338.6132
v 189.2415 384.4538 -338.6132
v 190.0528 418.8061 -337.7756
v 167.2634 386.0919 -376.6957
v 190.0528 418.8061 -337.7756
v 168.0628 419.9142 -375.8704
v 167.2634 386.0919 -376.6957
v 167.2634 386.0919 -376.6957
v 168.0628 419.9142 -375.8704
v 189.2695 386.5551 -414.7945
v 168.0628 419.9142 -375.8704
v 190.0656 420.2275 -413.9726
v 189.2695 386.5551 -414.7945
v 189.2695 386.5551 -414.7945
v 190.0656 420.2275 -413.9726
v 233.2538 385.3799 -414.8107
v 190.0656 420.2275 -413.9726
v 234.0584 419.4326 -413.9800
v 233.2538 385.3799 -414.8107
v 233.2538 385.3799 -414.8107
v 234.0584 419.4326 -413.9800
v 255.2319 383.7418 -376.7281
v 234.0584 419.4326 -413.9800
v 256.0484 418.3245 -375.8852
v 255.2319 383.7418 -376.7281
v 256.0484 418.3245 -375.8852
v 256.3169 453.5659 -375.6081
v 234.0456 418.0112 -337.7830
v 256.3169 453.5659 -375.6081
v 234.3167 453.6556 -337.5032
v 234.0456 418.0112 -337.7830
v 234.0456 418.0112 -337.7830
v 234.3167 453.6556 -337.5032
v 190.0528 418.8061 -337.7756
v 234.3167 453.6556 -337.5032
v 190.3172 453.4279 -337.5026
v 190.0528 418.8061 -337.7756
v 190.0528 418.8061 -337.7756
v 190.3172 453.4279 -337.5026
v 168.0628 419.9142 -375.8704
v 190.3172 453.4279 -337.5026
v 168.3181 453.1104 -375.6068
v 168.0628 419.9142 -375.8704
v 168.0628 419.9142 -375.8704
v 168.3181 453.1104 -375.6068
v 190.0656 420.2275 -413.9726
v 168.3181 453.1104 -375.6068
v 190.3183 453.0206 -413.7117
v 190.0656 420.2275 -413.9726
v 190.0656 420.2275 -413.9726
v 190.3183 453.0206 -413.7117
v 234.0584 419.4326 -413.9800
v 190.3183 453.0206 -413.7117
v 234.3177 453.2484 -413.7123
v 234.0584 419.4326 -413.9800
v 234.0584 419.4326 -413.9800
v 234.3177 453.2484 -413.7123
v 256.0484 418.3245 -375.8852
v 234.3177 453.2484 -413.7123
v 256.3169 453.5659 -375.6081
v 256.0484 418.3245 -375.8852
v 256.3169 453.5659 -375.6081
v 255.4995 489.4116 -376.4519
v 234.3167 453.6556 -337.5032
v 255.4995 489.4116 -376.4519
v 233.4838 490.1499 -338.3630
v 234.3167 453.6556 -337.5032
v 234.3167 453.6556 -337.5032
v 233.4838 490.1499 -338.3630
v 190.3172 453.4279 -337.5026
v 233.4838 490.1499 -338.3630
v 189.5237 488.2765 -338.3218
v 190.3172 453.4279 -337.5026
v 190.3172 453.4279 -337.5026
v 189.5237 488.2765 -338.3218
v 168.3181 453.1104 -375.6068
v 189.5237 488.2765 -338.3218
v 167.5794 485.6647 -376.3695
v 168.3181 453.1104 -375.6068
v 168.3181 453.1104 -375.6068
v 167.5794 485.6647 -376.3695
v 190.3183 453.0206 -413.7117
v 167.5794 485.6647 -376.3695
v 189.5951 484.9264 -414.4583
v 190.3183 453.0206 -413.7117
v 190.3183 453.0206 -413.7117
v 189.5951 484.9264 -414.4583
v 234.3177 453.2484 -413.7123
v 189.5951 484.9264 -414.4583
v 233.5552 486.7998 -414.4996
v 234.3177 453.2484 -413.7123
v 234.3177 453.2484 -413.7123
v 233.5552 486.7998 -414.4996
v 256.3169 453.5659 -375.6081
v 233.5552 486.7998 -414.4996
v 255.4995 489.4116 -376.4519
v 256.3169 453.5659 -375.6081
v 255.4995 489.4116 -376.4519
v 253.0723 525.6409 -378.9578
v 233.4838 490.1499 -338.3630
v 253.0723 525.6409 -378.9578
v 230.9987 527.2350 -340.9287
v 233.4838 490.1499 -338.3630
v 233.4838 490.1499 -338.3630
v 230.9987 527.2350 -340.9287
v 189.5237 488.2765 -338.3218
v 230.9987 527.2350 -340.9287
v 187.1854 523.1899 -340.7359
v 189.5237 488.2765 -338.3218
v 189.5237 488.2765 -338.3218
v 187.1854 523.1899 -340.7359
v 167.5794 485.6647 -376.3695
v 187.1854 523.1899 -340.7359
v 165.4458 517.5507 -378.5722
v 167.5794 485.6647 -376.3695
v 167.5794 485.6647 -376.3695
v 165.4458 517.5507 -378.5722
v 189.5951 484.9264 -414.4583
v 165.4458 517.5507 -378.5722
v 187.5194 515.9566 -416.6013
v 189.5951 484.9264 -414.4583
v 189.5951 484.9264 -414.4583
v 187.5194 515.9566 -416.6013
v 233.5552 486.7998 -414.4996
v 187.5194 515.9566 -416.6013
v 231.3326 520.0017 -416.7941
v 233.5552 486.7998 -414.4996
v 233.5552 486.7998 -414.4996
v 231.3326 520.0017 -416.7941
v 255.4995 489.4116 -376.4519
v 231.3326 520.0017 -416.7941
v 253.0723 525.6409 -378.9578
v 255.4995 489.4116 -376.4519
v 253.0723 525.6409 -378.9578
v 248.9615 561.2290 -383.2017
v 230.9987 527.2350 -340.9287
v 248.9615 561.2290 -383.2017
v 226.8053 563.5456 -345.2579
v 230.9987 527.2350 -340.9287
v 230.9987 527.2350 -340.9287
v 226.8053 563.5456 -345.2579
v 187.1854 523.1899 -340.7359
v 226.8053 563.5456 -345.2579
v 183.2017 557.6670 -344.8486
v 187.1854 523.1899 -340.7359
v 187.1854 523.1899 -340.7359
v 183.2017 557.6670 -344.8486
v 165.4458 517.5507 -378.5722
v 183.2017 557.6670 -344.8486
v 161.7543 549.4718 -382.3832
v 165.4458 517.5507 -378.5722
v 165.4458 517.5507 -378.5722
v 161.7543 549.4718 -382.3832
v 187.5194 515.9566 -416.6013
v 161.7543 549.4718 -382.3832
v 183.9105 547.1551 -420.3271
v 187.5194 515.9566 -416.6013
v 187.5194 515.9566 -416.6013
v 183.9105 547.1551 -420.3271
v 231.3326 520.0017 -416.7941
v 183.9105 547.1551 -420.3271
v 227.5141 553.0337 -420.7363
v 231.3326 520.0017 -416.7941
v 231.3326 520.0017 -416.7941
v 227.5141 553.0337 -420.7363
v 253.0723 525.6409 -378.9578
v 227.5141 553.0337 -420.7363
v 248.9615 561.2290 -383.2017
v 253.0723 525.6409 -378.9578
v 248.9615 561.2290 -383.2017
v 243.6904 595.8851 -388.6436
v 226.8053 563.5456 -345.2579
v 243.6904 595.8851 -388.6436
v 221.4613 598.6849 -350.7751
v 226.8053 563.5456 -345.2579
v 226.8053 563.5456 -345.2579
v 221.4613 598.6849 -350.7751
v 183.2017 557.6670 -344.8486
v 221.4613 598.6849 -350.7751
v 178.0428 591.5804 -350.1747
v 183.2017 557.6670 -344.8486
v 183.2017 557.6670 -344.8486
v 178.0428 591.5804 -350.1747
v 161.7543 549.4718 -382.3832
v 178.0428 591.5804 -350.1747
v 156.8535 581.6761 -387.4429
v 161.7543 549.4718 -382.3832
v 161.7543 549.4718 -382.3832
v 156.8535 581.6761 -387.4429
v 183.9105 547.1551 -420.3271
v 156.8535 581.6761 -387.4429
v 179.0826 578.8763 -425.3114
v 183.9105 547.1551 -420.3271
v 183.9105 547.1551 -420.3271
v 179.0826 578.8763 -425.3114
v 227.5141 553.0337 -420.7363
v 179.0826 578.8763 -425.3114
v 222.5011 585.9808 -425.9118
v 227.5141 553.0337 -420.7363
v 227.5141 553.0337 -420.7363
v 222.5011 585.9808 -425.9118
v 248.9615 561.2290 -383.2017
v 222.5011 585.9808 -425.9118
v 243.6904 595.8851 -388.6436
v 248.9615 561.2290 -383.2017
v 243.6904 595.8851 -388.6436
v 237.7444 629.7536 -394.7823
v 221.4613 598.6849 -350.7751
v 237.7444 629.7536 -394.7823
v 215.4680 632.8242 -356.9626
v 221.4613 598.6849 -350.7751
v 221.4613 598.6849 -350.7751
v 215.4680 632.8242 -356.9626
v 178.0428 591.5804 -350.1747
v 215.4680 632.8242 -356.9626
v 172.1694 625.0325 -356.2384
v 178.0428 591.5804 -350.1747
v 178.0428 591.5804 -350.1747
v 172.1694 625.0325 -356.2384
v 156.8535 581.6761 -387.4429
v 172.1694 625.0325 -356.2384
v 151.1472 614.1703 -393.3340
v 156.8535 581.6761 -387.4429
v 156.8535 581.6761 -387.4429
v 151.1472 614.1703 -393.3340
v 179.0826 578.8763 -425.3114
v 151.1472 614.1703 -393.3340
v 173.4237 611.0998 -431.1537
v 179.0826 578.8763 -425.3114
v 179.0826 578.8763 -425.3114
v 173.4237 611.0998 -431.1537
v 222.5011 585.9808 -425.9118
v 173.4237 611.0998 -431.1537
v 216.7222 618.8914 -431.8779
v 222.5011 585.9808 -425.9118
v 222.5011 585.9808 -425.9118
v 216.7222 618.8914 -431.8779
v 243.6904 595.8851 -388.6436
v 216.7222 618.8914 -431.8779
v 237.7444 629.7536 -394.7823
v 243.6904 595.8851 -388.6436
v 237.7444 629.7536 -394.7823
v 231.5422 663.0012 -401.1854
v 215.4680 632.8242 -356.9626
v 231.5422 663.0012 -401.1854
v 209.2517 666.1477 -363.3802
v 215.4680 632.8242 -356.9626
v 215.4680 632.8242 -356.9626
v 209.2517 666.1477 -363.3802
v 172.1694 625.0325 -356.2384
v 209.2517 666.1477 -363.3802
v 165.9889 658.1634 -362.6191
v 172.1694 625.0325 -356.2384
v 172.1694 625.0325 -356.2384
v 165.9889 658.1634 -362.6191
v 151.1472 614.1703 -393.3340
v 165.9889 658.1634 -362.6191
v 145.0166 647.0325 -399.6632
v 151.1472 614.1703 -393.3340
v 151.1472 614.1703 -393.3340
v 145.0166 647.0325 -399.6632
v 173.4237 611.0998 -431.1537
v 145.0166 647.0325 -399.6632
v 167.3071 643.8860 -437.4684
v 173.4237 611.0998 -431.1537
v 173.4237 611.0998 -431.1537
v 167.3071 643.8860 -437.4684
v 216.7222 618.8914 -431.8779
v 167.3071 643.8860 -437.4684
v 210.5699 651.8704 -438.2295
v 216.7222 618.8914 -431.8779
v 216.7222 618.8914 -431.8779
v 210.5699 651.8704 -438.2295
v 237.7444 629.7536 -394.7823
v 210.5699 651.8704 -438.2295
v 231.5422 663.0012 -401.1854
v 237.7444 629.7536 -394.7823
v 231.5422 663.0012 -401.1854
v 225.4661 695.7817 -407.4584
v 209.2517 666.1477 -363.3802
v 225.4661 695.7817 -407.4584
v 203.1965 698.8145 -369.6315
v 209.2517 666.1477 -363.3802
v 209.2517 666.1477 -363.3802
v 203.1965 698.8145 -369.6315
v 165.9889 658.1634 -362.6191
v 203.1965 698.8145 -369.6315
v 159.8805 691.1187 -368.9254
v 165.9889 658.1634 -362.6191
v 165.9889 658.1634 -362.6191
v 159.8805 691.1187 -368.9254
v 145.0166 647.0325 -399.6632
v 159.8805 691.1187 -368.9254
v 138.8341 680.3900 -406.0461
v 145.0166 647.0325 -399.6632
v 145.0166 647.0325 -399.6632
v 138.8341 680.3900 -406.0461
v 167.3071 643.8860 -437.4684
v 138.8341 680.3900 -406.0461
v 161.1037 677.3572 -443.8729
v 167.3071 643.8860 -437.4684
v 167.3071 643.8860 -437.4684
v 161.1037 677.3572 -443.8729
v 210.5699 651.8704 -438.2295
v 161.1037 677.3572 -443.8729
v 204.4196 685.0530 -444.5790
v 210.5699 651.8704 -438.2295
v 210.5699 651.8704 -438.2295
v 204.4196 685.0530 -444.5790
v 231.5422 663.0012 -401.1854
v 204.4196 685.0530 -444.5790
v 225.4661 695.7817 -407.4584
v 231.5422 663.0012 -401.1854
v 225.4661 695.7817 -407.4584
v 219.8884 728.2148 -413.2168
v 203.1965 698.8145 -369.6315
v 219.8884 728.2148 -413.2168
v 197.6720 730.9368 -375.3351
v 203.1965 698.8145 -369.6315
v 203.1965 698.8145 -369.6315
v 197.6720 730.9368 -375.3351
v 159.8805 691.1187 -368.9254
v 197.6720 730.9368 -375.3351
v 154.2212 724.0297 -374.7681
v 159.8805 691.1187 -368.9254
v 159.8805 691.1187 -368.9254
v 154.2212 724.0297 -374.7681
v 138.8341 680.3900 -406.0461
v 154.2212 724.0297 -374.7681
v 132.9869 714.4006 -412.0827
v 138.8341 680.3900 -406.0461
v 138.8341 680.3900 -406.0461
v 132.9869 714.4006 -412.0827
v 161.1037 677.3572 -443.8729
v 132.9869 714.4006 -412.0827
v 155.2033 711.6786 -449.9644
v 161.1037 677.3572 -443.8729
v 161.1037 677.3572 -443.8729
v 155.2033 711.6786 -449.9644
v 204.4196 685.0530 -444.5790
v 155.2033 711.6786 -449.9644
v 198.6541 718.5858 -450.5314
v 204.4196 685.0530 -444.5790
v 204.4196 685.0530 -444.5790
v 198.6541 718.5858 -450.5314
v 225.4661 695.7817 -407.4584
v 198.6541 718.5858 -450.5314
v 219.8884 728.2148 -413.2168
v 225.4661 695.7817 -407.4584
v 254.0000 487.4998 -126.0000
v 254.1280 529.0869 -125.8094
v 232.0000 487.4997 -87.8949
v 254.1280 529.0869 -125.8094
v 232.1275 528.9002 -87.7050
v 232.0000 487.4997 -87.8949
v 232.0000 487.4997 -87.8949
v 232.1275 528.9002 -87.7050
v 188.0000 487.4999 -87.8949
v 232.1275 528.9002 -87.7050
v 188.1281 529.1366 -87.7041
v 188.0000 487.4999 -87.8949
v 188.0000 487.4999 -87.8949
v 188.1281 529.1366 -87.7041
v 166.0000 487.5002 -126.0000
v 188.1281 529.1366 -87.7041
v 166.1292 529.5595 -125.8075
v 166.0000 487.5002 -126.0000
v 166.0000 487.5002 -126.0000
v 166.1292 529.5595 -125.8075
v 188.0000 487.5003 -164.1051
v 166.1292 529.5595 -125.8075
v 188.1297 529.7462 -163.9119
v 188.0000 487.5003 -164.1051
v 188.0000 487.5003 -164.1051
v 188.1297 529.7462 -163.9119
v 232.0000 487.5001 -164.1051
v 188.1297 529.7462 -163.9119
v 232.1291 529.5099 -163.9128
v 232.0000 487.5001 -164.1051
v 232.0000 487.5001 -164.1051
v 232.1291 529.5099 -163.9128
v 254.0000 487.4998 -126.0000
v 232.1291 529.5099 -163.9128
v 254.1280 529.0869 -125.8094
v 254.0000 487.4998 -126.0000
v 254.1280 529.0869 -125.8094
v 254.3752 570.9012 -125.4412
v 232.1275 528.9002 -87.7050
v 254.3752 570.9012 -125.4412
v 232.3746 570.7091 -87.3369
v 232.1275 528.9002 -87.7050
v 232.1275 528.9002 -87.7050
v 232.3746 570.7091 -87.3369
v 188.1281 529.1366 -87.7041
v 232.3746 570.7091 -87.3369
v 188.3753 570.9523 -87.3359
v 188.1281 529.1366 -87.7041
v 188.1281 529.1366 -87.7041
v 188.3753 570.9523 -87.3359
v 166.1292 529.5595 -125.8075
v 188.3753 570.9523 -87.3359
v 166.3765 571.3876 -125.4392
v 166.1292 529.5595 -125.8075
v 166.1292 529.5595 -125.8075
v 166.3765 571.3876 -125.4392
v 188.1297 529.7462 -163.9119
v 166.3765 571.3876 -125.4392
v 188.3770 571.5797 -163.5436
v 188.1297 529.7462 -163.9119
v 188.1297 529.7462 -163.9119
v 188.3770 571.5797 -163.5436
v 232.1291 529.5099 -163.9128
v 188.3770 571.5797 -163.5436
v 232.3764 571.3365 -163.5446
v 232.1291 529.5099 -163.9128
v 232.1291 529.5099 -163.9128
v 232.3764 571.3365 -163.5446
v 254.1280 529.0869 -125.8094
v 232.3764 571.3365 -163.5446
v 254.3752 570.9012 -125.4412
v 254.1280 529.0869 -125.8094
v 254.3752 570.9012 -125.4412
v 254.5168 612.9484 -125.2303
v 232.3746 570.7091 -87.3369
v 254.5168 612.9484 -125.2303
v 232.5168 612.9337 -87.1252
v 232.3746 570.7091 -87.3369
v 232.3746 570.7091 -87.3369
v 232.5168 612.9337 -87.1252
v 188.3753 570.9523 -87.3359
v 232.5168 612.9337 -87.1252
v 188.5168 612.9523 -87.1252
v 188.3753 570.9523 -87.3359
v 188.3753 570.9523 -87.3359
v 188.5168 612.9523 -87.1252
v 166.3765 571.3876 -125.4392
v 188.5168 612.9523 -87.1252
v 166.5168 612.9855 -125.2303
v 166.3765 571.3876 -125.4392
v 166.3765 571.3876 -125.4392
v 166.5168 612.9855 -125.2303
v 188.3770 571.5797 -163.5436
v 166.5168 612.9855 -125.2303
v 188.5168 613.0002 -163.3354
v 188.3770 571.5797 -163.5436
v 188.3770 571.5797 -163.5436
v 188.5168 613.0002 -163.3354
v 232.3764 571.3365 -163.5446
v 188.5168 613.0002 -163.3354
v 232.5168 612.9816 -163.3354
v 232.3764 571.3365 -163.5446
v 232.3764 571.3365 -163.5446
v 232.5168 612.9816 -163.3354
v 254.3752 570.9012 -125.4412
v 232.5168 612.9816 -163.3354
v 254.5168 612.9484 -125.2303
v 254.3752 570.9012 -125.4412
v 254.5168 612.9484 -125.2303
v 254.3556 655.1646 -125.4704
v 232.5168 612.9337 -87.1252
v 254.3556 655.1646 -125.4704
v 232.3544 655.4612 -87.3671
v 232.5168 612.9337 -87.1252
v 232.5168 612.9337 -87.1252
v 232.3544 655.4612 -87.3671
v 188.5168 612.9523 -87.1252
v 232.3544 655.4612 -87.3671
v 188.3560 655.0858 -87.3647
v 188.5168 612.9523 -87.1252
v 188.5168 612.9523 -87.1252
v 188.3560 655.0858 -87.3647
v 166.5168 612.9855 -125.2303
v 188.3560 655.0858 -87.3647
v 166.3588 654.4138 -125.4656
v 166.5168 612.9855 -125.2303
v 166.5168 612.9855 -125.2303
v 166.3588 654.4138 -125.4656
v 188.5168 613.0002 -163.3354
v 166.3588 654.4138 -125.4656
v 188.3601 654.1173 -163.5688
v 188.5168 613.0002 -163.3354
v 188.5168 613.0002 -163.3354
v 188.3601 654.1173 -163.5688
v 232.5168 612.9816 -163.3354
v 188.3601 654.1173 -163.5688
v 232.3585 654.4927 -163.5712
v 232.5168 612.9816 -163.3354
v 232.5168 612.9816 -163.3354
v 232.3585 654.4927 -163.5712
v 254.5168 612.9484 -125.2303
v 232.3585 654.4927 -163.5712
v 254.3556 655.1646 -125.4704
v 254.5168 612.9484 -125.2303
v 254.3556 655.1646 -125.4704
v 253.7699 697.4408 -126.3427
v 232.3544 655.4612 -87.3671
v 253.7699 697.4408 -126.3427
v 231.7635 698.1060 -88.2471
v 232.3544 655.4612 -87.3671
v 232.3544 655.4612 -87.3671
v 231.7635 698.1060 -88.2471
v 188.3560 655.0858 -87.3647
v 231.7635 698.1060 -88.2471
v 187.7716 697.2638 -88.2351
v 188.3560 655.0858 -87.3647
v 188.3560 655.0858 -87.3647
v 187.7716 697.2638 -88.2351
v 166.3588 654.4138 -125.4656
v 187.7716 697.2638 -88.2351
v 165.7860 695.7565 -126.3187
v 166.3588 654.4138 -125.4656
v 166.3588 654.4138 -125.4656
v 165.7860 695.7565 -126.3187
v 188.3601 654.1173 -163.5688
v 165.7860 695.7565 -126.3187
v 187.7924 695.0913 -164.4143
v 188.3601 654.1173 -163.5688
v 188.3601 654.1173 -163.5688
v 187.7924 695.0913 -164.4143
v 232.3585 654.4927 -163.5712
v 187.7924 695.0913 -164.4143
v 231.7843 695.9335 -164.4263
v 232.3585 654.4927 -163.5712
v 232.3585 654.4927 -163.5712
v 231.7843 695.9335 -164.4263
v 254.3556 655.1646 -125.4704
v 231.7843 695.9335 -164.4263
v 253.7699 697.4408 -126.3427
v 254.3556 655.1646 -125.4704
v 253.7699 697.4408 -126.3427
v 252.7860 739.5725 -127.8081
v 231.7635 698.1060 -88.2471
v 252.7860 739.5725 -127.8081
v 230.7733 740.5094 -89.7218
v 231.7635 698.1060 -88.2471
v 231.7635 698.1060 -88.2471
v 230.7733 740.5094 -89.7218
v 187.7716 697.2638 -88.2351
v 230.7733 740.5094 -89.7218
v 186.7894 739.3232 -89.6980
v 187.7716 697.2638 -88.2351
v 187.7716 697.2638 -88.2351
v 186.7894 739.3232 -89.6980
v 165.7860 695.7565 -126.3187
v 186.7894 739.3232 -89.6980
v 164.8180 737.2000 -127.7604
v 165.7860 695.7565 -126.3187
v 165.7860 695.7565 -126.3187
v 164.8180 737.2000 -127.7604
v 187.7924 695.0913 -164.4143
v 164.8180 737.2000 -127.7604
v 186.8306 736.2630 -165.8467
v 187.7924 695.0913 -164.4143
v 187.7924 695.0913 -164.4143
v 186.8306 736.2630 -165.8467
v 231.7843 695.9335 -164.4263
v 186.8306 736.2630 -165.8467
v 230.8146 737.4493 -165.8706
v 231.7843 695.9335 -164.4263
v 231.7843 695.9335 -164.4263
v 230.8146 737.4493 -165.8706
v 253.7699 697.4408 -126.3427
v 230.8146 737.4493 -165.8706
v 252.7860 739.5725 -127.8081
v 253.7699 697.4408 -126.3427
v 252.7860 739.5725 -127.8081
v 251.5390 781.5579 -129.6653
v 230.7733 740.5094 -89.7218
v 251.5390 781.5579 -129.6653
v 229.5212 782.6691 -91.5867
v 230.7733 740.5094 -89.7218
v 230.7733 740.5094 -89.7218
v 229.5212 782.6691 -91.5867
v 186.7894 739.3232 -89.6980
v 229.5212 782.6691 -91.5867
v 185.5437 781.2622 -91.5532
v 186.7894 739.3232 -89.6980
v 186.7894 739.3232 -89.6980
v 185.5437 781.2622 -91.5532
v 164.8180 737.2000 -127.7604
v 185.5437 781.2622 -91.5532
v 163.5840 778.7441 -129.5983
v 164.8180 737.2000 -127.7604
v 164.8180 737.2000 -127.7604
v 163.5840 778.7441 -129.5983
v 186.8306 736.2630 -165.8467
v 163.5840 778.7441 -129.5983
v 185.6018 777.6329 -167.6769
v 186.8306 736.2630 -165.8467
v 186.8306 736.2630 -165.8467
v 185.6018 777.6329 -167.6769
v 230.8146 737.4493 -165.8706
v 185.6018 777.6329 -167.6769
v 229.5793 779.0398 -167.7104
v 230.8146 737.4493 -165.8706
v 230.8146 737.4493 -165.8706
v 229.5793 779.0398 -167.7104
v 252.7860 739.5725 -127.8081
v 229.5793 779.0398 -167.7104
v 251.5390 781.5579 -129.6653
v 252.7860 739.5725 -127.8081
v 251.5390 781.5579 -129.6653
v 250.1280 823.4384 -131.7668
v 229.5212 782.6691 -91.5867
v 250.1280 823.4384 -131.7668
v 228.1067 824.6545 -93.6934
v 229.5212 782.6691 -91.5867
v 229.5212 782.6691 -91.5867
v 228.1067 824.6545 -93.6934
v 185.5437 781.2622 -91.5532
v 228.1067 824.6545 -93.6934
v 184.1337 823.1147 -93.6532
v 185.5437 781.2622 -91.5532
v 185.5437 781.2622 -91.5532
v 184.1337 823.1147 -93.6532
v 163.5840 778.7441 -129.5983
v 184.1337 823.1147 -93.6532
v 162.1819 820.3589 -131.6864
v 163.5840 778.7441 -129.5983
v 163.5840 778.7441 -129.5983
v 162.1819 820.3589 -131.6864
v 185.6018 777.6329 -167.6769
v 162.1819 820.3589 -131.6864
v 184.2032 819.1428 -169.7598
v 185.6018 777.6329 -167.6769
v 185.6018 777.6329 -167.6769
v 184.2032 819.1428 -169.7598
v 229.5793 779.0398 -167.7104
v 184.2032 819.1428 -169.7598
v 228.1763 820.6825 -169.8000
v 229.5793 779.0398 -167.7104
v 229.5793 779.0398 -167.7104
v 228.1763 820.6825 -169.8000
v 251.5390 781.5579 -129.6653
v 228.1763 820.6825 -169.8000
v 250.1280 823.4384 -131.7668
v 251.5390 781.5579 -129.6653
v 250.1280 823.4384 -131.7668
v 248.6271 865.2390 -134.0021
v 228.1067 824.6545 -93.6934
v 248.6271 865.2390 -134.0021
v 226.6041 866.5048 -95.9313
v 228.1067 824.6545 -93.6934
v 228.1067 824.6545 -93.6934
v 226.6041 866.5048 -95.9313
v 184.1337 823.1147 -93.6532
v 226.6041 866.5048 -95.9313
v 182.6333 864.9022 -95.8878
v 184.1337 823.1147 -93.6532
v 184.1337 823.1147 -93.6532
v 182.6333 864.9022 -95.8878
v 162.1819 820.3589 -131.6864
v 182.6333 864.9022 -95.8878
v 160.6856 862.0338 -133.9150
v 162.1819 820.3589 -131.6864
v 162.1819 820.3589 -131.6864
v 160.6856 862.0338 -133.9150
v 184.2032 819.1428 -169.7598
v 160.6856 862.0338 -133.9150
v 182.7086 860.7681 -171.9858
v 184.2032 819.1428 -169.7598
v 184.2032 819.1428 -169.7598
v 182.7086 860.7681 -171.9858
v 228.1763 820.6825 -169.8000
v 182.7086 860.7681 -171.9858
v 226.6794 862.3707 -172.0293
v 228.1763 820.6825 -169.8000
v 228.1763 820.6825 -169.8000
v 226.6794 862.3707 -172.0293
v 250.1280 823.4384 -131.7668
v 226.6794 862.3707 -172.0293
v 248.6271 865.2390 -134.0021
v 250.1280 823.4384 -131.7668
v 248.6271 865.2390 -134.0021
v 247.0988 906.9734 -136.2784
v 226.6041 866.5048 -95.9313
v 247.0988 906.9734 -136.2784
v 225.0757 908.2394 -98.2076
v 226.6041 866.5048 -95.9313
v 226.6041 866.5048 -95.9313
v 225.0757 908.2394 -98.2076
v 182.6333 864.9022 -95.8878
v 225.0757 908.2394 -98.2076
v 181.1049 906.6365 -98.1641
v 182.6333 864.9022 -95.8878
v 182.6333 864.9022 -95.8878
v 181.1049 906.6365 -98.1641
v 160.6856 862.0338 -133.9150
v 181.1049 906.6365 -98.1641
v 159.1572 903.7674 -136.1913
v 160.6856 862.0338 -133.9150
v 160.6856 862.0338 -133.9150
v 159.1572 903.7674 -136.1913
v 182.7086 860.7681 -171.9858
v 159.1572 903.7674 -136.1913
v 181.1803 902.5013 -174.2620
v 182.7086 860.7681 -171.9858
v 182.7086 860.7681 -171.9858
v 181.1803 902.5013 -174.2620
v 226.6794 862.3707 -172.0293
v 181.1803 902.5013 -174.2620
v 225.1511 904.1044 -174.3055
v 226.6794 862.3707 -172.0293
v 226.6794 862.3707 -172.0293
v 225.1511 904.1044 -174.3055
v 248.6271 865.2390 -134.0021
v 225.1511 904.1044 -174.3055
v 247.0988 906.9734 -136.2784
v 248.6271 865.2390 -134.0021
v 247.0988 906.9734 -136.2784
v 245.6016 948.6490 -138.5081
v 225.0757 908.2394 -98.2076
v 245.6016 948.6490 -138.5081
v 223.5803 949.8661 -100.4348
v 225.0757 908.2394 -98.2076
v 225.0757 908.2394 -98.2076
v 223.5803 949.8661 -100.4348
v 181.1049 906.6365 -98.1641
v 223.5803 949.8661 -100.4348
v 179.6073 948.3251 -100.3946
v 181.1049 906.6365 -98.1641
v 181.1049 906.6365 -98.1641
v 179.6073 948.3251 -100.3946
v 159.1572 903.7674 -136.1913
v 179.6073 948.3251 -100.3946
v 157.6556 945.5671 -138.4277
v 159.1572 903.7674 -136.1913
v 159.1572 903.7674 -136.1913
v 157.6556 945.5671 -138.4277
v 181.1803 902.5013 -174.2620
v 157.6556 945.5671 -138.4277
v 179.6770 944.3500 -176.5010
v 181.1803 902.5013 -174.2620
v 181.1803 902.5013 -174.2620
v 179.6770 944.3500 -176.5010
v 225.1511 904.1044 -174.3055
v 179.6770 944.3500 -176.5010
v 223.6499 945.8910 -176.5412
v 225.1511 904.1044 -174.3055
v 225.1511 904.1044 -174.3055
v 223.6499 945.8910 -176.5412
v 247.0988 906.9734 -136.2784
v 223.6499 945.8910 -176.5412
v 245.6016 948.6490 -138.5081
v 247.0988 906.9734 -136.2784
v 245.6016 948.6490 -138.5081
v 244.1979 990.2643 -140.5988
v 223.5803 949.8661 -100.4348
v 244.1979 990.2643 -140.5988
v 222.1800 991.3773 -102.5202
v 223.5803 949.8661 -100.4348
v 223.5803 949.8661 -100.4348
v 222.1800 991.3773 -102.5202
v 179.6073 948.3251 -100.3946
v 222.1800 991.3773 -102.5202
v 178.2026 989.9681 -102.4866
v 179.6073 948.3251 -100.3946
v 179.6073 948.3251 -100.3946
v 178.2026 989.9681 -102.4866
v 157.6556 945.5671 -138.4277
v 178.2026 989.9681 -102.4866
v 156.2430 987.4457 -140.5315
v 157.6556 945.5671 -138.4277
v 157.6556 945.5671 -138.4277
v 156.2430 987.4457 -140.5315
v 179.6770 944.3500 -176.5010
v 156.2430 987.4457 -140.5315
v 178.2609 986.3326 -178.6100
v 179.6770 944.3500 -176.5010
v 179.6770 944.3500 -176.5010
v 178.2609 986.3326 -178.6100
v 223.6499 945.8910 -176.5412
v 178.2609 986.3326 -178.6100
v 222.2383 987.7419 -178.6437
v 223.6499 945.8910 -176.5412
v 223.6499 945.8910 -176.5412
v 222.2383 987.7419 -178.6437
v 245.6016 948.6490 -138.5081
v 222.2383 987.7419 -178.6437
v 244.1979 990.2643 -140.5988
v 245.6016 948.6490 -138.5081
v 210.0000 -25.4998 170.0000
v 209.6307 32.3899 169.6963
v 171.8949 -25.5001 148.0000
v 209.6307 32.3899 169.6963
v 171.5285 31.8153 147.6987
v 171.8949 -25.5001 148.0000
v 171.8949 -25.5001 148.0000
v 171.5285 31.8153 147.6987
v 171.8949 -25.5003 104.0000
v 171.5285 31.8153 147.6987
v 171.5304 31.4454 103.7003
v 171.8949 -25.5003 104.0000
v 171.8949 -25.5003 104.0000
v 171.5304 31.4454 103.7003
v 210.0000 -25.5002 82.0000
v 171.5304 31.4454 103.7003
v 209.6345 31.6500 81.6994
v 210.0000 -25.5002 82.0000
v 210.0000 -25.5002 82.0000
v 209.6345 31.6500 81.6994
v 248.1051 -25.4999 104.0000
v 209.6345 31.6500 81.6994
v 247.7367 32.2245 103.6970
v 248.1051 -25.4999 104.0000
v 248.1051 -25.4999 104.0000
v 247.7367 32.2245 103.6970
v 248.1051 -25.4997 148.0000
v 247.7367 32.2245 103.6970
v 247.7348 32.5945 147.6954
v 248.1051 -25.4997 148.0000
v 248.1051 -25.4997 148.0000
v 247.7348 32.5945 147.6954
v 210.0000 -25.4998 170.0000
v 247.7348 32.5945 147.6954
v 209.6307 32.3899 169.6963
v 210.0000 -25.4998 170.0000
v 209.6307 32.3899 169.6963
v 209.1810 89.6330 169.3265
v 171.5285 31.8153 147.6987
v 209.1810 89.6330 169.3265
v 171.0761 89.4861 147.3266
v 171.5285 31.8153 147.6987
v 171.5285 31.8153 147.6987
v 171.0761 89.4861 147.3266
v 171.5304 31.4454 103.7003
v 171.0761 89.4861 147.3266
v 171.0762 89.3914 103.3267
v 171.5304 31.4454 103.7003
v 171.5304 31.4454 103.7003
v 171.0762 89.3914 103.3267
v 209.6345 31.6500 81.6994
v 171.0762 89.3914 103.3267
v 209.1813 89.4438 81.3267
v 209.6345 31.6500 81.6994
v 209.6345 31.6500 81.6994
v 209.1813 89.4438 81.3267
v 247.7367 32.2245 103.6970
v 209.1813 89.4438 81.3267
v 247.2862 89.5907 103.3265
v 247.7367 32.2245 103.6970
v 247.7367 32.2245 103.6970
v 247.2862 89.5907 103.3265
v 247.7348 32.5945 147.6954
v 247.2862 89.5907 103.3265
v 247.2861 89.6853 147.3264
v 247.7348 32.5945 147.6954
v 247.7348 32.5945 147.6954
v 247.2861 89.6853 147.3264
v 209.6307 32.3899 169.6963
v 247.2861 89.6853 147.3264
v 209.1810 89.6330 169.3265
v 209.6307 32.3899 169.6963
v 209.1810 89.6330 169.3265
v 209.5300 146.4949 169.6135
v 171.0761 89.4861 147.3266
v 209.5300 146.4949 169.6135
v 171.4317 147.3669 147.6191
v 171.0761 89.4861 147.3266
v 171.0761 89.4861 147.3266
v 171.4317 147.3669 147.6191
v 171.0762 89.3914 103.3267
v 171.4317 147.3669 147.6191
v 171.4360 147.9284 103.6226
v 171.0762 89.3914 103.3267
v 171.0762 89.3914 103.3267
v 171.4360 147.9284 103.6226
v 209.1813 89.4438 81.3267
v 171.4360 147.9284 103.6226
v 209.5387 147.6179 81.6207
v 209.1813 89.4438 81.3267
v 209.1813 89.4438 81.3267
v 209.5387 147.6179 81.6207
v 247.2862 89.5907 103.3265
v 209.5387 147.6179 81.6207
v 247.6371 146.7458 103.6151
v 247.2862 89.5907 103.3265
v 247.2862 89.5907 103.3265
v 247.6371 146.7458 103.6151
v 247.2861 89.6853 147.3264
v 247.6371 146.7458 103.6151
v 247.6327 146.1844 147.6115
v 247.2861 89.6853 147.3264
v 247.2861 89.6853 147.3264
v 247.6327 146.1844 147.6115
v 209.1810 89.6330 169.3265
v 247.6327 146.1844 147.6115
v 209.5300 146.4949 169.6135
v 209.1810 89.6330 169.3265
v 209.5300 146.4949 169.6135
v 210.9188 203.3889 170.7556
v 171.4317 147.3669 147.6191
v 210.9188 203.3889 170.7556
v 172.8424 205.1857 148.7793
v 171.4317 147.3669 147.6191
v 171.4317 147.3669 147.6191
v 172.8424 205.1857 148.7793
v 171.4360 147.9284 103.6226
v 172.8424 205.1857 148.7793
v 172.8609 206.3426 104.7945
v 171.4360 147.9284 103.6226
v 171.4360 147.9284 103.6226
v 172.8609 206.3426 104.7945
v 209.5387 147.6179 81.6207
v 172.8609 206.3426 104.7945
v 210.9558 205.7028 82.7861
v 209.5387 147.6179 81.6207
v 209.5387 147.6179 81.6207
v 210.9558 205.7028 82.7861
v 247.6371 146.7458 103.6151
v 210.9558 205.7028 82.7861
v 249.0322 203.9059 104.7624
v 247.6371 146.7458 103.6151
v 247.6371 146.7458 103.6151
v 249.0322 203.9059 104.7624
v 247.6327 146.1844 147.6115
v 249.0322 203.9059 104.7624
v 249.0137 202.7490 148.7472
v 247.6327 146.1844 147.6115
v 247.6327 146.1844 147.6115
v 249.0137 202.7490 148.7472
v 209.5300 146.4949 169.6135
v 249.0137 202.7490 148.7472
v 210.9188 203.3889 170.7556
v 209.5300 146.4949 169.6135
v 210.9188 203.3889 170.7556
v 213.0358 260.5119 172.4967
v 172.8424 205.1857 148.7793
v 213.0358 260.5119 172.4967
v 174.9784 262.8270 150.5359
v 172.8424 205.1857 148.7793
v 172.8424 205.1857 148.7793
v 174.9784 262.8270 150.5359
v 172.8609 206.3426 104.7945
v 174.9784 262.8270 150.5359
v 175.0092 264.3176 106.5612
v 172.8609 206.3426 104.7945
v 172.8609 206.3426 104.7945
v 175.0092 264.3176 106.5612
v 210.9558 205.7028 82.7861
v 175.0092 264.3176 106.5612
v 213.0973 263.4932 84.5472
v 210.9558 205.7028 82.7861
v 210.9558 205.7028 82.7861
v 213.0973 263.4932 84.5472
v 249.0322 203.9059 104.7624
v 213.0973 263.4932 84.5472
v 251.1547 261.1782 106.5080
v 249.0322 203.9059 104.7624
v 249.0322 203.9059 104.7624
v 251.1547 261.1782 106.5080
v 249.0137 202.7490 148.7472
v 251.1547 261.1782 106.5080
v 251.1240 259.6875 150.4827
v 249.0137 202.7490 148.7472
v 249.0137 202.7490 148.7472
v 251.1240 259.6875 150.4827
v 210.9188 203.3889 170.7556
v 251.1240 259.6875 150.4827
v 213.0358 260.5119 172.4967
v 210.9188 203.3889 170.7556
v 213.0358 260.5119 172.4967
v 215.5660 317.7448 174.5775
v 174.9784 262.8270 150.5359
v 215.5660 317.7448 174.5775
v 177.5220 320.3647 152.6277
v 174.9784 262.8270 150.5359
v 174.9784 262.8270 150.5359
v 177.5220 320.3647 152.6277
v 175.0092 264.3176 106.5612
v 177.5220 320.3647 152.6277
v 177.5614 322.0516 108.6601
v 175.0092 264.3176 106.5612
v 175.0092 264.3176 106.5612
v 177.5614 322.0516 108.6601
v 213.0973 263.4932 84.5472
v 177.5614 322.0516 108.6601
v 215.6447 321.1187 86.6422
v 213.0973 263.4932 84.5472
v 213.0973 263.4932 84.5472
v 215.6447 321.1187 86.6422
v 251.1547 261.1782 106.5080
v 215.6447 321.1187 86.6422
v 253.6887 318.4988 108.5919
v 251.1547 261.1782 106.5080
v 251.1547 261.1782 106.5080
v 253.6887 318.4988 108.5919
v 251.1240 259.6875 150.4827
v 253.6887 318.4988 108.5919
v 253.6494 316.8118 152.5596
v 251.1240 259.6875 150.4827
v 251.1240 259.6875 150.4827
v 253.6494 316.8118 152.5596
v 213.0358 260.5119 172.4967
v 253.6494 316.8118 152.5596
v 215.5660 317.7448 174.5775
v 213.0358 260.5119 172.4967
v 215.5660 317.7448 174.5775
v 218.3435 375.0387 176.8617
v 177.5220 320.3647 152.6277
v 218.3435 375.0387 176.8617
v 180.3083 377.8405 154.9192
v 177.5220 320.3647 152.6277
v 177.5220 320.3647 152.6277
v 180.3083 377.8405 154.9192
v 177.5614 322.0516 108.6601
v 180.3083 377.8405 154.9192
v 180.3533 379.6446 110.9562
v 177.5614 322.0516 108.6601
v 177.5614 322.0516 108.6601
v 180.3533 379.6446 110.9562
v 215.6447 321.1187 86.6422
v 180.3533 379.6446 110.9562
v 218.4335 378.6469 88.9357
v 215.6447 321.1187 86.6422
v 215.6447 321.1187 86.6422
v 218.4335 378.6469 88.9357
v 253.6887 318.4988 108.5919
v 218.4335 378.6469 88.9357
v 256.4688 375.8450 110.8782
v 253.6887 318.4988 108.5919
v 253.6887 318.4988 108.5919
v 256.4688 375.8450 110.8782
v 253.6494 316.8118 152.5596
v 256.4688 375.8450 110.8782
v 256.4237 374.0410 154.8412
v 253.6494 316.8118 152.5596
v 253.6494 316.8118 152.5596
v 256.4237 374.0410 154.8412
v 215.5660 317.7448 174.5775
v 256.4237 374.0410 154.8412
v 218.3435 375.0387 176.8617
v 215.5660 317.7448 174.5775
v 218.3435 375.0387 176.8617
v 221.2645 432.3738 179.2638
v 180.3083 377.8405 154.9192
v 221.2645 432.3738 179.2638
v 183.2342 435.2734 157.3254
v 180.3083 377.8405 154.9192
v 180.3083 377.8405 154.9192
v 183.2342 435.2734 157.3254
v 180.3533 379.6446 110.9562
v 183.2342 435.2734 157.3254
v 183.2824 437.1405 113.3651
v 180.3533 379.6446 110.9562
v 180.3533 379.6446 110.9562
v 183.2824 437.1405 113.3651
v 218.4335 378.6469 88.9357
v 183.2824 437.1405 113.3651
v 221.3609 436.1079 91.3431
v 218.4335 378.6469 88.9357
v 218.4335 378.6469 88.9357
v 221.3609 436.1079 91.3431
v 256.4688 375.8450 110.8782
v 221.3609 436.1079 91.3431
v 259.3911 433.2083 113.2815
v 256.4688 375.8450 110.8782
v 256.4688 375.8450 110.8782
v 259.3911 433.2083 113.2815
v 256.4237 374.0410 154.8412
v 259.3911 433.2083 113.2815
v 259.3429 431.3412 157.2419
v 256.4237 374.0410 154.8412
v 256.4237 374.0410 154.8412
v 259.3429 431.3412 157.2419
v 218.3435 375.0387 176.8617
v 259.3429 431.3412 157.2419
v 221.2645 432.3738 179.2638
v 218.3435 375.0387 176.8617
v 221.2645 432.3738 179.2638
v 224.2525 489.7463 181.7212
v 183.2342 435.2734 157.3254
v 224.2525 489.7463 181.7212
v 186.2239 492.6768 159.7841
v 183.2342 435.2734 157.3254
v 183.2342 435.2734 157.3254
v 186.2239 492.6768 159.7841
v 183.2824 437.1405 113.3651
v 186.2239 492.6768 159.7841
v 186.2731 494.5636 115.8246
v 183.2824 437.1405 113.3651
v 183.2824 437.1405 113.3651
v 186.2731 494.5636 115.8246
v 221.3609 436.1079 91.3431
v 186.2731 494.5636 115.8246
v 224.3510 493.5201 93.8022
v 221.3609 436.1079 91.3431
v 221.3609 436.1079 91.3431
v 224.3510 493.5201 93.8022
v 259.3911 433.2083 113.2815
v 224.3510 493.5201 93.8022
v 262.3796 490.5897 115.7393
v 259.3911 433.2083 113.2815
v 259.3911 433.2083 113.2815
v 262.3796 490.5897 115.7393
v 259.3429 431.3412 157.2419
v 262.3796 490.5897 115.7393
v 262.3304 488.7028 159.6988
v 259.3429 431.3412 157.2419
v 259.3429 431.3412 157.2419
v 262.3304 488.7028 159.6988
v 221.2645 432.3738 179.2638
v 262.3304 488.7028 159.6988
v 224.2525 489.7463 181.7212
v 221.2645 432.3738 179.2638
v 224.2525 489.7463 181.7212
v 227.2423 547.1595 184.1800
v 186.2239 492.6768 159.7841
v 227.2423 547.1595 184.1800
v 189.2121 550.0584 162.2416
v 186.2239 492.6768 159.7841
v 186.2239 492.6768 159.7841
v 189.2121 550.0584 162.2416
v 186.2731 494.5636 115.8246
v 189.2121 550.0584 162.2416
v 189.2603 551.9250 118.2812
v 186.2731 494.5636 115.8246
v 186.2731 494.5636 115.8246
v 189.2603 551.9250 118.2812
v 224.3510 493.5201 93.8022
v 189.2603 551.9250 118.2812
v 227.3387 550.8927 96.2593
v 224.3510 493.5201 93.8022
v 224.3510 493.5201 93.8022
v 227.3387 550.8927 96.2593
v 262.3796 490.5897 115.7393
v 227.3387 550.8927 96.2593
v 265.3690 547.9938 118.1977
v 262.3796 490.5897 115.7393
v 262.3796 490.5897 115.7393
v 265.3690 547.9938 118.1977
v 262.3304 488.7028 159.6988
v 265.3690 547.9938 118.1977
v 265.3208 546.1271 162.1581
v 262.3304 488.7028 159.6988
v 262.3304 488.7028 159.6988
v 265.3208 546.1271 162.1581
v 224.2525 489.7463 181.7212
v 265.3208 546.1271 162.1581
v 227.2423 547.1595 184.1800
v 224.2525 489.7463 181.7212
v 227.2423 547.1595 184.1800
v 230.1686 604.6215 186.5866
v 189.2121 550.0584 162.2416
v 230.1686 604.6215 186.5866
v 192.1333 607.4218 164.6440
v 189.2121 550.0584 162.2416
v 189.2121 550.0584 162.2416
v 192.1333 607.4218 164.6440
v 189.2603 551.9250 118.2812
v 192.1333 607.4218 164.6440
v 192.1783 609.2249 120.6810
v 189.2603 551.9250 118.2812
v 189.2603 551.9250 118.2812
v 192.1783 609.2249 120.6810
v 227.3387 550.8927 96.2593
v 192.1783 609.2249 120.6810
v 230.2586 608.2277 98.6605
v 227.3387 550.8927 96.2593
v 227.3387 550.8927 96.2593
v 230.2586 608.2277 98.6605
v 265.3690 547.9938 118.1977
v 230.2586 608.2277 98.6605
v 268.2938 605.4274 120.6031
v 265.3690 547.9938 118.1977
v 265.3690 547.9938 118.1977
v 268.2938 605.4274 120.6031
v 265.3208 546.1271 162.1581
v 268.2938 605.4274 120.6031
v 268.2489 603.6243 164.5661
v 265.3208 546.1271 162.1581
v 265.3208 546.1271 162.1581
v 268.2489 603.6243 164.5661
v 227.2423 547.1595 184.1800
v 268.2489 603.6243 164.5661
v 230.1686 604.6215 186.5866
v 227.2423 547.1595 184.1800
v 230.1686 604.6215 186.5866
v 232.9552 662.1469 188.8783
v 192.1333 607.4218 164.6440
v 232.9552 662.1469 188.8783
v 194.9111 664.7643 166.9285
v 192.1333 607.4218 164.6440
v 192.1333 607.4218 164.6440
v 194.9111 664.7643 166.9285
v 192.1783 609.2249 120.6810
v 194.9111 664.7643 166.9285
v 194.9504 666.4498 122.9608
v 192.1783 609.2249 120.6810
v 192.1783 609.2249 120.6810
v 194.9504 666.4498 122.9608
v 230.2586 608.2277 98.6605
v 194.9504 666.4498 122.9608
v 233.0338 665.5176 100.9429
v 230.2586 608.2277 98.6605
v 230.2586 608.2277 98.6605
v 233.0338 665.5176 100.9429
v 268.2938 605.4274 120.6031
v 233.0338 665.5176 100.9429
v 271.0779 662.9001 122.8927
v 268.2938 605.4274 120.6031
v 268.2938 605.4274 120.6031
v 271.0779 662.9001 122.8927
v 268.2489 603.6243 164.5661
v 271.0779 662.9001 122.8927
v 271.0386 661.2147 166.8604
v 268.2489 603.6243 164.5661
v 268.2489 603.6243 164.5661
v 271.0386 661.2147 166.8604
v 230.1686 604.6215 186.5866
v 271.0386 661.2147 166.8604
v 232.9552 662.1469 188.8783
v 230.1686 604.6215 186.5866
v 254.0000 145.5009 378.0000
v 253.6027 176.1505 377.5984
v 232.0000 145.5013 416.1051
v 253.6027 176.1505 377.5984
v 231.5981 176.5391 415.6989
v 232.0000 145.5013 416.1051
v 232.0000 145.5013 416.1051
v 231.5981 176.5391 415.6989
v 188.0000 145.5003 416.1051
v 231.5981 176.5391 415.6989
v 187.6103 175.5039 415.7112
v 188.0000 145.5003 416.1051
v 188.0000 145.5003 416.1051
v 187.6103 175.5039 415.7112
v 166.0000 145.4991 378.0000
v 187.6103 175.5039 415.7112
v 165.6270 174.0803 377.6230
v 166.0000 145.4991 378.0000
v 166.0000 145.4991 378.0000
v 165.6270 174.0803 377.6230
v 188.0000 145.4987 339.8949
v 165.6270 174.0803 377.6230
v 187.6316 173.6917 339.5225
v 188.0000 145.4987 339.8949
v 188.0000 145.4987 339.8949
v 187.6316 173.6917 339.5225
v 232.0000 145.4997 339.8949
v 187.6316 173.6917 339.5225
v 231.6194 174.7269 339.5102
v 232.0000 145.4997 339.8949
v 232.0000 145.4997 339.8949
v 231.6194 174.7269 339.5102
v 254.0000 145.5009 378.0000
v 231.6194 174.7269 339.5102
v 253.6027 176.1505 377.5984
v 254.0000 145.5009 378.0000
v 253.6027 176.1505 377.5984
v 252.7186 206.1707 376.7048
v 231.5981 176.5391 415.6989
v 252.7186 206.1707 376.7048
v 230.7095 206.7186 414.8007
v 231.5981 176.5391 415.6989
v 231.5981 176.5391 415.6989
v 230.7095 206.7186 414.8007
v 187.6103 175.5039 415.7112
v 230.7095 206.7186 414.8007
v 186.7337 205.2590 414.8252
v 187.6103 175.5039 415.7112
v 187.6103 175.5039 415.7112
v 186.7337 205.2590 414.8252
v 165.6270 174.0803 377.6230
v 186.7337 205.2590 414.8252
v 164.7670 203.2515 376.7538
v 165.6270 174.0803 377.6230
v 165.6270 174.0803 377.6230
v 164.7670 203.2515 376.7538
v 187.6316 173.6917 339.5225
v 164.7670 203.2515 376.7538
v 186.7761 202.7037 338.6578
v 187.6316 173.6917 339.5225
v 187.6316 173.6917 339.5225
v 186.7761 202.7037 338.6578
v 231.6194 174.7269 339.5102
v 186.7761 202.7037 338.6578
v 230.7519 204.1633 338.6333
v 231.6194 174.7269 339.5102
v 231.6194 174.7269 339.5102
v 230.7519 204.1633 338.6333
v 253.6027 176.1505 377.5984
v 230.7519 204.1633 338.6333
v 252.7186 206.1707 376.7048
v 253.6027 176.1505 377.5984
v 252.7186 206.1707 376.7048
v 251.7559 235.6211 375.7318
v 230.7095 206.7186 414.8007
v 251.7559 235.6211 375.7318
v 229.7485 236.1165 413.8294
v 230.7095 206.7186 414.8007
v 230.7095 206.7186 414.8007
v 229.7485 236.1165 413.8294
v 186.7337 205.2590 414.8252
v 229.7485 236.1165 413.8294
v 185.7683 234.7966 413.8494
v 186.7337 205.2590 414.8252
v 186.7337 205.2590 414.8252
v 185.7683 234.7966 413.8494
v 164.7670 203.2515 376.7538
v 185.7683 234.7966 413.8494
v 163.7955 232.9814 375.7718
v 164.7670 203.2515 376.7538
v 164.7670 203.2515 376.7538
v 163.7955 232.9814 375.7718
v 186.7761 202.7037 338.6578
v 163.7955 232.9814 375.7718
v 185.8030 232.4861 337.6742
v 186.7761 202.7037 338.6578
v 186.7761 202.7037 338.6578
v 185.8030 232.4861 337.6742
v 230.7519 204.1633 338.6333
v 185.8030 232.4861 337.6742
v 229.7832 233.8059 337.6542
v 230.7519 204.1633 338.6333
v 230.7519 204.1633 338.6333
v 229.7832 233.8059 337.6542
v 252.7186 206.1707 376.7048
v 229.7832 233.8059 337.6542
v 251.7559 235.6211 375.7318
v 252.7186 206.1707 376.7048
v 251.7559 235.6211 375.7318
v 251.0912 264.5072 375.0599
v 229.7485 236.1165 413.8294
v 251.0912 264.5072 375.0599
v 229.0897 264.7325 413.1635
v 229.7485 236.1165 413.8294
v 229.7485 236.1165 413.8294
v 229.0897 264.7325 413.1635
v 185.7683 234.7966 413.8494
v 229.0897 264.7325 413.1635
v 185.0938 264.1321 413.1676
v 185.7683 234.7966 413.8494
v 185.7683 234.7966 413.8494
v 185.0938 264.1321 413.1676
v 163.7955 232.9814 375.7718
v 185.0938 264.1321 413.1676
v 163.0994 263.3063 375.0682
v 163.7955 232.9814 375.7718
v 163.7955 232.9814 375.7718
v 163.0994 263.3063 375.0682
v 185.8030 232.4861 337.6742
v 163.0994 263.3063 375.0682
v 185.1010 263.0809 336.9646
v 185.8030 232.4861 337.6742
v 185.8030 232.4861 337.6742
v 185.1010 263.0809 336.9646
v 229.7832 233.8059 337.6542
v 185.1010 263.0809 336.9646
v 229.0968 263.6814 336.9605
v 229.7832 233.8059 337.6542
v 229.7832 233.8059 337.6542
v 229.0968 263.6814 336.9605
v 251.7559 235.6211 375.7318
v 229.0968 263.6814 336.9605
v 251.0912 264.5072 375.0599
v 251.7559 235.6211 375.7318
v 251.0912 264.5072 375.0599
v 251.1075 292.7495 375.0764
v 229.0897 264.7325 413.1635
v 251.1075 292.7495 375.0764
v 229.1050 292.4580 413.1790
v 229.0897 264.7325 413.1635
v 229.0897 264.7325 413.1635
v 229.1050 292.4580 413.1790
v 185.0938 264.1321 413.1676
v 229.1050 292.4580 413.1790
v 185.1118 293.2348 413.1859
v 185.0938 264.1321 413.1676
v 185.0938 264.1321 413.1676
v 185.1118 293.2348 413.1859
v 163.0994 263.3063 375.0682
v 185.1118 293.2348 413.1859
v 163.1213 294.3032 375.0903
v 163.0994 263.3063 375.0682
v 163.0994 263.3063 375.0682
v 163.1213 294.3032 375.0903
v 185.1010 263.0809 336.9646
v 163.1213 294.3032 375.0903
v 185.1238 294.5947 336.9878
v 185.1010 263.0809 336.9646
v 185.1010 263.0809 336.9646
v 185.1238 294.5947 336.9878
v 229.0968 263.6814 336.9605
v 185.1238 294.5947 336.9878
v 229.1170 293.8179 336.9808
v 229.0968 263.6814 336.9605
v 229.0968 263.6814 336.9605
v 229.1170 293.8179 336.9808
v 251.0912 264.5072 375.0599
v 229.1170 293.8179 336.9808
v 251.1075 292.7495 375.0764
v 251.0912 264.5072 375.0599
v 251.1075 292.7495 375.0764
v 252.2212 320.1369 376.2021
v 229.1050 292.4580 413.1790
v 252.2212 320.1369 376.2021
v 230.1839 319.0275 414.2694
v 229.1050 292.4580 413.1790
v 229.1050 292.4580 413.1790
v 230.1839 319.0275 414.2694
v 185.1118 293.2348 413.1859
v 230.1839 319.0275 414.2694
v 186.2834 321.9832 414.3700
v 185.1118 293.2348 413.1859
v 185.1118 293.2348 413.1859
v 186.2834 321.9832 414.3700
v 163.1213 294.3032 375.0903
v 186.2834 321.9832 414.3700
v 164.4202 326.0482 376.4032
v 163.1213 294.3032 375.0903
v 163.1213 294.3032 375.0903
v 164.4202 326.0482 376.4032
v 185.1238 294.5947 336.9878
v 164.4202 326.0482 376.4032
v 186.4576 327.1575 338.3358
v 185.1238 294.5947 336.9878
v 185.1238 294.5947 336.9878
v 186.4576 327.1575 338.3358
v 229.1170 293.8179 336.9808
v 186.4576 327.1575 338.3358
v 230.3580 324.2019 338.2353
v 229.1170 293.8179 336.9808
v 229.1170 293.8179 336.9808
v 230.3580 324.2019 338.2353
v 251.1075 292.7495 375.0764
v 230.3580 324.2019 338.2353
v 252.2212 320.1369 376.2021
v 251.1075 292.7495 375.0764
v 252.2212 320.1369 376.2021
v 254.8930 346.3809 378.9026
v 230.1839 319.0275 414.2694
v 254.8930 346.3809 378.9026
v 232.7372 344.1234 416.8502
v 230.1839 319.0275 414.2694
v 230.1839 319.0275 414.2694
v 232.7372 344.1234 416.8502
v 186.2834 321.9832 414.3700
v 232.7372 344.1234 416.8502
v 189.1522 350.1380 417.2697
v 186.2834 321.9832 414.3700
v 186.2834 321.9832 414.3700
v 189.1522 350.1380 417.2697
v 164.4202 326.0482 376.4032
v 189.1522 350.1380 417.2697
v 167.7230 358.4101 379.7416
v 164.4202 326.0482 376.4032
v 164.4202 326.0482 376.4032
v 167.7230 358.4101 379.7416
v 186.4576 327.1575 338.3358
v 167.7230 358.4101 379.7416
v 189.8788 360.6676 341.7939
v 186.4576 327.1575 338.3358
v 186.4576 327.1575 338.3358
v 189.8788 360.6676 341.7939
v 230.3580 324.2019 338.2353
v 189.8788 360.6676 341.7939
v 233.4638 354.6530 341.3744
v 230.3580 324.2019 338.2353
v 230.3580 324.2019 338.2353
v 233.4638 354.6530 341.3744
v 252.2212 320.1369 376.2021
v 233.4638 354.6530 341.3744
v 254.8930 346.3809 378.9026
v 252.2212 320.1369 376.2021
v 254.8930 346.3809 378.9026
v 259.4308 372.4415 383.4893
v 232.7372 344.1234 416.8502
v 259.4308 372.4415 383.4893
v 237.1014 369.1762 421.2614
v 232.7372 344.1234 416.8502
v 232.7372 344.1234 416.8502
v 237.1014 369.1762 421.2614
v 189.1522 350.1380 417.2697
v 237.1014 369.1762 421.2614
v 193.9791 377.8757 422.1486
v 189.1522 350.1380 417.2697
v 189.1522 350.1380 417.2697
v 193.9791 377.8757 422.1486
v 167.7230 358.4101 379.7416
v 193.9791 377.8757 422.1486
v 173.1863 389.8406 385.2636
v 167.7230 358.4101 379.7416
v 167.7230 358.4101 379.7416
v 173.1863 389.8406 385.2636
v 189.8788 360.6676 341.7939
v 173.1863 389.8406 385.2636
v 195.5157 393.1059 347.4915
v 189.8788 360.6676 341.7939
v 189.8788 360.6676 341.7939
v 195.5157 393.1059 347.4915
v 233.4638 354.6530 341.3744
v 195.5157 393.1059 347.4915
v 238.6380 384.4063 346.6043
v 233.4638 354.6530 341.3744
v 233.4638 354.6530 341.3744
v 238.6380 384.4063 346.6043
v 254.8930 346.3809 378.9026
v 238.6380 384.4063 346.6043
v 259.4308 372.4415 383.4893
v 254.8930 346.3809 378.9026
v 259.4308 372.4415 383.4893
v 265.5320 398.8250 389.6560
v 237.1014 369.1762 421.2614
v 265.5320 398.8250 389.6560
v 243.0518 394.9014 427.2758
v 237.1014 369.1762 421.2614
v 237.1014 369.1762 421.2614
v 243.0518 394.9014 427.2758
v 193.9791 377.8757 422.1486
v 243.0518 394.9014 427.2758
v 200.3311 405.3548 428.5689
v 193.9791 377.8757 422.1486
v 193.9791 377.8757 422.1486
v 200.3311 405.3548 428.5689
v 173.1863 389.8406 385.2636
v 200.3311 405.3548 428.5689
v 180.0907 419.7318 392.2422
v 173.1863 389.8406 385.2636
v 173.1863 389.8406 385.2636
v 180.0907 419.7318 392.2422
v 195.5157 393.1059 347.4915
v 180.0907 419.7318 392.2422
v 202.5709 423.6553 354.6225
v 195.5157 393.1059 347.4915
v 195.5157 393.1059 347.4915
v 202.5709 423.6553 354.6225
v 238.6380 384.4063 346.6043
v 202.5709 423.6553 354.6225
v 245.2915 413.2019 353.3293
v 238.6380 384.4063 346.6043
v 238.6380 384.4063 346.6043
v 245.2915 413.2019 353.3293
v 259.4308 372.4415 383.4893
v 245.2915 413.2019 353.3293
v 265.5320 398.8250 389.6560
v 259.4308 372.4415 383.4893
v 265.5320 398.8250 389.6560
v 272.6817 425.8006 396.8827
v 243.0518 394.9014 427.2758
v 272.6817 425.8006 396.8827
v 250.1283 421.5980 434.4284
v 243.0518 394.9014 427.2758
v 243.0518 394.9014 427.2758
v 250.1283 421.5980 434.4284
v 200.3311 405.3548 428.5689
v 250.1283 421.5980 434.4284
v 207.6028 432.7947 435.9188
v 200.3311 405.3548 428.5689
v 200.3311 405.3548 428.5689
v 207.6028 432.7947 435.9188
v 180.0907 419.7318 392.2422
v 207.6028 432.7947 435.9188
v 187.6309 448.1940 399.8636
v 180.0907 419.7318 392.2422
v 180.0907 419.7318 392.2422
v 187.6309 448.1940 399.8636
v 202.5709 423.6553 354.6225
v 187.6309 448.1940 399.8636
v 210.1843 452.3966 362.3178
v 202.5709 423.6553 354.6225
v 202.5709 423.6553 354.6225
v 210.1843 452.3966 362.3178
v 245.2915 413.2019 353.3293
v 210.1843 452.3966 362.3178
v 252.7098 441.1999 360.8274
v 245.2915 413.2019 353.3293
v 245.2915 413.2019 353.3293
v 252.7098 441.1999 360.8274
v 265.5320 398.8250 389.6560
v 252.7098 441.1999 360.8274
v 272.6817 425.8006 396.8827
v 265.5320 398.8250 389.6560
v 272.6817 425.8006 396.8827
v 280.2581 453.7145 404.5406
v 250.1283 421.5980 434.4284
v 280.2581 453.7145 404.5406
v 257.7329 449.6166 442.1148
v 250.1283 421.5980 434.4284
v 250.1283 421.5980 434.4284
v 257.7329 449.6166 442.1148
v 207.6028 432.7947 435.9188
v 257.7329 449.6166 442.1148
v 215.1324 460.5344 443.5293
v 207.6028 432.7947 435.9188
v 207.6028 432.7947 435.9188
v 215.1324 460.5344 443.5293
v 187.6309 448.1940 399.8636
v 215.1324 460.5344 443.5293
v 195.0572 475.5500 407.3697
v 187.6309 448.1940 399.8636
v 187.6309 448.1940 399.8636
v 195.0572 475.5500 407.3697
v 210.1843 452.3966 362.3178
v 195.0572 475.5500 407.3697
v 217.5825 479.6479 369.7956
v 210.1843 452.3966 362.3178
v 210.1843 452.3966 362.3178
v 217.5825 479.6479 369.7956
v 252.7098 441.1999 360.8274
v 217.5825 479.6479 369.7956
v 260.1830 468.7301 368.3810
v 252.7098 441.1999 360.8274
v 252.7098 441.1999 360.8274
v 260.1830 468.7301 368.3810
v 272.6817 425.8006 396.8827
v 260.1830 468.7301 368.3810
v 280.2581 453.7145 404.5406
v 272.6817 425.8006 396.8827
v 280.2581 453.7145 404.5406
v 287.5491 482.9244 411.9100
v 257.7329 449.6166 442.1148
v 287.5491 482.9244 411.9100
v 265.1443 479.3135 449.6060
v 257.7329 449.6166 442.1148
v 257.7329 449.6166 442.1148
v 265.1443 479.3135 449.6060
v 215.1324 460.5344 443.5293
v 265.1443 479.3135 449.6060
v 222.2228 488.9338 450.6960
v 215.1324 460.5344 443.5293
v 215.1324 460.5344 443.5293
v 222.2228 488.9338 450.6960
v 195.0572 475.5500 407.3697
v 222.2228 488.9338 450.6960
v 201.7059 502.1650 414.0900
v 195.0572 475.5500 407.3697
v 195.0572 475.5500 407.3697
v 201.7059 502.1650 414.0900
v 217.5825 479.6479 369.7956
v 201.7059 502.1650 414.0900
v 224.1107 505.7758 376.3940
v 217.5825 479.6479 369.7956
v 217.5825 479.6479 369.7956
v 224.1107 505.7758 376.3940
v 260.1830 468.7301 368.3810
v 224.1107 505.7758 376.3940
v 267.0323 496.1556 375.3040
v 260.1830 468.7301 368.3810
v 260.1830 468.7301 368.3810
v 267.0323 496.1556 375.3040
v 280.2581 453.7145 404.5406
v 267.0323 496.1556 375.3040
v 287.5491 482.9244 411.9100
v 280.2581 453.7145 404.5406
v 254.0000 316.5002 630.0000
v 253.7858 367.4137 629.7191
v 232.0000 316.5003 668.1051
v 253.7858 367.4137 629.7191
v 231.7850 367.6109 667.8233
v 232.0000 316.5003 668.1051
v 232.0000 316.5003 668.1051
v 231.7850 367.6109 667.8233
v 188.0000 316.5001 668.1051
v 231.7850 367.6109 667.8233
v 187.7861 367.3005 667.8248
v 188.0000 316.5001 668.1051
v 188.0000 316.5001 668.1051
v 187.7861 367.3005 667.8248
v 166.0000 316.4998 630.0000
v 187.7861 367.3005 667.8248
v 165.7879 366.7929 629.7220
v 166.0000 316.4998 630.0000
v 166.0000 316.4998 630.0000
v 165.7879 366.7929 629.7220
v 188.0000 316.4997 591.8949
v 165.7879 366.7929 629.7220
v 187.7886 366.5956 591.6178
v 188.0000 316.4997 591.8949
v 188.0000 316.4997 591.8949
v 187.7886 366.5956 591.6178
v 232.0000 316.4999 591.8949
v 187.7886 366.5956 591.6178
v 231.7875 366.9061 591.6163
v 232.0000 316.4999 591.8949
v 232.0000 316.4999 591.8949
v 231.7875 366.9061 591.6163
v 254.0000 316.5002 630.0000
v 231.7875 366.9061 591.6163
v 253.7858 367.4137 629.7191
v 254.0000 316.5002 630.0000
v 253.7858 367.4137 629.7191
v 253.4530 417.9001 629.2828
v 231.7850 367.6109 667.8233
v 253.4530 417.9001 629.2828
v 231.4527 418.0244 667.3876
v 231.7850 367.6109 667.8233
v 231.7850 367.6109 667.8233
v 231.4527 418.0244 667.3876
v 187.7861 367.3005 667.8248
v 231.4527 418.0244 667.3876
v 187.4531 417.8289 667.3881
v 187.7861 367.3005 667.8248
v 187.7861 367.3005 667.8248
v 187.4531 417.8289 667.3881
v 165.7879 366.7929 629.7220
v 187.4531 417.8289 667.3881
v 165.4538 417.5091 629.2839
v 165.7879 366.7929 629.7220
v 165.7879 366.7929 629.7220
v 165.4538 417.5091 629.2839
v 187.7886 366.5956 591.6178
v 165.4538 417.5091 629.2839
v 187.4541 417.3849 591.1792
v 187.7886 366.5956 591.6178
v 187.7886 366.5956 591.6178
v 187.4541 417.3849 591.1792
v 231.7875 366.9061 591.6163
v 187.4541 417.3849 591.1792
v 231.4537 417.5804 591.1786
v 231.7875 366.9061 591.6163
v 231.7875 366.9061 591.6163
v 231.4537 417.5804 591.1786
v 253.7858 367.4137 629.7191
v 231.4537 417.5804 591.1786
v 253.4530 417.9001 629.2828
v 253.7858 367.4137 629.7191
v 253.4530 417.9001 629.2828
v 253.4719 468.0405 629.3076
v 231.4527 418.0244 667.3876
v 253.4719 468.0405 629.3076
v 231.4714 467.8708 667.4121
v 231.4527 418.0244 667.3876
v 231.4527 418.0244 667.3876
v 231.4714 467.8708 667.4121
v 187.4531 417.8289 667.3881
v 231.4714 467.8708 667.4121
v 187.4722 468.1378 667.4131
v 187.4531 417.8289 667.3881
v 187.4531 417.8289 667.3881
v 187.4722 468.1378 667.4131
v 165.4538 417.5091 629.2839
v 187.4722 468.1378 667.4131
v 165.4735 468.5747 629.3098
v 165.4538 417.5091 629.2839
v 165.4538 417.5091 629.2839
v 165.4735 468.5747 629.3098
v 187.4541 417.3849 591.1792
v 165.4735 468.5747 629.3098
v 187.4740 468.7444 591.2053
v 187.4541 417.3849 591.1792
v 187.4541 417.3849 591.1792
v 187.4740 468.7444 591.2053
v 231.4537 417.5804 591.1786
v 187.4740 468.7444 591.2053
v 231.4732 468.4773 591.2043
v 231.4537 417.5804 591.1786
v 231.4537 417.5804 591.1786
v 231.4732 468.4773 591.2043
v 253.4530 417.9001 629.2828
v 231.4732 468.4773 591.2043
v 253.4719 468.0405 629.3076
v 253.4530 417.9001 629.2828
v 253.4719 468.0405 629.3076
v 254.1001 518.0618 630.1312
v 231.4714 467.8708 667.4121
v 254.1001 518.0618 630.1312
v 232.0950 517.5299 668.2297
v 231.4714 467.8708 667.4121
v 231.4714 467.8708 667.4121
v 232.0950 517.5299 668.2297
v 187.4722 468.1378 667.4131
v 232.0950 517.5299 668.2297
v 188.1030 518.3670 668.2401
v 187.4722 468.1378 667.4131
v 187.4722 468.1378 667.4131
v 188.1030 518.3670 668.2401
v 165.4735 468.5747 629.3098
v 188.1030 518.3670 668.2401
v 166.1160 519.7359 630.1520
v 165.4735 468.5747 629.3098
v 165.4735 468.5747 629.3098
v 166.1160 519.7359 630.1520
v 187.4740 468.7444 591.2053
v 166.1160 519.7359 630.1520
v 188.1210 520.2677 592.0536
v 187.4740 468.7444 591.2053
v 187.4740 468.7444 591.2053
v 188.1210 520.2677 592.0536
v 231.4732 468.4773 591.2043
v 188.1210 520.2677 592.0536
v 232.1131 519.4307 592.0432
v 231.4732 468.4773 591.2043
v 231.4732 468.4773 591.2043
v 232.1131 519.4307 592.0432
v 253.4719 468.0405 629.3076
v 232.1131 519.4307 592.0432
v 254.1001 518.0618 630.1312
v 253.4719 468.0405 629.3076
v 254.1001 518.0618 630.1312
v 255.3069 568.2230 631.7134
v 232.0950 517.5299 668.2297
v 255.3069 568.2230 631.7134
v 233.2958 567.4343 669.8039
v 232.0950 517.5299 668.2297
v 232.0950 517.5299 668.2297
v 233.2958 567.4343 669.8039
v 188.1030 518.3670 668.2401
v 233.2958 567.4343 669.8039
v 189.3133 568.6755 669.8269
v 188.1030 518.3670 668.2401
v 188.1030 518.3670 668.2401
v 189.3133 568.6755 669.8269
v 166.1160 519.7359 630.1520
v 189.3133 568.6755 669.8269
v 167.3419 570.7055 631.7593
v 166.1160 519.7359 630.1520
v 166.1160 519.7359 630.1520
v 167.3419 570.7055 631.7593
v 188.1210 520.2677 592.0536
v 167.3419 570.7055 631.7593
v 189.3531 571.4942 593.6688
v 188.1210 520.2677 592.0536
v 188.1210 520.2677 592.0536
v 189.3531 571.4942 593.6688
v 232.1131 519.4307 592.0432
v 189.3531 571.4942 593.6688
v 233.3356 570.2529 593.6458
v 232.1131 519.4307 592.0432
v 232.1131 519.4307 592.0432
v 233.3356 570.2529 593.6458
v 254.1001 518.0618 630.1312
v 233.3356 570.2529 593.6458
v 255.3069 568.2230 631.7134
v 254.1001 518.0618 630.1312
v 255.3069 568.2230 631.7134
v 256.8769 618.5198 633.7717
v 233.2958 567.4343 669.8039
v 256.8769 618.5198 633.7717
v 234.8610 617.5779 671.8561
v 233.2958 567.4343 669.8039
v 233.2958 567.4343 669.8039
v 234.8610 617.5779 671.8561
v 189.3133 568.6755 669.8269
v 234.8610 617.5779 671.8561
v 190.8860 619.0602 671.8888
v 189.3133 568.6755 669.8269
v 189.3133 568.6755 669.8269
v 190.8860 619.0602 671.8888
v 167.3419 570.7055 631.7593
v 190.8860 619.0602 671.8888
v 168.9269 621.4843 633.8373
v 167.3419 570.7055 631.7593
v 167.3419 570.7055 631.7593
v 168.9269 621.4843 633.8373
v 189.3531 571.4942 593.6688
v 168.9269 621.4843 633.8373
v 190.9428 622.4260 595.7529
v 189.3531 571.4942 593.6688
v 189.3531 571.4942 593.6688
v 190.9428 622.4260 595.7529
v 233.3356 570.2529 593.6458
v 190.9428 622.4260 595.7529
v 234.9178 620.9438 595.7202
v 233.3356 570.2529 593.6458
v 233.3356 570.2529 593.6458
v 234.9178 620.9438 595.7202
v 255.3069 568.2230 631.7134
v 234.9178 620.9438 595.7202
v 256.8769 618.5198 633.7717
v 255.3069 568.2230 631.7134
v 256.8769 618.5198 633.7717
v 258.6680 668.8926 636.1199
v 234.8610 617.5779 671.8561
v 258.6680 668.8926 636.1199
v 236.6488 667.8577 674.1999
v 234.8610 617.5779 671.8561
v 234.8610 617.5779 671.8561
v 236.6488 667.8577 674.1999
v 190.8860 619.0602 671.8888
v 236.6488 667.8577 674.1999
v 192.6790 669.4865 674.2395
v 190.8860 619.0602 671.8888
v 190.8860 619.0602 671.8888
v 192.6790 669.4865 674.2395
v 168.9269 621.4843 633.8373
v 192.6790 669.4865 674.2395
v 170.7284 672.1503 636.1990
v 168.9269 621.4843 633.8373
v 168.9269 621.4843 633.8373
v 170.7284 672.1503 636.1990
v 190.9428 622.4260 595.7529
v 170.7284 672.1503 636.1990
v 192.7475 673.1852 598.1191
v 190.9428 622.4260 595.7529
v 190.9428 622.4260 595.7529
v 192.7475 673.1852 598.1191
v 234.9178 620.9438 595.7202
v 192.7475 673.1852 598.1191
v 236.7174 671.5563 598.0795
v 234.9178 620.9438 595.7202
v 234.9178 620.9438 595.7202
v 236.7174 671.5563 598.0795
v 256.8769 618.5198 633.7717
v 236.7174 671.5563 598.0795
v 258.6680 668.8926 636.1199
v 256.8769 618.5198 633.7717
v 258.6680 668.8926 636.1199
v 260.5908 719.3150 638.6407
v 236.6488 667.8577 674.1999
v 260.5908 719.3150 638.6407
v 238.5696 718.2278 676.7181
v 236.6488 667.8577 674.1999
v 236.6488 667.8577 674.1999
v 238.5696 718.2278 676.7181
v 192.6790 669.4865 674.2395
v 238.5696 718.2278 676.7181
v 194.6029 719.9388 676.7618
v 192.6790 669.4865 674.2395
v 192.6790 669.4865 674.2395
v 194.6029 719.9388 676.7618
v 170.7284 672.1503 636.1990
v 194.6029 719.9388 676.7618
v 172.6574 722.7371 638.7280
v 170.7284 672.1503 636.1990
v 170.7284 672.1503 636.1990
v 172.6574 722.7371 638.7280
v 192.7475 673.1852 598.1191
v 172.6574 722.7371 638.7280
v 194.6785 723.8242 600.6507
v 192.7475 673.1852 598.1191
v 192.7475 673.1852 598.1191
v 194.6785 723.8242 600.6507
v 236.7174 671.5563 598.0795
v 194.6785 723.8242 600.6507
v 238.6452 722.1132 600.6070
v 236.7174 671.5563 598.0795
v 236.7174 671.5563 598.0795
v 238.6452 722.1132 600.6070
v 258.6680 668.8926 636.1199
v 238.6452 722.1132 600.6070
v 260.5908 719.3150 638.6407
v 258.6680 668.8926 636.1199
v 260.5908 719.3150 638.6407
v 262.5800 769.7818 641.2487
v 238.5696 718.2278 676.7181
v 262.5800 769.7818 641.2487
v 240.5581 768.6746 679.3251
v 238.5696 718.2278 676.7181
v 238.5696 718.2278 676.7181
v 240.5581 768.6746 679.3251
v 194.6029 719.9388 676.7618
v 240.5581 768.6746 679.3251
v 196.5926 770.4172 679.3704
v 194.6029 719.9388 676.7618
v 194.6029 719.9388 676.7618
v 196.5926 770.4172 679.3704
v 172.6574 722.7371 638.7280
v 196.5926 770.4172 679.3704
v 174.6491 773.2670 641.3393
v 172.6574 722.7371 638.7280
v 172.6574 722.7371 638.7280
v 174.6491 773.2670 641.3393
v 194.6785 723.8242 600.6507
v 174.6491 773.2670 641.3393
v 196.6711 774.3741 603.2630
v 194.6785 723.8242 600.6507
v 194.6785 723.8242 600.6507
v 196.6711 774.3741 603.2630
v 238.6452 722.1132 600.6070
v 196.6711 774.3741 603.2630
v 240.6365 772.6316 603.2177
v 238.6452 722.1132 600.6070
v 238.6452 722.1132 600.6070
v 240.6365 772.6316 603.2177
v 260.5908 719.3150 638.6407
v 240.6365 772.6316 603.2177
v 262.5800 769.7818 641.2487
v 260.5908 719.3150 638.6407
v 262.5800 769.7818 641.2487
v 264.5809 820.2937 643.8719
v 240.5581 768.6746 679.3251
v 264.5809 820.2937 643.8719
v 242.5593 819.1956 681.9487
v 240.5581 768.6746 679.3251
v 240.5581 768.6746 679.3251
v 242.5593 819.1956 681.9487
v 196.5926 770.4172 679.3704
v 242.5593 819.1956 681.9487
v 198.5932 820.9238 681.9932
v 196.5926 770.4172 679.3704
v 196.5926 770.4172 679.3704
v 198.5932 820.9238 681.9932
v 174.6491 773.2670 641.3393
v 198.5932 820.9238 681.9932
v 176.6488 823.7500 643.9610
v 174.6491 773.2670 641.3393
v 174.6491 773.2670 641.3393
v 176.6488 823.7500 643.9610
v 196.6711 774.3741 603.2630
v 176.6488 823.7500 643.9610
v 198.6704 824.8481 605.8842
v 196.6711 774.3741 603.2630
v 196.6711 774.3741 603.2630
v 198.6704 824.8481 605.8842
v 240.6365 772.6316 603.2177
v 198.6704 824.8481 605.8842
v 242.6364 823.1199 605.8396
v 240.6365 772.6316 603.2177
v 240.6365 772.6316 603.2177
v 242.6364 823.1199 605.8396
v 262.5800 769.7818 641.2487
v 242.6364 823.1199 605.8396
v 264.5809 820.2937 643.8719
v 262.5800 769.7818 641.2487
v 264.5809 820.2937 643.8719
v 266.5398 870.8580 646.4402
v 242.5593 819.1956 681.9487
v 266.5398 870.8580 646.4402
v 244.5198 869.7996 684.5190
v 242.5593 819.1956 681.9487
v 242.5593 819.1956 681.9487
v 244.5198 869.7996 684.5190
v 198.5932 820.9238 681.9932
v 244.5198 869.7996 684.5190
v 200.5513 871.4653 684.5604
v 198.5932 820.9238 681.9932
v 198.5932 820.9238 681.9932
v 200.5513 871.4653 684.5604
v 176.6488 823.7500 643.9610
v 200.5513 871.4653 684.5604
v 178.6030 874.1893 646.5229
v 176.6488 823.7500 643.9610
v 176.6488 823.7500 643.9610
v 178.6030 874.1893 646.5229
v 198.6704 824.8481 605.8842
v 178.6030 874.1893 646.5229
v 200.6230 875.2477 608.4441
v 198.6704 824.8481 605.8842
v 198.6704 824.8481 605.8842
v 200.6230 875.2477 608.4441
v 242.6364 823.1199 605.8396
v 200.6230 875.2477 608.4441
v 244.5914 873.5820 608.4027
v 242.6364 823.1199 605.8396
v 242.6364 823.1199 605.8396
v 244.5914 873.5820 608.4027
v 264.5809 820.2937 643.8719
v 244.5914 873.5820 608.4027
v 266.5398 870.8580 646.4402
v 264.5809 820.2937 643.8719
v 266.5398 870.8580 646.4402
v 268.3970 921.4902 648.8750
v 244.5198 869.7996 684.5190
v 268.3970 921.4902 648.8750
v 246.3797 920.5084 686.9575
v 244.5198 869.7996 684.5190
v 244.5198 869.7996 684.5190
v 246.3797 920.5084 686.9575
v 200.5513 871.4653 684.5604
v 246.3797 920.5084 686.9575
v 202.4069 922.0537 686.9931
v 200.5513 871.4653 684.5604
v 200.5513 871.4653 684.5604
v 202.4069 922.0537 686.9931
v 178.6030 874.1893 646.5229
v 202.4069 922.0537 686.9931
v 180.4513 924.5809 648.9462
v 178.6030 874.1893 646.5229
v 178.6030 874.1893 646.5229
v 180.4513 924.5809 648.9462
v 200.6230 875.2477 608.4441
v 180.4513 924.5809 648.9462
v 202.4686 925.5629 610.8637
v 200.6230 875.2477 608.4441
v 200.6230 875.2477 608.4441
v 202.4686 925.5629 610.8637
v 244.5914 873.5820 608.4027
v 202.4686 925.5629 610.8637
v 246.4414 924.0175 610.8281
v 244.5914 873.5820 608.4027
v 244.5914 873.5820 608.4027
v 246.4414 924.0175 610.8281
v 266.5398 870.8580 646.4402
v 246.4414 924.0175 610.8281
v 268.3970 921.4902 648.8750
v 266.5398 870.8580 646.4402
v 420.0000 487.5001 -586.0000
v 420.5510 547.7019 -586.1630
v 381.8949 487.5004 -608.0000
v 420.5510 547.7019 -586.1630
v 382.4491 548.1561 -608.1639
v 381.8949 487.5004 -608.0000
v 381.8949 487.5004 -608.0000
v 382.4491 548.1561 -608.1639
v 381.8949 487.5002 -652.0000
v 382.4491 548.1561 -608.1639
v 382.4478 547.9690 -652.1636
v 381.8949 487.5002 -652.0000
v 381.8949 487.5002 -652.0000
v 382.4478 547.9690 -652.1636
v 420.0000 487.4999 -674.0000
v 382.4478 547.9690 -652.1636
v 420.5482 547.3277 -674.1622
v 420.0000 487.4999 -674.0000
v 420.0000 487.4999 -674.0000
v 420.5482 547.3277 -674.1622
v 458.1051 487.4996 -652.0000
v 420.5482 547.3277 -674.1622
v 458.6501 546.8734 -652.1612
v 458.1051 487.4996 -652.0000
v 458.1051 487.4996 -652.0000
v 458.6501 546.8734 -652.1612
v 458.1051 487.4998 -608.0000
v 458.6501 546.8734 -652.1612
v 458.6515 547.0605 -608.1616
v 458.1051 487.4998 -608.0000
v 458.1051 487.4998 -608.0000
v 458.6515 547.0605 -608.1616
v 420.0000 487.5001 -586.0000
v 458.6515 547.0605 -608.1616
v 420.5510 547.7019 -586.1630
v 420.0000 487.5001 -586.0000
v 420.5510 547.7019 -586.1630
v 421.1538 607.5488 -586.3413
v 382.4491 548.1561 -608.1639
v 421.1538 607.5488 -586.3413
v 383.0487 607.5993 -608.3413
v 382.4491 548.1561 -608.1639
v 382.4491 548.1561 -608.1639
v 383.0487 607.5993 -608.3413
v 382.4478 547.9690 -652.1636
v 383.0487 607.5993 -608.3413
v 383.0487 607.5785 -652.3413
v 382.4478 547.9690 -652.1636
v 382.4478 547.9690 -652.1636
v 383.0487 607.5785 -652.3413
v 420.5482 547.3277 -674.1622
v 383.0487 607.5785 -652.3413
v 421.1537 607.5072 -674.3413
v 420.5482 547.3277 -674.1622
v 420.5482 547.3277 -674.1622
v 421.1537 607.5072 -674.3413
v 458.6501 546.8734 -652.1612
v 421.1537 607.5072 -674.3413
v 459.2589 607.4567 -652.3413
v 458.6501 546.8734 -652.1612
v 458.6501 546.8734 -652.1612
v 459.2589 607.4567 -652.3413
v 458.6515 547.0605 -608.1616
v 459.2589 607.4567 -652.3413
v 459.2589 607.4775 -608.3413
v 458.6515 547.0605 -608.1616
v 458.6515 547.0605 -608.1616
v 459.2589 607.4775 -608.3413
v 420.5510 547.7019 -586.1630
v 459.2589 607.4775 -608.3413
v 421.1538 607.5488 -586.3413
v 420.5510 547.7019 -586.1630
v 421.1538 607.5488 -586.3413
v 420.4734 667.2165 -586.1401
v 383.0487 607.5993 -608.3413
v 420.4734 667.2165 -586.1401
v 382.3781 666.4299 -608.1429
v 383.0487 607.5993 -608.3413
v 383.0487 607.5993 -608.3413
v 382.3781 666.4299 -608.1429
v 383.0487 607.5785 -652.3413
v 382.3781 666.4299 -608.1429
v 382.3741 666.7539 -652.1418
v 383.0487 607.5785 -652.3413
v 383.0487 607.5785 -652.3413
v 382.3741 666.7539 -652.1418
v 421.1537 607.5072 -674.3413
v 382.3741 666.7539 -652.1418
v 420.4654 667.8645 -674.1377
v 421.1537 607.5072 -674.3413
v 421.1537 607.5072 -674.3413
v 420.4654 667.8645 -674.1377
v 459.2589 607.4567 -652.3413
v 420.4654 667.8645 -674.1377
v 458.5607 668.6510 -652.1348
v 459.2589 607.4567 -652.3413
v 459.2589 607.4567 -652.3413
v 458.5607 668.6510 -652.1348
v 459.2589 607.4775 -608.3413
v 458.5607 668.6510 -652.1348
v 458.5647 668.3270 -608.1360
v 459.2589 607.4775 -608.3413
v 459.2589 607.4775 -608.3413
v 458.5647 668.3270 -608.1360
v 421.1538 607.5488 -586.3413
v 458.5647 668.3270 -608.1360
v 420.4734 667.2165 -586.1401
v 421.1538 607.5488 -586.3413
v 420.4734 667.2165 -586.1401
v 418.2792 726.9053 -585.4910
v 382.3781 666.4299 -608.1429
v 418.2792 726.9053 -585.4910
v 380.2082 725.4393 -607.5010
v 382.3781 666.4299 -608.1429
v 382.3781 666.4299 -608.1429
v 380.2082 725.4393 -607.5010
v 382.3741 666.7539 -652.1418
v 380.2082 725.4393 -607.5010
v 380.1942 726.0432 -651.4969
v 382.3741 666.7539 -652.1418
v 382.3741 666.7539 -652.1418
v 380.1942 726.0432 -651.4969
v 420.4654 667.8645 -674.1377
v 380.1942 726.0432 -651.4969
v 418.2512 728.1130 -673.4827
v 420.4654 667.8645 -674.1377
v 420.4654 667.8645 -674.1377
v 418.2512 728.1130 -673.4827
v 458.5607 668.6510 -652.1348
v 418.2512 728.1130 -673.4827
v 456.3223 729.5790 -651.4726
v 458.5607 668.6510 -652.1348
v 458.5607 668.6510 -652.1348
v 456.3223 729.5790 -651.4726
v 458.5647 668.3270 -608.1360
v 456.3223 729.5790 -651.4726
v 456.3363 728.9751 -607.4767
v 458.5647 668.3270 -608.1360
v 458.5647 668.3270 -608.1360
v 456.3363 728.9751 -607.4767
v 420.4734 667.2165 -586.1401
v 456.3363 728.9751 -607.4767
v 418.2792 726.9053 -585.4910
v 420.4734 667.2165 -586.1401
v 418.2792 726.9053 -585.4910
v 415.1220 786.6849 -584.5570
v 380.2082 725.4393 -607.5010
v 415.1220 786.6849 -584.5570
v 377.0701 784.8528 -606.5728
v 380.2082 725.4393 -607.5010
v 380.2082 725.4393 -607.5010
v 377.0701 784.8528 -606.5728
v 380.1942 726.0432 -651.4969
v 377.0701 784.8528 -606.5728
v 377.0482 785.6075 -650.5663
v 380.1942 726.0432 -651.4969
v 380.1942 726.0432 -651.4969
v 377.0482 785.6075 -650.5663
v 418.2512 728.1130 -673.4827
v 377.0482 785.6075 -650.5663
v 415.0782 788.1943 -672.5441
v 418.2512 728.1130 -673.4827
v 418.2512 728.1130 -673.4827
v 415.0782 788.1943 -672.5441
v 456.3223 729.5790 -651.4726
v 415.0782 788.1943 -672.5441
v 453.1302 790.0264 -650.5283
v 456.3223 729.5790 -651.4726
v 456.3223 729.5790 -651.4726
v 453.1302 790.0264 -650.5283
v 456.3363 728.9751 -607.4767
v 453.1302 790.0264 -650.5283
v 453.1521 789.2717 -606.5349
v 456.3363 728.9751 -607.4767
v 456.3363 728.9751 -607.4767
v 453.1521 789.2717 -606.5349
v 418.2792 726.9053 -585.4910
v 453.1521 789.2717 -606.5349
v 415.1220 786.6849 -584.5570
v 418.2792 726.9053 -585.4910
v 415.1220 786.6849 -584.5570
v 411.4261 846.4892 -583.4637
v 377.0701 784.8528 -606.5728
v 411.4261 846.4892 -583.4637
v 373.3874 844.4423 -605.4834
v 377.0701 784.8528 -606.5728
v 377.0701 784.8528 -606.5728
v 373.3874 844.4423 -605.4834
v 377.0482 785.6075 -650.5663
v 373.3874 844.4423 -605.4834
v 373.3600 845.2855 -649.4753
v 377.0482 785.6075 -650.5663
v 377.0482 785.6075 -650.5663
v 373.3600 845.2855 -649.4753
v 415.0782 788.1943 -672.5441
v 373.3600 845.2855 -649.4753
v 411.3714 848.1756 -671.4476
v 415.0782 788.1943 -672.5441
v 415.0782 788.1943 -672.5441
v 411.3714 848.1756 -671.4476
v 453.1302 790.0264 -650.5283
v 411.3714 848.1756 -671.4476
v 449.4102 850.2226 -649.4279
v 453.1302 790.0264 -650.5283
v 453.1302 790.0264 -650.5283
v 449.4102 850.2226 -649.4279
v 453.1521 789.2717 -606.5349
v 449.4102 850.2226 -649.4279
v 449.4375 849.3794 -605.4360
v 453.1521 789.2717 -606.5349
v 453.1521 789.2717 -606.5349
v 449.4375 849.3794 -605.4360
v 415.1220 786.6849 -584.5570
v 449.4375 849.3794 -605.4360
v 411.4261 846.4892 -583.4637
v 415.1220 786.6849 -584.5570
v 411.4261 846.4892 -583.4637
v 407.4092 906.3095 -582.2755
v 373.3874 844.4423 -605.4834
v 407.4092 906.3095 -582.2755
v 369.3790 904.1349 -604.2976
v 373.3874 844.4423 -605.4834
v 373.3874 844.4423 -605.4834
v 369.3790 904.1349 -604.2976
v 373.3600 845.2855 -649.4753
v 369.3790 904.1349 -604.2976
v 369.3481 905.0307 -648.2885
v 373.3600 845.2855 -649.4753
v 373.3600 845.2855 -649.4753
v 369.3481 905.0307 -648.2885
v 411.3714 848.1756 -671.4476
v 369.3481 905.0307 -648.2885
v 407.3474 908.1010 -670.2572
v 411.3714 848.1756 -671.4476
v 411.3714 848.1756 -671.4476
v 407.3474 908.1010 -670.2572
v 449.4102 850.2226 -649.4279
v 407.3474 908.1010 -670.2572
v 445.3777 910.2756 -648.2350
v 449.4102 850.2226 -649.4279
v 449.4102 850.2226 -649.4279
v 445.3777 910.2756 -648.2350
v 449.4375 849.3794 -605.4360
v 445.3777 910.2756 -648.2350
v 445.4085 909.3798 -604.2442
v 449.4375 849.3794 -605.4360
v 449.4375 849.3794 -605.4360
v 445.4085 909.3798 -604.2442
v 411.4261 846.4892 -583.4637
v 445.4085 909.3798 -604.2442
v 407.4092 906.3095 -582.2755
v 411.4261 846.4892 -583.4637
v 407.4092 906.3095 -582.2755
v 403.2082 966.1392 -581.0328
v 369.3790 904.1349 -604.2976
v 403.2082 966.1392 -581.0328
v 365.1827 963.8970 -603.0563
v 369.3790 904.1349 -604.2976
v 369.3790 904.1349 -604.2976
v 365.1827 963.8970 -603.0563
v 369.3481 905.0307 -648.2885
v 365.1827 963.8970 -603.0563
v 365.1499 964.8206 -647.0466
v 369.3481 905.0307 -648.2885
v 369.3481 905.0307 -648.2885
v 365.1499 964.8206 -647.0466
v 407.3474 908.1010 -670.2572
v 365.1499 964.8206 -647.0466
v 403.1425 967.9865 -669.0134
v 407.3474 908.1010 -670.2572
v 407.3474 908.1010 -670.2572
v 403.1425 967.9865 -669.0134
v 445.3777 910.2756 -648.2350
v 403.1425 967.9865 -669.0134
v 441.1680 970.2286 -646.9898
v 445.3777 910.2756 -648.2350
v 445.3777 910.2756 -648.2350
v 441.1680 970.2286 -646.9898
v 445.4085 909.3798 -604.2442
v 441.1680 970.2286 -646.9898
v 441.2008 969.3050 -602.9995
v 445.4085 909.3798 -604.2442
v 445.4085 909.3798 -604.2442
v 441.2008 969.3050 -602.9995
v 407.4092 906.3095 -582.2755
v 441.2008 969.3050 -602.9995
v 403.2082 966.1392 -581.0328
v 407.4092 906.3095 -582.2755
v 403.2082 966.1392 -581.0328
v 398.9240 1025.9835 -579.7654
v 365.1827 963.8970 -603.0563
v 398.9240 1025.9835 -579.7654
v 360.8999 1023.7218 -601.7894
v 365.1827 963.8970 -603.0563
v 365.1827 963.8970 -603.0563
v 360.8999 1023.7218 -601.7894
v 365.1499 964.8206 -647.0466
v 360.8999 1023.7218 -601.7894
v 360.8665 1024.6534 -645.7795
v 365.1499 964.8206 -647.0466
v 365.1499 964.8206 -647.0466
v 360.8665 1024.6534 -645.7795
v 403.1425 967.9865 -669.0134
v 360.8665 1024.6534 -645.7795
v 398.8572 1027.8469 -667.7457
v 403.1425 967.9865 -669.0134
v 403.1425 967.9865 -669.0134
v 398.8572 1027.8469 -667.7457
v 441.1680 970.2286 -646.9898
v 398.8572 1027.8469 -667.7457
v 436.8813 1030.1086 -645.7217
v 441.1680 970.2286 -646.9898
v 441.1680 970.2286 -646.9898
v 436.8813 1030.1086 -645.7217
v 441.2008 969.3050 -602.9995
v 436.8813 1030.1086 -645.7217
v 436.9146 1029.1769 -601.7316
v 441.2008 969.3050 -602.9995
v 441.2008 969.3050 -602.9995
v 436.9146 1029.1769 -601.7316
v 403.2082 966.1392 -581.0328
v 436.9146 1029.1769 -601.7316
v 398.9240 1025.9835 -579.7654
v 403.2082 966.1392 -581.0328
v 398.9240 1025.9835 -579.7654
v 394.6440 1085.8459 -578.4994
v 360.8999 1023.7218 -601.7894
v 394.6440 1085.8459 -578.4994
v 356.6182 1083.6096 -600.5228
v 360.8999 1023.7218 -601.7894
v 360.8999 1023.7218 -601.7894
v 356.6182 1083.6096 -600.5228
v 360.8665 1024.6534 -645.7795
v 356.6182 1083.6096 -600.5228
v 356.5855 1084.5308 -644.5132
v 360.8665 1024.6534 -645.7795
v 360.8665 1024.6534 -645.7795
v 356.5855 1084.5308 -644.5132
v 398.8572 1027.8469 -667.7457
v 356.5855 1084.5308 -644.5132
v 394.5787 1087.6884 -666.4800
v 398.8572 1027.8469 -667.7457
v 398.8572 1027.8469 -667.7457
v 394.5787 1087.6884 -666.4800
v 436.8813 1030.1086 -645.7217
v 394.5787 1087.6884 -666.4800
v 432.6046 1089.9247 -644.4566
v 436.8813 1030.1086 -645.7217
v 436.8813 1030.1086 -645.7217
v 432.6046 1089.9247 -644.4566
v 436.9146 1029.1769 -601.7316
v 432.6046 1089.9247 -644.4566
v 432.6373 1089.0035 -600.4663
v 436.9146 1029.1769 -601.7316
v 436.9146 1029.1769 -601.7316
v 432.6373 1089.0035 -600.4663
v 398.9240 1025.9835 -579.7654
v 432.6373 1089.0035 -600.4663
v 394.6440 1085.8459 -578.4994
v 398.9240 1025.9835 -579.7654
v 394.6440 1085.8459 -578.4994
v 390.4562 1145.7370 -577.2606
v 356.6182 1083.6096 -600.5228
v 390.4562 1145.7370 -577.2606
v 352.4251 1143.5751 -599.2825
v 356.6182 1083.6096 -600.5228
v 356.6182 1083.6096 -600.5228
v 352.4251 1143.5751 -599.2825
v 356.5855 1084.5308 -644.5132
v 352.4251 1143.5751 -599.2825
v 352.3946 1144.4656 -643.2734
v 356.5855 1084.5308 -644.5132
v 356.5855 1084.5308 -644.5132
v 352.3946 1144.4656 -643.2734
v 394.5787 1087.6884 -666.4800
v 352.3946 1144.4656 -643.2734
v 390.3952 1147.5181 -665.2425
v 394.5787 1087.6884 -666.4800
v 394.5787 1087.6884 -666.4800
v 390.3952 1147.5181 -665.2425
v 432.6046 1089.9247 -644.4566
v 390.3952 1147.5181 -665.2425
v 428.4262 1149.6799 -643.2206
v 432.6046 1089.9247 -644.4566
v 432.6046 1089.9247 -644.4566
v 428.4262 1149.6799 -643.2206
v 432.6373 1089.0035 -600.4663
v 428.4262 1149.6799 -643.2206
v 428.4567 1148.7894 -599.2296
v 432.6373 1089.0035 -600.4663
v 432.6373 1089.0035 -600.4663
v 428.4567 1148.7894 -599.2296
v 394.6440 1085.8459 -578.4994
v 428.4567 1148.7894 -599.2296
v 390.4562 1145.7370 -577.2606
v 394.6440 1085.8459 -578.4994
v 390.4562 1145.7370 -577.2606
v 386.4644 1205.6658 -576.0797
v 352.4251 1143.5751 -599.2825
v 386.4644 1205.6658 -576.0797
v 348.4243 1203.6405 -598.0989
v 352.4251 1143.5751 -599.2825
v 352.4251 1143.5751 -599.2825
v 348.4243 1203.6405 -598.0989
v 352.3946 1144.4656 -643.2734
v 348.4243 1203.6405 -598.0989
v 348.3975 1204.4748 -642.0911
v 352.3946 1144.4656 -643.2734
v 352.3946 1144.4656 -643.2734
v 348.3975 1204.4748 -642.0911
v 390.3952 1147.5181 -665.2425
v 348.3975 1204.4748 -642.0911
v 386.4109 1207.3342 -664.0639
v 390.3952 1147.5181 -665.2425
v 390.3952 1147.5181 -665.2425
v 386.4109 1207.3342 -664.0639
v 428.4262 1149.6799 -643.2206
v 386.4109 1207.3342 -664.0639
v 424.4510 1209.3595 -642.0447
v 428.4262 1149.6799 -643.2206
v 428.4262 1149.6799 -643.2206
v 424.4510 1209.3595 -642.0447
v 428.4567 1148.7894 -599.2296
v 424.4510 1209.3595 -642.0447
v 424.4778 1208.5252 -598.0526
v 428.4567 1148.7894 -599.2296
v 428.4567 1148.7894 -599.2296
v 424.4778 1208.5252 -598.0526
v 390.4562 1145.7370 -577.2606
v 424.4778 1208.5252 -598.0526
v 386.4644 1205.6658 -576.0797
v 390.4562 1145.7370 -577.2606
v 464.0000 -25.5001 -378.0000
v 464.1405 22.9271 -377.6714
v 442.0000 -25.5003 -339.8949
v 464.1405 22.9271 -377.6714
v 442.1397 22.5976 -339.5681
v 442.0000 -25.5003 -339.8949
v 442.0000 -25.5003 -339.8949
v 442.1397 22.5976 -339.5681
v 398.0000 -25.5002 -339.8949
v 442.1397 22.5976 -339.5681
v 398.1402 22.8135 -339.5669
v 398.0000 -25.5002 -339.8949
v 398.0000 -25.5002 -339.8949
v 398.1402 22.8135 -339.5669
v 376.0000 -25.4999 -378.0000
v 398.1402 22.8135 -339.5669
v 376.1415 23.3589 -377.6689
v 376.0000 -25.4999 -378.0000
v 376.0000 -25.4999 -378.0000
v 376.1415 23.3589 -377.6689
v 398.0000 -25.4997 -416.1051
v 376.1415 23.3589 -377.6689
v 398.1423 23.6884 -415.7721
v 398.0000 -25.4997 -416.1051
v 398.0000 -25.4997 -416.1051
v 398.1423 23.6884 -415.7721
v 442.0000 -25.4998 -416.1051
v 398.1423 23.6884 -415.7721
v 442.1418 23.4724 -415.7734
v 442.0000 -25.4998 -416.1051
v 442.0000 -25.4998 -416.1051
v 442.1418 23.4724 -415.7734
v 464.0000 -25.5001 -378.0000
v 442.1418 23.4724 -415.7734
v 464.1405 22.9271 -377.6714
v 464.0000 -25.5001 -378.0000
v 464.1405 22.9271 -377.6714
v 464.3736 71.6262 -377.1260
v 442.1397 22.5976 -339.5681
v 464.3736 71.6262 -377.1260
v 442.3732 71.3866 -339.0219
v 442.1397 22.5976 -339.5681
v 442.1397 22.5976 -339.5681
v 442.3732 71.3866 -339.0219
v 398.1402 22.8135 -339.5669
v 442.3732 71.3866 -339.0219
v 398.3735 71.5436 -339.0212
v 398.1402 22.8135 -339.5669
v 398.1402 22.8135 -339.5669
v 398.3735 71.5436 -339.0212
v 376.1415 23.3589 -377.6689
v 398.3735 71.5436 -339.0212
v 376.3742 71.9402 -377.1247
v 376.1415 23.3589 -377.6689
v 376.1415 23.3589 -377.6689
v 376.3742 71.9402 -377.1247
v 398.1423 23.6884 -415.7721
v 376.3742 71.9402 -377.1247
v 398.3746 72.1798 -415.2288
v 398.1423 23.6884 -415.7721
v 398.1423 23.6884 -415.7721
v 398.3746 72.1798 -415.2288
v 442.1418 23.4724 -415.7734
v 398.3746 72.1798 -415.2288
v 442.3743 72.0228 -415.2294
v 442.1418 23.4724 -415.7734
v 442.1418 23.4724 -415.7734
v 442.3743 72.0228 -415.2294
v 464.1405 22.9271 -377.6714
v 442.3743 72.0228 -415.2294
v 464.3736 71.6262 -377.1260
v 464.1405 22.9271 -377.6714
v 464.3736 71.6262 -377.1260
v 464.3980 120.5683 -377.0689
v 442.3732 71.3866 -339.0219
v 464.3980 120.5683 -377.0689
v 442.3977 120.7850 -338.9646
v 442.3732 71.3866 -339.0219
v 442.3732 71.3866 -339.0219
v 442.3977 120.7850 -338.9646
v 398.3735 71.5436 -339.0212
v 442.3977 120.7850 -338.9646
v 398.3979 120.6430 -338.9641
v 398.3735 71.5436 -339.0212
v 398.3735 71.5436 -339.0212
v 398.3979 120.6430 -338.9641
v 376.3742 71.9402 -377.1247
v 398.3979 120.6430 -338.9641
v 376.3985 120.2843 -377.0678
v 376.3742 71.9402 -377.1247
v 376.3742 71.9402 -377.1247
v 376.3985 120.2843 -377.0678
v 398.3746 72.1798 -415.2288
v 376.3985 120.2843 -377.0678
v 398.3988 120.0677 -415.1721
v 398.3746 72.1798 -415.2288
v 398.3746 72.1798 -415.2288
v 398.3988 120.0677 -415.1721
v 442.3743 72.0228 -415.2294
v 398.3988 120.0677 -415.1721
v 442.3986 120.2097 -415.1727
v 442.3743 72.0228 -415.2294
v 442.3743 72.0228 -415.2294
v 442.3986 120.2097 -415.1727
v 464.3736 71.6262 -377.1260
v 442.3986 120.2097 -415.1727
v 464.3980 120.5683 -377.0689
v 464.3736 71.6262 -377.1260
v 464.3980 120.5683 -377.0689
v 464.0208 169.6004 -377.9512
v 442.3977 120.7850 -338.9646
v 464.0208 169.6004 -377.9512
v 442.0158 170.4242 -339.8579
v 442.3977 120.7850 -338.9646
v 442.3977 120.7850 -338.9646
v 442.0158 170.4242 -339.8579
v 398.3979 120.6430 -338.9641
v 442.0158 170.4242 -339.8579
v 398.0191 169.8843 -339.8502
v 398.3979 120.6430 -338.9641
v 398.3979 120.6430 -338.9641
v 398.0191 169.8843 -339.8502
v 376.3985 120.2843 -377.0678
v 398.0191 169.8843 -339.8502
v 376.0275 168.5208 -377.9357
v 376.3985 120.2843 -377.0678
v 376.3985 120.2843 -377.0678
v 376.0275 168.5208 -377.9357
v 398.3988 120.0677 -415.1721
v 376.0275 168.5208 -377.9357
v 398.0325 167.6971 -416.0290
v 398.3988 120.0677 -415.1721
v 398.3988 120.0677 -415.1721
v 398.0325 167.6971 -416.0290
v 442.3986 120.2097 -415.1727
v 398.0325 167.6971 -416.0290
v 442.0292 168.2369 -416.0368
v 442.3986 120.2097 -415.1727
v 442.3986 120.2097 -415.1727
v 442.0292 168.2369 -416.0368
v 464.3980 120.5683 -377.0689
v 442.0292 168.2369 -416.0368
v 464.0208 169.6004 -377.9512
v 464.3980 120.5683 -377.0689
v 464.0208 169.6004 -377.9512
v 463.2285 218.5185 -379.8048
v 442.0158 170.4242 -339.8579
v 463.2285 218.5185 -379.8048
v 441.2158 219.8250 -341.7295
v 442.0158 170.4242 -339.8579
v 442.0158 170.4242 -339.8579
v 441.2158 219.8250 -341.7295
v 398.0191 169.8843 -339.8502
v 441.2158 219.8250 -341.7295
v 397.2241 218.9688 -341.7100
v 398.0191 169.8843 -339.8502
v 398.0191 169.8843 -339.8502
v 397.2241 218.9688 -341.7100
v 376.0275 168.5208 -377.9357
v 397.2241 218.9688 -341.7100
v 375.2451 216.8060 -379.7658
v 376.0275 168.5208 -377.9357
v 376.0275 168.5208 -377.9357
v 375.2451 216.8060 -379.7658
v 398.0325 167.6971 -416.0290
v 375.2451 216.8060 -379.7658
v 397.2579 215.4994 -417.8412
v 398.0325 167.6971 -416.0290
v 398.0325 167.6971 -416.0290
v 397.2579 215.4994 -417.8412
v 442.0292 168.2369 -416.0368
v 397.2579 215.4994 -417.8412
v 441.2495 216.3557 -417.8607
v 442.0292 168.2369 -416.0368
v 442.0292 168.2369 -416.0368
v 441.2495 216.3557 -417.8607
v 464.0208 169.6004 -377.9512
v 441.2495 216.3557 -417.8607
v 463.2285 218.5185 -379.8048
v 464.0208 169.6004 -377.9512
v 463.2285 218.5185 -379.8048
v 462.1641 267.2793 -382.2947
v 441.2158 219.8250 -341.7295
v 462.1641 267.2793 -382.2947
v 440.1451 268.8760 -344.2340
v 441.2158 219.8250 -341.7295
v 441.2158 219.8250 -341.7295
v 440.1451 268.8760 -344.2340
v 397.2241 218.9688 -341.7100
v 440.1451 268.8760 -344.2340
v 396.1576 267.8297 -344.2049
v 397.2241 218.9688 -341.7100
v 397.2241 218.9688 -341.7100
v 396.1576 267.8297 -344.2049
v 375.2451 216.8060 -379.7658
v 396.1576 267.8297 -344.2049
v 374.1890 265.1865 -382.2365
v 375.2451 216.8060 -379.7658
v 375.2451 216.8060 -379.7658
v 374.1890 265.1865 -382.2365
v 397.2579 215.4994 -417.8412
v 374.1890 265.1865 -382.2365
v 396.2080 263.5898 -420.2971
v 397.2579 215.4994 -417.8412
v 397.2579 215.4994 -417.8412
v 396.2080 263.5898 -420.2971
v 441.2495 216.3557 -417.8607
v 396.2080 263.5898 -420.2971
v 440.1956 264.6362 -420.3262
v 441.2495 216.3557 -417.8607
v 441.2495 216.3557 -417.8607
v 440.1956 264.6362 -420.3262
v 463.2285 218.5185 -379.8048
v 440.1956 264.6362 -420.3262
v 462.1641 267.2793 -382.2947
v 463.2285 218.5185 -379.8048
v 462.1641 267.2793 -382.2947
v 460.9346 315.9391 -385.1711
v 440.1451 268.8760 -344.2340
v 460.9346 315.9391 -385.1711
v 438.9111 317.7136 -347.1208
v 440.1451 268.8760 -344.2340
v 440.1451 268.8760 -344.2340
v 438.9111 317.7136 -347.1208
v 396.1576 267.8297 -344.2049
v 438.9111 317.7136 -347.1208
v 394.9265 316.5507 -347.0849
v 396.1576 267.8297 -344.2049
v 396.1576 267.8297 -344.2049
v 394.9265 316.5507 -347.0849
v 374.1890 265.1865 -382.2365
v 394.9265 316.5507 -347.0849
v 372.9653 313.6133 -385.0991
v 374.1890 265.1865 -382.2365
v 374.1890 265.1865 -382.2365
v 372.9653 313.6133 -385.0991
v 396.2080 263.5898 -420.2971
v 372.9653 313.6133 -385.0991
v 394.9888 311.8389 -423.1493
v 396.2080 263.5898 -420.2971
v 396.2080 263.5898 -420.2971
v 394.9888 311.8389 -423.1493
v 440.1956 264.6362 -420.3262
v 394.9888 311.8389 -423.1493
v 438.9734 313.0018 -423.1853
v 440.1956 264.6362 -420.3262
v 440.1956 264.6362 -420.3262
v 438.9734 313.0018 -423.1853
v 462.1641 267.2793 -382.2947
v 438.9734 313.0018 -423.1853
v 460.9346 315.9391 -385.1711
v 462.1641 267.2793 -382.2947
v 460.9346 315.9391 -385.1711
v 459.6065 364.5333 -388.2778
v 438.9111 317.7136 -347.1208
v 459.6065 364.5333 -388.2778
v 437.5803 366.4088 -350.2341
v 438.9111 317.7136 -347.1208
v 438.9111 317.7136 -347.1208
v 437.5803 366.4088 -350.2341
v 394.9265 316.5507 -347.0849
v 437.5803 366.4088 -350.2341
v 393.5975 365.1797 -350.1938
v 394.9265 316.5507 -347.0849
v 394.9265 316.5507 -347.0849
v 393.5975 365.1797 -350.1938
v 372.9653 313.6133 -385.0991
v 393.5975 365.1797 -350.1938
v 371.6409 362.0751 -388.1974
v 372.9653 313.6133 -385.0991
v 372.9653 313.6133 -385.0991
v 371.6409 362.0751 -388.1974
v 394.9888 311.8389 -423.1493
v 371.6409 362.0751 -388.1974
v 393.6671 360.1996 -426.2411
v 394.9888 311.8389 -423.1493
v 394.9888 311.8389 -423.1493
v 393.6671 360.1996 -426.2411
v 438.9734 313.0018 -423.1853
v 393.6671 360.1996 -426.2411
v 437.6499 361.4287 -426.2814
v 438.9734 313.0018 -423.1853
v 438.9734 313.0018 -423.1853
v 437.6499 361.4287 -426.2814
v 460.9346 315.9391 -385.1711
v 437.6499 361.4287 -426.2814
v 459.6065 364.5333 -388.2778
v 460.9346 315.9391 -385.1711
v 459.6065 364.5333 -388.2778
v 458.2288 413.0786 -391.5008
v 437.5803 366.4088 -350.2341
v 458.2288 413.0786 -391.5008
v 436.2014 414.9948 -353.4597
v 437.5803 366.4088 -350.2341
v 437.5803 366.4088 -350.2341
v 436.2014 414.9948 -353.4597
v 393.5975 365.1797 -350.1938
v 436.2014 414.9948 -353.4597
v 392.2193 413.7390 -353.4178
v 393.5975 365.1797 -350.1938
v 393.5975 365.1797 -350.1938
v 392.2193 413.7390 -353.4178
v 371.6409 362.0751 -388.1974
v 392.2193 413.7390 -353.4178
v 370.2646 410.5670 -391.4168
v 371.6409 362.0751 -388.1974
v 371.6409 362.0751 -388.1974
v 370.2646 410.5670 -391.4168
v 393.6671 360.1996 -426.2411
v 370.2646 410.5670 -391.4168
v 392.2920 408.6507 -429.4579
v 393.6671 360.1996 -426.2411
v 393.6671 360.1996 -426.2411
v 392.2920 408.6507 -429.4579
v 437.6499 361.4287 -426.2814
v 392.2920 408.6507 -429.4579
v 436.2741 409.9065 -429.4999
v 437.6499 361.4287 -426.2814
v 437.6499 361.4287 -426.2814
v 436.2741 409.9065 -429.4999
v 459.6065 364.5333 -388.2778
v 436.2741 409.9065 -429.4999
v 458.2288 413.0786 -391.5008
v 459.6065 364.5333 -388.2778
v 458.2288 413.0786 -391.5008
v 456.8423 461.5865 -394.7441
v 436.2014 414.9948 -353.4597
v 456.8423 461.5865 -394.7441
v 434.8153 463.4891 -356.7022
v 436.2014 414.9948 -353.4597
v 436.2014 414.9948 -353.4597
v 434.8153 463.4891 -356.7022
v 392.2193 413.7390 -353.4178
v 434.8153 463.4891 -356.7022
v 390.8330 462.2422 -356.6608
v 392.2193 413.7390 -353.4178
v 392.2193 413.7390 -353.4178
v 390.8330 462.2422 -356.6608
v 370.2646 410.5670 -391.4168
v 390.8330 462.2422 -356.6608
v 368.8777 459.0927 -394.6614
v 370.2646 410.5670 -391.4168
v 370.2646 410.5670 -391.4168
v 368.8777 459.0927 -394.6614
v 392.2920 408.6507 -429.4579
v 368.8777 459.0927 -394.6614
v 390.9047 457.1901 -432.7033
v 392.2920 408.6507 -429.4579
v 392.2920 408.6507 -429.4579
v 390.9047 457.1901 -432.7033
v 436.2741 409.9065 -429.4999
v 390.9047 457.1901 -432.7033
v 434.8870 458.4370 -432.7447
v 436.2741 409.9065 -429.4999
v 436.2741 409.9065 -429.4999
v 434.8870 458.4370 -432.7447
v 458.2288 413.0786 -391.5008
v 434.8870 458.4370 -432.7447
v 456.8423 461.5865 -394.7441
v 458.2288 413.0786 -391.5008
v 456.8423 461.5865 -394.7441
v 455.4868 510.0630 -397.9151
v 434.8153 463.4891 -356.7022
v 455.4868 510.0630 -397.9151
v 433.4618 511.8956 -359.8686
v 434.8153 463.4891 -356.7022
v 434.8153 463.4891 -356.7022
v 433.4618 511.8956 -359.8686
v 390.8330 462.2422 -356.6608
v 433.4618 511.8956 -359.8686
v 389.4782 510.6946 -359.8302
v 390.8330 462.2422 -356.6608
v 390.8330 462.2422 -356.6608
v 389.4782 510.6946 -359.8302
v 368.8777 459.0927 -394.6614
v 389.4782 510.6946 -359.8302
v 367.5197 507.6609 -397.8383
v 368.8777 459.0927 -394.6614
v 368.8777 459.0927 -394.6614
v 367.5197 507.6609 -397.8383
v 390.9047 457.1901 -432.7033
v 367.5197 507.6609 -397.8383
v 389.5447 505.8282 -435.8848
v 390.9047 457.1901 -432.7033
v 390.9047 457.1901 -432.7033
v 389.5447 505.8282 -435.8848
v 434.8870 458.4370 -432.7447
v 389.5447 505.8282 -435.8848
v 433.5283 507.0292 -435.9232
v 434.8870 458.4370 -432.7447
v 434.8870 458.4370 -432.7447
v 433.5283 507.0292 -435.9232
v 456.8423 461.5865 -394.7441
v 433.5283 507.0292 -435.9232
v 455.4868 510.0630 -397.9151
v 456.8423 461.5865 -394.7441
v 455.4868 510.0630 -397.9151
v 454.2064 558.5072 -400.9104
v 433.4618 511.8956 -359.8686
v 454.2064 558.5072 -400.9104
v 432.1850 560.2032 -362.8554
v 433.4618 511.8956 -359.8686
v 433.4618 511.8956 -359.8686
v 432.1850 560.2032 -362.8554
v 389.4782 510.6946 -359.8302
v 432.1850 560.2032 -362.8554
v 388.1990 559.0917 -362.8226
v 389.4782 510.6946 -359.8302
v 389.4782 510.6946 -359.8302
v 388.1990 559.0917 -362.8226
v 367.5197 507.6609 -397.8383
v 388.1990 559.0917 -362.8226
v 366.2345 556.2844 -400.8447
v 367.5197 507.6609 -397.8383
v 367.5197 507.6609 -397.8383
v 366.2345 556.2844 -400.8447
v 389.5447 505.8282 -435.8848
v 366.2345 556.2844 -400.8447
v 388.2560 554.5885 -438.8996
v 389.5447 505.8282 -435.8848
v 389.5447 505.8282 -435.8848
v 388.2560 554.5885 -438.8996
v 433.5283 507.0292 -435.9232
v 388.2560 554.5885 -438.8996
v 432.2419 555.6999 -438.9325
v 433.5283 507.0292 -435.9232
v 433.5283 507.0292 -435.9232
v 432.2419 555.6999 -438.9325
v 455.4868 510.0630 -397.9151
v 432.2419 555.6999 -438.9325
v 454.2064 558.5072 -400.9104
v 455.4868 510.0630 -397.9151
v 464.0000 145.5005 -126.0000
v 463.7344 177.3947 -125.5998
v 442.0000 145.4996 -87.8949
v 463.7344 177.3947 -125.5998
v 441.7434 176.1992 -87.5082
v 442.0000 145.4996 -87.8949
v 442.0000 145.4996 -87.8949
v 441.7434 176.1992 -87.5082
v 398.0000 145.4990 -87.8949
v 441.7434 176.1992 -87.5082
v 397.7484 175.5369 -87.5157
v 398.0000 145.4990 -87.8949
v 398.0000 145.4990 -87.8949
v 397.7484 175.5369 -87.5157
v 376.0000 145.4995 -126.0000
v 397.7484 175.5369 -87.5157
v 375.7444 176.0701 -125.6148
v 376.0000 145.4995 -126.0000
v 376.0000 145.4995 -126.0000
v 375.7444 176.0701 -125.6148
v 398.0000 145.5004 -164.1051
v 375.7444 176.0701 -125.6148
v 397.7354 177.2656 -163.7064
v 398.0000 145.5004 -164.1051
v 398.0000 145.5004 -164.1051
v 397.7354 177.2656 -163.7064
v 442.0000 145.5010 -164.1051
v 397.7354 177.2656 -163.7064
v 441.7304 177.9279 -163.6989
v 442.0000 145.5010 -164.1051
v 442.0000 145.5010 -164.1051
v 441.7304 177.9279 -163.6989
v 464.0000 145.5005 -126.0000
v 441.7304 177.9279 -163.6989
v 463.7344 177.3947 -125.5998
v 464.0000 145.5005 -126.0000
v 463.7344 177.3947 -125.5998
v 463.1483 208.8606 -124.7167
v 441.7434 176.1992 -87.5082
v 463.1483 208.8606 -124.7167
v 441.1653 207.2198 -86.6371
v 441.7434 176.1992 -87.5082
v 441.7434 176.1992 -87.5082
v 441.1653 207.2198 -86.6371
v 397.7484 175.5369 -87.5157
v 441.1653 207.2198 -86.6371
v 397.1747 206.3109 -86.6513
v 397.7484 175.5369 -87.5157
v 397.7484 175.5369 -87.5157
v 397.1747 206.3109 -86.6513
v 375.7444 176.0701 -125.6148
v 397.1747 206.3109 -86.6513
v 375.1671 207.0426 -124.7450
v 375.7444 176.0701 -125.6148
v 375.7444 176.0701 -125.6148
v 375.1671 207.0426 -124.7450
v 397.7354 177.2656 -163.7064
v 375.1671 207.0426 -124.7450
v 397.1502 208.6833 -162.8246
v 397.7354 177.2656 -163.7064
v 397.7354 177.2656 -163.7064
v 397.1502 208.6833 -162.8246
v 441.7304 177.9279 -163.6989
v 397.1502 208.6833 -162.8246
v 441.1408 209.5923 -162.8104
v 441.7304 177.9279 -163.6989
v 441.7304 177.9279 -163.6989
v 441.1408 209.5923 -162.8104
v 463.7344 177.3947 -125.5998
v 441.1408 209.5923 -162.8104
v 463.1483 208.8606 -124.7167
v 463.7344 177.3947 -125.5998
v 463.1483 208.8606 -124.7167
v 462.5368 239.9241 -123.7951
v 441.1653 207.2198 -86.6371
v 462.5368 239.9241 -123.7951
v 440.5485 238.5608 -85.7077
v 441.1653 207.2198 -86.6371
v 441.1653 207.2198 -86.6371
v 440.5485 238.5608 -85.7077
v 397.1747 206.3109 -86.6513
v 440.5485 238.5608 -85.7077
v 396.5550 237.8055 -85.7174
v 397.1747 206.3109 -86.6513
v 397.1747 206.3109 -86.6513
v 396.5550 237.8055 -85.7174
v 375.1671 207.0426 -124.7450
v 396.5550 237.8055 -85.7174
v 374.5498 238.4135 -123.8147
v 375.1671 207.0426 -124.7450
v 375.1671 207.0426 -124.7450
v 374.5498 238.4135 -123.8147
v 397.1502 208.6833 -162.8246
v 374.5498 238.4135 -123.8147
v 396.5381 239.7768 -161.9022
v 397.1502 208.6833 -162.8246
v 397.1502 208.6833 -162.8246
v 396.5381 239.7768 -161.9022
v 441.1408 209.5923 -162.8104
v 396.5381 239.7768 -161.9022
v 440.5316 240.5321 -161.8924
v 441.1408 209.5923 -162.8104
v 441.1408 209.5923 -162.8104
v 440.5316 240.5321 -161.8924
v 463.1483 208.8606 -124.7167
v 440.5316 240.5321 -161.8924
v 462.5368 239.9241 -123.7951
v 463.1483 208.8606 -124.7167
v 462.5368 239.9241 -123.7951
v 462.1818 270.5898 -123.2602
v 440.5485 238.5608 -85.7077
v 462.1818 270.5898 -123.2602
v 440.1825 270.2440 -85.1562
v 440.5485 238.5608 -85.7077
v 440.5485 238.5608 -85.7077
v 440.1825 270.2440 -85.1562
v 396.5550 237.8055 -85.7174
v 440.1825 270.2440 -85.1562
v 396.1830 270.0525 -85.1568
v 396.5550 237.8055 -85.7174
v 396.5550 237.8055 -85.7174
v 396.1830 270.0525 -85.1568
v 374.5498 238.4135 -123.8147
v 396.1830 270.0525 -85.1568
v 374.1826 270.2067 -123.2614
v 374.5498 238.4135 -123.8147
v 374.5498 238.4135 -123.8147
v 374.1826 270.2067 -123.2614
v 396.5381 239.7768 -161.9022
v 374.1826 270.2067 -123.2614
v 396.1819 270.5524 -161.3654
v 396.5381 239.7768 -161.9022
v 396.5381 239.7768 -161.9022
v 396.1819 270.5524 -161.3654
v 440.5316 240.5321 -161.8924
v 396.1819 270.5524 -161.3654
v 440.1814 270.7440 -161.3648
v 440.5316 240.5321 -161.8924
v 440.5316 240.5321 -161.8924
v 440.1814 270.7440 -161.3648
v 462.5368 239.9241 -123.7951
v 440.1814 270.7440 -161.3648
v 462.1818 270.5898 -123.2602
v 462.5368 239.9241 -123.7951
v 462.1818 270.5898 -123.2602
v 462.3685 300.8157 -123.5415
v 440.1825 270.2440 -85.1562
v 462.3685 300.8157 -123.5415
v 440.3821 302.2874 -85.4570
v 440.1825 270.2440 -85.1562
v 440.1825 270.2440 -85.1562
v 440.3821 302.2874 -85.4570
v 396.1830 270.0525 -85.1568
v 440.3821 302.2874 -85.4570
v 396.3897 303.1028 -85.4683
v 396.1830 270.0525 -85.1568
v 396.1830 270.0525 -85.1568
v 396.3897 303.1028 -85.4683
v 374.1826 270.2067 -123.2614
v 396.3897 303.1028 -85.4683
v 374.3836 302.4464 -123.5643
v 374.1826 270.2067 -123.2614
v 374.1826 270.2067 -123.2614
v 374.3836 302.4464 -123.5643
v 396.1819 270.5524 -161.3654
v 374.3836 302.4464 -123.5643
v 396.3700 300.9747 -161.6489
v 396.1819 270.5524 -161.3654
v 396.1819 270.5524 -161.3654
v 396.3700 300.9747 -161.6489
v 440.1814 270.7440 -161.3648
v 396.3700 300.9747 -161.6489
v 440.3624 300.1593 -161.6375
v 440.1814 270.7440 -161.3648
v 440.1814 270.7440 -161.3648
v 440.3624 300.1593 -161.6375
v 462.1818 270.5898 -123.2602
v 440.3624 300.1593 -161.6375
v 462.3685 300.8157 -123.5415
v 462.1818 270.5898 -123.2602
v 462.3685 300.8157 -123.5415
v 463.3955 330.4865 -125.0892
v 440.3821 302.2874 -85.4570
v 463.3955 330.4865 -125.0892
v 441.5058 334.6659 -87.1501
v 440.3821 302.2874 -85.4570
v 440.3821 302.2874 -85.4570
v 441.5058 334.6659 -87.1501
v 396.3897 303.1028 -85.4683
v 441.5058 334.6659 -87.1501
v 397.5668 336.9813 -87.2421
v 396.3897 303.1028 -85.4683
v 396.3897 303.1028 -85.4683
v 397.5668 336.9813 -87.2421
v 374.3836 302.4464 -123.5643
v 397.5668 336.9813 -87.2421
v 375.5177 335.1174 -125.2732
v 374.3836 302.4464 -123.5643
v 374.3836 302.4464 -123.5643
v 375.5177 335.1174 -125.2732
v 396.3700 300.9747 -161.6489
v 375.5177 335.1174 -125.2732
v 397.4074 330.9381 -163.2122
v 396.3700 300.9747 -161.6489
v 396.3700 300.9747 -161.6489
v 397.4074 330.9381 -163.2122
v 440.3624 300.1593 -161.6375
v 397.4074 330.9381 -163.2122
v 441.3464 328.6226 -163.1202
v 440.3624 300.1593 -161.6375
v 440.3624 300.1593 -161.6375
v 441.3464 328.6226 -163.1202
v 462.3685 300.8157 -123.5415
v 441.3464 328.6226 -163.1202
v 463.3955 330.4865 -125.0892
v 462.3685 300.8157 -123.5415
v 463.3955 330.4865 -125.0892
v 465.5576 359.6468 -128.3471
v 441.5058 334.6659 -87.1501
v 465.5576 359.6468 -128.3471
v 443.9062 367.0616 -90.7673
v 441.5058 334.6659 -87.1501
v 441.5058 334.6659 -87.1501
v 443.9062 367.0616 -90.7673
v 397.5668 336.9813 -87.2421
v 443.9062 367.0616 -90.7673
v 400.0994 371.1695 -91.0584
v 397.5668 336.9813 -87.2421
v 397.5668 336.9813 -87.2421
v 400.0994 371.1695 -91.0584
v 375.5177 335.1174 -125.2732
v 400.0994 371.1695 -91.0584
v 377.9439 367.8626 -128.9292
v 375.5177 335.1174 -125.2732
v 375.5177 335.1174 -125.2732
v 377.9439 367.8626 -128.9292
v 397.4074 330.9381 -163.2122
v 377.9439 367.8626 -128.9292
v 399.5953 360.4479 -166.5090
v 397.4074 330.9381 -163.2122
v 397.4074 330.9381 -163.2122
v 399.5953 360.4479 -166.5090
v 441.3464 328.6226 -163.1202
v 399.5953 360.4479 -166.5090
v 443.4021 356.3400 -166.2179
v 441.3464 328.6226 -163.1202
v 441.3464 328.6226 -163.1202
v 443.4021 356.3400 -166.2179
v 463.3955 330.4865 -125.0892
v 443.4021 356.3400 -166.2179
v 465.5576 359.6468 -128.3471
v 463.3955 330.4865 -125.0892
v 465.5576 359.6468 -128.3471
v 468.8351 388.9003 -133.2858
v 443.9062 367.0616 -90.7673
v 468.8351 388.9003 -133.2858
v 447.4557 398.7657 -96.1159
v 443.9062 367.0616 -90.7673
v 443.9062 367.0616 -90.7673
v 447.4557 398.7657 -96.1159
v 400.0994 371.1695 -91.0584
v 447.4557 398.7657 -96.1159
v 403.7996 404.2313 -96.6341
v 400.0994 371.1695 -91.0584
v 400.0994 371.1695 -91.0584
v 403.7996 404.2313 -96.6341
v 377.9439 367.8626 -128.9292
v 403.7996 404.2313 -96.6341
v 381.5228 399.8315 -134.3221
v 377.9439 367.8626 -128.9292
v 377.9439 367.8626 -128.9292
v 381.5228 399.8315 -134.3221
v 399.5953 360.4479 -166.5090
v 381.5228 399.8315 -134.3221
v 402.9021 389.9662 -171.4920
v 399.5953 360.4479 -166.5090
v 399.5953 360.4479 -166.5090
v 402.9021 389.9662 -171.4920
v 443.4021 356.3400 -166.2179
v 402.9021 389.9662 -171.4920
v 446.5583 384.5005 -170.9738
v 443.4021 356.3400 -166.2179
v 443.4021 356.3400 -166.2179
v 446.5583 384.5005 -170.9738
v 465.5576 359.6468 -128.3471
v 446.5583 384.5005 -170.9738
v 468.8351 388.9003 -133.2858
v 465.5576 359.6468 -128.3471
v 468.8351 388.9003 -133.2858
v 472.9288 418.3526 -139.4546
v 447.4557 398.7657 -96.1159
v 472.9288 418.3526 -139.4546
v 451.7588 429.7359 -102.6001
v 447.4557 398.7657 -96.1159
v 447.4557 398.7657 -96.1159
v 451.7588 429.7359 -102.6001
v 403.7996 404.2313 -96.6341
v 451.7588 429.7359 -102.6001
v 408.2186 436.0425 -103.2930
v 403.7996 404.2313 -96.6341
v 403.7996 404.2313 -96.6341
v 408.2186 436.0425 -103.2930
v 381.5228 399.8315 -134.3221
v 408.2186 436.0425 -103.2930
v 385.8485 430.9658 -140.8403
v 381.5228 399.8315 -134.3221
v 381.5228 399.8315 -134.3221
v 385.8485 430.9658 -140.8403
v 402.9021 389.9662 -171.4920
v 385.8485 430.9658 -140.8403
v 407.0185 419.5825 -177.6948
v 402.9021 389.9662 -171.4920
v 402.9021 389.9662 -171.4920
v 407.0185 419.5825 -177.6948
v 446.5583 384.5005 -170.9738
v 407.0185 419.5825 -177.6948
v 450.5587 413.2759 -177.0019
v 446.5583 384.5005 -170.9738
v 446.5583 384.5005 -170.9738
v 450.5587 413.2759 -177.0019
v 468.8351 388.9003 -133.2858
v 450.5587 413.2759 -177.0019
v 472.9288 418.3526 -139.4546
v 468.8351 388.9003 -133.2858
v 472.9288 418.3526 -139.4546
v 477.5012 448.1344 -146.3445
v 451.7588 429.7359 -102.6001
v 477.5012 448.1344 -146.3445
v 456.4182 460.0889 -109.6212
v 451.7588 429.7359 -102.6001
v 451.7588 429.7359 -102.6001
v 456.4182 460.0889 -109.6212
v 408.2186 436.0425 -103.2930
v 456.4182 460.0889 -109.6212
v 412.9262 466.7119 -110.3868
v 408.2186 436.0425 -103.2930
v 408.2186 436.0425 -103.2930
v 412.9262 466.7119 -110.3868
v 385.8485 430.9658 -140.8403
v 412.9262 466.7119 -110.3868
v 390.5173 461.3805 -147.8756
v 385.8485 430.9658 -140.8403
v 385.8485 430.9658 -140.8403
v 390.5173 461.3805 -147.8756
v 407.0185 419.5825 -177.6948
v 390.5173 461.3805 -147.8756
v 411.6003 449.4260 -184.5989
v 407.0185 419.5825 -177.6948
v 407.0185 419.5825 -177.6948
v 411.6003 449.4260 -184.5989
v 450.5587 413.2759 -177.0019
v 411.6003 449.4260 -184.5989
v 455.0922 442.8030 -183.8333
v 450.5587 413.2759 -177.0019
v 450.5587 413.2759 -177.0019
v 455.0922 442.8030 -183.8333
v 472.9288 418.3526 -139.4546
v 455.0922 442.8030 -183.8333
v 477.5012 448.1344 -146.3445
v 472.9288 418.3526 -139.4546
v 477.5012 448.1344 -146.3445
v 482.1924 478.4206 -153.4135
v 456.4182 460.0889 -109.6212
v 482.1924 478.4206 -153.4135
v 461.0518 490.0009 -116.6035
v 456.4182 460.0889 -109.6212
v 456.4182 460.0889 -109.6212
v 461.0518 490.0009 -116.6035
v 412.9262 466.7119 -110.3868
v 461.0518 490.0009 -116.6035
v 417.5280 496.4166 -117.3210
v 412.9262 466.7119 -110.3868
v 412.9262 466.7119 -110.3868
v 417.5280 496.4166 -117.3210
v 390.5173 461.3805 -147.8756
v 417.5280 496.4166 -117.3210
v 395.1447 491.2521 -154.8485
v 390.5173 461.3805 -147.8756
v 390.5173 461.3805 -147.8756
v 395.1447 491.2521 -154.8485
v 411.6003 449.4260 -184.5989
v 395.1447 491.2521 -154.8485
v 416.2852 479.6718 -191.6585
v 411.6003 449.4260 -184.5989
v 411.6003 449.4260 -184.5989
v 416.2852 479.6718 -191.6585
v 455.0922 442.8030 -183.8333
v 416.2852 479.6718 -191.6585
v 459.8090 473.2560 -190.9410
v 455.0922 442.8030 -183.8333
v 455.0922 442.8030 -183.8333
v 459.8090 473.2560 -190.9410
v 477.5012 448.1344 -146.3445
v 459.8090 473.2560 -190.9410
v 482.1924 478.4206 -153.4135
v 477.5012 448.1344 -146.3445
v 482.1924 478.4206 -153.4135
v 486.6222 509.3918 -160.0886
v 461.0518 490.0009 -116.6035
v 486.6222 509.3918 -160.0886
v 465.2943 519.6524 -122.9963
v 461.0518 490.0009 -116.6035
v 461.0518 490.0009 -116.6035
v 465.2943 519.6524 -122.9963
v 417.5280 496.4166 -117.3210
v 465.2943 519.6524 -122.9963
v 421.6666 525.3369 -123.5574
v 417.5280 496.4166 -117.3210
v 417.5280 496.4166 -117.3210
v 421.6666 525.3369 -123.5574
v 395.1447 491.2521 -154.8485
v 421.6666 525.3369 -123.5574
v 399.3669 520.7609 -161.2108
v 395.1447 491.2521 -154.8485
v 395.1447 491.2521 -154.8485
v 399.3669 520.7609 -161.2108
v 416.2852 479.6718 -191.6585
v 399.3669 520.7609 -161.2108
v 420.6948 510.5004 -198.3032
v 416.2852 479.6718 -191.6585
v 416.2852 479.6718 -191.6585
v 420.6948 510.5004 -198.3032
v 459.8090 473.2560 -190.9410
v 420.6948 510.5004 -198.3032
v 464.3224 504.8159 -197.7421
v 459.8090 473.2560 -190.9410
v 459.8090 473.2560 -190.9410
v 464.3224 504.8159 -197.7421
v 482.1924 478.4206 -153.4135
v 464.3224 504.8159 -197.7421
v 486.6222 509.3918 -160.0886
v 482.1924 478.4206 -153.4135
v 420.0000 316.4997 170.0000
v 419.6063 348.4718 170.1656
v 381.8949 316.4991 148.0000
v 419.6063 348.4718 170.1656
v 381.5082 347.8333 148.1626
v 381.8949 316.4991 148.0000
v 381.8949 316.4991 148.0000
v 381.5082 347.8333 148.1626
v 381.8949 316.4995 104.0000
v 381.5082 347.8333 148.1626
v 381.5037 348.2429 104.1645
v 381.8949 316.4995 104.0000
v 381.8949 316.4995 104.0000
v 381.5037 348.2429 104.1645
v 420.0000 316.5003 82.0000
v 381.5037 348.2429 104.1645
v 419.5972 349.2910 82.1694
v 420.0000 316.5003 82.0000
v 420.0000 316.5003 82.0000
v 419.5972 349.2910 82.1694
v 458.1051 316.5009 104.0000
v 419.5972 349.2910 82.1694
v 457.6953 349.9295 104.1724
v 458.1051 316.5009 104.0000
v 458.1051 316.5009 104.0000
v 457.6953 349.9295 104.1724
v 458.1051 316.5005 148.0000
v 457.6953 349.9295 104.1724
v 457.6998 349.5200 148.1705
v 458.1051 316.5005 148.0000
v 458.1051 316.5005 148.0000
v 457.6998 349.5200 148.1705
v 420.0000 316.4997 170.0000
v 457.6998 349.5200 148.1705
v 419.6063 348.4718 170.1656
v 420.0000 316.4997 170.0000
v 419.6063 348.4718 170.1656
v 418.7315 380.7024 170.5335
v 381.5082 347.8333 148.1626
v 418.7315 380.7024 170.5335
v 380.6392 379.8448 148.5282
v 381.5082 347.8333 148.1626
v 381.5082 347.8333 148.1626
v 380.6392 379.8448 148.5282
v 381.5037 348.2429 104.1645
v 380.6392 379.8448 148.5282
v 380.6310 380.3949 104.5316
v 381.5037 348.2429 104.1645
v 381.5037 348.2429 104.1645
v 380.6310 380.3949 104.5316
v 419.5972 349.2910 82.1694
v 380.6310 380.3949 104.5316
v 418.7152 381.8026 82.5404
v 419.5972 349.2910 82.1694
v 419.5972 349.2910 82.1694
v 418.7152 381.8026 82.5404
v 457.6953 349.9295 104.1724
v 418.7152 381.8026 82.5404
v 456.8076 382.6601 104.5458
v 457.6953 349.9295 104.1724
v 457.6953 349.9295 104.1724
v 456.8076 382.6601 104.5458
v 457.6998 349.5200 148.1705
v 456.8076 382.6601 104.5458
v 456.8157 382.1100 148.5423
v 457.6998 349.5200 148.1705
v 457.6998 349.5200 148.1705
v 456.8157 382.1100 148.5423
v 419.6063 348.4718 170.1656
v 456.8157 382.1100 148.5423
v 418.7315 380.7024 170.5335
v 419.6063 348.4718 170.1656
v 418.7315 380.7024 170.5335
v 417.8359 413.1975 170.9103
v 380.6392 379.8448 148.5282
v 417.8359 413.1975 170.9103
v 379.7384 412.5340 148.9071
v 380.6392 379.8448 148.5282
v 380.6392 379.8448 148.5282
v 379.7384 412.5340 148.9071
v 380.6310 380.3949 104.5316
v 379.7384 412.5340 148.9071
v 379.7335 412.9596 104.9091
v 380.6310 380.3949 104.5316
v 380.6310 380.3949 104.5316
v 379.7335 412.9596 104.9091
v 418.7152 381.8026 82.5404
v 379.7335 412.9596 104.9091
v 417.8261 414.0487 82.9144
v 418.7152 381.8026 82.5404
v 418.7152 381.8026 82.5404
v 417.8261 414.0487 82.9144
v 456.8076 382.6601 104.5458
v 417.8261 414.0487 82.9144
v 455.9236 414.7121 104.9176
v 456.8076 382.6601 104.5458
v 456.8076 382.6601 104.5458
v 455.9236 414.7121 104.9176
v 456.8157 382.1100 148.5423
v 455.9236 414.7121 104.9176
v 455.9285 414.2865 148.9155
v 456.8157 382.1100 148.5423
v 456.8157 382.1100 148.5423
v 455.9285 414.2865 148.9155
v 418.7315 380.7024 170.5335
v 455.9285 414.2865 148.9155
v 417.8359 413.1975 170.9103
v 418.7315 380.7024 170.5335
v 417.8359 413.1975 170.9103
v 417.3905 445.9716 171.0976
v 379.7384 412.5340 148.9071
v 417.3905 445.9716 171.0976
v 379.2855 445.9210 149.0976
v 379.7384 412.5340 148.9071
v 379.7384 412.5340 148.9071
v 379.2855 445.9210 149.0976
v 379.7335 412.9596 104.9091
v 379.2855 445.9210 149.0976
v 379.2854 445.9534 105.0976
v 379.7335 412.9596 104.9091
v 379.7335 412.9596 104.9091
v 379.2854 445.9534 105.0976
v 417.8261 414.0487 82.9144
v 379.2854 445.9534 105.0976
v 417.3905 446.0364 83.0976
v 417.8261 414.0487 82.9144
v 417.8261 414.0487 82.9144
v 417.3905 446.0364 83.0976
v 455.9236 414.7121 104.9176
v 417.3905 446.0364 83.0976
v 455.4955 446.0870 105.0976
v 455.9236 414.7121 104.9176
v 455.9236 414.7121 104.9176
v 455.4955 446.0870 105.0976
v 455.9285 414.2865 148.9155
v 455.4955 446.0870 105.0976
v 455.4956 446.0546 149.0976
v 455.9285 414.2865 148.9155
v 455.9285 414.2865 148.9155
v 455.4956 446.0546 149.0976
v 417.8359 413.1975 170.9103
v 455.4956 446.0546 149.0976
v 417.3905 445.9716 171.0976
v 417.8359 413.1975 170.9103
v 417.3905 445.9716 171.0976
v 417.8909 479.0217 170.8871
v 379.2855 445.9210 149.0976
v 417.8909 479.0217 170.8871
v 379.8029 480.0179 148.8799
v 379.2855 445.9210 149.0976
v 379.2855 445.9210 149.0976
v 379.8029 480.0179 148.8799
v 379.2854 445.9534 105.0976
v 379.8029 480.0179 148.8799
v 379.7919 479.3789 104.8846
v 379.2854 445.9534 105.0976
v 379.2854 445.9534 105.0976
v 379.7919 479.3789 104.8846
v 417.3905 446.0364 83.0976
v 379.7919 479.3789 104.8846
v 417.8688 477.7436 82.8964
v 417.3905 446.0364 83.0976
v 417.3905 446.0364 83.0976
v 417.8688 477.7436 82.8964
v 455.4955 446.0870 105.0976
v 417.8688 477.7436 82.8964
v 455.9567 476.7474 104.9037
v 455.4955 446.0870 105.0976
v 455.4955 446.0870 105.0976
v 455.9567 476.7474 104.9037
v 455.4956 446.0546 149.0976
v 455.9567 476.7474 104.9037
v 455.9677 477.3864 148.8990
v 455.4956 446.0546 149.0976
v 455.4956 446.0546 149.0976
v 455.9677 477.3864 148.8990
v 417.3905 445.9716 171.0976
v 455.9677 477.3864 148.8990
v 417.8909 479.0217 170.8871
v 417.3905 445.9716 171.0976
v 417.8909 479.0217 170.8871
v 419.8643 512.2953 170.0571
v 379.8029 480.0179 148.8799
v 419.8643 512.2953 170.0571
v 381.8671 514.7872 148.0117
v 379.8029 480.0179 148.8799
v 379.8029 480.0179 148.8799
v 381.8671 514.7872 148.0117
v 379.7919 479.3789 104.8846
v 381.8671 514.7872 148.0117
v 381.7979 513.1887 104.0408
v 379.7919 479.3789 104.8846
v 379.7919 479.3789 104.8846
v 381.7979 513.1887 104.0408
v 417.8688 477.7436 82.8964
v 381.7979 513.1887 104.0408
v 419.7260 509.0982 82.1153
v 417.8688 477.7436 82.8964
v 417.8688 477.7436 82.8964
v 419.7260 509.0982 82.1153
v 455.9567 476.7474 104.9037
v 419.7260 509.0982 82.1153
v 457.7233 506.6063 104.1606
v 455.9567 476.7474 104.9037
v 455.9567 476.7474 104.9037
v 457.7233 506.6063 104.1606
v 455.9677 477.3864 148.8990
v 457.7233 506.6063 104.1606
v 457.7924 508.2048 148.1315
v 455.9677 477.3864 148.8990
v 455.9677 477.3864 148.8990
v 457.7924 508.2048 148.1315
v 417.8909 479.0217 170.8871
v 457.7924 508.2048 148.1315
v 419.8643 512.2953 170.0571
v 417.8909 479.0217 170.8871
v 419.8643 512.2953 170.0571
v 423.6931 545.4258 168.4466
v 381.8671 514.7872 148.0117
v 423.6931 545.4258 168.4466
v 385.8744 549.4794 146.3261
v 381.8671 514.7872 148.0117
v 381.8671 514.7872 148.0117
v 385.8744 549.4794 146.3261
v 381.7979 513.1887 104.0408
v 385.8744 549.4794 146.3261
v 385.6906 546.8791 102.4034
v 381.7979 513.1887 104.0408
v 381.7979 513.1887 104.0408
v 385.6906 546.8791 102.4034
v 419.7260 509.0982 82.1153
v 385.6906 546.8791 102.4034
v 423.3256 540.2251 80.6012
v 419.7260 509.0982 82.1153
v 419.7260 509.0982 82.1153
v 423.3256 540.2251 80.6012
v 457.7233 506.6063 104.1606
v 423.3256 540.2251 80.6012
v 461.1443 536.1715 102.7217
v 457.7233 506.6063 104.1606
v 457.7233 506.6063 104.1606
v 461.1443 536.1715 102.7217
v 457.7924 508.2048 148.1315
v 461.1443 536.1715 102.7217
v 461.3280 538.7718 146.6444
v 457.7924 508.2048 148.1315
v 457.7924 508.2048 148.1315
v 461.3280 538.7718 146.6444
v 419.8643 512.2953 170.0571
v 461.3280 538.7718 146.6444
v 423.6931 545.4258 168.4466
v 419.8643 512.2953 170.0571
v 423.6931 545.4258 168.4466
v 429.0261 578.0240 166.2034
v 385.8744 549.4794 146.3261
v 429.0261 578.0240 166.2034
v 391.3881 583.1907 144.0069
v 385.8744 549.4794 146.3261
v 385.8744 549.4794 146.3261
v 391.3881 583.1907 144.0069
v 385.6906 546.8791 102.4034
v 391.3881 583.1907 144.0069
v 391.0884 579.8764 100.1330
v 385.6906 546.8791 102.4034
v 385.6906 546.8791 102.4034
v 391.0884 579.8764 100.1330
v 423.3256 540.2251 80.6012
v 391.0884 579.8764 100.1330
v 428.4268 571.3953 78.4555
v 423.3256 540.2251 80.6012
v 423.3256 540.2251 80.6012
v 428.4268 571.3953 78.4555
v 461.1443 536.1715 102.7217
v 428.4268 571.3953 78.4555
v 466.0649 566.2286 100.6519
v 461.1443 536.1715 102.7217
v 461.1443 536.1715 102.7217
v 466.0649 566.2286 100.6519
v 461.3280 538.7718 146.6444
v 466.0649 566.2286 100.6519
v 466.3645 569.5429 144.5259
v 461.3280 538.7718 146.6444
v 461.3280 538.7718 146.6444
v 466.3645 569.5429 144.5259
v 423.6931 545.4258 168.4466
v 466.3645 569.5429 144.5259
v 429.0261 578.0240 166.2034
v 423.6931 545.4258 168.4466
v 429.0261 578.0240 166.2034
v 435.3235 610.1253 163.5546
v 391.3881 583.1907 144.0069
v 435.3235 610.1253 163.5546
v 397.8150 615.9571 141.3036
v 391.3881 583.1907 144.0069
v 391.3881 583.1907 144.0069
v 397.8150 615.9571 141.3036
v 391.0884 579.8764 100.1330
v 397.8150 615.9571 141.3036
v 397.4323 612.2162 97.4646
v 391.0884 579.8764 100.1330
v 391.0884 579.8764 100.1330
v 397.4323 612.2162 97.4646
v 428.4268 571.3953 78.4555
v 397.4323 612.2162 97.4646
v 434.5580 602.6435 75.8766
v 428.4268 571.3953 78.4555
v 428.4268 571.3953 78.4555
v 434.5580 602.6435 75.8766
v 466.0649 566.2286 100.6519
v 434.5580 602.6435 75.8766
v 472.0664 596.8117 98.1275
v 466.0649 566.2286 100.6519
v 466.0649 566.2286 100.6519
v 472.0664 596.8117 98.1275
v 466.3645 569.5429 144.5259
v 472.0664 596.8117 98.1275
v 472.4492 600.5527 141.9666
v 466.3645 569.5429 144.5259
v 466.3645 569.5429 144.5259
v 472.4492 600.5527 141.9666
v 429.0261 578.0240 166.2034
v 472.4492 600.5527 141.9666
v 435.3235 610.1253 163.5546
v 429.0261 578.0240 166.2034
v 435.3235 610.1253 163.5546
v 442.0681 641.8261 160.7176
v 397.8150 615.9571 141.3036
v 442.0681 641.8261 160.7176
v 404.6076 647.8846 138.4465
v 397.8150 615.9571 141.3036
v 397.8150 615.9571 141.3036
v 404.6076 647.8846 138.4465
v 397.4323 612.2162 97.4646
v 404.6076 647.8846 138.4465
v 404.1941 643.9982 94.6204
v 397.4323 612.2162 97.4646
v 397.4323 612.2162 97.4646
v 404.1941 643.9982 94.6204
v 434.5580 602.6435 75.8766
v 404.1941 643.9982 94.6204
v 441.2411 634.0533 73.0655
v 434.5580 602.6435 75.8766
v 434.5580 602.6435 75.8766
v 441.2411 634.0533 73.0655
v 472.0664 596.8117 98.1275
v 441.2411 634.0533 73.0655
v 478.7017 627.9949 95.3366
v 472.0664 596.8117 98.1275
v 472.0664 596.8117 98.1275
v 478.7017 627.9949 95.3366
v 472.4492 600.5527 141.9666
v 478.7017 627.9949 95.3366
v 479.1152 631.8812 139.1627
v 472.4492 600.5527 141.9666
v 472.4492 600.5527 141.9666
v 479.1152 631.8812 139.1627
v 435.3235 610.1253 163.5546
v 479.1152 631.8812 139.1627
v 442.0681 641.8261 160.7176
v 435.3235 610.1253 163.5546
v 442.0681 641.8261 160.7176
v 448.7651 673.2460 157.9008
v 404.6076 647.8846 138.4465
v 448.7651 673.2460 157.9008
v 411.2607 679.0976 135.6481
v 404.6076 647.8846 138.4465
v 404.6076 647.8846 138.4465
v 411.2607 679.0976 135.6481
v 404.1941 643.9982 94.6204
v 411.2607 679.0976 135.6481
v 410.8753 675.3439 91.8102
v 404.1941 643.9982 94.6204
v 404.1941 643.9982 94.6204
v 410.8753 675.3439 91.8102
v 441.2411 634.0533 73.0655
v 410.8753 675.3439 91.8102
v 447.9943 665.7386 70.2250
v 441.2411 634.0533 73.0655
v 441.2411 634.0533 73.0655
v 447.9943 665.7386 70.2250
v 478.7017 627.9949 95.3366
v 447.9943 665.7386 70.2250
v 485.4987 659.8870 92.4777
v 478.7017 627.9949 95.3366
v 478.7017 627.9949 95.3366
v 485.4987 659.8870 92.4777
v 479.1152 631.8812 139.1627
v 485.4987 659.8870 92.4777
v 485.8840 663.6406 136.3156
v 479.1152 631.8812 139.1627
v 479.1152 631.8812 139.1627
v 485.8840 663.6406 136.3156
v 442.0681 641.8261 160.7176
v 485.8840 663.6406 136.3156
v 448.7651 673.2460 157.9008
v 442.0681 641.8261 160.7176
v 448.7651 673.2460 157.9008
v 454.9319 704.4997 155.3068
v 411.2607 679.0976 135.6481
v 454.9319 704.4997 155.3068
v 417.3014 709.7070 133.1072
v 411.2607 679.0976 135.6481
v 411.2607 679.0976 135.6481
v 417.3014 709.7070 133.1072
v 410.8753 675.3439 91.8102
v 417.3014 709.7070 133.1072
v 416.9969 706.3666 89.2353
v 410.8753 675.3439 91.8102
v 410.8753 675.3439 91.8102
v 416.9969 706.3666 89.2353
v 447.9943 665.7386 70.2250
v 416.9969 706.3666 89.2353
v 454.3232 697.8189 67.5629
v 447.9943 665.7386 70.2250
v 447.9943 665.7386 70.2250
v 454.3232 697.8189 67.5629
v 485.4987 659.8870 92.4777
v 454.3232 697.8189 67.5629
v 491.9537 692.6115 89.7625
v 485.4987 659.8870 92.4777
v 485.4987 659.8870 92.4777
v 491.9537 692.6115 89.7625
v 485.8840 663.6406 136.3156
v 491.9537 692.6115 89.7625
v 492.2581 695.9519 133.6345
v 485.8840 663.6406 136.3156
v 485.8840 663.6406 136.3156
v 492.2581 695.9519 133.6345
v 448.7651 673.2460 157.9008
v 492.2581 695.9519 133.6345
v 454.9319 704.4997 155.3068
v 448.7651 673.2460 157.9008
v 464.0000 487.5002 378.0000
v 463.7857 538.4137 377.7191
v 442.0000 487.5003 416.1051
v 463.7857 538.4137 377.7191
v 441.7851 538.6109 415.8233
v 442.0000 487.5003 416.1051
v 442.0000 487.5003 416.1051
v 441.7851 538.6109 415.8233
v 398.0000 487.5001 416.1051
v 441.7851 538.6109 415.8233
v 397.7862 538.3005 415.8247
v 398.0000 487.5001 416.1051
v 398.0000 487.5001 416.1051
v 397.7862 538.3005 415.8247
v 376.0000 487.4998 378.0000
v 397.7862 538.3005 415.8247
v 375.7879 537.7929 377.7220
v 376.0000 487.4998 378.0000
v 376.0000 487.4998 378.0000
v 375.7879 537.7929 377.7220
v 398.0000 487.4997 339.8949
v 375.7879 537.7929 377.7220
v 397.7886 537.5956 339.6178
v 398.0000 487.4997 339.8949
v 398.0000 487.4997 339.8949
v 397.7886 537.5956 339.6178
v 442.0000 487.4999 339.8949
v 397.7886 537.5956 339.6178
v 441.7875 537.9061 339.6163
v 442.0000 487.4999 339.8949
v 442.0000 487.4999 339.8949
v 441.7875 537.9061 339.6163
v 464.0000 487.5002 378.0000
v 441.7875 537.9061 339.6163
v 463.7857 538.4137 377.7191
v 464.0000 487.5002 378.0000
v 463.7857 538.4137 377.7191
v 463.4529 588.9001 377.2828
v 441.7851 538.6109 415.8233
v 463.4529 588.9001 377.2828
v 441.4527 589.0244 415.3876
v 441.7851 538.6109 415.8233
v 441.7851 538.6109 415.8233
v 441.4527 589.0244 415.3876
v 397.7862 538.3005 415.8247
v 441.4527 589.0244 415.3876
v 397.4531 588.8289 415.3881
v 397.7862 538.3005 415.8247
v 397.7862 538.3005 415.8247
v 397.4531 588.8289 415.3881
v 375.7879 537.7929 377.7220
v 397.4531 588.8289 415.3881
v 375.4538 588.5091 377.2839
v 375.7879 537.7929 377.7220
v 375.7879 537.7929 377.7220
v 375.4538 588.5091 377.2839
v 397.7886 537.5956 339.6178
v 375.4538 588.5091 377.2839
v 397.4541 588.3849 339.1792
v 397.7886 537.5956 339.6178
v 397.7886 537.5956 339.6178
v 397.4541 588.3849 339.1792
v 441.7875 537.9061 339.6163
v 397.4541 588.3849 339.1792
v 441.4537 588.5804 339.1786
v 441.7875 537.9061 339.6163
v 441.7875 537.9061 339.6163
v 441.4537 588.5804 339.1786
v 463.7857 538.4137 377.7191
v 441.4537 588.5804 339.1786
v 463.4529 588.9001 377.2828
v 463.7857 538.4137 377.7191
v 463.4529 588.9001 377.2828
v 463.4719 639.0405 377.3076
v 441.4527 589.0244 415.3876
v 463.4719 639.0405 377.3076
v 441.4714 638.8708 415.4121
v 441.4527 589.0244 415.3876
v 441.4527 589.0244 415.3876
v 441.4714 638.8708 415.4121
v 397.4531 588.8289 415.3881
v 441.4714 638.8708 415.4121
v 397.4722 639.1378 415.4131
v 397.4531 588.8289 415.3881
v 397.4531 588.8289 415.3881
v 397.4722 639.1378 415.4131
v 375.4538 588.5091 377.2839
v 397.4722 639.1378 415.4131
v 375.4735 639.5747 377.3098
v 375.4538 588.5091 377.2839
v 375.4538 588.5091 377.2839
v 375.4735 639.5747 377.3098
v 397.4541 588.3849 339.1792
v 375.4735 639.5747 377.3098
v 397.4740 639.7444 339.2053
v 397.4541 588.3849 339.1792
v 397.4541 588.3849 339.1792
v 397.4740 639.7444 339.2053
v 441.4537 588.5804 339.1786
v 397.4740 639.7444 339.2053
v 441.4732 639.4773 339.2043
v 441.4537 588.5804 339.1786
v 441.4537 588.5804 339.1786
v 441.4732 639.4773 339.2043
v 463.4529 588.9001 377.2828
v 441.4732 639.4773 339.2043
v 463.4719 639.0405 377.3076
v 463.4529 588.9001 377.2828
v 463.4719 639.0405 377.3076
v 464.1001 689.0618 378.1312
v 441.4714 638.8708 415.4121
v 464.1001 689.0618 378.1312
v 442.0950 688.5299 416.2297
v 441.4714 638.8708 415.4121
v 441.4714 638.8708 415.4121
v 442.0950 688.5299 416.2297
v 397.4722 639.1378 415.4131
v 442.0950 688.5299 416.2297
v 398.1030 689.3670 416.2401
v 397.4722 639.1378 415.4131
v 397.4722 639.1378 415.4131
v 398.1030 689.3670 416.2401
v 375.4735 639.5747 377.3098
v 398.1030 689.3670 416.2401
v 376.1160 690.7359 378.1521
v 375.4735 639.5747 377.3098
v 375.4735 639.5747 377.3098
v 376.1160 690.7359 378.1521
v 397.4740 639.7444 339.2053
v 376.1160 690.7359 378.1521
v 398.1210 691.2677 340.0536
v 397.4740 639.7444 339.2053
v 397.4740 639.7444 339.2053
v 398.1210 691.2677 340.0536
v 441.4732 639.4773 339.2043
v 398.1210 691.2677 340.0536
v 442.1131 690.4307 340.0431
v 441.4732 639.4773 339.2043
v 441.4732 639.4773 339.2043
v 442.1131 690.4307 340.0431
v 463.4719 639.0405 377.3076
v 442.1131 690.4307 340.0431
v 464.1001 689.0618 378.1312
v 463.4719 639.0405 377.3076
v 464.1001 689.0618 378.1312
v 465.3069 739.2230 379.7134
v 442.0950 688.5299 416.2297
v 465.3069 739.2230 379.7134
v 443.2958 738.4343 417.8039
v 442.0950 688.5299 416.2297
v 442.0950 688.5299 416.2297
v 443.2958 738.4343 417.8039
v 398.1030 689.3670 416.2401
v 443.2958 738.4343 417.8039
v 399.3133 739.6755 417.8269
v 398.1030 689.3670 416.2401
v 398.1030 689.3670 416.2401
v 399.3133 739.6755 417.8269
v 376.1160 690.7359 378.1521
v 399.3133 739.6755 417.8269
v 377.3419 741.7055 379.7593
v 376.1160 690.7359 378.1521
v 376.1160 690.7359 378.1521
v 377.3419 741.7055 379.7593
v 398.1210 691.2677 340.0536
v 377.3419 741.7055 379.7593
v 399.3531 742.4942 341.6688
v 398.1210 691.2677 340.0536
v 398.1210 691.2677 340.0536
v 399.3531 742.4942 341.6688
v 442.1131 690.4307 340.0431
v 399.3531 742.4942 341.6688
v 443.3355 741.2529 341.6458
v 442.1131 690.4307 340.0431
v 442.1131 690.4307 340.0431
v 443.3355 741.2529 341.6458
v 464.1001 689.0618 378.1312
v 443.3355 741.2529 341.6458
v 465.3069 739.2230 379.7134
v 464.1001 689.0618 378.1312
v 465.3069 739.2230 379.7134
v 466.8769 789.5198 381.7718
v 443.2958 738.4343 417.8039
v 466.8769 789.5198 381.7718
v 444.8611 788.5779 419.8560
v 443.2958 738.4343 417.8039
v 443.2958 738.4343 417.8039
v 444.8611 788.5779 419.8560
v 399.3133 739.6755 417.8269
v 444.8611 788.5779 419.8560
v 400.8860 790.0602 419.8888
v 399.3133 739.6755 417.8269
v 399.3133 739.6755 417.8269
v 400.8860 790.0602 419.8888
v 377.3419 741.7055 379.7593
v 400.8860 790.0602 419.8888
v 378.9269 792.4843 381.8372
v 377.3419 741.7055 379.7593
v 377.3419 741.7055 379.7593
v 378.9269 792.4843 381.8372
v 399.3531 742.4942 341.6688
v 378.9269 792.4843 381.8372
v 400.9428 793.4260 343.7530
v 399.3531 742.4942 341.6688
v 399.3531 742.4942 341.6688
v 400.9428 793.4260 343.7530
v 443.3355 741.2529 341.6458
v 400.9428 793.4260 343.7530
v 444.9178 791.9438 343.7202
v 443.3355 741.2529 341.6458
v 443.3355 741.2529 341.6458
v 444.9178 791.9438 343.7202
v 465.3069 739.2230 379.7134
v 444.9178 791.9438 343.7202
v 466.8769 789.5198 381.7718
v 465.3069 739.2230 379.7134
v 466.8769 789.5198 381.7718
v 468.6680 839.8926 384.1199
v 444.8611 788.5779 419.8560
v 468.6680 839.8926 384.1199
v 446.6488 838.8577 422.1999
v 444.8611 788.5779 419.8560
v 444.8611 788.5779 419.8560
v 446.6488 838.8577 422.1999
v 400.8860 790.0602 419.8888
v 446.6488 838.8577 422.1999
v 402.6790 840.4865 422.2395
v 400.8860 790.0602 419.8888
v 400.8860 790.0602 419.8888
v 402.6790 840.4865 422.2395
v 378.9269 792.4843 381.8372
v 402.6790 840.4865 422.2395
v 380.7284 843.1503 384.1991
v 378.9269 792.4843 381.8372
v 378.9269 792.4843 381.8372
v 380.7284 843.1503 384.1991
v 400.9428 793.4260 343.7530
v 380.7284 843.1503 384.1991
v 402.7475 844.1852 346.1191
v 400.9428 793.4260 343.7530
v 400.9428 793.4260 343.7530
v 402.7475 844.1852 346.1191
v 444.9178 791.9438 343.7202
v 402.7475 844.1852 346.1191
v 446.7173 842.5563 346.0795
v 444.9178 791.9438 343.7202
v 444.9178 791.9438 343.7202
v 446.7173 842.5563 346.0795
v 466.8769 789.5198 381.7718
v 446.7173 842.5563 346.0795
v 468.6680 839.8926 384.1199
v 466.8769 789.5198 381.7718
v 468.6680 839.8926 384.1199
v 470.5908 890.3150 386.6407
v 446.6488 838.8577 422.1999
v 470.5908 890.3150 386.6407
v 448.5696 889.2278 424.7181
v 446.6488 838.8577 422.1999
v 446.6488 838.8577 422.1999
v 448.5696 889.2278 424.7181
v 402.6790 840.4865 422.2395
v 448.5696 889.2278 424.7181
v 404.6029 890.9388 424.7618
v 402.6790 840.4865 422.2395
v 402.6790 840.4865 422.2395
v 404.6029 890.9388 424.7618
v 380.7284 843.1503 384.1991
v 404.6029 890.9388 424.7618
v 382.6574 893.7371 386.7281
v 380.7284 843.1503 384.1991
v 380.7284 843.1503 384.1991
v 382.6574 893.7371 386.7281
v 402.7475 844.1852 346.1191
v 382.6574 893.7371 386.7281
v 404.6785 894.8242 348.6507
v 402.7475 844.1852 346.1191
v 402.7475 844.1852 346.1191
v 404.6785 894.8242 348.6507
v 446.7173 842.5563 346.0795
v 404.6785 894.8242 348.6507
v 448.6452 893.1132 348.6070
v 446.7173 842.5563 346.0795
v 446.7173 842.5563 346.0795
v 448.6452 893.1132 348.6070
v 468.6680 839.8926 384.1199
v 448.6452 893.1132 348.6070
v 470.5908 890.3150 386.6407
v 468.6680 839.8926 384.1199
v 470.5908 890.3150 386.6407
v 472.5800 940.7818 389.2487
v 448.5696 889.2278 424.7181
v 472.5800 940.7818 389.2487
v 450.5581 939.6746 427.3251
v 448.5696 889.2278 424.7181
v 448.5696 889.2278 424.7181
v 450.5581 939.6746 427.3251
v 404.6029 890.9388 424.7618
v 450.5581 939.6746 427.3251
v 406.5926 941.4172 427.3704
v 404.6029 890.9388 424.7618
v 404.6029 890.9388 424.7618
v 406.5926 941.4172 427.3704
v 382.6574 893.7371 386.7281
v 406.5926 941.4172 427.3704
v 384.6491 944.2670 389.3393
v 382.6574 893.7371 386.7281
v 382.6574 893.7371 386.7281
v 384.6491 944.2670 389.3393
v 404.6785 894.8242 348.6507
v 384.6491 944.2670 389.3393
v 406.6711 945.3741 351.2630
v 404.6785 894.8242 348.6507
v 404.6785 894.8242 348.6507
v 406.6711 945.3741 351.2630
v 448.6452 893.1132 348.6070
v 406.6711 945.3741 351.2630
v 450.6365 943.6316 351.2177
v 448.6452 893.1132 348.6070
v 448.6452 893.1132 348.6070
v 450.6365 943.6316 351.2177
v 470.5908 890.3150 386.6407
v 450.6365 943.6316 351.2177
v 472.5800 940.7818 389.2487
v 470.5908 890.3150 386.6407
v 472.5800 940.7818 389.2487
v 474.5809 991.2937 391.8719
v 450.5581 939.6746 427.3251
v 474.5809 991.2937 391.8719
v 452.5593 990.1956 429.9487
v 450.5581 939.6746 427.3251
v 450.5581 939.6746 427.3251
v 452.5593 990.1956 429.9487
v 406.5926 941.4172 427.3704
v 452.5593 990.1956 429.9487
v 408.5933 991.9238 429.9933
v 406.5926 941.4172 427.3704
v 406.5926 941.4172 427.3704
v 408.5933 991.9238 429.9933
v 384.6491 944.2670 389.3393
v 408.5933 991.9238 429.9933
v 386.6488 994.7500 391.9610
v 384.6491 944.2670 389.3393
v 384.6491 944.2670 389.3393
v 386.6488 994.7500 391.9610
v 406.6711 945.3741 351.2630
v 386.6488 994.7500 391.9610
v 408.6704 995.8481 353.8842
v 406.6711 945.3741 351.2630
v 406.6711 945.3741 351.2630
v 408.6704 995.8481 353.8842
v 450.6365 943.6316 351.2177
v 408.6704 995.8481 353.8842
v 452.6364 994.1199 353.8396
v 450.6365 943.6316 351.2177
v 450.6365 943.6316 351.2177
v 452.6364 994.1199 353.8396
v 472.5800 940.7818 389.2487
v 452.6364 994.1199 353.8396
v 474.5809 991.2937 391.8719
v 472.5800 940.7818 389.2487
v 474.5809 991.2937 391.8719
v 476.5398 1041.8580 394.4402
v 452.5593 990.1956 429.9487
v 476.5398 1041.8580 394.4402
v 454.5198 1040.7996 432.5190
v 452.5593 990.1956 429.9487
v 452.5593 990.1956 429.9487
v 454.5198 1040.7996 432.5190
v 408.5933 991.9238 429.9933
v 454.5198 1040.7996 432.5190
v 410.5513 1042.4653 432.5604
v 408.5933 991.9238 429.9933
v 408.5933 991.9238 429.9933
v 410.5513 1042.4653 432.5604
v 386.6488 994.7500 391.9610
v 410.5513 1042.4653 432.5604
v 388.6029 1045.1893 394.5229
v 386.6488 994.7500 391.9610
v 386.6488 994.7500 391.9610
v 388.6029 1045.1893 394.5229
v 408.6704 995.8481 353.8842
v 388.6029 1045.1893 394.5229
v 410.6230 1046.2477 356.4441
v 408.6704 995.8481 353.8842
v 408.6704 995.8481 353.8842
v 410.6230 1046.2477 356.4441
v 452.6364 994.1199 353.8396
v 410.6230 1046.2477 356.4441
v 454.5914 1044.5820 356.4027
v 452.6364 994.1199 353.8396
v 452.6364 994.1199 353.8396
v 454.5914 1044.5820 356.4027
v 474.5809 991.2937 391.8719
v 454.5914 1044.5820 356.4027
v 476.5398 1041.8580 394.4402
v 474.5809 991.2937 391.8719
v 476.5398 1041.8580 394.4402
v 478.3970 1092.4902 396.8750
v 454.5198 1040.7996 432.5190
v 478.3970 1092.4902 396.8750
v 456.3797 1091.5084 434.9575
v 454.5198 1040.7996 432.5190
v 454.5198 1040.7996 432.5190
v 456.3797 1091.5084 434.9575
v 410.5513 1042.4653 432.5604
v 456.3797 1091.5084 434.9575
v 412.4069 1093.0537 434.9931
v 410.5513 1042.4653 432.5604
v 410.5513 1042.4653 432.5604
v 412.4069 1093.0537 434.9931
v 388.6029 1045.1893 394.5229
v 412.4069 1093.0537 434.9931
v 390.4513 1095.5809 396.9462
v 388.6029 1045.1893 394.5229
v 388.6029 1045.1893 394.5229
v 390.4513 1095.5809 396.9462
v 410.6230 1046.2477 356.4441
v 390.4513 1095.5809 396.9462
v 412.4686 1096.5629 358.8637
v 410.6230 1046.2477 356.4441
v 410.6230 1046.2477 356.4441
v 412.4686 1096.5629 358.8637
v 454.5914 1044.5820 356.4027
v 412.4686 1096.5629 358.8637
v 456.4414 1095.0175 358.8281
v 454.5914 1044.5820 356.4027
v 454.5914 1044.5820 356.4027
v 456.4414 1095.0175 358.8281
v 476.5398 1041.8580 394.4402
v 456.4414 1095.0175 358.8281
v 478.3970 1092.4902 396.8750
v 476.5398 1041.8580 394.4402
v 464.0000 -25.5002 630.0000
v 464.3100 34.0455 629.4302
v 442.0000 -25.4998 668.1051
v 464.3100 34.0455 629.4302
v 442.3130 34.7973 667.5297
v 442.0000 -25.4998 668.1051
v 442.0000 -25.4998 668.1051
v 442.3130 34.7973 667.5297
v 398.0000 -25.4996 668.1051
v 442.3130 34.7973 667.5297
v 398.3145 35.1566 667.5270
v 398.0000 -25.4996 668.1051
v 398.0000 -25.4996 668.1051
v 398.3145 35.1566 667.5270
v 376.0000 -25.4998 630.0000
v 398.3145 35.1566 667.5270
v 376.3129 34.7643 629.4249
v 376.0000 -25.4998 630.0000
v 376.0000 -25.4998 630.0000
v 376.3129 34.7643 629.4249
v 398.0000 -25.5002 591.8949
v 376.3129 34.7643 629.4249
v 398.3098 34.0125 591.3254
v 398.0000 -25.5002 591.8949
v 398.0000 -25.5002 591.8949
v 398.3098 34.0125 591.3254
v 442.0000 -25.5004 591.8949
v 398.3098 34.0125 591.3254
v 442.3083 33.6531 591.3281
v 442.0000 -25.5004 591.8949
v 442.0000 -25.5004 591.8949
v 442.3083 33.6531 591.3281
v 464.0000 -25.5002 630.0000
v 442.3083 33.6531 591.3281
v 464.3100 34.0455 629.4302
v 464.0000 -25.5002 630.0000
v 464.3100 34.0455 629.4302
v 464.6556 94.2656 628.7948
v 442.3130 34.7973 667.5297
v 464.6556 94.2656 628.7948
v 442.6557 94.3543 666.8998
v 442.3130 34.7973 667.5297
v 442.3130 34.7973 667.5297
v 442.6557 94.3543 666.8998
v 398.3145 35.1566 667.5270
v 442.6557 94.3543 666.8998
v 398.6557 94.3967 666.8998
v 398.3145 35.1566 667.5270
v 398.3145 35.1566 667.5270
v 398.6557 94.3967 666.8998
v 376.3129 34.7643 629.4249
v 398.6557 94.3967 666.8998
v 376.6557 94.3504 628.7947
v 376.3129 34.7643 629.4249
v 376.3129 34.7643 629.4249
v 376.6557 94.3504 628.7947
v 398.3098 34.0125 591.3254
v 376.6557 94.3504 628.7947
v 398.6556 94.2617 590.6897
v 398.3098 34.0125 591.3254
v 398.3098 34.0125 591.3254
v 398.6556 94.2617 590.6897
v 442.3083 33.6531 591.3281
v 398.6556 94.2617 590.6897
v 442.6556 94.2193 590.6898
v 442.3083 33.6531 591.3281
v 442.3083 33.6531 591.3281
v 442.6556 94.2193 590.6898
v 464.3100 34.0455 629.4302
v 442.6556 94.2193 590.6898
v 464.6556 94.2656 628.7948
v 464.3100 34.0455 629.4302
v 464.6556 94.2656 628.7948
v 464.2673 154.8289 629.5086
v 442.6557 94.3543 666.8998
v 464.2673 154.8289 629.5086
v 442.2765 153.5336 667.5969
v 442.6557 94.3543 666.8998
v 442.6557 94.3543 666.8998
v 442.2765 153.5336 667.5969
v 398.6557 94.3967 666.8998
v 442.2765 153.5336 667.5969
v 398.2808 152.9145 667.5889
v 398.6557 94.3967 666.8998
v 398.6557 94.3967 666.8998
v 398.2808 152.9145 667.5889
v 376.6557 94.3504 628.7947
v 398.2808 152.9145 667.5889
v 376.2761 153.5905 629.4926
v 376.6557 94.3504 628.7947
v 376.6557 94.3504 628.7947
v 376.2761 153.5905 629.4926
v 398.6556 94.2617 590.6897
v 376.2761 153.5905 629.4926
v 398.2669 154.8858 591.4042
v 398.6556 94.2617 590.6897
v 398.6556 94.2617 590.6897
v 398.2669 154.8858 591.4042
v 442.6556 94.2193 590.6898
v 398.2669 154.8858 591.4042
v 442.2626 155.5050 591.4122
v 442.6556 94.2193 590.6898
v 442.6556 94.2193 590.6898
v 442.2626 155.5050 591.4122
v 464.6556 94.2656 628.7948
v 442.2626 155.5050 591.4122
v 464.2673 154.8289 629.5086
v 464.6556 94.2656 628.7948
v 464.2673 154.8289 629.5086
v 463.0093 215.2161 631.8210
v 442.2765 153.5336 667.5969
v 463.0093 215.2161 631.8210
v 441.0413 212.7920 669.8674
v 442.2765 153.5336 667.5969
v 442.2765 153.5336 667.5969
v 441.0413 212.7920 669.8674
v 398.2808 152.9145 667.5889
v 441.0413 212.7920 669.8674
v 397.0565 211.6331 669.8394
v 398.2808 152.9145 667.5889
v 398.2808 152.9145 667.5889
v 397.0565 211.6331 669.8394
v 376.2761 153.5905 629.4926
v 397.0565 211.6331 669.8394
v 375.0399 212.8984 631.7649
v 376.2761 153.5905 629.4926
v 376.2761 153.5905 629.4926
v 375.0399 212.8984 631.7649
v 398.2669 154.8858 591.4042
v 375.0399 212.8984 631.7649
v 397.0079 215.3226 593.7185
v 398.2669 154.8858 591.4042
v 398.2669 154.8858 591.4042
v 397.0079 215.3226 593.7185
v 442.2626 155.5050 591.4122
v 397.0079 215.3226 593.7185
v 440.9926 216.4814 593.7466
v 442.2626 155.5050 591.4122
v 442.2626 155.5050 591.4122
v 440.9926 216.4814 593.7466
v 464.2673 154.8289 629.5086
v 440.9926 216.4814 593.7466
v 463.0093 215.2161 631.8210
v 464.2673 154.8289 629.5086
v 463.0093 215.2161 631.8210
v 461.2060 275.3019 635.1359
v 441.0413 212.7920 669.8674
v 461.2060 275.3019 635.1359
v 439.2560 272.2688 673.1490
v 441.0413 212.7920 669.8674
v 441.0413 212.7920 669.8674
v 439.2560 272.2688 673.1490
v 397.0565 211.6331 669.8394
v 439.2560 272.2688 673.1490
v 395.2799 270.8189 673.1050
v 397.0565 211.6331 669.8394
v 397.0565 211.6331 669.8394
v 395.2799 270.8189 673.1050
v 375.0399 212.8984 631.7649
v 395.2799 270.8189 673.1050
v 373.2538 272.4020 635.0479
v 375.0399 212.8984 631.7649
v 375.0399 212.8984 631.7649
v 373.2538 272.4020 635.0479
v 397.0079 215.3226 593.7185
v 373.2538 272.4020 635.0479
v 395.2038 275.4351 597.0348
v 397.0079 215.3226 593.7185
v 397.0079 215.3226 593.7185
v 395.2038 275.4351 597.0348
v 440.9926 216.4814 593.7466
v 395.2038 275.4351 597.0348
v 439.1799 276.8850 597.0787
v 440.9926 216.4814 593.7466
v 440.9926 216.4814 593.7466
v 439.1799 276.8850 597.0787
v 463.0093 215.2161 631.8210
v 439.1799 276.8850 597.0787
v 461.2060 275.3019 635.1359
v 463.0093 215.2161 631.8210
v 461.2060 275.3019 635.1359
v 459.0999 335.2180 639.0072
v 439.2560 272.2688 673.1490
v 459.0999 335.2180 639.0072
v 437.1624 331.8278 676.9974
v 439.2560 272.2688 673.1490
v 439.2560 272.2688 673.1490
v 437.1624 331.8278 676.9974
v 395.2799 270.8189 673.1050
v 437.1624 331.8278 676.9974
v 393.1923 330.2072 676.9424
v 395.2799 270.8189 673.1050
v 395.2799 270.8189 673.1050
v 393.1923 330.2072 676.9424
v 373.2538 272.4020 635.0479
v 393.1923 330.2072 676.9424
v 371.1597 331.9767 638.8973
v 373.2538 272.4020 635.0479
v 373.2538 272.4020 635.0479
v 371.1597 331.9767 638.8973
v 395.2038 275.4351 597.0348
v 371.1597 331.9767 638.8973
v 393.0971 335.3669 600.9072
v 395.2038 275.4351 597.0348
v 395.2038 275.4351 597.0348
v 393.0971 335.3669 600.9072
v 439.1799 276.8850 597.0787
v 393.0971 335.3669 600.9072
v 437.0672 336.9875 600.9621
v 439.1799 276.8850 597.0787
v 439.1799 276.8850 597.0787
v 437.0672 336.9875 600.9621
v 461.2060 275.3019 635.1359
v 437.0672 336.9875 600.9621
v 459.0999 335.2180 639.0072
v 461.2060 275.3019 635.1359
v 459.0999 335.2180 639.0072
v 456.8141 395.0394 643.2089
v 437.1624 331.8278 676.9974
v 456.8141 395.0394 643.2089
v 434.8847 391.4371 681.1843
v 437.1624 331.8278 676.9974
v 437.1624 331.8278 676.9974
v 434.8847 391.4371 681.1843
v 393.1923 330.2072 676.9424
v 434.8847 391.4371 681.1843
v 390.9184 389.7151 681.1222
v 393.1923 330.2072 676.9424
v 393.1923 330.2072 676.9424
v 390.9184 389.7151 681.1222
v 371.1597 331.9767 638.8973
v 390.9184 389.7151 681.1222
v 368.8816 391.5954 643.0848
v 371.1597 331.9767 638.8973
v 371.1597 331.9767 638.8973
v 368.8816 391.5954 643.0848
v 393.0971 335.3669 600.9072
v 368.8816 391.5954 643.0848
v 390.8110 395.1976 605.1095
v 393.0971 335.3669 600.9072
v 393.0971 335.3669 600.9072
v 390.8110 395.1976 605.1095
v 437.0672 336.9875 600.9621
v 390.8110 395.1976 605.1095
v 434.7772 396.9196 605.1715
v 437.0672 336.9875 600.9621
v 437.0672 336.9875 600.9621
v 434.7772 396.9196 605.1715
v 459.0999 335.2180 639.0072
v 434.7772 396.9196 605.1715
v 456.8141 395.0394 643.2089
v 459.0999 335.2180 639.0072
v 456.8141 395.0394 643.2089
v 454.4260 454.7939 647.5986
v 434.8847 391.4371 681.1843
v 454.4260 454.7939 647.5986
v 432.5011 451.0792 685.5656
v 434.8847 391.4371 681.1843
v 434.8847 391.4371 681.1843
v 432.5011 451.0792 685.5656
v 390.9184 389.7151 681.1222
v 432.5011 451.0792 685.5656
v 388.5370 449.3034 685.4996
v 390.9184 389.7151 681.1222
v 390.9184 389.7151 681.1222
v 388.5370 449.3034 685.4996
v 368.8816 391.5954 643.0848
v 388.5370 449.3034 685.4996
v 366.4978 451.2424 647.4666
v 368.8816 391.5954 643.0848
v 368.8816 391.5954 643.0848
v 366.4978 451.2424 647.4666
v 390.8110 395.1976 605.1095
v 366.4978 451.2424 647.4666
v 388.4227 454.9570 609.4995
v 390.8110 395.1976 605.1095
v 390.8110 395.1976 605.1095
v 388.4227 454.9570 609.4995
v 434.7772 396.9196 605.1715
v 388.4227 454.9570 609.4995
v 432.3868 456.7328 609.5655
v 434.7772 396.9196 605.1715
v 434.7772 396.9196 605.1715
v 432.3868 456.7328 609.5655
v 456.8141 395.0394 643.2089
v 432.3868 456.7328 609.5655
v 454.4260 454.7939 647.5986
v 456.8141 395.0394 643.2089
v 454.4260 454.7939 647.5986
v 451.9929 514.5029 652.0711
v 432.5011 451.0792 685.5656
v 451.9929 514.5029 652.0711
v 430.0693 510.7556 690.0358
v 432.5011 451.0792 685.5656
v 432.5011 451.0792 685.5656
v 430.0693 510.7556 690.0358
v 388.5370 449.3034 685.4996
v 430.0693 510.7556 690.0358
v 386.1058 508.9642 689.9686
v 388.5370 449.3034 685.4996
v 388.5370 449.3034 685.4996
v 386.1058 508.9642 689.9686
v 366.4978 451.2424 647.4666
v 386.1058 508.9642 689.9686
v 364.0659 510.9202 651.9368
v 366.4978 451.2424 647.4666
v 366.4978 451.2424 647.4666
v 364.0659 510.9202 651.9368
v 388.4227 454.9570 609.4995
v 364.0659 510.9202 651.9368
v 385.9895 514.6675 613.9722
v 388.4227 454.9570 609.4995
v 388.4227 454.9570 609.4995
v 385.9895 514.6675 613.9722
v 432.3868 456.7328 609.5655
v 385.9895 514.6675 613.9722
v 429.9529 516.4589 614.0393
v 432.3868 456.7328 609.5655
v 432.3868 456.7328 609.5655
v 429.9529 516.4589 614.0393
v 454.4260 454.7939 647.5986
v 429.9529 516.4589 614.0393
v 451.9929 514.5029 652.0711
v 454.4260 454.7939 647.5986
v 451.9929 514.5029 652.0711
v 449.5641 574.1760 656.5355
v 430.0693 510.7556 690.0358
v 449.5641 574.1760 656.5355
v 427.6389 570.4706 694.5032
v 430.0693 510.7556 690.0358
v 430.0693 510.7556 690.0358
v 427.6389 570.4706 694.5032
v 386.1058 508.9642 689.9686
v 427.6389 570.4706 694.5032
v 383.6746 568.6994 694.4376
v 386.1058 508.9642 689.9686
v 386.1058 508.9642 689.9686
v 383.6746 568.6994 694.4376
v 364.0659 510.9202 651.9368
v 383.6746 568.6994 694.4376
v 361.6356 570.6334 656.4041
v 364.0659 510.9202 651.9368
v 364.0659 510.9202 651.9368
v 361.6356 570.6334 656.4041
v 385.9895 514.6675 613.9722
v 361.6356 570.6334 656.4041
v 383.5609 574.3387 618.4363
v 385.9895 514.6675 613.9722
v 385.9895 514.6675 613.9722
v 383.5609 574.3387 618.4363
v 429.9529 516.4589 614.0393
v 383.5609 574.3387 618.4363
v 427.5251 576.1100 618.5020
v 429.9529 516.4589 614.0393
v 429.9529 516.4589 614.0393
v 427.5251 576.1100 618.5020
v 451.9929 514.5029 652.0711
v 427.5251 576.1100 618.5020
v 449.5641 574.1760 656.5355
v 451.9929 514.5029 652.0711
v 449.5641 574.1760 656.5355
v 447.1900 633.8207 660.8995
v 427.6389 570.4706 694.5032
v 447.1900 633.8207 660.8995
v 425.2599 630.2387 698.8762
v 427.6389 570.4706 694.5032
v 427.6389 570.4706 694.5032
v 425.2599 630.2387 698.8762
v 383.6746 568.6994 694.4376
v 425.2599 630.2387 698.8762
v 381.2932 628.5264 698.8149
v 383.6746 568.6994 694.4376
v 383.6746 568.6994 694.4376
v 381.2932 628.5264 698.8149
v 361.6356 570.6334 656.4041
v 381.2932 628.5264 698.8149
v 359.2568 630.3961 660.7767
v 361.6356 570.6334 656.4041
v 361.6356 570.6334 656.4041
v 359.2568 630.3961 660.7767
v 383.5609 574.3387 618.4363
v 359.2568 630.3961 660.7767
v 381.1870 633.9780 622.8000
v 383.5609 574.3387 618.4363
v 383.5609 574.3387 618.4363
v 381.1870 633.9780 622.8000
v 427.5251 576.1100 618.5020
v 381.1870 633.9780 622.8000
v 425.1536 635.6904 622.8613
v 427.5251 576.1100 618.5020
v 427.5251 576.1100 618.5020
v 425.1536 635.6904 622.8613
v 449.5641 574.1760 656.5355
v 425.1536 635.6904 622.8613
v 447.1900 633.8207 660.8995
v 449.5641 574.1760 656.5355
v 447.1900 633.8207 660.8995
v 444.9300 693.4326 665.0538
v 425.2599 630.2387 698.8762
v 444.9300 693.4326 665.0538
v 422.9912 690.0771 703.0463
v 425.2599 630.2387 698.8762
v 425.2599 630.2387 698.8762
v 422.9912 690.0771 703.0463
v 381.2932 628.5264 698.8149
v 422.9912 690.0771 703.0463
v 379.0205 688.4731 702.9926
v 381.2932 628.5264 698.8149
v 381.2932 628.5264 698.8149
v 379.0205 688.4731 702.9926
v 359.2568 630.3961 660.7767
v 379.0205 688.4731 702.9926
v 356.9886 690.2245 664.9462
v 359.2568 630.3961 660.7767
v 359.2568 630.3961 660.7767
v 356.9886 690.2245 664.9462
v 381.1870 633.9780 622.8000
v 356.9886 690.2245 664.9462
v 378.9273 693.5800 626.9537
v 381.1870 633.9780 622.8000
v 381.1870 633.9780 622.8000
v 378.9273 693.5800 626.9537
v 425.1536 635.6904 622.8613
v 378.9273 693.5800 626.9537
v 422.8980 695.1840 627.0074
v 425.1536 635.6904 622.8613
v 425.1536 635.6904 622.8613
v 422.8980 695.1840 627.0074
v 447.1900 633.8207 660.8995
v 422.8980 695.1840 627.0074
v 444.9300 693.4326 665.0538
v 447.1900 633.8207 660.8995
v 674.0000 145.4999 -630.0000
v 674.1598 205.3304 -630.5490
v 652.0000 145.5003 -591.8949
v 674.1598 205.3304 -630.5490
v 652.1611 205.9711 -592.4485
v 652.0000 145.5003 -591.8949
v 652.0000 145.5003 -591.8949
v 652.1611 205.9711 -592.4485
v 608.0000 145.5004 -591.8949
v 652.1611 205.9711 -592.4485
v 608.1615 206.1554 -592.4498
v 608.0000 145.5004 -591.8949
v 608.0000 145.5004 -591.8949
v 608.1615 206.1554 -592.4498
v 586.0000 145.5001 -630.0000
v 608.1615 206.1554 -592.4498
v 586.1605 205.6991 -630.5516
v 586.0000 145.5001 -630.0000
v 586.0000 145.5001 -630.0000
v 586.1605 205.6991 -630.5516
v 608.0000 145.4997 -668.1051
v 586.1605 205.6991 -630.5516
v 608.1592 205.0584 -668.6522
v 608.0000 145.4997 -668.1051
v 608.0000 145.4997 -668.1051
v 608.1592 205.0584 -668.6522
v 652.0000 145.4996 -668.1051
v 608.1592 205.0584 -668.6522
v 652.1588 204.8741 -668.6508
v 652.0000 145.4996 -668.1051
v 652.0000 145.4996 -668.1051
v 652.1588 204.8741 -668.6508
v 674.0000 145.4999 -630.0000
v 652.1588 204.8741 -668.6508
v 674.1598 205.3304 -630.5490
v 674.0000 145.4999 -630.0000
v 674.1598 205.3304 -630.5490
v 674.3362 265.5075 -631.1553
v 652.1611 205.9711 -592.4485
v 674.3362 265.5075 -631.1553
v 652.3362 265.5787 -593.0502
v 652.1611 205.9711 -592.4485
v 652.1611 205.9711 -592.4485
v 652.3362 265.5787 -593.0502
v 608.1615 206.1554 -592.4498
v 652.3362 265.5787 -593.0502
v 608.3362 265.5992 -593.0502
v 608.1615 206.1554 -592.4498
v 608.1615 206.1554 -592.4498
v 608.3362 265.5992 -593.0502
v 586.1605 205.6991 -630.5516
v 608.3362 265.5992 -593.0502
v 586.3362 265.5485 -631.1553
v 586.1605 205.6991 -630.5516
v 586.1605 205.6991 -630.5516
v 586.3362 265.5485 -631.1553
v 608.1592 205.0584 -668.6522
v 586.3362 265.5485 -631.1553
v 608.3362 265.4773 -669.2604
v 608.1592 205.0584 -668.6522
v 608.1592 205.0584 -668.6522
v 608.3362 265.4773 -669.2604
v 652.1588 204.8741 -668.6508
v 608.3362 265.4773 -669.2604
v 652.3362 265.4568 -669.2603
v 652.1588 204.8741 -668.6508
v 652.1588 204.8741 -668.6508
v 652.3362 265.4568 -669.2603
v 674.1598 205.3304 -630.5490
v 652.3362 265.4568 -669.2603
v 674.3362 265.5075 -631.1553
v 674.1598 205.3304 -630.5490
v 674.3362 265.5075 -631.1553
v 674.1356 325.8596 -630.4661
v 652.3362 265.5787 -593.0502
v 674.1356 325.8596 -630.4661
v 652.1396 324.7502 -592.3748
v 652.3362 265.5787 -593.0502
v 652.3362 265.5787 -593.0502
v 652.1396 324.7502 -592.3748
v 608.3362 265.5992 -593.0502
v 652.1396 324.7502 -592.3748
v 608.1408 324.4311 -592.3787
v 608.3362 265.5992 -593.0502
v 608.3362 265.5992 -593.0502
v 608.1408 324.4311 -592.3787
v 586.3362 265.5485 -631.1553
v 608.1408 324.4311 -592.3787
v 586.1379 325.2213 -630.4740
v 586.3362 265.5485 -631.1553
v 586.3362 265.5485 -631.1553
v 586.1379 325.2213 -630.4740
v 608.3362 265.4773 -669.2604
v 586.1379 325.2213 -630.4740
v 608.1339 326.3307 -668.5653
v 608.3362 265.4773 -669.2604
v 608.3362 265.4773 -669.2604
v 608.1339 326.3307 -668.5653
v 652.3362 265.4568 -669.2603
v 608.1339 326.3307 -668.5653
v 652.1328 326.6498 -668.5613
v 652.3362 265.4568 -669.2603
v 652.3362 265.4568 -669.2603
v 652.1328 326.6498 -668.5613
v 674.3362 265.5075 -631.1553
v 652.1328 326.6498 -668.5613
v 674.1356 325.8596 -630.4661
v 674.3362 265.5075 -631.1553
v 674.1356 325.8596 -630.4661
v 673.4905 386.1040 -628.2491
v 652.1396 324.7502 -592.3748
v 673.4905 386.1040 -628.2491
v 651.5045 384.0363 -590.1921
v 652.1396 324.7502 -592.3748
v 652.1396 324.7502 -592.3748
v 651.5045 384.0363 -590.1921
v 608.1408 324.4311 -592.3787
v 651.5045 384.0363 -590.1921
v 607.5085 383.4415 -590.2059
v 608.1408 324.4311 -592.3787
v 608.1408 324.4311 -592.3787
v 607.5085 383.4415 -590.2059
v 586.1379 325.2213 -630.4740
v 607.5085 383.4415 -590.2059
v 585.4985 384.9143 -628.2768
v 586.1379 325.2213 -630.4740
v 586.1379 325.2213 -630.4740
v 585.4985 384.9143 -628.2768
v 608.1339 326.3307 -668.5653
v 585.4985 384.9143 -628.2768
v 607.4846 386.9819 -666.3339
v 608.1339 326.3307 -668.5653
v 608.1339 326.3307 -668.5653
v 607.4846 386.9819 -666.3339
v 652.1328 326.6498 -668.5613
v 607.4846 386.9819 -666.3339
v 651.4805 387.5768 -666.3201
v 652.1328 326.6498 -668.5613
v 652.1328 326.6498 -668.5613
v 651.4805 387.5768 -666.3201
v 674.1356 325.8596 -630.4661
v 651.4805 387.5768 -666.3201
v 673.4905 386.1040 -628.2491
v 674.1356 325.8596 -630.4661
v 673.4905 386.1040 -628.2491
v 672.5660 446.1830 -625.0721
v 651.5045 384.0363 -590.1921
v 672.5660 446.1830 -625.0721
v 650.5878 443.5990 -587.0421
v 651.5045 384.0363 -590.1921
v 651.5045 384.0363 -590.1921
v 650.5878 443.5990 -587.0421
v 607.5085 383.4415 -590.2059
v 650.5878 443.5990 -587.0421
v 606.5941 442.8556 -587.0637
v 607.5085 383.4415 -590.2059
v 607.5085 383.4415 -590.2059
v 606.5941 442.8556 -587.0637
v 585.4985 384.9143 -628.2768
v 606.5941 442.8556 -587.0637
v 584.5786 444.6962 -625.1154
v 585.4985 384.9143 -628.2768
v 585.4985 384.9143 -628.2768
v 584.5786 444.6962 -625.1154
v 607.4846 386.9819 -666.3339
v 584.5786 444.6962 -625.1154
v 606.5567 447.2803 -663.1454
v 607.4846 386.9819 -666.3339
v 607.4846 386.9819 -666.3339
v 606.5567 447.2803 -663.1454
v 651.4805 387.5768 -666.3201
v 606.5567 447.2803 -663.1454
v 650.5504 448.0237 -663.1238
v 651.4805 387.5768 -666.3201
v 651.4805 387.5768 -666.3201
v 650.5504 448.0237 -663.1238
v 673.4905 386.1040 -628.2491
v 650.5504 448.0237 -663.1238
v 672.5660 446.1830 -625.0721
v 673.4905 386.1040 -628.2491
v 672.5660 446.1830 -625.0721
v 671.4859 506.1630 -621.3607
v 650.5878 443.5990 -587.0421
v 671.4859 506.1630 -621.3607
v 649.5132 503.2759 -583.3492
v 650.5878 443.5990 -587.0421
v 650.5878 443.5990 -587.0421
v 649.5132 503.2759 -583.3492
v 606.5941 442.8556 -587.0637
v 649.5132 503.2759 -583.3492
v 605.5210 502.4453 -583.3762
v 606.5941 442.8556 -587.0637
v 606.5941 442.8556 -587.0637
v 605.5210 502.4453 -583.3762
v 584.5786 444.6962 -625.1154
v 605.5210 502.4453 -583.3762
v 583.5016 504.5018 -621.4146
v 584.5786 444.6962 -625.1154
v 584.5786 444.6962 -625.1154
v 583.5016 504.5018 -621.4146
v 606.5567 447.2803 -663.1454
v 583.5016 504.5018 -621.4146
v 605.4743 507.3889 -659.4260
v 606.5567 447.2803 -663.1454
v 606.5567 447.2803 -663.1454
v 605.4743 507.3889 -659.4260
v 650.5504 448.0237 -663.1238
v 605.4743 507.3889 -659.4260
v 649.4664 508.2195 -659.3990
v 650.5504 448.0237 -663.1238
v 650.5504 448.0237 -663.1238
v 649.4664 508.2195 -659.3990
v 672.5660 446.1830 -625.0721
v 649.4664 508.2195 -659.3990
v 671.4859 506.1630 -621.3607
v 672.5660 446.1830 -625.0721
v 671.4859 506.1630 -621.3607
v 670.3134 566.0876 -617.3315
v 649.5132 503.2759 -583.3492
v 670.3134 566.0876 -617.3315
v 648.3442 563.0206 -579.3322
v 649.5132 503.2759 -583.3492
v 649.5132 503.2759 -583.3492
v 648.3442 563.0206 -579.3322
v 605.5210 502.4453 -583.3762
v 648.3442 563.0206 -579.3322
v 604.3530 562.1382 -579.3626
v 605.5210 502.4453 -583.3762
v 605.5210 502.4453 -583.3762
v 604.3530 562.1382 -579.3626
v 583.5016 504.5018 -621.4146
v 604.3530 562.1382 -579.3626
v 582.3311 564.3229 -617.3923
v 583.5016 504.5018 -621.4146
v 583.5016 504.5018 -621.4146
v 582.3311 564.3229 -617.3923
v 605.4743 507.3889 -659.4260
v 582.3311 564.3229 -617.3923
v 604.3003 567.3900 -655.3917
v 605.4743 507.3889 -659.4260
v 605.4743 507.3889 -659.4260
v 604.3003 567.3900 -655.3917
v 649.4664 508.2195 -659.3990
v 604.3003 567.3900 -655.3917
v 648.2914 568.2723 -655.3612
v 649.4664 508.2195 -659.3990
v 649.4664 508.2195 -659.3990
v 648.2914 568.2723 -655.3612
v 671.4859 506.1630 -621.3607
v 648.2914 568.2723 -655.3612
v 670.3134 566.0876 -617.3315
v 671.4859 506.1630 -621.3607
v 670.3134 566.0876 -617.3315
v 669.0881 625.9726 -613.1212
v 648.3442 563.0206 -579.3322
v 669.0881 625.9726 -613.1212
v 647.1209 622.8102 -575.1285
v 648.3442 563.0206 -579.3322
v 648.3442 563.0206 -579.3322
v 647.1209 622.8102 -575.1285
v 604.3530 562.1382 -579.3626
v 647.1209 622.8102 -575.1285
v 603.1303 621.9004 -575.1609
v 604.3530 562.1382 -579.3626
v 604.3530 562.1382 -579.3626
v 603.1303 621.9004 -575.1609
v 582.3311 564.3229 -617.3923
v 603.1303 621.9004 -575.1609
v 581.1070 624.1530 -613.1859
v 582.3311 564.3229 -617.3923
v 582.3311 564.3229 -617.3923
v 581.1070 624.1530 -613.1859
v 604.3003 567.3900 -655.3917
v 581.1070 624.1530 -613.1859
v 603.0742 627.3154 -651.1785
v 604.3003 567.3900 -655.3917
v 604.3003 567.3900 -655.3917
v 603.0742 627.3154 -651.1785
v 648.2914 568.2723 -655.3612
v 603.0742 627.3154 -651.1785
v 647.0648 628.2252 -651.1461
v 648.2914 568.2723 -655.3612
v 648.2914 568.2723 -655.3612
v 647.0648 628.2252 -651.1461
v 670.3134 566.0876 -617.3315
v 647.0648 628.2252 -651.1461
v 669.0881 625.9726 -613.1212
v 670.3134 566.0876 -617.3315
v 669.0881 625.9726 -613.1212
v 667.8395 685.8329 -608.8303
v 647.1209 622.8102 -575.1285
v 667.8395 685.8329 -608.8303
v 645.8728 682.6429 -570.8396
v 647.1209 622.8102 -575.1285
v 647.1209 622.8102 -575.1285
v 645.8728 682.6429 -570.8396
v 603.1303 621.9004 -575.1609
v 645.8728 682.6429 -570.8396
v 601.8824 681.7252 -570.8725
v 603.1303 621.9004 -575.1609
v 603.1303 621.9004 -575.1609
v 601.8824 681.7252 -570.8725
v 581.1070 624.1530 -613.1859
v 601.8824 681.7252 -570.8725
v 579.8586 683.9975 -608.8961
v 581.1070 624.1530 -613.1859
v 581.1070 624.1530 -613.1859
v 579.8586 683.9975 -608.8961
v 603.0742 627.3154 -651.1785
v 579.8586 683.9975 -608.8961
v 601.8253 687.1874 -646.8867
v 603.0742 627.3154 -651.1785
v 603.0742 627.3154 -651.1785
v 601.8253 687.1874 -646.8867
v 647.0648 628.2252 -651.1461
v 601.8253 687.1874 -646.8867
v 645.8157 688.1052 -646.8538
v 647.0648 628.2252 -651.1461
v 647.0648 628.2252 -651.1461
v 645.8157 688.1052 -646.8538
v 669.0881 625.9726 -613.1212
v 645.8157 688.1052 -646.8538
v 667.8395 685.8329 -608.8303
v 669.0881 625.9726 -613.1212
v 667.8395 685.8329 -608.8303
v 666.5928 745.6746 -604.5462
v 645.8728 682.6429 -570.8396
v 666.5928 745.6746 -604.5462
v 644.6254 742.5204 -566.5530
v 645.8728 682.6429 -570.8396
v 645.8728 682.6429 -570.8396
v 644.6254 742.5204 -566.5530
v 601.8824 681.7252 -570.8725
v 644.6254 742.5204 -566.5530
v 600.6347 741.6130 -566.5852
v 601.8824 681.7252 -570.8725
v 601.8824 681.7252 -570.8725
v 600.6347 741.6130 -566.5852
v 579.8586 683.9975 -608.8961
v 600.6347 741.6130 -566.5852
v 578.6115 743.8597 -604.6106
v 579.8586 683.9975 -608.8961
v 579.8586 683.9975 -608.8961
v 578.6115 743.8597 -604.6106
v 601.8253 687.1874 -646.8867
v 578.6115 743.8597 -604.6106
v 600.5790 747.0139 -642.6038
v 601.8253 687.1874 -646.8867
v 601.8253 687.1874 -646.8867
v 600.5790 747.0139 -642.6038
v 645.8157 688.1052 -646.8538
v 600.5790 747.0139 -642.6038
v 644.5696 747.9213 -642.5716
v 645.8157 688.1052 -646.8538
v 645.8157 688.1052 -646.8538
v 644.5696 747.9213 -642.5716
v 667.8395 685.8329 -608.8303
v 644.5696 747.9213 -642.5716
v 666.5928 745.6746 -604.5462
v 667.8395 685.8329 -608.8303
v 666.5928 745.6746 -604.5462
v 665.3737 805.5047 -600.3572
v 644.6254 742.5204 -566.5530
v 665.3737 805.5047 -600.3572
v 643.4042 802.4556 -562.3566
v 644.6254 742.5204 -566.5530
v 644.6254 742.5204 -566.5530
v 643.4042 802.4556 -562.3566
v 600.6347 741.6130 -566.5852
v 643.4042 802.4556 -562.3566
v 599.4130 801.5784 -562.3867
v 600.6347 741.6130 -566.5852
v 600.6347 741.6130 -566.5852
v 599.4130 801.5784 -562.3867
v 578.6115 743.8597 -604.6106
v 599.4130 801.5784 -562.3867
v 577.3912 803.7503 -600.4173
v 578.6115 743.8597 -604.6106
v 578.6115 743.8597 -604.6106
v 577.3912 803.7503 -600.4173
v 600.5790 747.0139 -642.6038
v 577.3912 803.7503 -600.4173
v 599.3608 806.7994 -638.4178
v 600.5790 747.0139 -642.6038
v 600.5790 747.0139 -642.6038
v 599.3608 806.7994 -638.4178
v 644.5696 747.9213 -642.5716
v 599.3608 806.7994 -638.4178
v 643.3521 807.6766 -638.3878
v 644.5696 747.9213 -642.5716
v 644.5696 747.9213 -642.5716
v 643.3521 807.6766 -638.3878
v 666.5928 745.6746 -604.5462
v 643.3521 807.6766 -638.3878
v 665.3737 805.5047 -600.3572
v 666.5928 745.6746 -604.5462
v 665.3737 805.5047 -600.3572
v 664.2128 865.3218 -596.3676
v 643.4042 802.4556 -562.3566
v 664.2128 865.3218 -596.3676
v 642.2395 862.4653 -558.3543
v 643.4042 802.4556 -562.3566
v 643.4042 802.4556 -562.3566
v 642.2395 862.4653 -558.3543
v 599.4130 801.5784 -562.3867
v 642.2395 862.4653 -558.3543
v 598.2471 861.6436 -558.3807
v 599.4130 801.5784 -562.3867
v 599.4130 801.5784 -562.3867
v 598.2471 861.6436 -558.3807
v 577.3912 803.7503 -600.4173
v 598.2471 861.6436 -558.3807
v 576.2281 863.6782 -596.4204
v 577.3912 803.7503 -600.4173
v 577.3912 803.7503 -600.4173
v 576.2281 863.6782 -596.4204
v 599.3608 806.7994 -638.4178
v 576.2281 863.6782 -596.4204
v 598.2014 866.5347 -634.4338
v 599.3608 806.7994 -638.4178
v 599.3608 806.7994 -638.4178
v 598.2014 866.5347 -634.4338
v 643.3521 807.6766 -638.3878
v 598.2014 866.5347 -634.4338
v 642.1937 867.3564 -634.4074
v 643.3521 807.6766 -638.3878
v 643.3521 807.6766 -638.3878
v 642.1937 867.3564 -634.4074
v 665.3737 805.5047 -600.3572
v 642.1937 867.3564 -634.4074
v 664.2128 865.3218 -596.3676
v 665.3737 805.5047 -600.3572
v 630.0000 316.5001 -334.0000
v 629.6249 376.0262 -334.1620
v 591.8949 316.4998 -356.0000
v 629.6249 376.0262 -334.1620
v 591.5221 375.5523 -356.1609
v 591.8949 316.4998 -356.0000
v 591.8949 316.4998 -356.0000
v 591.5221 375.5523 -356.1609
v 591.8949 316.4997 -400.0000
v 591.5221 375.5523 -356.1609
v 591.5231 375.3633 -400.1606
v 591.8949 316.4997 -400.0000
v 591.8949 316.4997 -400.0000
v 591.5231 375.3633 -400.1606
v 630.0000 316.4999 -422.0000
v 591.5231 375.3633 -400.1606
v 629.6268 375.6480 -422.1612
v 630.0000 316.4999 -422.0000
v 630.0000 316.4999 -422.0000
v 629.6268 375.6480 -422.1612
v 668.1051 316.5002 -400.0000
v 629.6268 375.6480 -422.1612
v 667.7295 376.1219 -400.1622
v 668.1051 316.5002 -400.0000
v 668.1051 316.5002 -400.0000
v 667.7295 376.1219 -400.1622
v 668.1051 316.5003 -356.0000
v 667.7295 376.1219 -400.1622
v 667.7286 376.3109 -356.1626
v 668.1051 316.5003 -356.0000
v 668.1051 316.5003 -356.0000
v 667.7286 376.3109 -356.1626
v 630.0000 316.5001 -334.0000
v 667.7286 376.3109 -356.1626
v 629.6249 376.0262 -334.1620
v 630.0000 316.5001 -334.0000
v 629.6249 376.0262 -334.1620
v 629.2013 435.2018 -334.3448
v 591.5221 375.5523 -356.1609
v 629.2013 435.2018 -334.3448
v 591.0963 435.1305 -356.3448
v 591.5221 375.5523 -356.1609
v 591.5221 375.5523 -356.1609
v 591.0963 435.1305 -356.3448
v 591.5231 375.3633 -400.1606
v 591.0963 435.1305 -356.3448
v 591.0963 435.1021 -400.3448
v 591.5231 375.3633 -400.1606
v 591.5231 375.3633 -400.1606
v 591.0963 435.1021 -400.3448
v 629.6268 375.6480 -422.1612
v 591.0963 435.1021 -400.3448
v 629.2014 435.1449 -422.3448
v 629.6268 375.6480 -422.1612
v 629.6268 375.6480 -422.1612
v 629.2014 435.1449 -422.3448
v 667.7295 376.1219 -400.1622
v 629.2014 435.1449 -422.3448
v 667.3064 435.2162 -400.3448
v 667.7295 376.1219 -400.1622
v 667.7295 376.1219 -400.1622
v 667.3064 435.2162 -400.3448
v 667.7286 376.3109 -356.1626
v 667.3064 435.2162 -400.3448
v 667.3064 435.2446 -356.3449
v 667.7286 376.3109 -356.1626
v 667.7286 376.3109 -356.1626
v 667.3064 435.2446 -356.3449
v 629.6249 376.0262 -334.1620
v 667.3064 435.2446 -356.3449
v 629.2013 435.2018 -334.3448
v 629.6249 376.0262 -334.1620
v 629.2013 435.2018 -334.3448
v 629.6365 494.1920 -334.1569
v 591.0963 435.1305 -356.3448
v 629.6365 494.1920 -334.1569
v 591.5380 494.9853 -356.1541
v 591.0963 435.1305 -356.3448
v 591.0963 435.1305 -356.3448
v 591.5380 494.9853 -356.1541
v 591.0963 435.1021 -400.3448
v 591.5380 494.9853 -356.1541
v 591.5406 495.3018 -400.1530
v 591.0963 435.1021 -400.3448
v 591.0963 435.1021 -400.3448
v 591.5406 495.3018 -400.1530
v 629.2014 435.1449 -422.3448
v 591.5406 495.3018 -400.1530
v 629.6418 494.8252 -422.1547
v 629.2014 435.1449 -422.3448
v 629.2014 435.1449 -422.3448
v 629.6418 494.8252 -422.1547
v 667.3064 435.2162 -400.3448
v 629.6418 494.8252 -422.1547
v 667.7403 494.0319 -400.1575
v 667.3064 435.2162 -400.3448
v 667.3064 435.2162 -400.3448
v 667.7403 494.0319 -400.1575
v 667.3064 435.2446 -356.3449
v 667.7403 494.0319 -400.1575
v 667.7377 493.7153 -356.1587
v 667.3064 435.2446 -356.3449
v 667.3064 435.2446 -356.3449
v 667.7377 493.7153 -356.1587
v 629.2013 435.2018 -334.3448
v 667.7377 493.7153 -356.1587
v 629.6365 494.1920 -334.1569
v 629.2013 435.2018 -334.3448
v 629.6365 494.1920 -334.1569
v 631.1119 553.2174 -333.5199
v 591.5380 494.9853 -356.1541
v 631.1119 553.2174 -333.5199
v 593.0310 554.7339 -355.5095
v 591.5380 494.9853 -356.1541
v 591.5380 494.9853 -356.1541
v 593.0310 554.7339 -355.5095
v 591.5406 495.3018 -400.1530
v 593.0310 554.7339 -355.5095
v 593.0406 555.3391 -399.5053
v 591.5406 495.3018 -400.1530
v 591.5406 495.3018 -400.1530
v 593.0406 555.3391 -399.5053
v 629.6418 494.8252 -422.1547
v 593.0406 555.3391 -399.5053
v 631.1312 554.4278 -421.5116
v 629.6418 494.8252 -422.1547
v 629.6418 494.8252 -422.1547
v 631.1312 554.4278 -421.5116
v 667.7403 494.0319 -400.1575
v 631.1312 554.4278 -421.5116
v 669.2122 552.9113 -399.5220
v 667.7403 494.0319 -400.1575
v 667.7403 494.0319 -400.1575
v 669.2122 552.9113 -399.5220
v 667.7377 493.7153 -356.1587
v 669.2122 552.9113 -399.5220
v 669.2026 552.3062 -355.5262
v 667.7377 493.7153 -356.1587
v 667.7377 493.7153 -356.1587
v 669.2026 552.3062 -355.5262
v 629.6365 494.1920 -334.1569
v 669.2026 552.3062 -355.5262
v 631.1119 553.2174 -333.5199
v 629.6365 494.1920 -334.1569
v 631.1119 553.2174 -333.5199
v 633.2646 612.3519 -332.5905
v 593.0310 554.7339 -355.5095
v 633.2646 612.3519 -332.5905
v 595.1979 614.2617 -354.5739
v 593.0310 554.7339 -355.5095
v 593.0310 554.7339 -355.5095
v 595.1979 614.2617 -354.5739
v 593.0406 555.3391 -399.5053
v 595.1979 614.2617 -354.5739
v 595.2131 615.0239 -398.5673
v 593.0406 555.3391 -399.5053
v 593.0406 555.3391 -399.5053
v 595.2131 615.0239 -398.5673
v 631.1312 554.4278 -421.5116
v 595.2131 615.0239 -398.5673
v 633.2952 613.8762 -420.5772
v 631.1312 554.4278 -421.5116
v 631.1312 554.4278 -421.5116
v 633.2952 613.8762 -420.5772
v 669.2122 552.9113 -399.5220
v 633.2952 613.8762 -420.5772
v 671.3621 611.9664 -398.5938
v 669.2122 552.9113 -399.5220
v 669.2122 552.9113 -399.5220
v 671.3621 611.9664 -398.5938
v 669.2026 552.3062 -355.5262
v 671.3621 611.9664 -398.5938
v 671.3467 611.2042 -354.6004
v 669.2026 552.3062 -355.5262
v 669.2026 552.3062 -355.5262
v 671.3467 611.2042 -354.6004
v 631.1119 553.2174 -333.5199
v 671.3467 611.2042 -354.6004
v 633.2646 612.3519 -332.5905
v 631.1119 553.2174 -333.5199
v 633.2646 612.3519 -332.5905
v 635.7975 671.5348 -331.4968
v 595.1979 614.2617 -354.5739
v 635.7975 671.5348 -331.4968
v 597.7406 673.6757 -353.4760
v 595.1979 614.2617 -354.5739
v 595.1979 614.2617 -354.5739
v 597.7406 673.6757 -353.4760
v 595.2131 615.0239 -398.5673
v 597.7406 673.6757 -353.4760
v 597.7598 674.5302 -397.4677
v 595.2131 615.0239 -398.5673
v 595.2131 615.0239 -398.5673
v 597.7598 674.5302 -397.4677
v 633.2952 613.8762 -420.5772
v 597.7598 674.5302 -397.4677
v 635.8360 673.2436 -419.4802
v 633.2952 613.8762 -420.5772
v 633.2952 613.8762 -420.5772
v 635.8360 673.2436 -419.4802
v 671.3621 611.9664 -398.5938
v 635.8360 673.2436 -419.4802
v 673.8929 671.1027 -397.5010
v 671.3621 611.9664 -398.5938
v 671.3621 611.9664 -398.5938
v 673.8929 671.1027 -397.5010
v 671.3467 611.2042 -354.6004
v 673.8929 671.1027 -397.5010
v 673.8737 670.2483 -353.5093
v 671.3467 611.2042 -354.6004
v 671.3467 611.2042 -354.6004
v 673.8737 670.2483 -353.5093
v 633.2646 612.3519 -332.5905
v 673.8737 670.2483 -353.5093
v 635.7975 671.5348 -331.4968
v 633.2646 612.3519 -332.5905
v 635.7975 671.5348 -331.4968
v 638.5572 730.7435 -330.3053
v 597.7406 673.6757 -353.4760
v 638.5572 730.7435 -330.3053
v 600.5067 733.0219 -352.2818
v 597.7406 673.6757 -353.4760
v 597.7406 673.6757 -353.4760
v 600.5067 733.0219 -352.2818
v 597.7598 674.5302 -397.4677
v 600.5067 733.0219 -352.2818
v 600.5284 733.9312 -396.2724
v 597.7598 674.5302 -397.4677
v 597.7598 674.5302 -397.4677
v 600.5284 733.9312 -396.2724
v 635.8360 673.2436 -419.4802
v 600.5284 733.9312 -396.2724
v 638.6008 732.5621 -418.2865
v 635.8360 673.2436 -419.4802
v 635.8360 673.2436 -419.4802
v 638.6008 732.5621 -418.2865
v 673.8929 671.1027 -397.5010
v 638.6008 732.5621 -418.2865
v 676.6513 730.2836 -396.3101
v 673.8929 671.1027 -397.5010
v 673.8929 671.1027 -397.5010
v 676.6513 730.2836 -396.3101
v 673.8737 670.2483 -353.5093
v 676.6513 730.2836 -396.3101
v 676.6295 729.3744 -352.3195
v 673.8737 670.2483 -353.5093
v 673.8737 670.2483 -353.5093
v 676.6295 729.3744 -352.3195
v 635.7975 671.5348 -331.4968
v 676.6295 729.3744 -352.3195
v 638.5572 730.7435 -330.3053
v 635.7975 671.5348 -331.4968
v 638.5572 730.7435 -330.3053
v 641.4473 789.9703 -329.0575
v 600.5067 733.0219 -352.2818
v 641.4473 789.9703 -329.0575
v 603.4003 792.3219 -351.0324
v 600.5067 733.0219 -352.2818
v 600.5067 733.0219 -352.2818
v 603.4003 792.3219 -351.0324
v 600.5284 733.9312 -396.2724
v 603.4003 792.3219 -351.0324
v 603.4235 793.2603 -395.0224
v 600.5284 733.9312 -396.2724
v 600.5284 733.9312 -396.2724
v 603.4235 793.2603 -395.0224
v 638.6008 732.5621 -418.2865
v 603.4235 793.2603 -395.0224
v 641.4937 791.8472 -417.0374
v 638.6008 732.5621 -418.2865
v 638.6008 732.5621 -418.2865
v 641.4937 791.8472 -417.0374
v 676.6513 730.2836 -396.3101
v 641.4937 791.8472 -417.0374
v 679.5406 789.4957 -395.0626
v 676.6513 730.2836 -396.3101
v 676.6513 730.2836 -396.3101
v 679.5406 789.4957 -395.0626
v 676.6295 729.3744 -352.3195
v 679.5406 789.4957 -395.0626
v 679.5175 788.5572 -351.0726
v 676.6295 729.3744 -352.3195
v 676.6295 729.3744 -352.3195
v 679.5175 788.5572 -351.0726
v 638.5572 730.7435 -330.3053
v 679.5175 788.5572 -351.0726
v 641.4473 789.9703 -329.0575
v 638.5572 730.7435 -330.3053
v 641.4473 789.9703 -329.0575
v 644.3967 849.2144 -327.7840
v 603.4003 792.3219 -351.0324
v 644.3967 849.2144 -327.7840
v 606.3508 851.5876 -349.7585
v 603.4003 792.3219 -351.0324
v 603.4003 792.3219 -351.0324
v 606.3508 851.5876 -349.7585
v 603.4235 793.2603 -395.0224
v 606.3508 851.5876 -349.7585
v 606.3744 852.5347 -393.7483
v 603.4235 793.2603 -395.0224
v 603.4235 793.2603 -395.0224
v 606.3744 852.5347 -393.7483
v 641.4937 791.8472 -417.0374
v 606.3744 852.5347 -393.7483
v 644.4440 851.1086 -415.7636
v 641.4937 791.8472 -417.0374
v 641.4937 791.8472 -417.0374
v 644.4440 851.1086 -415.7636
v 679.5406 789.4957 -395.0626
v 644.4440 851.1086 -415.7636
v 682.4899 848.7353 -393.7892
v 679.5406 789.4957 -395.0626
v 679.5406 789.4957 -395.0626
v 682.4899 848.7353 -393.7892
v 679.5175 788.5572 -351.0726
v 682.4899 848.7353 -393.7892
v 682.4662 847.7882 -349.7994
v 679.5175 788.5572 -351.0726
v 679.5175 788.5572 -351.0726
v 682.4662 847.7882 -349.7994
v 641.4473 789.9703 -329.0575
v 682.4662 847.7882 -349.7994
v 644.3967 849.2144 -327.7840
v 641.4473 789.9703 -329.0575
v 644.3967 849.2144 -327.7840
v 647.3441 908.4772 -326.5114
v 606.3508 851.5876 -349.7585
v 647.3441 908.4772 -326.5114
v 609.2969 910.8240 -348.4865
v 606.3508 851.5876 -349.7585
v 606.3508 851.5876 -349.7585
v 609.2969 910.8240 -348.4865
v 606.3744 852.5347 -393.7483
v 609.2969 910.8240 -348.4865
v 609.3200 911.7606 -392.4765
v 606.3744 852.5347 -393.7483
v 606.3744 852.5347 -393.7483
v 609.3200 911.7606 -392.4765
v 644.4440 851.1086 -415.7636
v 609.3200 911.7606 -392.4765
v 647.3903 910.3503 -414.4915
v 644.4440 851.1086 -415.7636
v 644.4440 851.1086 -415.7636
v 647.3903 910.3503 -414.4915
v 682.4899 848.7353 -393.7892
v 647.3903 910.3503 -414.4915
v 685.4376 908.0035 -392.5165
v 682.4899 848.7353 -393.7892
v 682.4899 848.7353 -393.7892
v 685.4376 908.0035 -392.5165
v 682.4662 847.7882 -349.7994
v 685.4376 908.0035 -392.5165
v 685.4145 907.0669 -348.5265
v 682.4662 847.7882 -349.7994
v 682.4662 847.7882 -349.7994
v 685.4145 907.0669 -348.5265
v 644.3967 849.2144 -327.7840
v 685.4145 907.0669 -348.5265
v 647.3441 908.4772 -326.5114
v 644.3967 849.2144 -327.7840
v 647.3441 908.4772 -326.5114
v 650.2280 967.7653 -325.2663
v 609.2969 910.8240 -348.4865
v 650.2280 967.7653 -325.2663
v 612.1769 970.0334 -347.2430
v 609.2969 910.8240 -348.4865
v 609.2969 910.8240 -348.4865
v 612.1769 970.0334 -347.2430
v 609.3200 911.7606 -392.4765
v 612.1769 970.0334 -347.2430
v 612.1985 970.9386 -391.2336
v 609.3200 911.7606 -392.4765
v 609.3200 911.7606 -392.4765
v 612.1985 970.9386 -391.2336
v 647.3903 910.3503 -414.4915
v 612.1985 970.9386 -391.2336
v 650.2711 969.5756 -413.2477
v 647.3903 910.3503 -414.4915
v 647.3903 910.3503 -414.4915
v 650.2711 969.5756 -413.2477
v 685.4376 908.0035 -392.5165
v 650.2711 969.5756 -413.2477
v 688.3222 967.3074 -391.2710
v 685.4376 908.0035 -392.5165
v 685.4376 908.0035 -392.5165
v 688.3222 967.3074 -391.2710
v 685.4145 907.0669 -348.5265
v 688.3222 967.3074 -391.2710
v 688.3006 966.4023 -347.2803
v 685.4145 907.0669 -348.5265
v 685.4145 907.0669 -348.5265
v 688.3006 966.4023 -347.2803
v 647.3441 908.4772 -326.5114
v 688.3006 966.4023 -347.2803
v 650.2280 967.7653 -325.2663
v 647.3441 908.4772 -326.5114
v 650.2280 967.7653 -325.2663
v 652.9756 1027.0850 -324.0800
v 612.1769 970.0334 -347.2430
v 652.9756 1027.0850 -324.0800
v 614.9179 1029.2084 -346.0595
v 612.1769 970.0334 -347.2430
v 612.1769 970.0334 -347.2430
v 614.9179 1029.2084 -346.0595
v 612.1985 970.9386 -391.2336
v 614.9179 1029.2084 -346.0595
v 614.9368 1030.0558 -390.0514
v 612.1985 970.9386 -391.2336
v 612.1985 970.9386 -391.2336
v 614.9368 1030.0558 -390.0514
v 650.2711 969.5756 -413.2477
v 614.9368 1030.0558 -390.0514
v 653.0134 1028.7798 -412.0637
v 650.2711 969.5756 -413.2477
v 650.2711 969.5756 -413.2477
v 653.0134 1028.7798 -412.0637
v 688.3222 967.3074 -391.2710
v 653.0134 1028.7798 -412.0637
v 691.0712 1026.6563 -390.0841
v 688.3222 967.3074 -391.2710
v 688.3222 967.3074 -391.2710
v 691.0712 1026.6563 -390.0841
v 688.3006 966.4023 -347.2803
v 691.0712 1026.6563 -390.0841
v 691.0522 1025.8090 -346.0923
v 688.3006 966.4023 -347.2803
v 688.3006 966.4023 -347.2803
v 691.0522 1025.8090 -346.0923
v 650.2280 967.7653 -325.2663
v 691.0522 1025.8090 -346.0923
v 652.9756 1027.0850 -324.0800
v 650.2280 967.7653 -325.2663
v 630.0000 487.4998 -82.0000
v 629.4500 544.6441 -81.6366
v 591.8949 487.4995 -104.0000
v 629.4500 544.6441 -81.6366
v 591.3477 544.2818 -103.6385
v 591.8949 487.4995 -104.0000
v 591.8949 487.4995 -104.0000
v 591.3477 544.2818 -103.6385
v 591.8949 487.4998 -148.0000
v 591.3477 544.2818 -103.6385
v 591.3442 544.7287 -147.6362
v 591.8949 487.4998 -148.0000
v 591.8949 487.4998 -148.0000
v 591.3442 544.7287 -147.6362
v 630.0000 487.5002 -170.0000
v 591.3442 544.7287 -147.6362
v 629.4431 545.5379 -169.6321
v 630.0000 487.5002 -170.0000
v 630.0000 487.5002 -170.0000
v 629.4431 545.5379 -169.6321
v 668.1051 487.5005 -148.0000
v 629.4431 545.5379 -169.6321
v 667.5455 545.9002 -147.6302
v 668.1051 487.5005 -148.0000
v 668.1051 487.5005 -148.0000
v 667.5455 545.9002 -147.6302
v 668.1051 487.5002 -104.0000
v 667.5455 545.9002 -147.6302
v 667.5489 545.4533 -103.6325
v 668.1051 487.5002 -104.0000
v 668.1051 487.5002 -104.0000
v 667.5489 545.4533 -103.6325
v 630.0000 487.4998 -82.0000
v 667.5489 545.4533 -103.6325
v 629.4500 544.6441 -81.6366
v 630.0000 487.4998 -82.0000
v 629.4500 544.6441 -81.6366
v 628.7684 602.5671 -81.1863
v 591.3477 544.2818 -103.6385
v 628.7684 602.5671 -81.1863
v 590.6634 602.4756 -103.1864
v 591.3477 544.2818 -103.6385
v 591.3477 544.2818 -103.6385
v 590.6634 602.4756 -103.1864
v 591.3442 544.7287 -147.6362
v 590.6634 602.4756 -103.1864
v 590.6632 602.5884 -147.1862
v 591.3442 544.7287 -147.6362
v 591.3442 544.7287 -147.6362
v 590.6632 602.5884 -147.1862
v 629.4431 545.5379 -169.6321
v 590.6632 602.5884 -147.1862
v 628.7679 602.7928 -169.1860
v 629.4431 545.5379 -169.6321
v 629.4431 545.5379 -169.6321
v 628.7679 602.7928 -169.1860
v 667.5455 545.9002 -147.6302
v 628.7679 602.7928 -169.1860
v 666.8729 602.8844 -147.1859
v 667.5455 545.9002 -147.6302
v 667.5455 545.9002 -147.6302
v 666.8729 602.8844 -147.1859
v 667.5489 545.4533 -103.6325
v 666.8729 602.8844 -147.1859
v 666.8730 602.7715 -103.1860
v 667.5489 545.4533 -103.6325
v 667.5489 545.4533 -103.6325
v 666.8730 602.7715 -103.1860
v 629.4500 544.6441 -81.6366
v 666.8730 602.7715 -103.1860
v 628.7684 602.5671 -81.1863
v 629.4500 544.6441 -81.6366
v 628.7684 602.5671 -81.1863
v 629.3125 660.9498 -81.5458
v 590.6634 602.4756 -103.1864
v 629.3125 660.9498 -81.5458
v 591.2139 661.5023 -103.5501
v 590.6634 602.4756 -103.1864
v 590.6634 602.4756 -103.1864
v 591.2139 661.5023 -103.5501
v 590.6632 602.5884 -147.1862
v 591.2139 661.5023 -103.5501
v 591.2059 660.8209 -147.5448
v 590.6632 602.5884 -147.1862
v 590.6632 602.5884 -147.1862
v 591.2059 660.8209 -147.5448
v 628.7679 602.7928 -169.1860
v 591.2059 660.8209 -147.5448
v 629.2965 659.5871 -169.5352
v 628.7679 602.7928 -169.1860
v 628.7679 602.7928 -169.1860
v 629.2965 659.5871 -169.5352
v 666.8729 602.8844 -147.1859
v 629.2965 659.5871 -169.5352
v 667.3951 659.0346 -147.5310
v 666.8729 602.8844 -147.1859
v 666.8729 602.8844 -147.1859
v 667.3951 659.0346 -147.5310
v 666.8730 602.7715 -103.1860
v 667.3951 659.0346 -147.5310
v 667.4031 659.7160 -103.5362
v 666.8730 602.7715 -103.1860
v 666.8730 602.7715 -103.1860
v 667.4031 659.7160 -103.5362
v 628.7684 602.5671 -81.1863
v 667.4031 659.7160 -103.5362
v 629.3125 660.9498 -81.5458
v 628.7684 602.5671 -81.1863
v 629.3125 660.9498 -81.5458
v 631.4567 719.2025 -82.9624
v 591.2139 661.5023 -103.5501
v 631.4567 719.2025 -82.9624
v 593.3790 720.3378 -104.9805
v 591.2139 661.5023 -103.5501
v 591.2139 661.5023 -103.5501
v 593.3790 720.3378 -104.9805
v 591.2059 660.8209 -147.5448
v 593.3790 720.3378 -104.9805
v 593.3452 718.9377 -148.9582
v 591.2059 660.8209 -147.5448
v 591.2059 660.8209 -147.5448
v 593.3452 718.9377 -148.9582
v 629.2965 659.5871 -169.5352
v 593.3452 718.9377 -148.9582
v 631.3892 716.4022 -170.9178
v 629.2965 659.5871 -169.5352
v 629.2965 659.5871 -169.5352
v 631.3892 716.4022 -170.9178
v 667.3951 659.0346 -147.5310
v 631.3892 716.4022 -170.9178
v 669.4670 715.2669 -148.8997
v 667.3951 659.0346 -147.5310
v 667.3951 659.0346 -147.5310
v 669.4670 715.2669 -148.8997
v 667.4031 659.7160 -103.5362
v 669.4670 715.2669 -148.8997
v 669.5007 716.6671 -104.9220
v 667.4031 659.7160 -103.5362
v 667.4031 659.7160 -103.5362
v 669.5007 716.6671 -104.9220
v 629.3125 660.9498 -81.5458
v 669.5007 716.6671 -104.9220
v 631.4567 719.2025 -82.9624
v 629.3125 660.9498 -81.5458
v 631.4567 719.2025 -82.9624
v 634.6885 777.0718 -85.0976
v 593.3790 720.3378 -104.9805
v 634.6885 777.0718 -85.0976
v 596.6287 778.5329 -107.1275
v 593.3790 720.3378 -104.9805
v 593.3790 720.3378 -104.9805
v 596.6287 778.5329 -107.1275
v 593.3452 718.9377 -148.9582
v 596.6287 778.5329 -107.1275
v 596.5728 776.7309 -151.0906
v 593.3452 718.9377 -148.9582
v 593.3452 718.9377 -148.9582
v 596.5728 776.7309 -151.0906
v 631.3892 716.4022 -170.9178
v 596.5728 776.7309 -151.0906
v 634.5767 773.4678 -173.0237
v 631.3892 716.4022 -170.9178
v 631.3892 716.4022 -170.9178
v 634.5767 773.4678 -173.0237
v 669.4670 715.2669 -148.8997
v 634.5767 773.4678 -173.0237
v 672.6364 772.0067 -150.9937
v 669.4670 715.2669 -148.8997
v 669.4670 715.2669 -148.8997
v 672.6364 772.0067 -150.9937
v 669.5007 716.6671 -104.9220
v 672.6364 772.0067 -150.9937
v 672.6924 773.8087 -107.0307
v 669.5007 716.6671 -104.9220
v 669.5007 716.6671 -104.9220
v 672.6924 773.8087 -107.0307
v 631.4567 719.2025 -82.9624
v 672.6924 773.8087 -107.0307
v 634.6885 777.0718 -85.0976
v 631.4567 719.2025 -82.9624
v 634.6885 777.0718 -85.0976
v 638.5281 834.7216 -87.6343
v 596.6287 778.5329 -107.1275
v 638.5281 834.7216 -87.6343
v 600.4810 836.3741 -109.6726
v 596.6287 778.5329 -107.1275
v 596.6287 778.5329 -107.1275
v 600.4810 836.3741 -109.6726
v 596.5728 776.7309 -151.0906
v 600.4810 836.3741 -109.6726
v 600.4094 834.3361 -153.6253
v 596.5728 776.7309 -151.0906
v 596.5728 776.7309 -151.0906
v 600.4094 834.3361 -153.6253
v 634.5767 773.4678 -173.0237
v 600.4094 834.3361 -153.6253
v 638.3849 830.6456 -175.5397
v 634.5767 773.4678 -173.0237
v 634.5767 773.4678 -173.0237
v 638.3849 830.6456 -175.5397
v 672.6364 772.0067 -150.9937
v 638.3849 830.6456 -175.5397
v 676.4320 828.9930 -153.5014
v 672.6364 772.0067 -150.9937
v 672.6364 772.0067 -150.9937
v 676.4320 828.9930 -153.5014
v 672.6924 773.8087 -107.0307
v 676.4320 828.9930 -153.5014
v 676.5036 831.0311 -109.5486
v 672.6924 773.8087 -107.0307
v 672.6924 773.8087 -107.0307
v 676.5036 831.0311 -109.5486
v 634.6885 777.0718 -85.0976
v 676.5036 831.0311 -109.5486
v 638.5281 834.7216 -87.6343
v 634.6885 777.0718 -85.0976
v 638.5281 834.7216 -87.6343
v 642.7283 892.2406 -90.4093
v 600.4810 836.3741 -109.6726
v 642.7283 892.2406 -90.4093
v 604.6896 894.0072 -112.4531
v 600.4810 836.3741 -109.6726
v 600.4810 836.3741 -109.6726
v 604.6896 894.0072 -112.4531
v 600.4094 834.3361 -153.6253
v 604.6896 894.0072 -112.4531
v 604.6077 891.8284 -156.3991
v 600.4094 834.3361 -153.6253
v 600.4094 834.3361 -153.6253
v 604.6077 891.8284 -156.3991
v 638.3849 830.6456 -175.5397
v 604.6077 891.8284 -156.3991
v 642.5647 887.8831 -178.3012
v 638.3849 830.6456 -175.5397
v 638.3849 830.6456 -175.5397
v 642.5647 887.8831 -178.3012
v 676.4320 828.9930 -153.5014
v 642.5647 887.8831 -178.3012
v 680.6035 886.1165 -156.2574
v 676.4320 828.9930 -153.5014
v 676.4320 828.9930 -153.5014
v 680.6035 886.1165 -156.2574
v 676.5036 831.0311 -109.5486
v 680.6035 886.1165 -156.2574
v 680.6853 888.2952 -112.3114
v 676.5036 831.0311 -109.5486
v 676.5036 831.0311 -109.5486
v 680.6853 888.2952 -112.3114
v 638.5281 834.7216 -87.6343
v 680.6853 888.2952 -112.3114
v 642.7283 892.2406 -90.4093
v 638.5281 834.7216 -87.6343
v 642.7283 892.2406 -90.4093
v 647.1352 949.6702 -93.3208
v 604.6896 894.0072 -112.4531
v 647.1352 949.6702 -93.3208
v 609.1011 951.4981 -115.3677
v 604.6896 894.0072 -112.4531
v 604.6896 894.0072 -112.4531
v 609.1011 951.4981 -115.3677
v 604.6077 891.8284 -156.3991
v 609.1011 951.4981 -115.3677
v 609.0135 949.2437 -159.3098
v 604.6077 891.8284 -156.3991
v 604.6077 891.8284 -156.3991
v 609.0135 949.2437 -159.3098
v 642.5647 887.8831 -178.3012
v 609.0135 949.2437 -159.3098
v 646.9600 945.1614 -181.2050
v 642.5647 887.8831 -178.3012
v 642.5647 887.8831 -178.3012
v 646.9600 945.1614 -181.2050
v 680.6035 886.1165 -156.2574
v 646.9600 945.1614 -181.2050
v 684.9941 943.3336 -159.1581
v 680.6035 886.1165 -156.2574
v 680.6035 886.1165 -156.2574
v 684.9941 943.3336 -159.1581
v 680.6853 888.2952 -112.3114
v 684.9941 943.3336 -159.1581
v 685.0817 945.5880 -115.2160
v 680.6853 888.2952 -112.3114
v 680.6853 888.2952 -112.3114
v 685.0817 945.5880 -115.2160
v 642.7283 892.2406 -90.4093
v 685.0817 945.5880 -115.2160
v 647.1352 949.6702 -93.3208
v 642.7283 892.2406 -90.4093
v 647.1352 949.6702 -93.3208
v 651.6352 1007.0370 -96.2938
v 609.1011 951.4981 -115.3677
v 651.6352 1007.0370 -96.2938
v 613.6026 1008.8842 -118.3417
v 609.1011 951.4981 -115.3677
v 609.1011 951.4981 -115.3677
v 613.6026 1008.8842 -118.3417
v 609.0135 949.2437 -159.3098
v 613.6026 1008.8842 -118.3417
v 613.5131 1006.6060 -162.2826
v 609.0135 949.2437 -159.3098
v 609.0135 949.2437 -159.3098
v 613.5131 1006.6060 -162.2826
v 646.9600 945.1614 -181.2050
v 613.5131 1006.6060 -162.2826
v 651.4562 1002.4808 -184.1756
v 646.9600 945.1614 -181.2050
v 646.9600 945.1614 -181.2050
v 651.4562 1002.4808 -184.1756
v 684.9941 943.3336 -159.1581
v 651.4562 1002.4808 -184.1756
v 689.4888 1000.6337 -162.1277
v 684.9941 943.3336 -159.1581
v 684.9941 943.3336 -159.1581
v 689.4888 1000.6337 -162.1277
v 685.0817 945.5880 -115.2160
v 689.4888 1000.6337 -162.1277
v 689.5783 1002.9118 -118.1868
v 685.0817 945.5880 -115.2160
v 685.0817 945.5880 -115.2160
v 689.5783 1002.9118 -118.1868
v 647.1352 949.6702 -93.3208
v 689.5783 1002.9118 -118.1868
v 651.6352 1007.0370 -96.2938
v 647.1352 949.6702 -93.3208
v 651.6352 1007.0370 -96.2938
v 656.1307 1064.3563 -99.2639
v 613.6026 1008.8842 -118.3417
v 656.1307 1064.3563 -99.2639
v 618.0966 1066.1836 -121.3108
v 613.6026 1008.8842 -118.3417
v 613.6026 1008.8842 -118.3417
v 618.0966 1066.1836 -121.3108
v 613.5131 1006.6060 -162.2826
v 618.0966 1066.1836 -121.3108
v 618.0090 1063.9299 -165.2529
v 613.5131 1006.6060 -162.2826
v 613.5131 1006.6060 -162.2826
v 618.0090 1063.9299 -165.2529
v 651.4562 1002.4808 -184.1756
v 618.0090 1063.9299 -165.2529
v 655.9556 1059.8490 -187.1482
v 651.4562 1002.4808 -184.1756
v 651.4562 1002.4808 -184.1756
v 655.9556 1059.8490 -187.1482
v 689.4888 1000.6337 -162.1277
v 655.9556 1059.8490 -187.1482
v 693.9897 1058.0217 -165.1013
v 689.4888 1000.6337 -162.1277
v 689.4888 1000.6337 -162.1277
v 693.9897 1058.0217 -165.1013
v 689.5783 1002.9118 -118.1868
v 693.9897 1058.0217 -165.1013
v 694.0773 1060.2753 -121.1592
v 689.5783 1002.9118 -118.1868
v 689.5783 1002.9118 -118.1868
v 694.0773 1060.2753 -121.1592
v 651.6352 1007.0370 -96.2938
v 694.0773 1060.2753 -121.1592
v 656.1307 1064.3563 -99.2639
v 651.6352 1007.0370 -96.2938
v 656.1307 1064.3563 -99.2639
v 660.5237 1121.6345 -102.1662
v 618.0966 1066.1836 -121.3108
v 660.5237 1121.6345 -102.1662
v 622.4848 1123.3998 -124.2100
v 618.0966 1066.1836 -121.3108
v 618.0966 1066.1836 -121.3108
v 622.4848 1123.3998 -124.2100
v 618.0090 1063.9299 -165.2529
v 622.4848 1123.3998 -124.2100
v 622.4031 1121.2227 -168.1560
v 618.0090 1063.9299 -165.2529
v 618.0090 1063.9299 -165.2529
v 622.4031 1121.2227 -168.1560
v 655.9556 1059.8490 -187.1482
v 622.4031 1121.2227 -168.1560
v 660.3603 1117.2802 -190.0583
v 655.9556 1059.8490 -187.1482
v 655.9556 1059.8490 -187.1482
v 660.3603 1117.2802 -190.0583
v 693.9897 1058.0217 -165.1013
v 660.3603 1117.2802 -190.0583
v 698.3992 1115.5148 -168.0145
v 693.9897 1058.0217 -165.1013
v 693.9897 1058.0217 -165.1013
v 698.3992 1115.5148 -168.0145
v 694.0773 1060.2753 -121.1592
v 698.3992 1115.5148 -168.0145
v 698.4808 1117.6920 -124.0685
v 694.0773 1060.2753 -121.1592
v 694.0773 1060.2753 -121.1592
v 698.4808 1117.6920 -124.0685
v 656.1307 1064.3563 -99.2639
v 698.4808 1117.6920 -124.0685
v 660.5237 1121.6345 -102.1662
v 656.1307 1064.3563 -99.2639
v 660.5237 1121.6345 -102.1662
v 664.6989 1178.8677 -104.9247
v 622.4848 1123.3998 -124.2100
v 664.6989 1178.8677 -104.9247
v 626.6517 1180.5181 -126.9629
v 622.4848 1123.3998 -124.2100
v 622.4848 1123.3998 -124.2100
v 626.6517 1180.5181 -126.9629
v 622.4031 1121.2227 -168.1560
v 626.6517 1180.5181 -126.9629
v 626.5803 1178.4827 -170.9158
v 622.4031 1121.2227 -168.1560
v 622.4031 1121.2227 -168.1560
v 626.5803 1178.4827 -170.9158
v 660.3603 1117.2802 -190.0583
v 626.5803 1178.4827 -170.9158
v 664.5562 1174.7968 -192.8304
v 660.3603 1117.2802 -190.0583
v 660.3603 1117.2802 -190.0583
v 664.5562 1174.7968 -192.8304
v 698.3992 1115.5148 -168.0145
v 664.5562 1174.7968 -192.8304
v 702.6034 1173.1464 -170.7921
v 698.3992 1115.5148 -168.0145
v 698.3992 1115.5148 -168.0145
v 702.6034 1173.1464 -170.7921
v 698.4808 1117.6920 -124.0685
v 702.6034 1173.1464 -170.7921
v 702.6748 1175.1819 -126.8393
v 698.4808 1117.6920 -124.0685
v 698.4808 1117.6920 -124.0685
v 702.6748 1175.1819 -126.8393
v 660.5237 1121.6345 -102.1662
v 702.6748 1175.1819 -126.8393
v 664.6989 1178.8677 -104.9247
v 660.5237 1121.6345 -102.1662
v 674.0000 -25.4998 126.0000
v 673.7756 29.4616 126.5391
v 652.0000 -25.5003 164.1051
v 673.7756 29.4616 126.5391
v 651.7781 28.7038 164.6382
v 652.0000 -25.5003 164.1051
v 652.0000 -25.5003 164.1051
v 651.7781 28.7038 164.6382
v 608.0000 -25.5004 164.1051
v 651.7781 28.7038 164.6382
v 607.7791 28.4101 164.6358
v 608.0000 -25.5004 164.1051
v 608.0000 -25.5004 164.1051
v 607.7791 28.4101 164.6358
v 586.0000 -25.5002 126.0000
v 607.7791 28.4101 164.6358
v 585.7775 28.8742 126.5344
v 586.0000 -25.5002 126.0000
v 586.0000 -25.5002 126.0000
v 585.7775 28.8742 126.5344
v 608.0000 -25.4997 87.8949
v 585.7775 28.8742 126.5344
v 607.7750 29.6321 88.4354
v 608.0000 -25.4997 87.8949
v 608.0000 -25.4997 87.8949
v 607.7750 29.6321 88.4354
v 652.0000 -25.4996 87.8949
v 607.7750 29.6321 88.4354
v 651.7740 29.9258 88.4377
v 652.0000 -25.4996 87.8949
v 652.0000 -25.4996 87.8949
v 651.7740 29.9258 88.4377
v 674.0000 -25.4998 126.0000
v 651.7740 29.9258 88.4377
v 673.7756 29.4616 126.5391
v 674.0000 -25.4998 126.0000
v 673.7756 29.4616 126.5391
v 673.4697 83.9550 127.2739
v 651.7781 28.7038 164.6382
v 673.4697 83.9550 127.2739
v 651.4702 83.6396 165.3780
v 651.7781 28.7038 164.6382
v 651.7781 28.7038 164.6382
v 651.4702 83.6396 165.3780
v 607.7791 28.4101 164.6358
v 651.4702 83.6396 165.3780
v 607.4703 83.5175 165.3775
v 607.7791 28.4101 164.6358
v 607.7791 28.4101 164.6358
v 607.4703 83.5175 165.3775
v 585.7775 28.8742 126.5344
v 607.4703 83.5175 165.3775
v 585.4700 83.7106 127.2731
v 585.7775 28.8742 126.5344
v 585.7775 28.8742 126.5344
v 585.4700 83.7106 127.2731
v 607.7750 29.6321 88.4354
v 585.4700 83.7106 127.2731
v 607.4696 84.0259 89.1690
v 607.7750 29.6321 88.4354
v 607.7750 29.6321 88.4354
v 607.4696 84.0259 89.1690
v 651.7740 29.9258 88.4377
v 607.4696 84.0259 89.1690
v 651.4694 84.1481 89.1694
v 651.7740 29.9258 88.4377
v 651.7740 29.9258 88.4377
v 651.4694 84.1481 89.1694
v 673.7756 29.4616 126.5391
v 651.4694 84.1481 89.1694
v 673.4697 83.9550 127.2739
v 673.7756 29.4616 126.5391
v 673.4697 83.9550 127.2739
v 673.6057 138.1310 126.9472
v 651.4702 83.6396 165.3780
v 673.6057 138.1310 126.9472
v 651.6097 139.0849 165.0426
v 651.4702 83.6396 165.3780
v 651.4702 83.6396 165.3780
v 651.6097 139.0849 165.0426
v 607.4703 83.5175 165.3775
v 651.6097 139.0849 165.0426
v 607.6113 139.4547 165.0389
v 607.4703 83.5175 165.3775
v 607.4703 83.5175 165.3775
v 607.6113 139.4547 165.0389
v 585.4700 83.7106 127.2731
v 607.6113 139.4547 165.0389
v 585.6088 138.8704 126.9397
v 585.4700 83.7106 127.2731
v 585.4700 83.7106 127.2731
v 585.6088 138.8704 126.9397
v 607.4696 84.0259 89.1690
v 585.6088 138.8704 126.9397
v 607.6048 137.9164 88.8442
v 607.4696 84.0259 89.1690
v 607.4696 84.0259 89.1690
v 607.6048 137.9164 88.8442
v 651.4694 84.1481 89.1694
v 607.6048 137.9164 88.8442
v 651.6033 137.5467 88.8479
v 651.4694 84.1481 89.1694
v 651.4694 84.1481 89.1694
v 651.6033 137.5467 88.8479
v 673.4697 83.9550 127.2739
v 651.6033 137.5467 88.8479
v 673.6057 138.1310 126.9472
v 673.4697 83.9550 127.2739
v 673.6057 138.1310 126.9472
v 674.3884 192.2540 125.0671
v 651.6097 139.0849 165.0426
v 674.3884 192.2540 125.0671
v 652.4109 194.5191 163.1179
v 651.6097 139.0849 165.0426
v 651.6097 139.0849 165.0426
v 652.4109 194.5191 163.1179
v 607.6113 139.4547 165.0389
v 652.4109 194.5191 163.1179
v 608.4197 195.3969 163.0968
v 607.6113 139.4547 165.0389
v 607.6113 139.4547 165.0389
v 608.4197 195.3969 163.0968
v 585.6088 138.8704 126.9397
v 608.4197 195.3969 163.0968
v 586.4059 194.0096 125.0250
v 585.6088 138.8704 126.9397
v 585.6088 138.8704 126.9397
v 586.4059 194.0096 125.0250
v 607.6048 137.9164 88.8442
v 586.4059 194.0096 125.0250
v 608.3833 191.7445 86.9742
v 607.6048 137.9164 88.8442
v 607.6048 137.9164 88.8442
v 608.3833 191.7445 86.9742
v 651.6033 137.5467 88.8479
v 608.3833 191.7445 86.9742
v 652.3745 190.8667 86.9952
v 651.6033 137.5467 88.8479
v 651.6033 137.5467 88.8479
v 652.3745 190.8667 86.9952
v 673.6057 138.1310 126.9472
v 652.3745 190.8667 86.9952
v 674.3884 192.2540 125.0671
v 673.6057 138.1310 126.9472
v 674.3884 192.2540 125.0671
v 675.6793 246.5133 121.9661
v 652.4109 194.5191 163.1179
v 675.6793 246.5133 121.9661
v 653.7203 249.5663 159.9725
v 652.4109 194.5191 163.1179
v 652.4109 194.5191 163.1179
v 653.7203 249.5663 159.9725
v 608.4197 195.3969 163.0968
v 653.7203 249.5663 159.9725
v 609.7363 250.7494 159.9342
v 608.4197 195.3969 163.0968
v 608.4197 195.3969 163.0968
v 609.7363 250.7494 159.9342
v 586.4059 194.0096 125.0250
v 609.7363 250.7494 159.9342
v 587.7111 248.8796 121.8896
v 586.4059 194.0096 125.0250
v 586.4059 194.0096 125.0250
v 587.7111 248.8796 121.8896
v 608.3833 191.7445 86.9742
v 587.7111 248.8796 121.8896
v 609.6700 245.8267 83.8832
v 608.3833 191.7445 86.9742
v 608.3833 191.7445 86.9742
v 609.6700 245.8267 83.8832
v 652.3745 190.8667 86.9952
v 609.6700 245.8267 83.8832
v 653.6541 244.6435 83.9214
v 652.3745 190.8667 86.9952
v 652.3745 190.8667 86.9952
v 653.6541 244.6435 83.9214
v 674.3884 192.2540 125.0671
v 653.6541 244.6435 83.9214
v 675.6793 246.5133 121.9661
v 674.3884 192.2540 125.0671
v 675.6793 246.5133 121.9661
v 677.2653 300.8489 118.1560
v 653.7203 249.5663 159.9725
v 677.2653 300.8489 118.1560
v 655.3199 304.3664 156.1300
v 653.7203 249.5663 159.9725
v 653.7203 249.5663 159.9725
v 655.3199 304.3664 156.1300
v 609.7363 250.7494 159.9342
v 655.3199 304.3664 156.1300
v 611.3411 305.7296 156.0792
v 609.7363 250.7494 159.9342
v 609.7363 250.7494 159.9342
v 611.3411 305.7296 156.0792
v 587.7111 248.8796 121.8896
v 611.3411 305.7296 156.0792
v 589.3076 303.5753 118.0544
v 587.7111 248.8796 121.8896
v 587.7111 248.8796 121.8896
v 589.3076 303.5753 118.0544
v 609.6700 245.8267 83.8832
v 589.3076 303.5753 118.0544
v 611.2531 300.0577 80.0804
v 609.6700 245.8267 83.8832
v 609.6700 245.8267 83.8832
v 611.2531 300.0577 80.0804
v 653.6541 244.6435 83.9214
v 611.2531 300.0577 80.0804
v 655.2319 298.6946 80.1312
v 653.6541 244.6435 83.9214
v 653.6541 244.6435 83.9214
v 655.2319 298.6946 80.1312
v 675.6793 246.5133 121.9661
v 655.2319 298.6946 80.1312
v 677.2653 300.8489 118.1560
v 675.6793 246.5133 121.9661
v 677.2653 300.8489 118.1560
v 679.0287 355.2192 113.9200
v 655.3199 304.3664 156.1300
v 679.0287 355.2192 113.9200
v 657.0923 359.0156 151.8723
v 655.3199 304.3664 156.1300
v 655.3199 304.3664 156.1300
v 657.0923 359.0156 151.8723
v 611.3411 305.7296 156.0792
v 657.0923 359.0156 151.8723
v 613.1169 360.4868 151.8131
v 611.3411 305.7296 156.0792
v 611.3411 305.7296 156.0792
v 613.1169 360.4868 151.8131
v 589.3076 303.5753 118.0544
v 613.1169 360.4868 151.8131
v 591.0780 358.1617 113.8016
v 589.3076 303.5753 118.0544
v 589.3076 303.5753 118.0544
v 591.0780 358.1617 113.8016
v 611.2531 300.0577 80.0804
v 591.0780 358.1617 113.8016
v 613.0144 354.3653 75.8492
v 611.2531 300.0577 80.0804
v 611.2531 300.0577 80.0804
v 613.0144 354.3653 75.8492
v 655.2319 298.6946 80.1312
v 613.0144 354.3653 75.8492
v 656.9898 352.8940 75.9084
v 655.2319 298.6946 80.1312
v 655.2319 298.6946 80.1312
v 656.9898 352.8940 75.9084
v 677.2653 300.8489 118.1560
v 656.9898 352.8940 75.9084
v 679.0287 355.2192 113.9200
v 677.2653 300.8489 118.1560
v 679.0287 355.2192 113.9200
v 680.8959 409.6160 109.4346
v 657.0923 359.0156 151.8723
v 680.8959 409.6160 109.4346
v 658.9647 413.5649 147.3744
v 657.0923 359.0156 151.8723
v 657.0923 359.0156 151.8723
v 658.9647 413.5649 147.3744
v 613.1169 360.4868 151.8131
v 658.9647 413.5649 147.3744
v 614.9914 415.0952 147.3103
v 613.1169 360.4868 151.8131
v 613.1169 360.4868 151.8131
v 614.9914 415.0952 147.3103
v 591.0780 358.1617 113.8016
v 614.9914 415.0952 147.3103
v 592.9493 412.6767 109.3065
v 591.0780 358.1617 113.8016
v 591.0780 358.1617 113.8016
v 592.9493 412.6767 109.3065
v 613.0144 354.3653 75.8492
v 592.9493 412.6767 109.3065
v 614.8804 408.7279 71.3667
v 613.0144 354.3653 75.8492
v 613.0144 354.3653 75.8492
v 614.8804 408.7279 71.3667
v 656.9898 352.8940 75.9084
v 614.8804 408.7279 71.3667
v 658.8538 407.1976 71.4307
v 656.9898 352.8940 75.9084
v 656.9898 352.8940 75.9084
v 658.8538 407.1976 71.4307
v 679.0287 355.2192 113.9200
v 658.8538 407.1976 71.4307
v 680.8959 409.6160 109.4346
v 679.0287 355.2192 113.9200
v 680.8959 409.6160 109.4346
v 682.8130 464.0399 104.8292
v 658.9647 413.5649 147.3744
v 682.8130 464.0399 104.8292
v 660.8837 468.0410 142.7646
v 658.9647 413.5649 147.3744
v 658.9647 413.5649 147.3744
v 660.8837 468.0410 142.7646
v 614.9914 415.0952 147.3103
v 660.8837 468.0410 142.7646
v 616.9111 469.5916 142.6989
v 614.9914 415.0952 147.3103
v 614.9914 415.0952 147.3103
v 616.9111 469.5916 142.6989
v 592.9493 412.6767 109.3065
v 616.9111 469.5916 142.6989
v 594.8678 467.1411 104.6977
v 592.9493 412.6767 109.3065
v 592.9493 412.6767 109.3065
v 594.8678 467.1411 104.6977
v 614.8804 408.7279 71.3667
v 594.8678 467.1411 104.6977
v 616.7972 463.1400 66.7623
v 614.8804 408.7279 71.3667
v 614.8804 408.7279 71.3667
v 616.7972 463.1400 66.7623
v 658.8538 407.1976 71.4307
v 616.7972 463.1400 66.7623
v 660.7698 461.5894 66.8281
v 658.8538 407.1976 71.4307
v 658.8538 407.1976 71.4307
v 660.7698 461.5894 66.8281
v 680.8959 409.6160 109.4346
v 660.7698 461.5894 66.8281
v 682.8130 464.0399 104.8292
v 680.8959 409.6160 109.4346
v 682.8130 464.0399 104.8292
v 684.7344 518.4983 100.2138
v 660.8837 468.0410 142.7646
v 684.7344 518.4983 100.2138
v 662.8036 522.4596 138.1525
v 660.8837 468.0410 142.7646
v 660.8837 468.0410 142.7646
v 662.8036 522.4596 138.1525
v 616.9111 469.5916 142.6989
v 662.8036 522.4596 138.1525
v 618.8305 523.9948 138.0880
v 616.9111 469.5916 142.6989
v 616.9111 469.5916 142.6989
v 618.8305 523.9948 138.0880
v 594.8678 467.1411 104.6977
v 618.8305 523.9948 138.0880
v 596.7881 521.5687 100.0848
v 594.8678 467.1411 104.6977
v 594.8678 467.1411 104.6977
v 596.7881 521.5687 100.0848
v 616.7972 463.1400 66.7623
v 596.7881 521.5687 100.0848
v 618.7188 517.6073 62.1460
v 616.7972 463.1400 66.7623
v 616.7972 463.1400 66.7623
v 618.7188 517.6073 62.1460
v 660.7698 461.5894 66.8281
v 618.7188 517.6073 62.1460
v 662.6920 516.0721 62.2105
v 660.7698 461.5894 66.8281
v 660.7698 461.5894 66.8281
v 662.6920 516.0721 62.2105
v 682.8130 464.0399 104.8292
v 662.6920 516.0721 62.2105
v 684.7344 518.4983 100.2138
v 682.8130 464.0399 104.8292
v 684.7344 518.4983 100.2138
v 686.6149 573.0057 95.6965
v 662.8036 522.4596 138.1525
v 686.6149 573.0057 95.6965
v 664.6794 576.8292 133.6467
v 662.8036 522.4596 138.1525
v 662.8036 522.4596 138.1525
v 664.6794 576.8292 133.6467
v 618.8305 523.9948 138.0880
v 664.6794 576.8292 133.6467
v 620.7044 578.3109 133.5866
v 618.8305 523.9948 138.0880
v 618.8305 523.9948 138.0880
v 620.7044 578.3109 133.5866
v 596.7881 521.5687 100.0848
v 620.7044 578.3109 133.5866
v 598.6649 575.9692 95.5764
v 596.7881 521.5687 100.0848
v 596.7881 521.5687 100.0848
v 598.6649 575.9692 95.5764
v 618.7188 517.6073 62.1460
v 598.6649 575.9692 95.5764
v 620.6004 572.1458 57.6262
v 618.7188 517.6073 62.1460
v 618.7188 517.6073 62.1460
v 620.6004 572.1458 57.6262
v 662.6920 516.0721 62.2105
v 620.6004 572.1458 57.6262
v 664.5754 570.6640 57.6863
v 662.6920 516.0721 62.2105
v 662.6920 516.0721 62.2105
v 664.5754 570.6640 57.6863
v 684.7344 518.4983 100.2138
v 664.5754 570.6640 57.6863
v 686.6149 573.0057 95.6965
v 684.7344 518.4983 100.2138
v 686.6149 573.0057 95.6965
v 688.4024 627.5789 91.4024
v 664.6794 576.8292 133.6467
v 688.4024 627.5789 91.4024
v 666.4585 631.1432 129.3729
v 664.6794 576.8292 133.6467
v 664.6794 576.8292 133.6467
v 666.4585 631.1432 129.3729
v 620.7044 578.3109 133.5866
v 666.4585 631.1432 129.3729
v 622.4802 632.5245 129.3208
v 620.7044 578.3109 133.5866
v 620.7044 578.3109 133.5866
v 622.4802 632.5245 129.3208
v 598.6649 575.9692 95.5764
v 622.4802 632.5245 129.3208
v 600.4459 630.3415 91.2981
v 598.6649 575.9692 95.5764
v 598.6649 575.9692 95.5764
v 600.4459 630.3415 91.2981
v 620.6004 572.1458 57.6262
v 600.4459 630.3415 91.2981
v 622.3898 626.7772 53.3276
v 620.6004 572.1458 57.6262
v 620.6004 572.1458 57.6262
v 622.3898 626.7772 53.3276
v 664.5754 570.6640 57.6863
v 622.3898 626.7772 53.3276
v 666.3681 625.3959 53.3798
v 664.5754 570.6640 57.6863
v 664.5754 570.6640 57.6863
v 666.3681 625.3959 53.3798
v 686.6149 573.0057 95.6965
v 666.3681 625.3959 53.3798
v 688.4024 627.5789 91.4024
v 686.6149 573.0057 95.6965
v 630.0000 145.4998 422.0000
v 630.2808 196.0462 422.2148
v 591.8949 145.5001 400.0000
v 630.2808 196.0462 422.2148
v 592.1780 196.5561 400.2166
v 591.8949 145.5001 400.0000
v 591.8949 145.5001 400.0000
v 592.1780 196.5561 400.2166
v 591.8949 145.5003 356.0000
v 592.1780 196.5561 400.2166
v 592.1795 196.8684 356.2177
v 591.8949 145.5003 356.0000
v 591.8949 145.5003 356.0000
v 592.1795 196.8684 356.2177
v 630.0000 145.5002 334.0000
v 592.1795 196.8684 356.2177
v 630.2837 196.6710 334.2170
v 630.0000 145.5002 334.0000
v 630.0000 145.5002 334.0000
v 630.2837 196.6710 334.2170
v 668.1051 145.4999 356.0000
v 630.2837 196.6710 334.2170
v 668.3865 196.1611 356.2152
v 668.1051 145.4999 356.0000
v 668.1051 145.4999 356.0000
v 668.3865 196.1611 356.2152
v 668.1051 145.4997 400.0000
v 668.3865 196.1611 356.2152
v 668.3850 195.8487 400.2141
v 668.1051 145.4997 400.0000
v 668.1051 145.4997 400.0000
v 668.3850 195.8487 400.2141
v 630.0000 145.4998 422.0000
v 668.3850 195.8487 400.2141
v 630.2808 196.0462 422.2148
v 630.0000 145.4998 422.0000
v 630.2808 196.0462 422.2148
v 630.7200 247.0224 422.5508
v 592.1780 196.5561 400.2166
v 630.7200 247.0224 422.5508
v 592.6158 247.3369 400.5514
v 592.1780 196.5561 400.2166
v 592.1780 196.5561 400.2166
v 592.6158 247.3369 400.5514
v 592.1795 196.8684 356.2177
v 592.6158 247.3369 400.5514
v 592.6163 247.5295 356.5518
v 592.1795 196.8684 356.2177
v 592.1795 196.8684 356.2177
v 592.6163 247.5295 356.5518
v 630.2837 196.6710 334.2170
v 592.6163 247.5295 356.5518
v 630.7211 247.4077 334.5516
v 630.2837 196.6710 334.2170
v 630.2837 196.6710 334.2170
v 630.7211 247.4077 334.5516
v 668.3865 196.1611 356.2152
v 630.7211 247.4077 334.5516
v 668.8253 247.0933 356.5509
v 668.3865 196.1611 356.2152
v 668.3865 196.1611 356.2152
v 668.8253 247.0933 356.5509
v 668.3850 195.8487 400.2141
v 668.8253 247.0933 356.5509
v 668.8248 246.9006 400.5505
v 668.3850 195.8487 400.2141
v 668.3850 195.8487 400.2141
v 668.8248 246.9006 400.5505
v 630.2808 196.0462 422.2148
v 668.8248 246.9006 400.5505
v 630.7200 247.0224 422.5508
v 630.2808 196.0462 422.2148
v 630.7200 247.0224 422.5508
v 630.6843 298.3517 422.5234
v 592.6158 247.3369 400.5514
v 630.6843 298.3517 422.5234
v 592.5810 297.8997 400.5248
v 592.6158 247.3369 400.5514
v 592.6158 247.3369 400.5514
v 592.5810 297.8997 400.5248
v 592.6163 247.5295 356.5518
v 592.5810 297.8997 400.5248
v 592.5821 297.6228 356.5257
v 592.6163 247.5295 356.5518
v 592.6163 247.5295 356.5518
v 592.5821 297.6228 356.5257
v 630.7211 247.4077 334.5516
v 592.5821 297.6228 356.5257
v 630.6865 297.7978 334.5251
v 630.7211 247.4077 334.5516
v 630.7211 247.4077 334.5516
v 630.6865 297.7978 334.5251
v 668.8253 247.0933 356.5509
v 630.6865 297.7978 334.5251
v 668.7898 298.2498 356.5237
v 668.8253 247.0933 356.5509
v 668.8253 247.0933 356.5509
v 668.7898 298.2498 356.5237
v 668.8248 246.9006 400.5505
v 668.7898 298.2498 356.5237
v 668.7886 298.5267 400.5229
v 668.8248 246.9006 400.5505
v 668.8248 246.9006 400.5505
v 668.7886 298.5267 400.5229
v 630.7200 247.0224 422.5508
v 668.7886 298.5267 400.5229
v 630.6843 298.3517 422.5234
v 630.7200 247.0224 422.5508
v 630.6843 298.3517 422.5234
v 629.8221 349.7715 421.8639
v 592.5810 297.8997 400.5248
v 629.8221 349.7715 421.8639
v 591.7344 348.3851 399.8773
v 592.5810 297.8997 400.5248
v 592.5810 297.8997 400.5248
v 591.7344 348.3851 399.8773
v 592.5821 297.6228 356.5257
v 591.7344 348.3851 399.8773
v 591.7452 347.5357 355.8855
v 592.5821 297.6228 356.5257
v 592.5821 297.6228 356.5257
v 591.7452 347.5357 355.8855
v 630.6865 297.7978 334.5251
v 591.7452 347.5357 355.8855
v 629.8435 348.0726 333.8803
v 630.6865 297.7978 334.5251
v 630.6865 297.7978 334.5251
v 629.8435 348.0726 333.8803
v 668.7898 298.2498 356.5237
v 629.8435 348.0726 333.8803
v 667.9312 349.4590 355.8669
v 668.7898 298.2498 356.5237
v 668.7898 298.2498 356.5237
v 667.9312 349.4590 355.8669
v 668.7886 298.5267 400.5229
v 667.9312 349.4590 355.8669
v 667.9204 350.3084 399.8587
v 668.7886 298.5267 400.5229
v 668.7886 298.5267 400.5229
v 667.9204 350.3084 399.8587
v 630.6843 298.3517 422.5234
v 667.9204 350.3084 399.8587
v 629.8221 349.7715 421.8639
v 630.6843 298.3517 422.5234
v 629.8221 349.7715 421.8639
v 628.1956 400.9910 420.6197
v 591.7344 348.3851 399.8773
v 628.1956 400.9910 420.6197
v 590.1284 398.9506 398.6487
v 591.7344 348.3851 399.8773
v 591.7344 348.3851 399.8773
v 590.1284 398.9506 398.6487
v 591.7452 347.5357 355.8855
v 590.1284 398.9506 398.6487
v 590.1516 397.7004 354.6665
v 591.7452 347.5357 355.8855
v 591.7452 347.5357 355.8855
v 590.1516 397.7004 354.6665
v 629.8435 348.0726 333.8803
v 590.1516 397.7004 354.6665
v 628.2420 398.4907 332.6552
v 629.8435 348.0726 333.8803
v 629.8435 348.0726 333.8803
v 628.2420 398.4907 332.6552
v 667.9312 349.4590 355.8669
v 628.2420 398.4907 332.6552
v 666.3092 400.5312 354.6262
v 667.9312 349.4590 355.8669
v 667.9312 349.4590 355.8669
v 666.3092 400.5312 354.6262
v 667.9204 350.3084 399.8587
v 666.3092 400.5312 354.6262
v 666.2860 401.7813 398.6085
v 667.9204 350.3084 399.8587
v 667.9204 350.3084 399.8587
v 666.2860 401.7813 398.6085
v 629.8221 349.7715 421.8639
v 666.2860 401.7813 398.6085
v 628.1956 400.9910 420.6197
v 629.8221 349.7715 421.8639
v 628.1956 400.9910 420.6197
v 626.1016 452.0220 419.0179
v 590.1284 398.9506 398.6487
v 626.1016 452.0220 419.0179
v 588.0503 449.5920 397.0591
v 590.1284 398.9506 398.6487
v 590.1284 398.9506 398.6487
v 588.0503 449.5920 397.0591
v 590.1516 397.7004 354.6665
v 588.0503 449.5920 397.0591
v 588.0833 448.1031 353.0843
v 590.1516 397.7004 354.6665
v 590.1516 397.7004 354.6665
v 588.0833 448.1031 353.0843
v 628.2420 398.4907 332.6552
v 588.0833 448.1031 353.0843
v 626.1675 449.0443 331.0684
v 628.2420 398.4907 332.6552
v 628.2420 398.4907 332.6552
v 626.1675 449.0443 331.0684
v 666.3092 400.5312 354.6262
v 626.1675 449.0443 331.0684
v 664.2189 451.4744 353.0272
v 666.3092 400.5312 354.6262
v 666.3092 400.5312 354.6262
v 664.2189 451.4744 353.0272
v 666.2860 401.7813 398.6085
v 664.2189 451.4744 353.0272
v 664.1859 452.9632 397.0020
v 666.2860 401.7813 398.6085
v 666.2860 401.7813 398.6085
v 664.1859 452.9632 397.0020
v 628.1956 400.9910 420.6197
v 664.1859 452.9632 397.0020
v 626.1016 452.0220 419.0179
v 628.1956 400.9910 420.6197
v 626.1016 452.0220 419.0179
v 623.7261 502.9391 417.2008
v 588.0503 449.5920 397.0591
v 623.7261 502.9391 417.2008
v 585.6858 500.2723 395.2504
v 588.0503 449.5920 397.0591
v 588.0503 449.5920 397.0591
v 585.6858 500.2723 395.2504
v 588.0833 448.1031 353.0843
v 585.6858 500.2723 395.2504
v 585.7255 498.6384 351.2807
v 588.0833 448.1031 353.0843
v 588.0833 448.1031 353.0843
v 585.7255 498.6384 351.2807
v 626.1675 449.0443 331.0684
v 585.7255 498.6384 351.2807
v 623.8055 499.6713 329.2615
v 626.1675 449.0443 331.0684
v 626.1675 449.0443 331.0684
v 623.8055 499.6713 329.2615
v 664.2189 451.4744 353.0272
v 623.8055 499.6713 329.2615
v 661.8458 502.3380 351.2120
v 664.2189 451.4744 353.0272
v 664.2189 451.4744 353.0272
v 661.8458 502.3380 351.2120
v 664.1859 452.9632 397.0020
v 661.8458 502.3380 351.2120
v 661.8062 503.9719 395.1816
v 664.1859 452.9632 397.0020
v 664.1859 452.9632 397.0020
v 661.8062 503.9719 395.1816
v 626.1016 452.0220 419.0179
v 661.8062 503.9719 395.1816
v 623.7261 502.9391 417.2008
v 626.1016 452.0220 419.0179
v 623.7261 502.9391 417.2008
v 621.1848 553.7807 415.2568
v 585.6858 500.2723 395.2504
v 621.1848 553.7807 415.2568
v 583.1510 550.9814 393.3114
v 585.6858 500.2723 395.2504
v 585.6858 500.2723 395.2504
v 583.1510 550.9814 393.3114
v 585.7255 498.6384 351.2807
v 583.1510 550.9814 393.3114
v 583.1948 549.2662 349.3449
v 585.7255 498.6384 351.2807
v 585.7255 498.6384 351.2807
v 583.1948 549.2662 349.3449
v 623.8055 499.6713 329.2615
v 583.1948 549.2662 349.3449
v 621.2722 550.3505 327.3237
v 623.8055 499.6713 329.2615
v 623.8055 499.6713 329.2615
v 621.2722 550.3505 327.3237
v 661.8458 502.3380 351.2120
v 621.2722 550.3505 327.3237
v 659.3060 553.1498 349.2691
v 661.8458 502.3380 351.2120
v 661.8458 502.3380 351.2120
v 659.3060 553.1498 349.2691
v 661.8062 503.9719 395.1816
v 659.3060 553.1498 349.2691
v 659.2622 554.8649 393.2357
v 661.8062 503.9719 395.1816
v 661.8062 503.9719 395.1816
v 659.2622 554.8649 393.2357
v 623.7261 502.9391 417.2008
v 659.2622 554.8649 393.2357
v 621.1848 553.7807 415.2568
v 623.7261 502.9391 417.2008
v 621.1848 553.7807 415.2568
v 618.5621 604.5645 413.2506
v 583.1510 550.9814 393.3114
v 618.5621 604.5645 413.2506
v 580.5310 601.7145 391.3073
v 583.1510 550.9814 393.3114
v 583.1510 550.9814 393.3114
v 580.5310 601.7145 391.3073
v 583.1948 549.2662 349.3449
v 580.5310 601.7145 391.3073
v 580.5764 599.9684 347.3419
v 583.1948 549.2662 349.3449
v 583.1948 549.2662 349.3449
v 580.5764 599.9684 347.3419
v 621.2722 550.3505 327.3237
v 580.5764 599.9684 347.3419
v 618.6528 601.0723 325.3200
v 621.2722 550.3505 327.3237
v 621.2722 550.3505 327.3237
v 618.6528 601.0723 325.3200
v 659.3060 553.1498 349.2691
v 618.6528 601.0723 325.3200
v 656.6840 603.9221 347.2634
v 659.3060 553.1498 349.2691
v 659.3060 553.1498 349.2691
v 656.6840 603.9221 347.2634
v 659.2622 554.8649 393.2357
v 656.6840 603.9221 347.2634
v 656.6386 605.6682 391.2287
v 659.2622 554.8649 393.2357
v 659.2622 554.8649 393.2357
v 656.6386 605.6682 391.2287
v 621.1848 553.7807 415.2568
v 656.6386 605.6682 391.2287
v 618.5621 604.5645 413.2506
v 621.1848 553.7807 415.2568
v 618.5621 604.5645 413.2506
v 615.9297 655.3021 411.2370
v 580.5310 601.7145 391.3073
v 615.9297 655.3021 411.2370
v 577.8973 652.4762 389.2926
v 580.5310 601.7145 391.3073
v 580.5310 601.7145 391.3073
v 577.8973 652.4762 389.2926
v 580.5764 599.9684 347.3419
v 577.8973 652.4762 389.2926
v 577.9420 650.7448 345.3268
v 580.5764 599.9684 347.3419
v 580.5764 599.9684 347.3419
v 577.9420 650.7448 345.3268
v 618.6528 601.0723 325.3200
v 577.9420 650.7448 345.3268
v 616.0189 651.8393 323.3052
v 618.6528 601.0723 325.3200
v 618.6528 601.0723 325.3200
v 616.0189 651.8393 323.3052
v 656.6840 603.9221 347.2634
v 616.0189 651.8393 323.3052
v 654.0512 654.6652 345.2495
v 656.6840 603.9221 347.2634
v 656.6840 603.9221 347.2634
v 654.0512 654.6652 345.2495
v 656.6386 605.6682 391.2287
v 654.0512 654.6652 345.2495
v 654.0067 656.3966 389.2154
v 656.6386 605.6682 391.2287
v 656.6386 605.6682 391.2287
v 654.0067 656.3966 389.2154
v 618.5621 604.5645 413.2506
v 654.0067 656.3966 389.2154
v 615.9297 655.3021 411.2370
v 618.5621 604.5645 413.2506
v 615.9297 655.3021 411.2370
v 613.3573 705.9960 409.2692
v 577.8973 652.4762 389.2926
v 613.3573 705.9960 409.2692
v 575.3198 703.2721 387.3209
v 577.8973 652.4762 389.2926
v 577.8973 652.4762 389.2926
v 575.3198 703.2721 387.3209
v 577.9420 650.7448 345.3268
v 575.3198 703.2721 387.3209
v 575.3612 701.6031 343.3526
v 577.9420 650.7448 345.3268
v 577.9420 650.7448 345.3268
v 575.3612 701.6031 343.3526
v 616.0189 651.8393 323.3052
v 575.3612 701.6031 343.3526
v 613.4401 702.6581 321.3326
v 616.0189 651.8393 323.3052
v 616.0189 651.8393 323.3052
v 613.4401 702.6581 321.3326
v 654.0512 654.6652 345.2495
v 613.4401 702.6581 321.3326
v 651.4777 705.3821 343.2809
v 654.0512 654.6652 345.2495
v 654.0512 654.6652 345.2495
v 651.4777 705.3821 343.2809
v 654.0067 656.3966 389.2154
v 651.4777 705.3821 343.2809
v 651.4362 707.0511 387.2492
v 654.0067 656.3966 389.2154
v 654.0067 656.3966 389.2154
v 651.4362 707.0511 387.2492
v 615.9297 655.3021 411.2370
v 651.4362 707.0511 387.2492
v 613.3573 705.9960 409.2692
v 615.9297 655.3021 411.2370
v 613.3573 705.9960 409.2692
v 610.9236 756.6429 407.4076
v 575.3198 703.2721 387.3209
v 610.9236 756.6429 407.4076
v 572.8767 754.1149 385.4521
v 575.3198 703.2721 387.3209
v 575.3198 703.2721 387.3209
v 572.8767 754.1149 385.4521
v 575.3612 701.6031 343.3526
v 572.8767 754.1149 385.4521
v 572.9124 752.5660 341.4794
v 575.3612 701.6031 343.3526
v 575.3612 701.6031 343.3526
v 572.9124 752.5660 341.4794
v 613.4401 702.6581 321.3326
v 572.9124 752.5660 341.4794
v 610.9949 753.5451 319.4622
v 613.4401 702.6581 321.3326
v 613.4401 702.6581 321.3326
v 610.9949 753.5451 319.4622
v 651.4777 705.3821 343.2809
v 610.9949 753.5451 319.4622
v 649.0418 756.0731 341.4176
v 651.4777 705.3821 343.2809
v 651.4777 705.3821 343.2809
v 649.0418 756.0731 341.4176
v 651.4362 707.0511 387.2492
v 649.0418 756.0731 341.4176
v 649.0062 757.6220 385.3903
v 651.4362 707.0511 387.2492
v 651.4362 707.0511 387.2492
v 649.0062 757.6220 385.3903
v 613.3573 705.9960 409.2692
v 649.0062 757.6220 385.3903
v 610.9236 756.6429 407.4076
v 613.3573 705.9960 409.2692
v 630.0000 316.5003 674.0000
v 630.4957 363.6399 673.7322
v 591.8949 316.5005 652.0000
v 630.4957 363.6399 673.7322
v 592.3948 364.1116 651.7299
v 591.8949 316.5005 652.0000
v 591.8949 316.5005 652.0000
v 592.3948 364.1116 651.7299
v 591.8949 316.5003 608.0000
v 592.3948 364.1116 651.7299
v 592.3909 363.6838 607.7320
v 591.8949 316.5003 608.0000
v 591.8949 316.5003 608.0000
v 592.3909 363.6838 607.7320
v 630.0000 316.4997 586.0000
v 592.3909 363.6838 607.7320
v 630.4880 362.7844 585.7363
v 630.0000 316.4997 586.0000
v 630.0000 316.4997 586.0000
v 630.4880 362.7844 585.7363
v 668.1051 316.4995 608.0000
v 630.4880 362.7844 585.7363
v 668.5889 362.3127 607.7386
v 668.1051 316.4995 608.0000
v 668.1051 316.4995 608.0000
v 668.5889 362.3127 607.7386
v 668.1051 316.4997 652.0000
v 668.5889 362.3127 607.7386
v 668.5927 362.7404 651.7366
v 668.1051 316.4997 652.0000
v 668.1051 316.4997 652.0000
v 668.5927 362.7404 651.7366
v 630.0000 316.5003 674.0000
v 668.5927 362.7404 651.7366
v 630.4957 363.6399 673.7322
v 630.0000 316.5003 674.0000
v 630.4957 363.6399 673.7322
v 631.3472 410.2684 673.2722
v 592.3948 364.1116 651.7299
v 631.3472 410.2684 673.2722
v 593.2449 410.6552 651.2706
v 592.3948 364.1116 651.7299
v 592.3948 364.1116 651.7299
v 593.2449 410.6552 651.2706
v 592.3909 363.6838 607.7320
v 593.2449 410.6552 651.2706
v 593.2423 410.3044 607.2720
v 592.3909 363.6838 607.7320
v 592.3909 363.6838 607.7320
v 593.2423 410.3044 607.2720
v 630.4880 362.7844 585.7363
v 593.2423 410.3044 607.2720
v 631.3420 409.5669 585.2749
v 630.4880 362.7844 585.7363
v 630.4880 362.7844 585.7363
v 631.3420 409.5669 585.2749
v 668.5889 362.3127 607.7386
v 631.3420 409.5669 585.2749
v 669.4442 409.1800 607.2765
v 668.5889 362.3127 607.7386
v 668.5889 362.3127 607.7386
v 669.4442 409.1800 607.2765
v 668.5927 362.7404 651.7366
v 669.4442 409.1800 607.2765
v 669.4468 409.5308 651.2751
v 668.5927 362.7404 651.7366
v 668.5927 362.7404 651.7366
v 669.4468 409.5308 651.2751
v 630.4957 363.6399 673.7322
v 669.4468 409.5308 651.2751
v 631.3472 410.2684 673.2722
v 630.4957 363.6399 673.7322
v 631.3472 410.2684 673.2722
v 631.5608 456.4384 673.1567
v 593.2449 410.6552 651.2706
v 631.5608 456.4384 673.1567
v 593.4565 456.2258 651.1562
v 593.2449 410.6552 651.2706
v 593.2449 410.6552 651.2706
v 593.4565 456.2258 651.1562
v 593.2423 410.3044 607.2720
v 593.4565 456.2258 651.1562
v 593.4557 456.4186 607.1566
v 593.2423 410.3044 607.2720
v 593.2423 410.3044 607.2720
v 593.4557 456.4186 607.1566
v 631.3420 409.5669 585.2749
v 593.4557 456.4186 607.1566
v 631.5593 456.8240 585.1575
v 631.3420 409.5669 585.2749
v 631.3420 409.5669 585.2749
v 631.5593 456.8240 585.1575
v 669.4442 409.1800 607.2765
v 631.5593 456.8240 585.1575
v 669.6635 457.0366 607.1580
v 669.4442 409.1800 607.2765
v 669.4442 409.1800 607.2765
v 669.6635 457.0366 607.1580
v 669.4468 409.5308 651.2751
v 669.6635 457.0366 607.1580
v 669.6643 456.8438 651.1576
v 669.4468 409.5308 651.2751
v 669.4468 409.5308 651.2751
v 669.6643 456.8438 651.1576
v 631.3472 410.2684 673.2722
v 669.6643 456.8438 651.1576
v 631.5608 456.4384 673.1567
v 631.3472 410.2684 673.2722
v 631.5608 456.4384 673.1567
v 630.4517 502.3521 673.7559
v 593.4565 456.2258 651.1562
v 630.4517 502.3521 673.7559
v 592.3686 501.2774 651.7440
v 593.4565 456.2258 651.1562
v 593.4565 456.2258 651.1562
v 592.3686 501.2774 651.7440
v 593.4557 456.4186 607.1566
v 592.3686 501.2774 651.7440
v 592.3486 502.2519 607.7548
v 593.4557 456.4186 607.1566
v 593.4557 456.4186 607.1566
v 592.3486 502.2519 607.7548
v 631.5593 456.8240 585.1575
v 592.3486 502.2519 607.7548
v 630.4117 504.3011 585.7775
v 631.5593 456.8240 585.1575
v 631.5593 456.8240 585.1575
v 630.4117 504.3011 585.7775
v 669.6635 457.0366 607.1580
v 630.4117 504.3011 585.7775
v 668.4948 505.3758 607.7894
v 669.6635 457.0366 607.1580
v 669.6635 457.0366 607.1580
v 668.4948 505.3758 607.7894
v 669.6643 456.8438 651.1576
v 668.4948 505.3758 607.7894
v 668.5148 504.4013 651.7786
v 669.6643 456.8438 651.1576
v 669.6643 456.8438 651.1576
v 668.5148 504.4013 651.7786
v 631.5608 456.4384 673.1567
v 668.5148 504.4013 651.7786
v 630.4517 502.3521 673.7559
v 631.5608 456.4384 673.1567
v 630.4517 502.3521 673.7559
v 627.8348 548.2670 675.1699
v 592.3686 501.2774 651.7440
v 627.8348 548.2670 675.1699
v 589.7949 546.4199 653.1346
v 592.3686 501.2774 651.7440
v 592.3686 501.2774 651.7440
v 589.7949 546.4199 653.1346
v 592.3486 502.2519 607.7548
v 589.7949 546.4199 653.1346
v 589.7358 548.0948 609.1666
v 592.3486 502.2519 607.7548
v 592.3486 502.2519 607.7548
v 589.7358 548.0948 609.1666
v 630.4117 504.3011 585.7775
v 589.7358 548.0948 609.1666
v 627.7167 551.6167 587.2337
v 630.4117 504.3011 585.7775
v 630.4117 504.3011 585.7775
v 627.7167 551.6167 587.2337
v 668.4948 505.3758 607.7894
v 627.7167 551.6167 587.2337
v 665.7567 553.4637 609.2689
v 668.4948 505.3758 607.7894
v 668.4948 505.3758 607.7894
v 665.7567 553.4637 609.2689
v 668.5148 504.4013 651.7786
v 665.7567 553.4637 609.2689
v 665.8157 551.7889 653.2370
v 668.5148 504.4013 651.7786
v 668.5148 504.4013 651.7786
v 665.8157 551.7889 653.2370
v 630.4517 502.3521 673.7559
v 665.8157 551.7889 653.2370
v 627.8348 548.2670 675.1699
v 630.4517 502.3521 673.7559
v 627.8348 548.2670 675.1699
v 624.1219 594.3589 677.1760
v 589.7949 546.4199 653.1346
v 624.1219 594.3589 677.1760
v 586.1198 592.0377 655.1203
v 589.7949 546.4199 653.1346
v 589.7949 546.4199 653.1346
v 586.1198 592.0377 655.1203
v 589.7358 548.0948 609.1666
v 586.1198 592.0377 655.1203
v 586.0264 594.1425 611.1708
v 589.7358 548.0948 609.1666
v 589.7358 548.0948 609.1666
v 586.0264 594.1425 611.1708
v 627.7167 551.6167 587.2337
v 586.0264 594.1425 611.1708
v 623.9351 598.5685 589.2769
v 627.7167 551.6167 587.2337
v 627.7167 551.6167 587.2337
v 623.9351 598.5685 589.2769
v 665.7567 553.4637 609.2689
v 623.9351 598.5685 589.2769
v 661.9371 600.8898 611.3326
v 665.7567 553.4637 609.2689
v 665.7567 553.4637 609.2689
v 661.9371 600.8898 611.3326
v 665.8157 551.7889 653.2370
v 661.9371 600.8898 611.3326
v 662.0306 598.7850 655.2821
v 665.8157 551.7889 653.2370
v 665.8157 551.7889 653.2370
v 662.0306 598.7850 655.2821
v 627.8348 548.2670 675.1699
v 662.0306 598.7850 655.2821
v 624.1219 594.3589 677.1760
v 627.8348 548.2670 675.1699
v 624.1219 594.3589 677.1760
v 619.7288 640.5395 679.5496
v 586.1198 592.0377 655.1203
v 619.7288 640.5395 679.5496
v 581.7543 637.9258 657.4790
v 586.1198 592.0377 655.1203
v 586.1198 592.0377 655.1203
v 581.7543 637.9258 657.4790
v 586.0264 594.1425 611.1708
v 581.7543 637.9258 657.4790
v 581.6358 640.2958 613.5430
v 586.0264 594.1425 611.1708
v 586.0264 594.1425 611.1708
v 581.6358 640.2958 613.5430
v 623.9351 598.5685 589.2769
v 581.6358 640.2958 613.5430
v 619.4918 645.2795 591.6777
v 623.9351 598.5685 589.2769
v 623.9351 598.5685 589.2769
v 619.4918 645.2795 591.6777
v 661.9371 600.8898 611.3326
v 619.4918 645.2795 591.6777
v 657.4661 647.8932 613.7483
v 661.9371 600.8898 611.3326
v 661.9371 600.8898 611.3326
v 657.4661 647.8932 613.7483
v 662.0306 598.7850 655.2821
v 657.4661 647.8932 613.7483
v 657.5847 645.5232 657.6843
v 662.0306 598.7850 655.2821
v 662.0306 598.7850 655.2821
v 657.5847 645.5232 657.6843
v 624.1219 594.3589 677.1760
v 657.5847 645.5232 657.6843
v 619.7288 640.5395 679.5496
v 624.1219 594.3589 677.1760
v 619.7288 640.5395 679.5496
v 614.9217 686.7800 682.1469
v 581.7543 637.9258 657.4790
v 614.9217 686.7800 682.1469
v 576.9647 683.9980 660.0669
v 581.7543 637.9258 657.4790
v 581.7543 637.9258 657.4790
v 576.9647 683.9980 660.0669
v 581.6358 640.2958 613.5430
v 576.9647 683.9980 660.0669
v 576.8304 686.5206 616.1395
v 581.6358 640.2958 613.5430
v 581.6358 640.2958 613.5430
v 576.8304 686.5206 616.1395
v 619.4918 645.2795 591.6777
v 576.8304 686.5206 616.1395
v 614.6531 691.8251 594.2921
v 619.4918 645.2795 591.6777
v 619.4918 645.2795 591.6777
v 614.6531 691.8251 594.2921
v 657.4661 647.8932 613.7483
v 614.6531 691.8251 594.2921
v 652.6100 694.6070 616.3721
v 657.4661 647.8932 613.7483
v 657.4661 647.8932 613.7483
v 652.6100 694.6070 616.3721
v 657.5847 645.5232 657.6843
v 652.6100 694.6070 616.3721
v 652.7444 692.0845 660.2996
v 657.5847 645.5232 657.6843
v 657.5847 645.5232 657.6843
v 652.7444 692.0845 660.2996
v 619.7288 640.5395 679.5496
v 652.7444 692.0845 660.2996
v 614.9217 686.7800 682.1469
v 619.7288 640.5395 679.5496
v 614.9217 686.7800 682.1469
v 609.8951 733.0806 684.8628
v 576.9647 683.9980 660.0669
v 609.8951 733.0806 684.8628
v 571.9459 730.2277 662.7786
v 576.9647 683.9980 660.0669
v 576.9647 683.9980 660.0669
v 571.9459 730.2277 662.7786
v 576.8304 686.5206 616.1395
v 571.9459 730.2277 662.7786
v 571.8046 732.8146 618.8550
v 576.8304 686.5206 616.1395
v 576.8304 686.5206 616.1395
v 571.8046 732.8146 618.8550
v 614.6531 691.8251 594.2921
v 571.8046 732.8146 618.8550
v 609.6126 738.2545 597.0155
v 614.6531 691.8251 594.2921
v 614.6531 691.8251 594.2921
v 609.6126 738.2545 597.0155
v 652.6100 694.6070 616.3721
v 609.6126 738.2545 597.0155
v 647.5619 741.1074 619.0997
v 652.6100 694.6070 616.3721
v 652.6100 694.6070 616.3721
v 647.5619 741.1074 619.0997
v 652.7444 692.0845 660.2996
v 647.5619 741.1074 619.0997
v 647.7032 738.5204 663.0233
v 652.7444 692.0845 660.2996
v 652.7444 692.0845 660.2996
v 647.7032 738.5204 663.0233
v 614.9217 686.7800 682.1469
v 647.7032 738.5204 663.0233
v 609.8951 733.0806 684.8628
v 614.9217 686.7800 682.1469
v 609.8951 733.0806 684.8628
v 604.8118 779.4531 687.6094
v 571.9459 730.2277 662.7786
v 604.8118 779.4531 687.6094
v 566.8607 776.6163 665.5262
v 571.9459 730.2277 662.7786
v 571.9459 730.2277 662.7786
v 566.8607 776.6163 665.5262
v 571.8046 732.8146 618.8550
v 566.8607 776.6163 665.5262
v 566.7210 779.1885 621.6016
v 571.8046 732.8146 618.8550
v 571.8046 732.8146 618.8550
v 566.7210 779.1885 621.6016
v 609.6126 738.2545 597.0155
v 566.7210 779.1885 621.6016
v 604.5323 784.5977 599.7604
v 609.6126 738.2545 597.0155
v 609.6126 738.2545 597.0155
v 604.5323 784.5977 599.7604
v 647.5619 741.1074 619.0997
v 604.5323 784.5977 599.7604
v 642.4835 787.4344 621.8436
v 647.5619 741.1074 619.0997
v 647.5619 741.1074 619.0997
v 642.4835 787.4344 621.8436
v 647.7032 738.5204 663.0233
v 642.4835 787.4344 621.8436
v 642.6231 784.8622 665.7681
v 647.7032 738.5204 663.0233
v 647.7032 738.5204 663.0233
v 642.6231 784.8622 665.7681
v 609.8951 733.0806 684.8628
v 642.6231 784.8622 665.7681
v 604.8118 779.4531 687.6094
v 609.8951 733.0806 684.8628
v 604.8118 779.4531 687.6094
v 599.8267 825.9220 690.3029
v 566.8607 776.6163 665.5262
v 599.8267 825.9220 690.3029
v 561.8643 823.1906 668.2257
v 566.8607 776.6163 665.5262
v 566.8607 776.6163 665.5262
v 561.8643 823.1906 668.2257
v 566.7210 779.1885 621.6016
v 561.8643 823.1906 668.2257
v 561.7349 825.6673 624.2957
v 566.7210 779.1885 621.6016
v 566.7210 779.1885 621.6016
v 561.7349 825.6673 624.2957
v 604.5323 784.5977 599.7604
v 561.7349 825.6673 624.2957
v 599.5677 830.8754 602.4427
v 604.5323 784.5977 599.7604
v 604.5323 784.5977 599.7604
v 599.5677 830.8754 602.4427
v 642.4835 787.4344 621.8436
v 599.5677 830.8754 602.4427
v 637.5301 833.6068 624.5199
v 642.4835 787.4344 621.8436
v 642.4835 787.4344 621.8436
v 637.5301 833.6068 624.5199
v 642.6231 784.8622 665.7681
v 637.5301 833.6068 624.5199
v 637.6595 831.1301 668.4500
v 642.6231 784.8622 665.7681
v 642.6231 784.8622 665.7681
v 637.6595 831.1301 668.4500
v 604.8118 779.4531 687.6094
v 637.6595 831.1301 668.4500
v 599.8267 825.9220 690.3029
v 604.8118 779.4531 687.6094
v 599.8267 825.9220 690.3029
v 595.1106 872.5216 692.8510
v 561.8643 823.1906 668.2257
v 595.1106 872.5216 692.8510
v 557.1271 870.0004 670.7853
v 561.8643 823.1906 668.2257
v 561.8643 823.1906 668.2257
v 557.1271 870.0004 670.7853
v 561.7349 825.6673 624.2957
v 557.1271 870.0004 670.7853
v 557.0168 872.2865 626.8449
v 561.7349 825.6673 624.2957
v 561.7349 825.6673 624.2957
v 557.0168 872.2865 626.8449
v 599.5677 830.8754 602.4427
v 557.0168 872.2865 626.8449
v 594.8901 877.0939 604.9702
v 599.5677 830.8754 602.4427
v 599.5677 830.8754 602.4427
v 594.8901 877.0939 604.9702
v 637.5301 833.6068 624.5199
v 594.8901 877.0939 604.9702
v 632.8736 879.6152 627.0358
v 637.5301 833.6068 624.5199
v 637.5301 833.6068 624.5199
v 632.8736 879.6152 627.0358
v 637.6595 831.1301 668.4500
v 632.8736 879.6152 627.0358
v 632.9839 877.3290 670.9763
v 637.6595 831.1301 668.4500
v 637.6595 831.1301 668.4500
v 632.9839 877.3290 670.9763
v 599.8267 825.9220 690.3029
v 632.9839 877.3290 670.9763
v 595.1106 872.5216 692.8510
v 599.8267 825.9220 690.3029
f 1 2 3
f 4 5 6
f 7 8 9
f 10 11 12
f 13 14 15
f 16 17 18
f 19 20 21
f 22 23 24
f 25 26 27
f 28 29 30
f 31 32 33
f 34 35 36
f 37 38 39
f 40 41 42
f 43 44 45
f 46 47 48
f 49 50 51
f 52 53 54
f 55 56 57
f 58 59 60
f 61 62 63
f 64 65 66
f 67 68 69
f 70 71 72
f 73 74 75
f 76 77 78
f 79 80 81
f 82 83 84
f 85 86 87
f 88 89 90
f 91 92 93
f 94 95 96
f 97 98 99
f 100 101 102
f 103 104 105
f 106 107 108
f 109 110 111
f 112 113 114
f 115 116 117
f 118 119 120
f 121 122 123
f 124 125 126
f 127 128 129
f 130 131 132
f 133 134 135
f 136 137 138
f 139 140 141
f 142 143 144
f 145 146 147
f 148 149 150
f 151 152 153
f 154 155 156
f 157 158 159
f 160 161 162
f 163 164 165
f 166 167 168
f 169 170 171
f 172 173 174
f 175 176 177
f 178 179 180
f 181 182 183
f 184 185 186
f 187 188 189
f 190 191 192
f 193 194 195
f 196 197 198
f 199 200 201
f 202 203 204
f 205 206 207
f 208 209 210
f 211 212 213
f 214 215 216
f 217 218 219
f 220 221 222
f 223 224 225
f 226 227 228
f 229 230 231
f 232 233 234
f 235 236 237
f 238 239 240
f 241 242 243
f 244 245 246
f 247 248 249
f 250 251 252
f 253 254 255
f 256 257 258
f 259 260 261
f 262 263 264
f 265 266 267
f 268 269 270
f 271 272 273
f 274 275 276
f 277 278 279
f 280 281 282
f 283 284 285
f 286 287 288
f 289 290 291
f 292 293 294
f 295 296 297
f 298 299 300
f 301 302 303
f 304 305 306
f 307 308 309
f 310 311 312
f 313 314 315
f 316 317 318
f 319 320 321
f 322 323 324
f 325 326 327
f 328 329 330
f 331 332 333
f 334 335 336
f 337 338 339
f 340 341 342
f 343 344 345
f 346 347 348
f 349 350 351
f 352 353 354
f 355 356 357
f 358 359 360
f 361 362 363
f 364 365 366
f 367 368 369
f 370 371 372
f 373 374 375
f 376 377 378
f 379 380 381
f 382 383 384
f 385 386 387
f 388 389 390
f 391 392 393
f 394 395 396
f 397 398 399
f 400 401 402
f 403 404 405
f 406 407 408
f 409 410 411
f 412 413 414
f 415 416 417
f 418 419 420
f 421 422 423
f 424 425 426
f 427 428 429
f 430 431 432
f 433 434 435
f 436 437 438
f 439 440 441
f 442 443 444
f 445 446 447
f 448 449 450
f 451 452 453
f 454 455 456
f 457 458 459
f 460 461 462
f 463 464 465
f 466 467 468
f 469 470 471
f 472 473 474
f 475 476 477
f 478 479 480
f 481 482 483
f 484 485 486
f 487 488 489
f 490 491 492
f 493 494 495
f 496 497 498
f 499 500 501
f 502 503 504
f 505 506 507
f 508 509 510
f 511 512 513
f 514 515 516
f 517 518 519
f 520 521 522
f 523 524 525
f 526 527 528
f 529 530 531
f 532 533 534
f 535 536 537
f 538 539 540
f 541 542 543
f 544 545 546
f 547 548 549
f 550 551 552
f 553 554 555
f 556 557 558
f 559 560 561
f 562 563 564
f 565 566 567
f 568 569 570
f 571 572 573
f 574 575 576
f 577 578 579
f 580 581 582
f 583 584 585
f 586 587 588
f 589 590 591
f 592 593 594
f 595 596 597
f 598 599 600
f 601 602 603
f 604 605 606
f 607 608 609
f 610 611 612
f 613 614 615
f 616 617 618
f 619 620 621
f 622 623 624
f 625 626 627
f 628 629 630
f 631 632 633
f 634 635 636
f 637 638 639
f 640 641 642
f 643 644 645
f 646 647 648
f 649 650 651
f 652 653 654
f 655 656 657
f 658 659 660
f 661 662 663
f 664 665 666
f 667 668 669
f 670 671 672
f 673 674 675
f 676 677 678
f 679 680 681
f 682 683 684
f 685 686 687
f 688 689 690
f 691 692 693
f 694 695 696
f 697 698 699
f 700 701 702
f 703 704 705
f 706 707 708
f 709 710 711
f 712 713 714
f 715 716 717
f 718 719 720
f 721 722 723
f 724 725 726
f 727 728 729
f 730 731 732
f 733 734 735
f 736 737 738
f 739 740 741
f 742 743 744
f 745 746 747
f 748 749 750
f 751 752 753
f 754 755 756
f 757 758 759
f 760 761 762
f 763 764 765
f 766 767 768
f 769 770 771
f 772 773 774
f 775 776 777
f 778 779 780
f 781 782 783
f 784 785 786
f 787 788 789
f 790 791 792
f 793 794 795
f 796 797 798
f 799 800 801
f 802 803 804
f 805 806 807
f 808 809 810
f 811 812 813
f 814 815 816
f 817 818 819
f 820 821 822
f 823 824 825
f 826 827 828
f 829 830 831
f 832 833 834
f 835 836 837
f 838 839 840
f 841 842 843
f 844 845 846
f 847 848 849
f 850 851 852
f 853 854 855
f 856 857 858
f 859 860 861
f 862 863 864
f 865 866 867
f 868 869 870
f 871 872 873
f 874 875 876
f 877 878 879
f 880 881 882
f 883 884 885
f 886 887 888
f 889 890 891
f 892 893 894
f 895 896 897
f 898 899 900
f 901 902 903
f 904 905 906
f 907 908 909
f 910 911 912
f 913 914 915
f 916 917 918
f 919 920 921
f 922 923 924
f 925 926 927
f 928 929 930
f 931 932 933
f 934 935 936
f 937 938 939
f 940 941 942
f 943 944 945
f 946 947 948
f 949 950 951
f 952 953 954
f 955 956 957
f 958 959 960
f 961 962 963
f 964 965 966
f 967 968 969
f 970 971 972
f 973 974 975
f 976 977 978
f 979 980 981
f 982 983 984
f 985 986 987
f 988 989 990
f 991 992 993
f 994 995 996
f 997 998 999
f 1000 1001 1002
f 1003 1004 1005
f 1006 1007 1008
f 1009 1010 1011
f 1012 1013 1014
f 1015 1016 1017
f 1018 1019 1020
f 1021 1022 1023
f 1024 1025 1026
f 1027 1028 1029
f 1030 1031 1032
f 1033 1034 1035
f 1036 1037 1038
f 1039 1040 1041
f 1042 1043 1044
f 1045 1046 1047
f 1048 1049 1050
f 1051 1052 1053
f 1054 1055 1056
f 1057 1058 1059
f 1060 1061 1062
f 1063 1064 1065
f 1066 1067 1068
f 1069 1070 1071
f 1072 1073 1074
f 1075 1076 1077
f 1078 1079 1080
f 1081 1082 1083
f 1084 1085 1086
f 1087 1088 1089
f 1090 1091 1092
f 1093 1094 1095
f 1096 1097 1098
f 1099 1100 1101
f 1102 1103 1104
f 1105 1106 1107
f 1108 1109 1110
f 1111 1112 1113
f 1114 1115 1116
f 1117 1118 1119
f 1120 1121 1122
f 1123 1124 1125
f 1126 1127 1128
f 1129 1130 1131
f 1132 1133 1134
f 1135 1136 1137
f 1138 1139 1140
f 1141 1142 1143
f 1144 1145 1146
f 1147 1148 1149
f 1150 1151 1152
f 1153 1154 1155
f 1156 1157 1158
f 1159 1160 1161
f 1162 1163 1164
f 1165 1166 1167
f 1168 1169 1170
f 1171 1172 1173
f 1174 1175 1176
f 1177 1178 1179
f 1180 1181 1182
f 1183 1184 1185
f 1186 1187 1188
f 1189 1190 1191
f 1192 1193 1194
f 1195 1196 1197
f 1198 1199 1200
f 1201 1202 1203
f 1204 1205 1206
f 1207 1208 1209
f 1210 1211 1212
f 1213 1214 1215
f 1216 1217 1218
f 1219 1220 1221
f 1222 1223 1224
f 1225 1226 1227
f 1228 1229 1230
f 1231 1232 1233
f 1234 1235 1236
f 1237 1238 1239
f 1240 1241 1242
f 1243 1244 1245
f 1246 1247 1248
f 1249 1250 1251
f 1252 1253 1254
f 1255 1256 1257
f 1258 1259 1260
f 1261 1262 1263
f 1264 1265 1266
f 1267 1268 1269
f 1270 1271 1272
f 1273 1274 1275
f 1276 1277 1278
f 1279 1280 1281
f 1282 1283 1284
f 1285 1286 1287
f 1288 1289 1290
f 1291 1292 1293
f 1294 1295 1296
f 1297 1298 1299
f 1300 1301 1302
f 1303 1304 1305
f 1306 1307 1308
f 1309 1310 1311
f 1312 1313 1314
f 1315 1316 1317
f 1318 1319 1320
f 1321 1322 1323
f 1324 1325 1326
f 1327 1328 1329
f 1330 1331 1332
f 1333 1334 1335
f 1336 1337 1338
f 1339 1340 1341
f 1342 1343 1344
f 1345 1346 1347
f 1348 1349 1350
f 1351 1352 1353
f 1354 1355 1356
f 1357 1358 1359
f 1360 1361 1362
f 1363 1364 1365
f 1366 1367 1368
f 1369 1370 1371
f 1372 1373 1374
f 1375 1376 1377
f 1378 1379 1380
f 1381 1382 1383
f 1384 1385 1386
f 1387 1388 1389
f 1390 1391 1392
f 1393 1394 1395
f 1396 1397 1398
f 1399 1400 1401
f 1402 1403 1404
f 1405 1406 1407
f 1408 1409 1410
f 1411 1412 1413
f 1414 1415 1416
f 1417 1418 1419
f 1420 1421 1422
f 1423 1424 1425
f 1426 1427 1428
f 1429 1430 1431
f 1432 1433 1434
f 1435 1436 1437
f 1438 1439 1440
f 1441 1442 1443
f 1444 1445 1446
f 1447 1448 1449
f 1450 1451 1452
f 1453 1454 1455
f 1456 1457 1458
f 1459 1460 1461
f 1462 1463 1464
f 1465 1466 1467
f 1468 1469 1470
f 1471 1472 1473
f 1474 1475 1476
f 1477 1478 1479
f 1480 1481 1482
f 1483 1484 1485
f 1486 1487 1488
f 1489 1490 1491
f 1492 1493 1494
f 1495 1496 1497
f 1498 1499 1500
f 1501 1502 1503
f 1504 1505 1506
f 1507 1508 1509
f 1510 1511 1512
f 1513 1514 1515
f 1516 1517 1518
f 1519 1520 1521
f 1522 1523 1524
f 1525 1526 1527
f 1528 1529 1530
f 1531 1532 1533
f 1534 1535 1536
f 1537 1538 1539
f 1540 1541 1542
f 1543 1544 1545
f 1546 1547 1548
f 1549 1550 1551
f 1552 1553 1554
f 1555 1556 1557
f 1558 1559 1560
f 1561 1562 1563
f 1564 1565 1566
f 1567 1568 1569
f 1570 1571 1572
f 1573 1574 1575
f 1576 1577 1578
f 1579 1580 1581
f 1582 1583 1584
f 1585 1586 1587
f 1588 1589 1590
f 1591 1592 1593
f 1594 1595 1596
f 1597 1598 1599
f 1600 1601 1602
f 1603 1604 1605
f 1606 1607 1608
f 1609 1610 1611
f 1612 1613 1614
f 1615 1616 1617
f 1618 1619 1620
f 1621 1622 1623
f 1624 1625 1626
f 1627 1628 1629
f 1630 1631 1632
f 1633 1634 1635
f 1636 1637 1638
f 1639 1640 1641
f 1642 1643 1644
f 1645 1646 1647
f 1648 1649 1650
f 1651 1652 1653
f 1654 1655 1656
f 1657 1658 1659
f 1660 1661 1662
f 1663 1664 1665
f 1666 1667 1668
f 1669 1670 1671
f 1672 1673 1674
f 1675 1676 1677
f 1678 1679 1680
f 1681 1682 1683
f 1684 1685 1686
f 1687 1688 1689
f 1690 1691 1692
f 1693 1694 1695
f 1696 1697 1698
f 1699 1700 1701
f 1702 1703 1704
f 1705 1706 1707
f 1708 1709 1710
f 1711 1712 1713
f 1714 1715 1716
f 1717 1718 1719
f 1720 1721 1722
f 1723 1724 1725
f 1726 1727 1728
f 1729 1730 1731
f 1732 1733 1734
f 1735 1736 1737
f 1738 1739 1740
f 1741 1742 1743
f 1744 1745 1746
f 1747 1748 1749
f 1750 1751 1752
f 1753 1754 1755
f 1756 1757 1758
f 1759 1760 1761
f 1762 1763 1764
f 1765 1766 1767
f 1768 1769 1770
f 1771 1772 1773
f 1774 1775 1776
f 1777 1778 1779
f 1780 1781 1782
f 1783 1784 1785
f 1786 1787 1788
f 1789 1790 1791
f 1792 1793 1794
f 1795 1796 1797
f 1798 1799 1800
f 1801 1802 1803
f 1804 1805 1806
f 1807 1808 1809
f 1810 1811 1812
f 1813 1814 1815
f 1816 1817 1818
f 1819 1820 1821
f 1822 1823 1824
f 1825 1826 1827
f 1828 1829 1830
f 1831 1832 1833
f 1834 1835 1836
f 1837 1838 1839
f 1840 1841 1842
f 1843 1844 1845
f 1846 1847 1848
f 1849 1850 1851
f 1852 1853 1854
f 1855 1856 1857
f 1858 1859 1860
f 1861 1862 1863
f 1864 1865 1866
f 1867 1868 1869
f 1870 1871 1872
f 1873 1874 1875
f 1876 1877 1878
f 1879 1880 1881
f 1882 1883 1884
f 1885 1886 1887
f 1888 1889 1890
f 1891 1892 1893
f 1894 1895 1896
f 1897 1898 1899
f 1900 1901 1902
f 1903 1904 1905
f 1906 1907 1908
f 1909 1910 1911
f 1912 1913 1914
f 1915 1916 1917
f 1918 1919 1920
f 1921 1922 1923
f 1924 1925 1926
f 1927 1928 1929
f 1930 1931 1932
f 1933 1934 1935
f 1936 1937 1938
f 1939 1940 1941
f 1942 1943 1944
f 1945 1946 1947
f 1948 1949 1950
f 1951 1952 1953
f 1954 1955 1956
f 1957 1958 1959
f 1960 1961 1962
f 1963 1964 1965
f 1966 1967 1968
f 1969 1970 1971
f 1972 1973 1974
f 1975 1976 1977
f 1978 1979 1980
f 1981 1982 1983
f 1984 1985 1986
f 1987 1988 1989
f 1990 1991 1992
f 1993 1994 1995
f 1996 1997 1998
f 1999 2000 2001
f 2002 2003 2004
f 2005 2006 2007
f 2008 2009 2010
f 2011 2012 2013
f 2014 2015 2016
f 2017 2018 2019
f 2020 2021 2022
f 2023 2024 2025
f 2026 2027 2028
f 2029 2030 2031
f 2032 2033 2034
f 2035 2036 2037
f 2038 2039 2040
f 2041 2042 2043
f 2044 2045 2046
f 2047 2048 2049
f 2050 2051 2052
f 2053 2054 2055
f 2056 2057 2058
f 2059 2060 2061
f 2062 2063 2064
f 2065 2066 2067
f 2068 2069 2070
f 2071 2072 2073
f 2074 2075 2076
f 2077 2078 2079
f 2080 2081 2082
f 2083 2084 2085
f 2086 2087 2088
f 2089 2090 2091
f 2092 2093 2094
f 2095 2096 2097
f 2098 2099 2100
f 2101 2102 2103
f 2104 2105 2106
f 2107 2108 2109
f 2110 2111 2112
f 2113 2114 2115
f 2116 2117 2118
f 2119 2120 2121
f 2122 2123 2124
f 2125 2126 2127
f 2128 2129 2130
f 2131 2132 2133
f 2134 2135 2136
f 2137 2138 2139
f 2140 2141 2142
f 2143 2144 2145
f 2146 2147 2148
f 2149 2150 2151
f 2152 2153 2154
f 2155 2156 2157
f 2158 2159 2160
f 2161 2162 2163
f 2164 2165 2166
f 2167 2168 2169
f 2170 2171 2172
f 2173 2174 2175
f 2176 2177 2178
f 2179 2180 2181
f 2182 2183 2184
f 2185 2186 2187
f 2188 2189 2190
f 2191 2192 2193
f 2194 2195 2196
f 2197 2198 2199
f 2200 2201 2202
f 2203 2204 2205
f 2206 2207 2208
f 2209 2210 2211
f 2212 2213 2214
f 2215 2216 2217
f 2218 2219 2220
f 2221 2222 2223
f 2224 2225 2226
f 2227 2228 2229
f 2230 2231 2232
f 2233 2234 2235
f 2236 2237 2238
f 2239 2240 2241
f 2242 2243 2244
f 2245 2246 2247
f 2248 2249 2250
f 2251 2252 2253
f 2254 2255 2256
f 2257 2258 2259
f 2260 2261 2262
f 2263 2264 2265
f 2266 2267 2268
f 2269 2270 2271
f 2272 2273 2274
f 2275 2276 2277
f 2278 2279 2280
f 2281 2282 2283
f 2284 2285 2286
f 2287 2288 2289
f 2290 2291 2292
f 2293 2294 2295
f 2296 2297 2298
f 2299 2300 2301
f 2302 2303 2304
f 2305 2306 2307
f 2308 2309 2310
f 2311 2312 2313
f 2314 2315 2316
f 2317 2318 2319
f 2320 2321 2322
f 2323 2324 2325
f 2326 2327 2328
f 2329 2330 2331
f 2332 2333 2334
f 2335 2336 2337
f 2338 2339 2340
f 2341 2342 2343
f 2344 2345 2346
f 2347 2348 2349
f 2350 2351 2352
f 2353 2354 2355
f 2356 2357 2358
f 2359 2360 2361
f 2362 2363 2364
f 2365 2366 2367
f 2368 2369 2370
f 2371 2372 2373
f 2374 2375 2376
f 2377 2378 2379
f 2380 2381 2382
f 2383 2384 2385
f 2386 2387 2388
f 2389 2390 2391
f 2392 2393 2394
f 2395 2396 2397
f 2398 2399 2400
f 2401 2402 2403
f 2404 2405 2406
f 2407 2408 2409
f 2410 2411 2412
f 2413 2414 2415
f 2416 2417 2418
f 2419 2420 2421
f 2422 2423 2424
f 2425 2426 2427
f 2428 2429 2430
f 2431 2432 2433
f 2434 2435 2436
f 2437 2438 2439
f 2440 2441 2442
f 2443 2444 2445
f 2446 2447 2448
f 2449 2450 2451
f 2452 2453 2454
f 2455 2456 2457
f 2458 2459 2460
f 2461 2462 2463
f 2464 2465 2466
f 2467 2468 2469
f 2470 2471 2472
f 2473 2474 2475
f 2476 2477 2478
f 2479 2480 2481
f 2482 2483 2484
f 2485 2486 2487
f 2488 2489 2490
f 2491 2492 2493
f 2494 2495 2496
f 2497 2498 2499
f 2500 2501 2502
f 2503 2504 2505
f 2506 2507 2508
f 2509 2510 2511
f 2512 2513 2514
f 2515 2516 2517
f 2518 2519 2520
f 2521 2522 2523
f 2524 2525 2526
f 2527 2528 2529
f 2530 2531 2532
f 2533 2534 2535
f 2536 2537 2538
f 2539 2540 2541
f 2542 2543 2544
f 2545 2546 2547
f 2548 2549 2550
f 2551 2552 2553
f 2554 2555 2556
f 2557 2558 2559
f 2560 2561 2562
f 2563 2564 2565
f 2566 2567 2568
f 2569 2570 2571
f 2572 2573 2574
f 2575 2576 2577
f 2578 2579 2580
f 2581 2582 2583
f 2584 2585 2586
f 2587 2588 2589
f 2590 2591 2592
f 2593 2594 2595
f 2596 2597 2598
f 2599 2600 2601
f 2602 2603 2604
f 2605 2606 2607
f 2608 2609 2610
f 2611 2612 2613
f 2614 2615 2616
f 2617 2618 2619
f 2620 2621 2622
f 2623 2624 2625
f 2626 2627 2628
f 2629 2630 2631
f 2632 2633 2634
f 2635 2636 2637
f 2638 2639 2640
f 2641 2642 2643
f 2644 2645 2646
f 2647 2648 2649
f 2650 2651 2652
f 2653 2654 2655
f 2656 2657 2658
f 2659 2660 2661
f 2662 2663 2664
f 2665 2666 2667
f 2668 2669 2670
f 2671 2672 2673
f 2674 2675 2676
f 2677 2678 2679
f 2680 2681 2682
f 2683 2684 2685
f 2686 2687 2688
f 2689 2690 2691
f 2692 2693 2694
f 2695 2696 2697
f 2698 2699 2700
f 2701 2702 2703
f 2704 2705 2706
f 2707 2708 2709
f 2710 2711 2712
f 2713 2714 2715
f 2716 2717 2718
f 2719 2720 2721
f 2722 2723 2724
f 2725 2726 2727
f 2728 2729 2730
f 2731 2732 2733
f 2734 2735 2736
f 2737 2738 2739
f 2740 2741 2742
f 2743 2744 2745
f 2746 2747 2748
f 2749 2750 2751
f 2752 2753 2754
f 2755 2756 2757
f 2758 2759 2760
f 2761 2762 2763
f 2764 2765 2766
f 2767 2768 2769
f 2770 2771 2772
f 2773 2774 2775
f 2776 2777 2778
f 2779 2780 2781
f 2782 2783 2784
f 2785 2786 2787
f 2788 2789 2790
f 2791 2792 2793
f 2794 2795 2796
f 2797 2798 2799
f 2800 2801 2802
f 2803 2804 2805
f 2806 2807 2808
f 2809 2810 2811
f 2812 2813 2814
f 2815 2816 2817
f 2818 2819 2820
f 2821 2822 2823
f 2824 2825 2826
f 2827 2828 2829
f 2830 2831 2832
f 2833 2834 2835
f 2836 2837 2838
f 2839 2840 2841
f 2842 2843 2844
f 2845 2846 2847
f 2848 2849 2850
f 2851 2852 2853
f 2854 2855 2856
f 2857 2858 2859
f 2860 2861 2862
f 2863 2864 2865
f 2866 2867 2868
f 2869 2870 2871
f 2872 2873 2874
f 2875 2876 2877
f 2878 2879 2880
f 2881 2882 2883
f 2884 2885 2886
f 2887 2888 2889
f 2890 2891 2892
f 2893 2894 2895
f 2896 2897 2898
f 2899 2900 2901
f 2902 2903 2904
f 2905 2906 2907
f 2908 2909 2910
f 2911 2912 2913
f 2914 2915 2916
f 2917 2918 2919
f 2920 2921 2922
f 2923 2924 2925
f 2926 2927 2928
f 2929 2930 2931
f 2932 2933 2934
f 2935 2936 2937
f 2938 2939 2940
f 2941 2942 2943
f 2944 2945 2946
f 2947 2948 2949
f 2950 2951 2952
f 2953 2954 2955
f 2956 2957 2958
f 2959 2960 2961
f 2962 2963 2964
f 2965 2966 2967
f 2968 2969 2970
f 2971 2972 2973
f 2974 2975 2976
f 2977 2978 2979
f 2980 2981 2982
f 2983 2984 2985
f 2986 2987 2988
f 2989 2990 2991
f 2992 2993 2994
f 2995 2996 2997
f 2998 2999 3000
f 3001 3002 3003
f 3004 3005 3006
f 3007 3008 3009
f 3010 3011 3012
f 3013 3014 3015
f 3016 3017 3018
f 3019 3020 3021
f 3022 3023 3024
f 3025 3026 3027
f 3028 3029 3030
f 3031 3032 3033
f 3034 3035 3036
f 3037 3038 3039
f 3040 3041 3042
f 3043 3044 3045
f 3046 3047 3048
f 3049 3050 3051
f 3052 3053 3054
f 3055 3056 3057
f 3058 3059 3060
f 3061 3062 3063
f 3064 3065 3066
f 3067 3068 3069
f 3070 3071 3072
f 3073 3074 3075
f 3076 3077 3078
f 3079 3080 3081
f 3082 3083 3084
f 3085 3086 3087
f 3088 3089 3090
f 3091 3092 3093
f 3094 3095 3096
f 3097 3098 3099
f 3100 3101 3102
f 3103 3104 3105
f 3106 3107 3108
f 3109 3110 3111
f 3112 3113 3114
f 3115 3116 3117
f 3118 3119 3120
f 3121 3122 3123
f 3124 3125 3126
f 3127 3128 3129
f 3130 3131 3132
f 3133 3134 3135
f 3136 3137 3138
f 3139 3140 3141
f 3142 3143 3144
f 3145 3146 3147
f 3148 3149 3150
f 3151 3152 3153
f 3154 3155 3156
f 3157 3158 3159
f 3160 3161 3162
f 3163 3164 3165
f 3166 3167 3168
f 3169 3170 3171
f 3172 3173 3174
f 3175 3176 3177
f 3178 3179 3180
f 3181 3182 3183
f 3184 3185 3186
f 3187 3188 3189
f 3190 3191 3192
f 3193 3194 3195
f 3196 3197 3198
f 3199 3200 3201
f 3202 3203 3204
f 3205 3206 3207
f 3208 3209 3210
f 3211 3212 3213
f 3214 3215 3216
f 3217 3218 3219
f 3220 3221 3222
f 3223 3224 3225
f 3226 3227 3228
f 3229 3230 3231
f 3232 3233 3234
f 3235 3236 3237
f 3238 3239 3240
f 3241 3242 3243
f 3244 3245 3246
f 3247 3248 3249
f 3250 3251 3252
f 3253 3254 3255
f 3256 3257 3258
f 3259 3260 3261
f 3262 3263 3264
f 3265 3266 3267
f 3268 3269 3270
f 3271 3272 3273
f 3274 3275 3276
f 3277 3278 3279
f 3280 3281 3282
f 3283 3284 3285
f 3286 3287 3288
f 3289 3290 3291
f 3292 3293 3294
f 3295 3296 3297
f 3298 3299 3300
f 3301 3302 3303
f 3304 3305 3306
f 3307 3308 3309
f 3310 3311 3312
f 3313 3314 3315
f 3316 3317 3318
f 3319 3320 3321
f 3322 3323 3324
f 3325 3326 3327
f 3328 3329 3330
f 3331 3332 3333
f 3334 3335 3336
f 3337 3338 3339
f 3340 3341 3342
f 3343 3344 3345
f 3346 3347 3348
f 3349 3350 3351
f 3352 3353 3354
f 3355 3356 3357
f 3358 3359 3360
f 3361 3362 3363
f 3364 3365 3366
f 3367 3368 3369
f 3370 3371 3372
f 3373 3374 3375
f 3376 3377 3378
f 3379 3380 3381
f 3382 3383 3384
f 3385 3386 3387
f 3388 3389 3390
f 3391 3392 3393
f 3394 3395 3396
f 3397 3398 3399
f 3400 3401 3402
f 3403 3404 3405
f 3406 3407 3408
f 3409 3410 3411
f 3412 3413 3414
f 3415 3416 3417
f 3418 3419 3420
f 3421 3422 3423
f 3424 3425 3426
f 3427 3428 3429
f 3430 3431 3432
f 3433 3434 3435
f 3436 3437 3438
f 3439 3440 3441
f 3442 3443 3444
f 3445 3446 3447
f 3448 3449 3450
f 3451 3452 3453
f 3454 3455 3456
f 3457 3458 3459
f 3460 3461 3462
f 3463 3464 3465
f 3466 3467 3468
f 3469 3470 3471
f 3472 3473 3474
f 3475 3476 3477
f 3478 3479 3480
f 3481 3482 3483
f 3484 3485 3486
f 3487 3488 3489
f 3490 3491 3492
f 3493 3494 3495
f 3496 3497 3498
f 3499 3500 3501
f 3502 3503 3504
f 3505 3506 3507
f 3508 3509 3510
f 3511 3512 3513
f 3514 3515 3516
f 3517 3518 3519
f 3520 3521 3522
f 3523 3524 3525
f 3526 3527 3528
f 3529 3530 3531
f 3532 3533 3534
f 3535 3536 3537
f 3538 3539 3540
f 3541 3542 3543
f 3544 3545 3546
f 3547 3548 3549
f 3550 3551 3552
f 3553 3554 3555
f 3556 3557 3558
f 3559 3560 3561
f 3562 3563 3564
f 3565 3566 3567
f 3568 3569 3570
f 3571 3572 3573
f 3574 3575 3576
f 3577 3578 3579
f 3580 3581 3582
f 3583 3584 3585
f 3586 3587 3588
f 3589 3590 3591
f 3592 3593 3594
f 3595 3596 3597
f 3598 3599 3600
f 3601 3602 3603
f 3604 3605 3606
f 3607 3608 3609
f 3610 3611 3612
f 3613 3614 3615
f 3616 3617 3618
f 3619 3620 3621
f 3622 3623 3624
f 3625 3626 3627
f 3628 3629 3630
f 3631 3632 3633
f 3634 3635 3636
f 3637 3638 3639
f 3640 3641 3642
f 3643 3644 3645
f 3646 3647 3648
f 3649 3650 3651
f 3652 3653 3654
f 3655 3656 3657
f 3658 3659 3660
f 3661 3662 3663
f 3664 3665 3666
f 3667 3668 3669
f 3670 3671 3672
f 3673 3674 3675
f 3676 3677 3678
f 3679 3680 3681
f 3682 3683 3684
f 3685 3686 3687
f 3688 3689 3690
f 3691 3692 3693
f 3694 3695 3696
f 3697 3698 3699
f 3700 3701 3702
f 3703 3704 3705
f 3706 3707 3708
f 3709 3710 3711
f 3712 3713 3714
f 3715 3716 3717
f 3718 3719 3720
f 3721 3722 3723
f 3724 3725 3726
f 3727 3728 3729
f 3730 3731 3732
f 3733 3734 3735
f 3736 3737 3738
f 3739 3740 3741
f 3742 3743 3744
f 3745 3746 3747
f 3748 3749 3750
f 3751 3752 3753
f 3754 3755 3756
f 3757 3758 3759
f 3760 3761 3762
f 3763 3764 3765
f 3766 3767 3768
f 3769 3770 3771
f 3772 3773 3774
f 3775 3776 3777
f 3778 3779 3780
f 3781 3782 3783
f 3784 3785 3786
f 3787 3788 3789
f 3790 3791 3792
f 3793 3794 3795
f 3796 3797 3798
f 3799 3800 3801
f 3802 3803 3804
f 3805 3806 3807
f 3808 3809 3810
f 3811 3812 3813
f 3814 3815 3816
f 3817 3818 3819
f 3820 3821 3822
f 3823 3824 3825
f 3826 3827 3828
f 3829 3830 3831
f 3832 3833 3834
f 3835 3836 3837
f 3838 3839 3840
f 3841 3842 3843
f 3844 3845 3846
f 3847 3848 3849
f 3850 3851 3852
f 3853 3854 3855
f 3856 3857 3858
f 3859 3860 3861
f 3862 3863 3864
f 3865 3866 3867
f 3868 3869 3870
f 3871 3872 3873
f 3874 3875 3876
f 3877 3878 3879
f 3880 3881 3882
f 3883 3884 3885
f 3886 3887 3888
f 3889 3890 3891
f 3892 3893 3894
f 3895 3896 3897
f 3898 3899 3900
f 3901 3902 3903
f 3904 3905 3906
f 3907 3908 3909
f 3910 3911 3912
f 3913 3914 3915
f 3916 3917 3918
f 3919 3920 3921
f 3922 3923 3924
f 3925 3926 3927
f 3928 3929 3930
f 3931 3932 3933
f 3934 3935 3936
f 3937 3938 3939
f 3940 3941 3942
f 3943 3944 3945
f 3946 3947 3948
f 3949 3950 3951
f 3952 3953 3954
f 3955 3956 3957
f 3958 3959 3960
f 3961 3962 3963
f 3964 3965 3966
f 3967 3968 3969
f 3970 3971 3972
f 3973 3974 3975
f 3976 3977 3978
f 3979 3980 3981
f 3982 3983 3984
f 3985 3986 3987
f 3988 3989 3990
f 3991 3992 3993
f 3994 3995 3996
f 3997 3998 3999
f 4000 4001 4002
f 4003 4004 4005
f 4006 4007 4008
f 4009 4010 4011
f 4012 4013 4014
f 4015 4016 4017
f 4018 4019 4020
f 4021 4022 4023
f 4024 4025 4026
f 4027 4028 4029
f 4030 4031 4032
f 4033 4034 4035
f 4036 4037 4038
f 4039 4040 4041
f 4042 4043 4044
f 4045 4046 4047
f 4048 4049 4050
f 4051 4052 4053
f 4054 4055 4056
f 4057 4058 4059
f 4060 4061 4062
f 4063 4064 4065
f 4066 4067 4068
f 4069 4070 4071
f 4072 4073 4074
f 4075 4076 4077
f 4078 4079 4080
f 4081 4082 4083
f 4084 4085 4086
f 4087 4088 4089
f 4090 4091 4092
f 4093 4094 4095
f 4096 4097 4098
f 4099 4100 4101
f 4102 4103 4104
f 4105 4106 4107
f 4108 4109 4110
f 4111 4112 4113
f 4114 4115 4116
f 4117 4118 4119
f 4120 4121 4122
f 4123 4124 4125
f 4126 4127 4128
f 4129 4130 4131
f 4132 4133 4134
f 4135 4136 4137
f 4138 4139 4140
f 4141 4142 4143
f 4144 4145 4146
f 4147 4148 4149
f 4150 4151 4152
f 4153 4154 4155
f 4156 4157 4158
f 4159 4160 4161
f 4162 4163 4164
f 4165 4166 4167
f 4168 4169 4170
f 4171 4172 4173
f 4174 4175 4176
f 4177 4178 4179
f 4180 4181 4182
f 4183 4184 4185
f 4186 4187 4188
f 4189 4190 4191
f 4192 4193 4194
f 4195 4196 4197
f 4198 4199 4200
f 4201 4202 4203
f 4204 4205 4206
f 4207 4208 4209
f 4210 4211 4212
f 4213 4214 4215
f 4216 4217 4218
f 4219 4220 4221
f 4222 4223 4224
f 4225 4226 4227
f 4228 4229 4230
f 4231 4232 4233
f 4234 4235 4236
f 4237 4238 4239
f 4240 4241 4242
f 4243 4244 4245
f 4246 4247 4248
f 4249 4250 4251
f 4252 4253 4254
f 4255 4256 4257
f 4258 4259 4260
f 4261 4262 4263
f 4264 4265 4266
f 4267 4268 4269
f 4270 4271 4272
f 4273 4274 4275
f 4276 4277 4278
f 4279 4280 4281
f 4282 4283 4284
f 4285 4286 4287
f 4288 4289 4290
f 4291 4292 4293
f 4294 4295 4296
f 4297 4298 4299
f 4300 4301 4302
f 4303 4304 4305
f 4306 4307 4308
f 4309 4310 4311
f 4312 4313 4314
f 4315 4316 4317
f 4318 4319 4320
f 4321 4322 4323
f 4324 4325 4326
f 4327 4328 4329
f 4330 4331 4332
f 4333 4334 4335
f 4336 4337 4338
f 4339 4340 4341
f 4342 4343 4344
f 4345 4346 4347
f 4348 4349 4350
f 4351 4352 4353
f 4354 4355 4356
f 4357 4358 4359
f 4360 4361 4362
f 4363 4364 4365
f 4366 4367 4368
f 4369 4370 4371
f 4372 4373 4374
f 4375 4376 4377
f 4378 4379 4380
f 4381 4382 4383
f 4384 4385 4386
f 4387 4388 4389
f 4390 4391 4392
f 4393 4394 4395
f 4396 4397 4398
f 4399 4400 4401
f 4402 4403 4404
f 4405 4406 4407
f 4408 4409 4410
f 4411 4412 4413
f 4414 4415 4416
f 4417 4418 4419
f 4420 4421 4422
f 4423 4424 4425
f 4426 4427 4428
f 4429 4430 4431
f 4432 4433 4434
f 4435 4436 4437
f 4438 4439 4440
f 4441 4442 4443
f 4444 4445 4446
f 4447 4448 4449
f 4450 4451 4452
f 4453 4454 4455
f 4456 4457 4458
f 4459 4460 4461
f 4462 4463 4464
f 4465 4466 4467
f 4468 4469 4470
f 4471 4472 4473
f 4474 4475 4476
f 4477 4478 4479
f 4480 4481 4482
f 4483 4484 4485
f 4486 4487 4488
f 4489 4490 4491
f 4492 4493 4494
f 4495 4496 4497
f 4498 4499 4500
f 4501 4502 4503
f 4504 4505 4506
f 4507 4508 4509
f 4510 4511 4512
f 4513 4514 4515
f 4516 4517 4518
f 4519 4520 4521
f 4522 4523 4524
f 4525 4526 4527
f 4528 4529 4530
f 4531 4532 4533
f 4534 4535 4536
f 4537 4538 4539
f 4540 4541 4542
f 4543 4544 4545
f 4546 4547 4548
f 4549 4550 4551
f 4552 4553 4554
f 4555 4556 4557
f 4558 4559 4560
f 4561 4562 4563
f 4564 4565 4566
f 4567 4568 4569
f 4570 4571 4572
f 4573 4574 4575
f 4576 4577 4578
f 4579 4580 4581
f 4582 4583 4584
f 4585 4586 4587
f 4588 4589 4590
f 4591 4592 4593
f 4594 4595 4596
f 4597 4598 4599
f 4600 4601 4602
f 4603 4604 4605
f 4606 4607 4608
f 4609 4610 4611
f 4612 4613 4614
f 4615 4616 4617
f 4618 4619 4620
f 4621 4622 4623
f 4624 4625 4626
f 4627 4628 4629
f 4630 4631 4632
f 4633 4634 4635
f 4636 4637 4638
f 4639 4640 4641
f 4642 4643 4644
f 4645 4646 4647
f 4648 4649 4650
f 4651 4652 4653
f 4654 4655 4656
f 4657 4658 4659
f 4660 4661 4662
f 4663 4664 4665
f 4666 4667 4668
f 4669 4670 4671
f 4672 4673 4674
f 4675 4676 4677
f 4678 4679 4680
f 4681 4682 4683
f 4684 4685 4686
f 4687 4688 4689
f 4690 4691 4692
f 4693 4694 4695
f 4696 4697 4698
f 4699 4700 4701
f 4702 4703 4704
f 4705 4706 4707
f 4708 4709 4710
f 4711 4712 4713
f 4714 4715 4716
f 4717 4718 4719
f 4720 4721 4722
f 4723 4724 4725
f 4726 4727 4728
f 4729 4730 4731
f 4732 4733 4734
f 4735 4736 4737
f 4738 4739 4740
f 4741 4742 4743
f 4744 4745 4746
f 4747 4748 4749
f 4750 4751 4752
f 4753 4754 4755
f 4756 4757 4758
f 4759 4760 4761
f 4762 4763 4764
f 4765 4766 4767
f 4768 4769 4770
f 4771 4772 4773
f 4774 4775 4776
f 4777 4778 4779
f 4780 4781 4782
f 4783 4784 4785
f 4786 4787 4788
f 4789 4790 4791
f 4792 4793 4794
f 4795 4796 4797
f 4798 4799 4800
f 4801 4802 4803
f 4804 4805 4806
f 4807 4808 4809
f 4810 4811 4812
f 4813 4814 4815
f 4816 4817 4818
f 4819 4820 4821
f 4822 4823 4824
f 4825 4826 4827
f 4828 4829 4830
f 4831 4832 4833
f 4834 4835 4836
f 4837 4838 4839
f 4840 4841 4842
f 4843 4844 4845
f 4846 4847 4848
f 4849 4850 4851
f 4852 4853 4854
f 4855 4856 4857
f 4858 4859 4860
f 4861 4862 4863
f 4864 4865 4866
f 4867 4868 4869
f 4870 4871 4872
f 4873 4874 4875
f 4876 4877 4878
f 4879 4880 4881
f 4882 4883 4884
f 4885 4886 4887
f 4888 4889 4890
f 4891 4892 4893
f 4894 4895 4896
f 4897 4898 4899
f 4900 4901 4902
f 4903 4904 4905
f 4906 4907 4908
f 4909 4910 4911
f 4912 4913 4914
f 4915 4916 4917
f 4918 4919 4920
f 4921 4922 4923
f 4924 4925 4926
f 4927 4928 4929
f 4930 4931 4932
f 4933 4934 4935
f 4936 4937 4938
f 4939 4940 4941
f 4942 4943 4944
f 4945 4946 4947
f 4948 4949 4950
f 4951 4952 4953
f 4954 4955 4956
f 4957 4958 4959
f 4960 4961 4962
f 4963 4964 4965
f 4966 4967 4968
f 4969 4970 4971
f 4972 4973 4974
f 4975 4976 4977
f 4978 4979 4980
f 4981 4982 4983
f 4984 4985 4986
f 4987 4988 4989
f 4990 4991 4992
f 4993 4994 4995
f 4996 4997 4998
f 4999 5000 5001
f 5002 5003 5004
f 5005 5006 5007
f 5008 5009 5010
f 5011 5012 5013
f 5014 5015 5016
f 5017 5018 5019
f 5020 5021 5022
f 5023 5024 5025
f 5026 5027 5028
f 5029 5030 5031
f 5032 5033 5034
f 5035 5036 5037
f 5038 5039 5040
f 5041 5042 5043
f 5044 5045 5046
f 5047 5048 5049
f 5050 5051 5052
f 5053 5054 5055
f 5056 5057 5058
f 5059 5060 5061
f 5062 5063 5064
f 5065 5066 5067
f 5068 5069 5070
f 5071 5072 5073
f 5074 5075 5076
f 5077 5078 5079
f 5080 5081 5082
f 5083 5084 5085
f 5086 5087 5088
f 5089 5090 5091
f 5092 5093 5094
f 5095 5096 5097
f 5098 5099 5100
f 5101 5102 5103
f 5104 5105 5106
f 5107 5108 5109
f 5110 5111 5112
f 5113 5114 5115
f 5116 5117 5118
f 5119 5120 5121
f 5122 5123 5124
f 5125 5126 5127
f 5128 5129 5130
f 5131 5132 5133
f 5134 5135 5136
f 5137 5138 5139
f 5140 5141 5142
f 5143 5144 5145
f 5146 5147 5148
f 5149 5150 5151
f 5152 5153 5154
f 5155 5156 5157
f 5158 5159 5160
f 5161 5162 5163
f 5164 5165 5166
f 5167 5168 5169
f 5170 5171 5172
f 5173 5174 5175
f 5176 5177 5178
f 5179 5180 5181
f 5182 5183 5184
f 5185 5186 5187
f 5188 5189 5190
f 5191 5192 5193
f 5194 5195 5196
f 5197 5198 5199
f 5200 5201 5202
f 5203 5204 5205
f 5206 5207 5208
f 5209 5210 5211
f 5212 5213 5214
f 5215 5216 5217
f 5218 5219 5220
f 5221 5222 5223
f 5224 5225 5226
f 5227 5228 5229
f 5230 5231 5232
f 5233 5234 5235
f 5236 5237 5238
f 5239 5240 5241
f 5242 5243 5244
f 5245 5246 5247
f 5248 5249 5250
f 5251 5252 5253
f 5254 5255 5256
f 5257 5258 5259
f 5260 5261 5262
f 5263 5264 5265
f 5266 5267 5268
f 5269 5270 5271
f 5272 5273 5274
f 5275 5276 5277
f 5278 5279 5280
f 5281 5282 5283
f 5284 5285 5286
f 5287 5288 5289
f 5290 5291 5292
f 5293 5294 5295
f 5296 5297 5298
f 5299 5300 5301
f 5302 5303 5304
f 5305 5306 5307
f 5308 5309 5310
f 5311 5312 5313
f 5314 5315 5316
f 5317 5318 5319
f 5320 5321 5322
f 5323 5324 5325
f 5326 5327 5328
f 5329 5330 5331
f 5332 5333 5334
f 5335 5336 5337
f 5338 5339 5340
f 5341 5342 5343
f 5344 5345 5346
f 5347 5348 5349
f 5350 5351 5352
f 5353 5354 5355
f 5356 5357 5358
f 5359 5360 5361
f 5362 5363 5364
f 5365 5366 5367
f 5368 5369 5370
f 5371 5372 5373
f 5374 5375 5376
f 5377 5378 5379
f 5380 5381 5382
f 5383 5384 5385
f 5386 5387 5388
f 5389 5390 5391
f 5392 5393 5394
f 5395 5396 5397
f 5398 5399 5400
f 5401 5402 5403
f 5404 5405 5406
f 5407 5408 5409
f 5410 5411 5412
f 5413 5414 5415
f 5416 5417 5418
f 5419 5420 5421
f 5422 5423 5424
f 5425 5426 5427
f 5428 5429 5430
f 5431 5432 5433
f 5434 5435 5436
f 5437 5438 5439
f 5440 5441 5442
f 5443 5444 5445
f 5446 5447 5448
f 5449 5450 5451
f 5452 5453 5454
f 5455 5456 5457
f 5458 5459 5460
f 5461 5462 5463
f 5464 5465 5466
f 5467 5468 5469
f 5470 5471 5472
f 5473 5474 5475
f 5476 5477 5478
f 5479 5480 5481
f 5482 5483 5484
f 5485 5486 5487
f 5488 5489 5490
f 5491 5492 5493
f 5494 5495 5496
f 5497 5498 5499
f 5500 5501 5502
f 5503 5504 5505
f 5506 5507 5508
f 5509 5510 5511
f 5512 5513 5514
f 5515 5516 5517
f 5518 5519 5520
f 5521 5522 5523
f 5524 5525 5526
f 5527 5528 5529
f 5530 5531 5532
f 5533 5534 5535
f 5536 5537 5538
f 5539 5540 5541
f 5542 5543 5544
f 5545 5546 5547
f 5548 5549 5550
f 5551 5552 5553
f 5554 5555 5556
f 5557 5558 5559
f 5560 5561 5562
f 5563 5564 5565
f 5566 5567 5568
f 5569 5570 5571
f 5572 5573 5574
f 5575 5576 5577
f 5578 5579 5580
f 5581 5582 5583
f 5584 5585 5586
f 5587 5588 5589
f 5590 5591 5592
f 5593 5594 5595
f 5596 5597 5598
f 5599 5600 5601
f 5602 5603 5604
f 5605 5606 5607
f 5608 5609 5610
f 5611 5612 5613
f 5614 5615 5616
f 5617 5618 5619
f 5620 5621 5622
f 5623 5624 5625
f 5626 5627 5628
f 5629 5630 5631
f 5632 5633 5634
f 5635 5636 5637
f 5638 5639 5640
f 5641 5642 5643
f 5644 5645 5646
f 5647 5648 5649
f 5650 5651 5652
f 5653 5654 5655
f 5656 5657 5658
f 5659 5660 5661
f 5662 5663 5664
f 5665 5666 5667
f 5668 5669 5670
f 5671 5672 5673
f 5674 5675 5676
f 5677 5678 5679
f 5680 5681 5682
f 5683 5684 5685
f 5686 5687 5688
f 5689 5690 5691
f 5692 5693 5694
f 5695 5696 5697
f 5698 5699 5700
f 5701 5702 5703
f 5704 5705 5706
f 5707 5708 5709
f 5710 5711 5712
f 5713 5714 5715
f 5716 5717 5718
f 5719 5720 5721
f 5722 5723 5724
f 5725 5726 5727
f 5728 5729 5730
f 5731 5732 5733
f 5734 5735 5736
f 5737 5738 5739
f 5740 5741 5742
f 5743 5744 5745
f 5746 5747 5748
f 5749 5750 5751
f 5752 5753 5754
f 5755 5756 5757
f 5758 5759 5760
f 5761 5762 5763
f 5764 5765 5766
f 5767 5768 5769
f 5770 5771 5772
f 5773 5774 5775
f 5776 5777 5778
f 5779 5780 5781
f 5782 5783 5784
f 5785 5786 5787
f 5788 5789 5790
f 5791 5792 5793
f 5794 5795 5796
f 5797 5798 5799
f 5800 5801 5802
f 5803 5804 5805
f 5806 5807 5808
f 5809 5810 5811
f 5812 5813 5814
f 5815 5816 5817
f 5818 5819 5820
f 5821 5822 5823
f 5824 5825 5826
f 5827 5828 5829
f 5830 5831 5832
f 5833 5834 5835
f 5836 5837 5838
f 5839 5840 5841
f 5842 5843 5844
f 5845 5846 5847
f 5848 5849 5850
f 5851 5852 5853
f 5854 5855 5856
f 5857 5858 5859
f 5860 5861 5862
f 5863 5864 5865
f 5866 5867 5868
f 5869 5870 5871
f 5872 5873 5874
f 5875 5876 5877
f 5878 5879 5880
f 5881 5882 5883
f 5884 5885 5886
f 5887 5888 5889
f 5890 5891 5892
f 5893 5894 5895
f 5896 5897 5898
f 5899 5900 5901
f 5902 5903 5904
f 5905 5906 5907
f 5908 5909 5910
f 5911 5912 5913
f 5914 5915 5916
f 5917 5918 5919
f 5920 5921 5922
f 5923 5924 5925
f 5926 5927 5928
f 5929 5930 5931
f 5932 5933 5934
f 5935 5936 5937
f 5938 5939 5940
f 5941 5942 5943
f 5944 5945 5946
f 5947 5948 5949
f 5950 5951 5952
f 5953 5954 5955
f 5956 5957 5958
f 5959 5960 5961
f 5962 5963 5964
f 5965 5966 5967
f 5968 5969 5970
f 5971 5972 5973
f 5974 5975 5976
f 5977 5978 5979
f 5980 5981 5982
f 5983 5984 5985
f 5986 5987 5988
f 5989 5990 5991
f 5992 5993 5994
f 5995 5996 5997
f 5998 5999 6000
f 6001 6002 6003
f 6004 6005 6006
f 6007 6008 6009
f 6010 6011 6012
f 6013 6014 6015
f 6016 6017 6018
f 6019 6020 6021
f 6022 6023 6024
f 6025 6026 6027
f 6028 6029 6030
f 6031 6032 6033
f 6034 6035 6036
f 6037 6038 6039
f 6040 6041 6042
f 6043 6044 6045
f 6046 6047 6048
f 6049 6050 6051
f 6052 6053 6054
f 6055 6056 6057
f 6058 6059 6060
f 6061 6062 6063
f 6064 6065 6066
f 6067 6068 6069
f 6070 6071 6072
f 6073 6074 6075
f 6076 6077 6078
f 6079 6080 6081
f 6082 6083 6084
f 6085 6086 6087
f 6088 6089 6090
f 6091 6092 6093
f 6094 6095 6096
f 6097 6098 6099
f 6100 6101 6102
f 6103 6104 6105
f 6106 6107 6108
f 6109 6110 6111
f 6112 6113 6114
f 6115 6116 6117
f 6118 6119 6120
f 6121 6122 6123
f 6124 6125 6126
f 6127 6128 6129
f 6130 6131 6132
f 6133 6134 6135
f 6136 6137 6138
f 6139 6140 6141
f 6142 6143 6144
f 6145 6146 6147
f 6148 6149 6150
f 6151 6152 6153
f 6154 6155 6156
f 6157 6158 6159
f 6160 6161 6162
f 6163 6164 6165
f 6166 6167 6168
f 6169 6170 6171
f 6172 6173 6174
f 6175 6176 6177
f 6178 6179 6180
f 6181 6182 6183
f 6184 6185 6186
f 6187 6188 6189
f 6190 6191 6192
f 6193 6194 6195
f 6196 6197 6198
f 6199 6200 6201
f 6202 6203 6204
f 6205 6206 6207
f 6208 6209 6210
f 6211 6212 6213
f 6214 6215 6216
f 6217 6218 6219
f 6220 6221 6222
f 6223 6224 6225
f 6226 6227 6228
f 6229 6230 6231
f 6232 6233 6234
f 6235 6236 6237
f 6238 6239 6240
f 6241 6242 6243
f 6244 6245 6246
f 6247 6248 6249
f 6250 6251 6252
f 6253 6254 6255
f 6256 6257 6258
f 6259 6260 6261
f 6262 6263 6264
f 6265 6266 6267
f 6268 6269 6270
f 6271 6272 6273
f 6274 6275 6276
f 6277 6278 6279
f 6280 6281 6282
f 6283 6284 6285
f 6286 6287 6288
f 6289 6290 6291
f 6292 6293 6294
f 6295 6296 6297
f 6298 6299 6300
f 6301 6302 6303
f 6304 6305 6306
f 6307 6308 6309
f 6310 6311 6312
f 6313 6314 6315
f 6316 6317 6318
f 6319 6320 6321
f 6322 6323 6324
f 6325 6326 6327
f 6328 6329 6330
f 6331 6332 6333
f 6334 6335 6336
f 6337 6338 6339
f 6340 6341 6342
f 6343 6344 6345
f 6346 6347 6348
f 6349 6350 6351
f 6352 6353 6354
f 6355 6356 6357
f 6358 6359 6360
f 6361 6362 6363
f 6364 6365 6366
f 6367 6368 6369
f 6370 6371 6372
f 6373 6374 6375
f 6376 6377 6378
f 6379 6380 6381
f 6382 6383 6384
f 6385 6386 6387
f 6388 6389 6390
f 6391 6392 6393
f 6394 6395 6396
f 6397 6398 6399
f 6400 6401 6402
f 6403 6404 6405
f 6406 6407 6408
f 6409 6410 6411
f 6412 6413 6414
f 6415 6416 6417
f 6418 6419 6420
f 6421 6422 6423
f 6424 6425 6426
f 6427 6428 6429
f 6430 6431 6432
f 6433 6434 6435
f 6436 6437 6438
f 6439 6440 6441
f 6442 6443 6444
f 6445 6446 6447
f 6448 6449 6450
f 6451 6452 6453
f 6454 6455 6456
f 6457 6458 6459
f 6460 6461 6462
f 6463 6464 6465
f 6466 6467 6468
f 6469 6470 6471
f 6472 6473 6474
f 6475 6476 6477
f 6478 6479 6480
f 6481 6482 6483
f 6484 6485 6486
f 6487 6488 6489
f 6490 6491 6492
f 6493 6494 6495
f 6496 6497 6498
f 6499 6500 6501
f 6502 6503 6504
f 6505 6506 6507
f 6508 6509 6510
f 6511 6512 6513
f 6514 6515 6516
f 6517 6518 6519
f 6520 6521 6522
f 6523 6524 6525
f 6526 6527 6528
f 6529 6530 6531
f 6532 6533 6534
f 6535 6536 6537
f 6538 6539 6540
f 6541 6542 6543
f 6544 6545 6546
f 6547 6548 6549
f 6550 6551 6552
f 6553 6554 6555
f 6556 6557 6558
f 6559 6560 6561
f 6562 6563 6564
f 6565 6566 6567
f 6568 6569 6570
f 6571 6572 6573
f 6574 6575 6576
f 6577 6578 6579
f 6580 6581 6582
f 6583 6584 6585
f 6586 6587 6588
f 6589 6590 6591
f 6592 6593 6594
f 6595 6596 6597
f 6598 6599 6600
f 6601 6602 6603
f 6604 6605 6606
f 6607 6608 6609
f 6610 6611 6612
f 6613 6614 6615
f 6616 6617 6618
f 6619 6620 6621
f 6622 6623 6624
f 6625 6626 6627
f 6628 6629 6630
f 6631 6632 6633
f 6634 6635 6636
f 6637 6638 6639
f 6640 6641 6642
f 6643 6644 6645
f 6646 6647 6648
f 6649 6650 6651
f 6652 6653 6654
f 6655 6656 6657
f 6658 6659 6660
f 6661 6662 6663
f 6664 6665 6666
f 6667 6668 6669
f 6670 6671 6672
f 6673 6674 6675
f 6676 6677 6678
f 6679 6680 6681
f 6682 6683 6684
f 6685 6686 6687
f 6688 6689 6690
f 6691 6692 6693
f 6694 6695 6696
f 6697 6698 6699
f 6700 6701 6702
f 6703 6704 6705
f 6706 6707 6708
f 6709 6710 6711
f 6712 6713 6714
f 6715 6716 6717
f 6718 6719 6720
f 6721 6722 6723
f 6724 6725 6726
f 6727 6728 6729
f 6730 6731 6732
f 6733 6734 6735
f 6736 6737 6738
f 6739 6740 6741
f 6742 6743 6744
f 6745 6746 6747
f 6748 6749 6750
f 6751 6752 6753
f 6754 6755 6756
f 6757 6758 6759
f 6760 6761 6762
f 6763 6764 6765
f 6766 6767 6768
f 6769 6770 6771
f 6772 6773 6774
f 6775 6776 6777
f 6778 6779 6780
f 6781 6782 6783
f 6784 6785 6786
f 6787 6788 6789
f 6790 6791 6792
f 6793 6794 6795
f 6796 6797 6798
f 6799 6800 6801
f 6802 6803 6804
f 6805 6806 6807
f 6808 6809 6810
f 6811 6812 6813
f 6814 6815 6816
f 6817 6818 6819
f 6820 6821 6822
f 6823 6824 6825
f 6826 6827 6828
f 6829 6830 6831
f 6832 6833 6834
f 6835 6836 6837
f 6838 6839 6840
f 6841 6842 6843
f 6844 6845 6846
f 6847 6848 6849
f 6850 6851 6852
f 6853 6854 6855
f 6856 6857 6858
f 6859 6860 6861
f 6862 6863 6864
f 6865 6866 6867
f 6868 6869 6870
f 6871 6872 6873
f 6874 6875 6876
f 6877 6878 6879
f 6880 6881 6882
f 6883 6884 6885
f 6886 6887 6888
f 6889 6890 6891
f 6892 6893 6894
f 6895 6896 6897
f 6898 6899 6900
f 6901 6902 6903
f 6904 6905 6906
f 6907 6908 6909
f 6910 6911 6912
f 6913 6914 6915
f 6916 6917 6918
f 6919 6920 6921
f 6922 6923 6924
f 6925 6926 6927
f 6928 6929 6930
f 6931 6932 6933
f 6934 6935 6936
f 6937 6938 6939
f 6940 6941 6942
f 6943 6944 6945
f 6946 6947 6948
f 6949 6950 6951
f 6952 6953 6954
f 6955 6956 6957
f 6958 6959 6960
f 6961 6962 6963
f 6964 6965 6966
f 6967 6968 6969
f 6970 6971 6972
f 6973 6974 6975
f 6976 6977 6978
f 6979 6980 6981
f 6982 6983 6984
f 6985 6986 6987
f 6988 6989 6990
f 6991 6992 6993
f 6994 6995 6996
f 6997 6998 6999
f 7000 7001 7002
f 7003 7004 7005
f 7006 7007 7008
f 7009 7010 7011
f 7012 7013 7014
f 7015 7016 7017
f 7018 7019 7020
f 7021 7022 7023
f 7024 7025 7026
f 7027 7028 7029
f 7030 7031 7032
f 7033 7034 7035
f 7036 7037 7038
f 7039 7040 7041
f 7042 7043 7044
f 7045 7046 7047
f 7048 7049 7050
f 7051 7052 7053
f 7054 7055 7056
f 7057 7058 7059
f 7060 7061 7062
f 7063 7064 7065
f 7066 7067 7068
f 7069 7070 7071
f 7072 7073 7074
f 7075 7076 7077
f 7078 7079 7080
f 7081 7082 7083
f 7084 7085 7086
f 7087 7088 7089
f 7090 7091 7092
f 7093 7094 7095
f 7096 7097 7098
f 7099 7100 7101
f 7102 7103 7104
f 7105 7106 7107
f 7108 7109 7110
f 7111 7112 7113
f 7114 7115 7116
f 7117 7118 7119
f 7120 7121 7122
f 7123 7124 7125
f 7126 7127 7128
f 7129 7130 7131
f 7132 7133 7134
f 7135 7136 7137
f 7138 7139 7140
f 7141 7142 7143
f 7144 7145 7146
f 7147 7148 7149
f 7150 7151 7152
f 7153 7154 7155
f 7156 7157 7158
f 7159 7160 7161
f 7162 7163 7164
f 7165 7166 7167
f 7168 7169 7170
f 7171 7172 7173
f 7174 7175 7176
f 7177 7178 7179
f 7180 7181 7182
f 7183 7184 7185
f 7186 7187 7188
f 7189 7190 7191
f 7192 7193 7194
f 7195 7196 7197
f 7198 7199 7200
f 7201 7202 7203
f 7204 7205 7206
f 7207 7208 7209
f 7210 7211 7212
f 7213 7214 7215
f 7216 7217 7218
f 7219 7220 7221
f 7222 7223 7224
f 7225 7226 7227
f 7228 7229 7230
f 7231 7232 7233
f 7234 7235 7236
f 7237 7238 7239
f 7240 7241 7242
f 7243 7244 7245
f 7246 7247 7248
f 7249 7250 7251
f 7252 7253 7254
f 7255 7256 7257
f 7258 7259 7260
f 7261 7262 7263
f 7264 7265 7266
f 7267 7268 7269
f 7270 7271 7272
f 7273 7274 7275
f 7276 7277 7278
f 7279 7280 7281
f 7282 7283 7284
f 7285 7286 7287
f 7288 7289 7290
f 7291 7292 7293
f 7294 7295 7296
f 7297 7298 7299
f 7300 7301 7302
f 7303 7304 7305
f 7306 7307 7308
f 7309 7310 7311
f 7312 7313 7314
f 7315 7316 7317
f 7318 7319 7320
f 7321 7322 7323
f 7324 7325 7326
f 7327 7328 7329
f 7330 7331 7332
f 7333 7334 7335
f 7336 7337 7338
f 7339 7340 7341
f 7342 7343 7344
f 7345 7346 7347
f 7348 7349 7350
f 7351 7352 7353
f 7354 7355 7356
f 7357 7358 7359
f 7360 7361 7362
f 7363 7364 7365
f 7366 7367 7368
f 7369 7370 7371
f 7372 7373 7374
f 7375 7376 7377
f 7378 7379 7380
f 7381 7382 7383
f 7384 7385 7386
f 7387 7388 7389
f 7390 7391 7392
f 7393 7394 7395
f 7396 7397 7398
f 7399 7400 7401
f 7402 7403 7404
f 7405 7406 7407
f 7408 7409 7410
f 7411 7412 7413
f 7414 7415 7416
f 7417 7418 7419
f 7420 7421 7422
f 7423 7424 7425
f 7426 7427 7428
f 7429 7430 7431
f 7432 7433 7434
f 7435 7436 7437
f 7438 7439 7440
f 7441 7442 7443
f 7444 7445 7446
f 7447 7448 7449
f 7450 7451 7452
f 7453 7454 7455
f 7456 7457 7458
f 7459 7460 7461
f 7462 7463 7464
f 7465 7466 7467
f 7468 7469 7470
f 7471 7472 7473
f 7474 7475 7476
f 7477 7478 7479
f 7480 7481 7482
f 7483 7484 7485
f 7486 7487 7488
f 7489 7490 7491
f 7492 7493 7494
f 7495 7496 7497
f 7498 7499 7500
f 7501 7502 7503
f 7504 7505 7506
f 7507 7508 7509
f 7510 7511 7512
f 7513 7514 7515
f 7516 7517 7518
f 7519 7520 7521
f 7522 7523 7524
f 7525 7526 7527
f 7528 7529 7530
f 7531 7532 7533
f 7534 7535 7536
f 7537 7538 7539
f 7540 7541 7542
f 7543 7544 7545
f 7546 7547 7548
f 7549 7550 7551
f 7552 7553 7554
f 7555 7556 7557
f 7558 7559 7560
f 7561 7562 7563
f 7564 7565 7566
f 7567 7568 7569
f 7570 7571 7572
f 7573 7574 7575
f 7576 7577 7578
f 7579 7580 7581
f 7582 7583 7584
f 7585 7586 7587
f 7588 7589 7590
f 7591 7592 7593
f 7594 7595 7596
f 7597 7598 7599
f 7600 7601 7602
f 7603 7604 7605
f 7606 7607 7608
f 7609 7610 7611
f 7612 7613 7614
f 7615 7616 7617
f 7618 7619 7620
f 7621 7622 7623
f 7624 7625 7626
f 7627 7628 7629
f 7630 7631 7632
f 7633 7634 7635
f 7636 7637 7638
f 7639 7640 7641
f 7642 7643 7644
f 7645 7646 7647
f 7648 7649 7650
f 7651 7652 7653
f 7654 7655 7656
f 7657 7658 7659
f 7660 7661 7662
f 7663 7664 7665
f 7666 7667 7668
f 7669 7670 7671
f 7672 7673 7674
f 7675 7676 7677
f 7678 7679 7680
f 7681 7682 7683
f 7684 7685 7686
f 7687 7688 7689
f 7690 7691 7692
f 7693 7694 7695
f 7696 7697 7698
f 7699 7700 7701
f 7702 7703 7704
f 7705 7706 7707
f 7708 7709 7710
f 7711 7712 7713
f 7714 7715 7716
f 7717 7718 7719
f 7720 7721 7722
f 7723 7724 7725
f 7726 7727 7728
f 7729 7730 7731
f 7732 7733 7734
f 7735 7736 7737
f 7738 7739 7740
f 7741 7742 7743
f 7744 7745 7746
f 7747 7748 7749
f 7750 7751 7752
f 7753 7754 7755
f 7756 7757 7758
f 7759 7760 7761
f 7762 7763 7764
f 7765 7766 7767
f 7768 7769 7770
f 7771 7772 7773
f 7774 7775 7776
f 7777 7778 7779
f 7780 7781 7782
f 7783 7784 7785
f 7786 7787 7788
f 7789 7790 7791
f 7792 7793 7794
f 7795 7796 7797
f 7798 7799 7800
f 7801 7802 7803
f 7804 7805 7806
f 7807 7808 7809
f 7810 7811 7812
f 7813 7814 7815
f 7816 7817 7818
f 7819 7820 7821
f 7822 7823 7824
f 7825 7826 7827
f 7828 7829 7830
f 7831 7832 7833
f 7834 7835 7836
f 7837 7838 7839
f 7840 7841 7842
f 7843 7844 7845
f 7846 7847 7848
f 7849 7850 7851
f 7852 7853 7854
f 7855 7856 7857
f 7858 7859 7860
f 7861 7862 7863
f 7864 7865 7866
f 7867 7868 7869
f 7870 7871 7872
f 7873 7874 7875
f 7876 7877 7878
f 7879 7880 7881
f 7882 7883 7884
f 7885 7886 7887
f 7888 7889 7890
f 7891 7892 7893
f 7894 7895 7896
f 7897 7898 7899
f 7900 7901 7902
f 7903 7904 7905
f 7906 7907 7908
f 7909 7910 7911
f 7912 7913 7914
f 7915 7916 7917
f 7918 7919 7920
f 7921 7922 7923
f 7924 7925 7926
f 7927 7928 7929
f 7930 7931 7932
f 7933 7934 7935
f 7936 7937 7938
f 7939 7940 7941
f 7942 7943 7944
f 7945 7946 7947
f 7948 7949 7950
f 7951 7952 7953
f 7954 7955 7956
f 7957 7958 7959
f 7960 7961 7962
f 7963 7964 7965
f 7966 7967 7968
f 7969 7970 7971
f 7972 7973 7974
f 7975 7976 7977
f 7978 7979 7980
f 7981 7982 7983
f 7984 7985 7986
f 7987 7988 7989
f 7990 7991 7992
f 7993 7994 7995
f 7996 7997 7998
f 7999 8000 8001
f 8002 8003 8004
f 8005 8006 8007
f 8008 8009 8010
f 8011 8012 8013
f 8014 8015 8016
f 8017 8018 8019
f 8020 8021 8022
f 8023 8024 8025
f 8026 8027 8028
f 8029 8030 8031
f 8032 8033 8034
f 8035 8036 8037
f 8038 8039 8040
f 8041 8042 8043
f 8044 8045 8046
f 8047 8048 8049
f 8050 8051 8052
f 8053 8054 8055
f 8056 8057 8058
f 8059 8060 8061
f 8062 8063 8064
f 8065 8066 8067
f 8068 8069 8070
f 8071 8072 8073
f 8074 8075 8076
f 8077 8078 8079
f 8080 8081 8082
f 8083 8084 8085
f 8086 8087 8088
f 8089 8090 8091
f 8092 8093 8094
f 8095 8096 8097
f 8098 8099 8100
f 8101 8102 8103
f 8104 8105 8106
f 8107 8108 8109
f 8110 8111 8112
f 8113 8114 8115
f 8116 8117 8118
f 8119 8120 8121
f 8122 8123 8124
f 8125 8126 8127
f 8128 8129 8130
f 8131 8132 8133
f 8134 8135 8136
f 8137 8138 8139
f 8140 8141 8142
f 8143 8144 8145
f 8146 8147 8148
f 8149 8150 8151
f 8152 8153 8154
f 8155 8156 8157
f 8158 8159 8160
f 8161 8162 8163
f 8164 8165 8166
f 8167 8168 8169
f 8170 8171 8172
f 8173 8174 8175
f 8176 8177 8178
f 8179 8180 8181
f 8182 8183 8184
f 8185 8186 8187
f 8188 8189 8190
f 8191 8192 8193
f 8194 8195 8196
f 8197 8198 8199
f 8200 8201 8202
f 8203 8204 8205
f 8206 8207 8208
f 8209 8210 8211
f 8212 8213 8214
f 8215 8216 8217
f 8218 8219 8220
f 8221 8222 8223
f 8224 8225 8226
f 8227 8228 8229
f 8230 8231 8232
f 8233 8234 8235
f 8236 8237 8238
f 8239 8240 8241
f 8242 8243 8244
f 8245 8246 8247
f 8248 8249 8250
f 8251 8252 8253
f 8254 8255 8256
f 8257 8258 8259
f 8260 8261 8262
f 8263 8264 8265
f 8266 8267 8268
f 8269 8270 8271
f 8272 8273 8274
f 8275 8276 8277
f 8278 8279 8280
f 8281 8282 8283
f 8284 8285 8286
f 8287 8288 8289
f 8290 8291 8292
f 8293 8294 8295
f 8296 8297 8298
f 8299 8300 8301
f 8302 8303 8304
f 8305 8306 8307
f 8308 8309 8310
f 8311 8312 8313
f 8314 8315 8316
f 8317 8318 8319
f 8320 8321 8322
f 8323 8324 8325
f 8326 8327 8328
f 8329 8330 8331
f 8332 8333 8334
f 8335 8336 8337
f 8338 8339 8340
f 8341 8342 8343
f 8344 8345 8346
f 8347 8348 8349
f 8350 8351 8352
f 8353 8354 8355
f 8356 8357 8358
f 8359 8360 8361
f 8362 8363 8364
f 8365 8366 8367
f 8368 8369 8370
f 8371 8372 8373
f 8374 8375 8376
f 8377 8378 8379
f 8380 8381 8382
f 8383 8384 8385
f 8386 8387 8388
f 8389 8390 8391
f 8392 8393 8394
f 8395 8396 8397
f 8398 8399 8400
f 8401 8402 8403
f 8404 8405 8406
f 8407 8408 8409
f 8410 8411 8412
f 8413 8414 8415
f 8416 8417 8418
f 8419 8420 8421
f 8422 8423 8424
f 8425 8426 8427
f 8428 8429 8430
f 8431 8432 8433
f 8434 8435 8436
f 8437 8438 8439
f 8440 8441 8442
f 8443 8444 8445
f 8446 8447 8448
f 8449 8450 8451
f 8452 8453 8454
f 8455 8456 8457
f 8458 8459 8460
f 8461 8462 8463
f 8464 8465 8466
f 8467 8468 8469
f 8470 8471 8472
f 8473 8474 8475
f 8476 8477 8478
f 8479 8480 8481
f 8482 8483 8484
f 8485 8486 8487
f 8488 8489 8490
f 8491 8492 8493
f 8494 8495 8496
f 8497 8498 8499
f 8500 8501 8502
f 8503 8504 8505
f 8506 8507 8508
f 8509 8510 8511
f 8512 8513 8514
f 8515 8516 8517
f 8518 8519 8520
f 8521 8522 8523
f 8524 8525 8526
f 8527 8528 8529
f 8530 8531 8532
f 8533 8534 8535
f 8536 8537 8538
f 8539 8540 8541
f 8542 8543 8544
f 8545 8546 8547
f 8548 8549 8550
f 8551 8552 8553
f 8554 8555 8556
f 8557 8558 8559
f 8560 8561 8562
f 8563 8564 8565
f 8566 8567 8568
f 8569 8570 8571
f 8572 8573 8574
f 8575 8576 8577
f 8578 8579 8580
f 8581 8582 8583
f 8584 8585 8586
f 8587 8588 8589
f 8590 8591 8592
f 8593 8594 8595
f 8596 8597 8598
f 8599 8600 8601
f 8602 8603 8604
f 8605 8606 8607
f 8608 8609 8610
f 8611 8612 8613
f 8614 8615 8616
f 8617 8618 8619
f 8620 8621 8622
f 8623 8624 8625
f 8626 8627 8628
f 8629 8630 8631
f 8632 8633 8634
f 8635 8636 8637
f 8638 8639 8640
f 8641 8642 8643
f 8644 8645 8646
f 8647 8648 8649
f 8650 8651 8652
f 8653 8654 8655
f 8656 8657 8658
f 8659 8660 8661
f 8662 8663 8664
f 8665 8666 8667
f 8668 8669 8670
f 8671 8672 8673
f 8674 8675 8676
f 8677 8678 8679
f 8680 8681 8682
f 8683 8684 8685
f 8686 8687 8688
f 8689 8690 8691
f 8692 8693 8694
f 8695 8696 8697
f 8698 8699 8700
f 8701 8702 8703
f 8704 8705 8706
f 8707 8708 8709
f 8710 8711 8712
f 8713 8714 8715
f 8716 8717 8718
f 8719 8720 8721
f 8722 8723 8724
f 8725 8726 8727
f 8728 8729 8730
f 8731 8732 8733
f 8734 8735 8736
f 8737 8738 8739
f 8740 8741 8742
f 8743 8744 8745
f 8746 8747 8748
f 8749 8750 8751
f 8752 8753 8754
f 8755 8756 8757
f 8758 8759 8760
f 8761 8762 8763
f 8764 8765 8766
f 8767 8768 8769
f 8770 8771 8772
f 8773 8774 8775
f 8776 8777 8778
f 8779 8780 8781
f 8782 8783 8784
f 8785 8786 8787
f 8788 8789 8790
f 8791 8792 8793
f 8794 8795 8796
f 8797 8798 8799
f 8800 8801 8802
f 8803 8804 8805
f 8806 8807 8808
f 8809 8810 8811
f 8812 8813 8814
f 8815 8816 8817
f 8818 8819 8820
f 8821 8822 8823
f 8824 8825 8826
f 8827 8828 8829
f 8830 8831 8832
f 8833 8834 8835
f 8836 8837 8838
f 8839 8840 8841
f 8842 8843 8844
f 8845 8846 8847
f 8848 8849 8850
f 8851 8852 8853
f 8854 8855 8856
f 8857 8858 8859
f 8860 8861 8862
f 8863 8864 8865
f 8866 8867 8868
f 8869 8870 8871
f 8872 8873 8874
f 8875 8876 8877
f 8878 8879 8880
f 8881 8882 8883
f 8884 8885 8886
f 8887 8888 8889
f 8890 8891 8892
f 8893 8894 8895
f 8896 8897 8898
f 8899 8900 8901
f 8902 8903 8904
f 8905 8906 8907
f 8908 8909 8910
f 8911 8912 8913
f 8914 8915 8916
f 8917 8918 8919
f 8920 8921 8922
f 8923 8924 8925
f 8926 8927 8928
f 8929 8930 8931
f 8932 8933 8934
f 8935 8936 8937
f 8938 8939 8940
f 8941 8942 8943
f 8944 8945 8946
f 8947 8948 8949
f 8950 8951 8952
f 8953 8954 8955
f 8956 8957 8958
f 8959 8960 8961
f 8962 8963 8964
f 8965 8966 8967
f 8968 8969 8970
f 8971 8972 8973
f 8974 8975 8976
f 8977 8978 8979
f 8980 8981 8982
f 8983 8984 8985
f 8986 8987 8988
f 8989 8990 8991
f 8992 8993 8994
f 8995 8996 8997
f 8998 8999 9000
f 9001 9002 9003
f 9004 9005 9006
f 9007 9008 9009
f 9010 9011 9012
f 9013 9014 9015
f 9016 9017 9018
f 9019 9020 9021
f 9022 9023 9024
f 9025 9026 9027
f 9028 9029 9030
f 9031 9032 9033
f 9034 9035 9036
f 9037 9038 9039
f 9040 9041 9042
f 9043 9044 9045
f 9046 9047 9048
f 9049 9050 9051
f 9052 9053 9054
f 9055 9056 9057
f 9058 9059 9060
f 9061 9062 9063
f 9064 9065 9066
f 9067 9068 9069
f 9070 9071 9072
f 9073 9074 9075
f 9076 9077 9078
f 9079 9080 9081
f 9082 9083 9084
f 9085 9086 9087
f 9088 9089 9090
f 9091 9092 9093
f 9094 9095 9096
f 9097 9098 9099
f 9100 9101 9102
f 9103 9104 9105
f 9106 9107 9108
f 9109 9110 9111
f 9112 9113 9114
f 9115 9116 9117
f 9118 9119 9120
f 9121 9122 9123
f 9124 9125 9126
f 9127 9128 9129
f 9130 9131 9132
f 9133 9134 9135
f 9136 9137 9138
f 9139 9140 9141
f 9142 9143 9144
f 9145 9146 9147
f 9148 9149 9150
f 9151 9152 9153
f 9154 9155 9156
f 9157 9158 9159
f 9160 9161 9162
f 9163 9164 9165
f 9166 9167 9168
f 9169 9170 9171
f 9172 9173 9174
f 9175 9176 9177
f 9178 9179 9180
f 9181 9182 9183
f 9184 9185 9186
f 9187 9188 9189
f 9190 9191 9192
f 9193 9194 9195
f 9196 9197 9198
f 9199 9200 9201
f 9202 9203 9204
f 9205 9206 9207
f 9208 9209 9210
f 9211 9212 9213
f 9214 9215 9216
f 9217 9218 9219
f 9220 9221 9222
f 9223 9224 9225
f 9226 9227 9228
f 9229 9230 9231
f 9232 9233 9234
f 9235 9236 9237
f 9238 9239 9240
f 9241 9242 9243
f 9244 9245 9246
f 9247 9248 9249
f 9250 9251 9252
f 9253 9254 9255
f 9256 9257 9258
f 9259 9260 9261
f 9262 9263 9264
f 9265 9266 9267
f 9268 9269 9270
f 9271 9272 9273
f 9274 9275 9276
f 9277 9278 9279
f 9280 9281 9282
f 9283 9284 9285
f 9286 9287 9288
f 9289 9290 9291
f 9292 9293 9294
f 9295 9296 9297
f 9298 9299 9300
f 9301 9302 9303
f 9304 9305 9306
f 9307 9308 9309
f 9310 9311 9312
f 9313 9314 9315
f 9316 9317 9318
f 9319 9320 9321
f 9322 9323 9324
f 9325 9326 9327
f 9328 9329 9330
f 9331 9332 9333
f 9334 9335 9336
f 9337 9338 9339
f 9340 9341 9342
f 9343 9344 9345
f 9346 9347 9348
f 9349 9350 9351
f 9352 9353 9354
f 9355 9356 9357
f 9358 9359 9360
f 9361 9362 9363
f 9364 9365 9366
f 9367 9368 9369
f 9370 9371 9372
f 9373 9374 9375
f 9376 9377 9378
f 9379 9380 9381
f 9382 9383 9384
f 9385 9386 9387
f 9388 9389 9390
f 9391 9392 9393
f 9394 9395 9396
f 9397 9398 9399
f 9400 9401 9402
f 9403 9404 9405
f 9406 9407 9408
f 9409 9410 9411
f 9412 9413 9414
f 9415 9416 9417
f 9418 9419 9420
f 9421 9422 9423
f 9424 9425 9426
f 9427 9428 9429
f 9430 9431 9432
f 9433 9434 9435
f 9436 9437 9438
f 9439 9440 9441
f 9442 9443 9444
f 9445 9446 9447
f 9448 9449 9450
f 9451 9452 9453
f 9454 9455 9456
f 9457 9458 9459
f 9460 9461 9462
f 9463 9464 9465
f 9466 9467 9468
f 9469 9470 9471
f 9472 9473 9474
f 9475 9476 9477
f 9478 9479 9480
f 9481 9482 9483
f 9484 9485 9486
f 9487 9488 9489
f 9490 9491 9492
f 9493 9494 9495
f 9496 9497 9498
f 9499 9500 9501
f 9502 9503 9504
f 9505 9506 9507
f 9508 9509 9510
f 9511 9512 9513
f 9514 9515 9516
f 9517 9518 9519
f 9520 9521 9522
f 9523 9524 9525
f 9526 9527 9528
f 9529 9530 9531
f 9532 9533 9534
f 9535 9536 9537
f 9538 9539 9540
f 9541 9542 9543
f 9544 9545 9546
f 9547 9548 9549
f 9550 9551 9552
f 9553 9554 9555
f 9556 9557 9558
f 9559 9560 9561
f 9562 9563 9564
f 9565 9566 9567
f 9568 9569 9570
f 9571 9572 9573
f 9574 9575 9576
f 9577 9578 9579
f 9580 9581 9582
f 9583 9584 9585
f 9586 9587 9588
f 9589 9590 9591
f 9592 9593 9594
f 9595 9596 9597
f 9598 9599 9600
f 9601 9602 9603
f 9604 9605 9606
f 9607 9608 9609
f 9610 9611 9612
f 9613 9614 9615
f 9616 9617 9618
f 9619 9620 9621
f 9622 9623 9624
f 9625 9626 9627
f 9628 9629 9630
f 9631 9632 9633
f 9634 9635 9636
f 9637 9638 9639
f 9640 9641 9642
f 9643 9644 9645
f 9646 9647 9648
f 9649 9650 9651
f 9652 9653 9654
f 9655 9656 9657
f 9658 9659 9660
f 9661 9662 9663
f 9664 9665 9666
f 9667 9668 9669
f 9670 9671 9672
f 9673 9674 9675
f 9676 9677 9678
f 9679 9680 9681
f 9682 9683 9684
f 9685 9686 9687
f 9688 9689 9690
f 9691 9692 9693
f 9694 9695 9696
f 9697 9698 9699
f 9700 9701 9702
f 9703 9704 9705
f 9706 9707 9708
f 9709 9710 9711
f 9712 9713 9714
f 9715 9716 9717
f 9718 9719 9720
f 9721 9722 9723
f 9724 9725 9726
f 9727 9728 9729
f 9730 9731 9732
f 9733 9734 9735
f 9736 9737 9738
f 9739 9740 9741
f 9742 9743 9744
f 9745 9746 9747
f 9748 9749 9750
f 9751 9752 9753
f 9754 9755 9756
f 9757 9758 9759
f 9760 9761 9762
f 9763 9764 9765
f 9766 9767 9768
f 9769 9770 9771
f 9772 9773 9774
f 9775 9776 9777
f 9778 9779 9780
f 9781 9782 9783
f 9784 9785 9786
f 9787 9788 9789
f 9790 9791 9792
f 9793 9794 9795
f 9796 9797 9798
f 9799 9800 9801
f 9802 9803 9804
f 9805 9806 9807
f 9808 9809 9810
f 9811 9812 9813
f 9814 9815 9816
f 9817 9818 9819
f 9820 9821 9822
f 9823 9824 9825
f 9826 9827 9828
f 9829 9830 9831
f 9832 9833 9834
f 9835 9836 9837
f 9838 9839 9840
f 9841 9842 9843
f 9844 9845 9846
f 9847 9848 9849
f 9850 9851 9852
f 9853 9854 9855
f 9856 9857 9858
f 9859 9860 9861
f 9862 9863 9864
f 9865 9866 9867
f 9868 9869 9870
f 9871 9872 9873
f 9874 9875 9876
f 9877 9878 9879
f 9880 9881 9882
f 9883 9884 9885
f 9886 9887 9888
f 9889 9890 9891
f 9892 9893 9894
f 9895 9896 9897
f 9898 9899 9900
f 9901 9902 9903
f 9904 9905 9906
f 9907 9908 9909
f 9910 9911 9912
f 9913 9914 9915
f 9916 9917 9918
f 9919 9920 9921
f 9922 9923 9924
f 9925 9926 9927
f 9928 9929 9930
f 9931 9932 9933
f 9934 9935 9936
f 9937 9938 9939
f 9940 9941 9942
f 9943 9944 9945
f 9946 9947 9948
f 9949 9950 9951
f 9952 9953 9954
f 9955 9956 9957
f 9958 9959 9960
f 9961 9962 9963
f 9964 9965 9966
f 9967 9968 9969
f 9970 9971 9972
f 9973 9974 9975
f 9976 9977 9978
f 9979 9980 9981
f 9982 9983 9984
f 9985 9986 9987
f 9988 9989 9990
f 9991 9992 9993
f 9994 9995 9996
f 9997 9998 9999
f 10000 10001 10002
f 10003 10004 10005
f 10006 10007 10008
f 10009 10010 10011
f 10012 10013 10014
f 10015 10016 10017
f 10018 10019 10020
f 10021 10022 10023
f 10024 10025 10026
f 10027 10028 10029
f 10030 10031 10032
f 10033 10034 10035
f 10036 10037 10038
f 10039 10040 10041
f 10042 10043 10044
f 10045 10046 10047
f 10048 10049 10050
f 10051 10052 10053
f 10054 10055 10056
f 10057 10058 10059
f 10060 10061 10062
f 10063 10064 10065
f 10066 10067 10068
f 10069 10070 10071
f 10072 10073 10074
f 10075 10076 10077
f 10078 10079 10080
f 10081 10082 10083
f 10084 10085 10086
f 10087 10088 10089
f 10090 10091 10092
f 10093 10094 10095
f 10096 10097 10098
f 10099 10100 10101
f 10102 10103 10104
f 10105 10106 10107
f 10108 10109 10110
f 10111 10112 10113
f 10114 10115 10116
f 10117 10118 10119
f 10120 10121 10122
f 10123 10124 10125
f 10126 10127 10128
f 10129 10130 10131
f 10132 10133 10134
f 10135 10136 10137
f 10138 10139 10140
f 10141 10142 10143
f 10144 10145 10146
f 10147 10148 10149
f 10150 10151 10152
f 10153 10154 10155
f 10156 10157 10158
f 10159 10160 10161
f 10162 10163 10164
f 10165 10166 10167
f 10168 10169 10170
f 10171 10172 10173
f 10174 10175 10176
f 10177 10178 10179
f 10180 10181 10182
f 10183 10184 10185
f 10186 10187 10188
f 10189 10190 10191
f 10192 10193 10194
f 10195 10196 10197
f 10198 10199 10200
f 10201 10202 10203
f 10204 10205 10206
f 10207 10208 10209
f 10210 10211 10212
f 10213 10214 10215
f 10216 10217 10218
f 10219 10220 10221
f 10222 10223 10224
f 10225 10226 10227
f 10228 10229 10230
f 10231 10232 10233
f 10234 10235 10236
f 10237 10238 10239
f 10240 10241 10242
f 10243 10244 10245
f 10246 10247 10248
f 10249 10250 10251
f 10252 10253 10254
f 10255 10256 10257
f 10258 10259 10260
f 10261 10262 10263
f 10264 10265 10266
f 10267 10268 10269
f 10270 10271 10272
f 10273 10274 10275
f 10276 10277 10278
f 10279 10280 10281
f 10282 10283 10284
f 10285 10286 10287
f 10288 10289 10290
f 10291 10292 10293
f 10294 10295 10296
f 10297 10298 10299
f 10300 10301 10302
f 10303 10304 10305
f 10306 10307 10308
f 10309 10310 10311
f 10312 10313 10314
f 10315 10316 10317
f 10318 10319 10320
f 10321 10322 10323
f 10324 10325 10326
f 10327 10328 10329
f 10330 10331 10332
f 10333 10334 10335
f 10336 10337 10338
f 10339 10340 10341
f 10342 10343 10344
f 10345 10346 10347
f 10348 10349 10350
f 10351 10352 10353
f 10354 10355 10356
f 10357 10358 10359
f 10360 10361 10362
f 10363 10364 10365
f 10366 10367 10368
f 10369 10370 10371
f 10372 10373 10374
f 10375 10376 10377
f 10378 10379 10380
f 10381 10382 10383
f 10384 10385 10386
f 10387 10388 10389
f 10390 10391 10392
f 10393 10394 10395
f 10396 10397 10398
f 10399 10400 10401
f 10402 10403 10404
f 10405 10406 10407
f 10408 10409 10410
f 10411 10412 10413
f 10414 10415 10416
f 10417 10418 10419
f 10420 10421 10422
f 10423 10424 10425
f 10426 10427 10428
f 10429 10430 10431
f 10432 10433 10434
f 10435 10436 10437
f 10438 10439 10440
f 10441 10442 10443
f 10444 10445 10446
f 10447 10448 10449
f 10450 10451 10452
f 10453 10454 10455
f 10456 10457 10458
f 10459 10460 10461
f 10462 10463 10464
f 10465 10466 10467
f 10468 10469 10470
f 10471 10472 10473
f 10474 10475 10476
f 10477 10478 10479
f 10480 10481 10482
f 10483 10484 10485
f 10486 10487 10488
f 10489 10490 10491
f 10492 10493 10494
f 10495 10496 10497
f 10498 10499 10500
f 10501 10502 10503
f 10504 10505 10506
f 10507 10508 10509
f 10510 10511 10512
f 10513 10514 10515
f 10516 10517 10518
f 10519 10520 10521
f 10522 10523 10524
f 10525 10526 10527
f 10528 10529 10530
f 10531 10532 10533
f 10534 10535 10536
f 10537 10538 10539
f 10540 10541 10542
f 10543 10544 10545
f 10546 10547 10548
f 10549 10550 10551
f 10552 10553 10554
f 10555 10556 10557
f 10558 10559 10560
f 10561 10562 10563
f 10564 10565 10566
f 10567 10568 10569
f 10570 10571 10572
f 10573 10574 10575
f 10576 10577 10578
f 10579 10580 10581
f 10582 10583 10584
f 10585 10586 10587
f 10588 10589 10590
f 10591 10592 10593
f 10594 10595 10596
f 10597 10598 10599
f 10600 10601 10602
f 10603 10604 10605
f 10606 10607 10608
f 10609 10610 10611
f 10612 10613 10614
f 10615 10616 10617
f 10618 10619 10620
f 10621 10622 10623
f 10624 10625 10626
f 10627 10628 10629
f 10630 10631 10632
f 10633 10634 10635
f 10636 10637 10638
f 10639 10640 10641
f 10642 10643 10644
f 10645 10646 10647
f 10648 10649 10650
f 10651 10652 10653
f 10654 10655 10656
f 10657 10658 10659
f 10660 10661 10662
f 10663 10664 10665
f 10666 10667 10668
f 10669 10670 10671
f 10672 10673 10674
f 10675 10676 10677
f 10678 10679 10680
f 10681 10682 10683
f 10684 10685 10686
f 10687 10688 10689
f 10690 10691 10692
f 10693 10694 10695
f 10696 10697 10698
f 10699 10700 10701
f 10702 10703 10704
f 10705 10706 10707
f 10708 10709 10710
f 10711 10712 10713
f 10714 10715 10716
f 10717 10718 10719
f 10720 10721 10722
f 10723 10724 10725
f 10726 10727 10728
f 10729 10730 10731
f 10732 10733 10734
f 10735 10736 10737
f 10738 10739 10740
f 10741 10742 10743
f 10744 10745 10746
f 10747 10748 10749
f 10750 10751 10752
f 10753 10754 10755
f 10756 10757 10758
f 10759 10760 10761
f 10762 10763 10764
f 10765 10766 10767
f 10768 10769 10770
f 10771 10772 10773
f 10774 10775 10776
f 10777 10778 10779
f 10780 10781 10782
f 10783 10784 10785
f 10786 10787 10788
f 10789 10790 10791
f 10792 10793 10794
f 10795 10796 10797
f 10798 10799 10800
f 10801 10802 10803
f 10804 10805 10806
f 10807 10808 10809
f 10810 10811 10812
f 10813 10814 10815
f 10816 10817 10818
f 10819 10820 10821
f 10822 10823 10824
f 10825 10826 10827
f 10828 10829 10830
f 10831 10832 10833
f 10834 10835 10836
f 10837 10838 10839
f 10840 10841 10842
f 10843 10844 10845
f 10846 10847 10848
f 10849 10850 10851
f 10852 10853 10854
f 10855 10856 10857
f 10858 10859 10860
f 10861 10862 10863
f 10864 10865 10866
f 10867 10868 10869
f 10870 10871 10872
f 10873 10874 10875
f 10876 10877 10878
f 10879 10880 10881
f 10882 10883 10884
f 10885 10886 10887
f 10888 10889 10890
f 10891 10892 10893
f 10894 10895 10896
f 10897 10898 10899
f 10900 10901 10902
f 10903 10904 10905
f 10906 10907 10908
f 10909 10910 10911
f 10912 10913 10914
f 10915 10916 10917
f 10918 10919 10920
f 10921 10922 10923
f 10924 10925 10926
f 10927 10928 10929
f 10930 10931 10932
f 10933 10934 10935
f 10936 10937 10938
f 10939 10940 10941
f 10942 10943 10944
f 10945 10946 10947
f 10948 10949 10950
f 10951 10952 10953
f 10954 10955 10956
f 10957 10958 10959
f 10960 10961 10962
f 10963 10964 10965
f 10966 10967 10968
f 10969 10970 10971
f 10972 10973 10974
f 10975 10976 10977
f 10978 10979 10980
f 10981 10982 10983
f 10984 10985 10986
f 10987 10988 10989
f 10990 10991 10992
f 10993 10994 10995
f 10996 10997 10998
f 10999 11000 11001
f 11002 11003 11004
f 11005 11006 11007
f 11008 11009 11010
f 11011 11012 11013
f 11014 11015 11016
f 11017 11018 11019
f 11020 11021 11022
f 11023 11024 11025
f 11026 11027 11028
f 11029 11030 11031
f 11032 11033 11034
f 11035 11036 11037
f 11038 11039 11040
f 11041 11042 11043
f 11044 11045 11046
f 11047 11048 11049
f 11050 11051 11052
f 11053 11054 11055
f 11056 11057 11058
f 11059 11060 11061
f 11062 11063 11064
f 11065 11066 11067
f 11068 11069 11070
f 11071 11072 11073
f 11074 11075 11076
f 11077 11078 11079
f 11080 11081 11082
f 11083 11084 11085
f 11086 11087 11088
f 11089 11090 11091
f 11092 11093 11094
f 11095 11096 11097
f 11098 11099 11100
f 11101 11102 11103
f 11104 11105 11106
f 11107 11108 11109
f 11110 11111 11112
f 11113 11114 11115
f 11116 11117 11118
f 11119 11120 11121
f 11122 11123 11124
f 11125 11126 11127
f 11128 11129 11130
f 11131 11132 11133
f 11134 11135 11136
f 11137 11138 11139
f 11140 11141 11142
f 11143 11144 11145
f 11146 11147 11148
f 11149 11150 11151
f 11152 11153 11154
f 11155 11156 11157
f 11158 11159 11160
f 11161 11162 11163
f 11164 11165 11166
f 11167 11168 11169
f 11170 11171 11172
f 11173 11174 11175
f 11176 11177 11178
f 11179 11180 11181
f 11182 11183 11184
f 11185 11186 11187
f 11188 11189 11190
f 11191 11192 11193
f 11194 11195 11196
f 11197 11198 11199
f 11200 11201 11202
f 11203 11204 11205
f 11206 11207 11208
f 11209 11210 11211
f 11212 11213 11214
f 11215 11216 11217
f 11218 11219 11220
f 11221 11222 11223
f 11224 11225 11226
f 11227 11228 11229
f 11230 11231 11232
f 11233 11234 11235
f 11236 11237 11238
f 11239 11240 11241
f 11242 11243 11244
f 11245 11246 11247
f 11248 11249 11250
f 11251 11252 11253
f 11254 11255 11256
f 11257 11258 11259
f 11260 11261 11262
f 11263 11264 11265
f 11266 11267 11268
f 11269 11270 11271
f 11272 11273 11274
f 11275 11276 11277
f 11278 11279 11280
f 11281 11282 11283
f 11284 11285 11286
f 11287 11288 11289
f 11290 11291 11292
f 11293 11294 11295
f 11296 11297 11298
f 11299 11300 11301
f 11302 11303 11304
f 11305 11306 11307
f 11308 11309 11310
f 11311 11312 11313
f 11314 11315 11316
f 11317 11318 11319
f 11320 11321 11322
f 11323 11324 11325
f 11326 11327 11328
f 11329 11330 11331
f 11332 11333 11334
f 11335 11336 11337
f 11338 11339 11340
f 11341 11342 11343
f 11344 11345 11346
f 11347 11348 11349
f 11350 11351 11352
f 11353 11354 11355
f 11356 11357 11358
f 11359 11360 11361
f 11362 11363 11364
f 11365 11366 11367
f 11368 11369 11370
f 11371 11372 11373
f 11374 11375 11376
f 11377 11378 11379
f 11380 11381 11382
f 11383 11384 11385
f 11386 11387 11388
f 11389 11390 11391
f 11392 11393 11394
f 11395 11396 11397
f 11398 11399 11400
f 11401 11402 11403
f 11404 11405 11406
f 11407 11408 11409
f 11410 11411 11412
f 11413 11414 11415
f 11416 11417 11418
f 11419 11420 11421
f 11422 11423 11424
f 11425 11426 11427
f 11428 11429 11430
f 11431 11432 11433
f 11434 11435 11436
f 11437 11438 11439
f 11440 11441 11442
f 11443 11444 11445
f 11446 11447 11448
f 11449 11450 11451
f 11452 11453 11454
f 11455 11456 11457
f 11458 11459 11460
f 11461 11462 11463
f 11464 11465 11466
f 11467 11468 11469
f 11470 11471 11472
f 11473 11474 11475
f 11476 11477 11478
f 11479 11480 11481
f 11482 11483 11484
f 11485 11486 11487
f 11488 11489 11490
f 11491 11492 11493
f 11494 11495 11496
f 11497 11498 11499
f 11500 11501 11502
f 11503 11504 11505
f 11506 11507 11508
f 11509 11510 11511
f 11512 11513 11514
f 11515 11516 11517
f 11518 11519 11520
f 11521 11522 11523
f 11524 11525 11526
f 11527 11528 11529
f 11530 11531 11532
f 11533 11534 11535
f 11536 11537 11538
f 11539 11540 11541
f 11542 11543 11544
f 11545 11546 11547
f 11548 11549 11550
f 11551 11552 11553
f 11554 11555 11556
f 11557 11558 11559
f 11560 11561 11562
f 11563 11564 11565
f 11566 11567 11568
f 11569 11570 11571
f 11572 11573 11574
f 11575 11576 11577
f 11578 11579 11580
f 11581 11582 11583
f 11584 11585 11586
f 11587 11588 11589
f 11590 11591 11592
f 11593 11594 11595
f 11596 11597 11598
f 11599 11600 11601
f 11602 11603 11604
f 11605 11606 11607
f 11608 11609 11610
f 11611 11612 11613
f 11614 11615 11616
f 11617 11618 11619
f 11620 11621 11622
f 11623 11624 11625
f 11626 11627 11628
f 11629 11630 11631
f 11632 11633 11634
f 11635 11636 11637
f 11638 11639 11640
f 11641 11642 11643
f 11644 11645 11646
f 11647 11648 11649
f 11650 11651 11652
f 11653 11654 11655
f 11656 11657 11658
f 11659 11660 11661
f 11662 11663 11664
f 11665 11666 11667
f 11668 11669 11670
f 11671 11672 11673
f 11674 11675 11676
f 11677 11678 11679
f 11680 11681 11682
f 11683 11684 11685
f 11686 11687 11688
f 11689 11690 11691
f 11692 11693 11694
f 11695 11696 11697
f 11698 11699 11700
f 11701 11702 11703
f 11704 11705 11706
f 11707 11708 11709
f 11710 11711 11712
f 11713 11714 11715
f 11716 11717 11718
f 11719 11720 11721
f 11722 11723 11724
f 11725 11726 11727
f 11728 11729 11730
f 11731 11732 11733
f 11734 11735 11736
f 11737 11738 11739
f 11740 11741 11742
f 11743 11744 11745
f 11746 11747 11748
f 11749 11750 11751
f 11752 11753 11754
f 11755 11756 11757
f 11758 11759 11760
f 11761 11762 11763
f 11764 11765 11766
f 11767 11768 11769
f 11770 11771 11772
f 11773 11774 11775
f 11776 11777 11778
f 11779 11780 11781
f 11782 11783 11784
f 11785 11786 11787
f 11788 11789 11790
f 11791 11792 11793
f 11794 11795 11796
f 11797 11798 11799
f 11800 11801 11802
f 11803 11804 11805
f 11806 11807 11808
f 11809 11810 11811
f 11812 11813 11814
f 11815 11816 11817
f 11818 11819 11820
f 11821 11822 11823
f 11824 11825 11826
f 11827 11828 11829
f 11830 11831 11832
f 11833 11834 11835
f 11836 11837 11838
f 11839 11840 11841
f 11842 11843 11844
f 11845 11846 11847
f 11848 11849 11850
f 11851 11852 11853
f 11854 11855 11856
f 11857 11858 11859
f 11860 11861 11862
f 11863 11864 11865
f 11866 11867 11868
f 11869 11870 11871
f 11872 11873 11874
f 11875 11876 11877
f 11878 11879 11880
f 11881 11882 11883
f 11884 11885 11886
f 11887 11888 11889
f 11890 11891 11892
f 11893 11894 11895
f 11896 11897 11898
f 11899 11900 11901
f 11902 11903 11904
f 11905 11906 11907
f 11908 11909 11910
f 11911 11912 11913
f 11914 11915 11916
f 11917 11918 11919
f 11920 11921 11922
f 11923 11924 11925
f 11926 11927 11928
f 11929 11930 11931
f 11932 11933 11934
f 11935 11936 11937
f 11938 11939 11940
f 11941 11942 11943
f 11944 11945 11946
f 11947 11948 11949
f 11950 11951 11952
f 11953 11954 11955
f 11956 11957 11958
f 11959 11960 11961
f 11962 11963 11964
f 11965 11966 11967
f 11968 11969 11970
f 11971 11972 11973
f 11974 11975 11976
f 11977 11978 11979
f 11980 11981 11982
f 11983 11984 11985
f 11986 11987 11988
f 11989 11990 11991
f 11992 11993 11994
f 11995 11996 11997
f 11998 11999 12000
f 12001 12002 12003
f 12004 12005 12006
f 12007 12008 12009
f 12010 12011 12012
f 12013 12014 12015
f 12016 12017 12018
f 12019 12020 12021
f 12022 12023 12024
f 12025 12026 12027
f 12028 12029 12030
f 12031 12032 12033
f 12034 12035 12036
f 12037 12038 12039
f 12040 12041 12042
f 12043 12044 12045
f 12046 12047 12048
f 12049 12050 12051
f 12052 12053 12054
f 12055 12056 12057
f 12058 12059 12060
f 12061 12062 12063
f 12064 12065 12066
f 12067 12068 12069
f 12070 12071 12072
f 12073 12074 12075
f 12076 12077 12078
f 12079 12080 12081
f 12082 12083 12084
f 12085 12086 12087
f 12088 12089 12090
f 12091 12092 12093
f 12094 12095 12096
f 12097 12098 12099
f 12100 12101 12102
f 12103 12104 12105
f 12106 12107 12108
f 12109 12110 12111
f 12112 12113 12114
f 12115 12116 12117
f 12118 12119 12120
f 12121 12122 12123
f 12124 12125 12126
f 12127 12128 12129
f 12130 12131 12132
f 12133 12134 12135
f 12136 12137 12138
f 12139 12140 12141
f 12142 12143 12144
f 12145 12146 12147
f 12148 12149 12150
f 12151 12152 12153
f 12154 12155 12156
f 12157 12158 12159
f 12160 12161 12162
f 12163 12164 12165
f 12166 12167 12168
f 12169 12170 12171
f 12172 12173 12174
f 12175 12176 12177
f 12178 12179 12180
f 12181 12182 12183
f 12184 12185 12186
f 12187 12188 12189
f 12190 12191 12192
f 12193 12194 12195
f 12196 12197 12198
f 12199 12200 12201
f 12202 12203 12204
f 12205 12206 12207
f 12208 12209 12210
f 12211 12212 12213
f 12214 12215 12216
f 12217 12218 12219
f 12220 12221 12222
f 12223 12224 12225
f 12226 12227 12228
f 12229 12230 12231
f 12232 12233 12234
f 12235 12236 12237
f 12238 12239 12240
f 12241 12242 12243
f 12244 12245 12246
f 12247 12248 12249
f 12250 12251 12252
f 12253 12254 12255
f 12256 12257 12258
f 12259 12260 12261
f 12262 12263 12264
f 12265 12266 12267
f 12268 12269 12270
f 12271 12272 12273
f 12274 12275 12276
f 12277 12278 12279
f 12280 12281 12282
f 12283 12284 12285
f 12286 12287 12288
f 12289 12290 12291
f 12292 12293 12294
f 12295 12296 12297
f 12298 12299 12300
f 12301 12302 12303
f 12304 12305 12306
f 12307 12308 12309
f 12310 12311 12312
f 12313 12314 12315
f 12316 12317 12318
f 12319 12320 12321
f 12322 12323 12324
f 12325 12326 12327
f 12328 12329 12330
f 12331 12332 12333
f 12334 12335 12336
f 12337 12338 12339
f 12340 12341 12342
f 12343 12344 12345
f 12346 12347 12348
f 12349 12350 12351
f 12352 12353 12354
f 12355 12356 12357
f 12358 12359 12360
f 12361 12362 12363
f 12364 12365 12366
f 12367 12368 12369
f 12370 12371 12372
f 12373 12374 12375
f 12376 12377 12378
f 12379 12380 12381
f 12382 12383 12384
f 12385 12386 12387
f 12388 12389 12390
f 12391 12392 12393
f 12394 12395 12396
f 12397 12398 12399
f 12400 12401 12402
f 12403 12404 12405
f 12406 12407 12408
f 12409 12410 12411
f 12412 12413 12414
f 12415 12416 12417
f 12418 12419 12420
f 12421 12422 12423
f 12424 12425 12426
f 12427 12428 12429
f 12430 12431 12432
f 12433 12434 12435
f 12436 12437 12438
f 12439 12440 12441
f 12442 12443 12444
f 12445 12446 12447
f 12448 12449 12450
f 12451 12452 12453
f 12454 12455 12456
f 12457 12458 12459
f 12460 12461 12462
f 12463 12464 12465
f 12466 12467 12468
f 12469 12470 12471
f 12472 12473 12474
f 12475 12476 12477
f 12478 12479 12480
f 12481 12482 12483
f 12484 12485 12486
f 12487 12488 12489
f 12490 12491 12492
f 12493 12494 12495
f 12496 12497 12498
f 12499 12500 12501
f 12502 12503 12504
f 12505 12506 12507
f 12508 12509 12510
f 12511 12512 12513
f 12514 12515 12516
f 12517 12518 12519
f 12520 12521 12522
f 12523 12524 12525
f 12526 12527 12528
f 12529 12530 12531
f 12532 12533 12534
f 12535 12536 12537
f 12538 12539 12540
f 12541 12542 12543
f 12544 12545 12546
f 12547 12548 12549
f 12550 12551 12552
f 12553 12554 12555
f 12556 12557 12558
f 12559 12560 12561
f 12562 12563 12564
f 12565 12566 12567
f 12568 12569 12570
f 12571 12572 12573
f 12574 12575 12576
f 12577 12578 12579
f 12580 12581 12582
f 12583 12584 12585
f 12586 12587 12588
f 12589 12590 12591
f 12592 12593 12594
f 12595 12596 12597
f 12598 12599 12600
f 12601 12602 12603
f 12604 12605 12606
f 12607 12608 12609
f 12610 12611 12612
f 12613 12614 12615
f 12616 12617 12618
f 12619 12620 12621
f 12622 12623 12624
f 12625 12626 12627
f 12628 12629 12630
f 12631 12632 12633
f 12634 12635 12636
f 12637 12638 12639
f 12640 12641 12642
f 12643 12644 12645
f 12646 12647 12648
f 12649 12650 12651
f 12652 12653 12654
f 12655 12656 12657
f 12658 12659 12660
f 12661 12662 12663
f 12664 12665 12666
f 12667 12668 12669
f 12670 12671 12672
f 12673 12674 12675
f 12676 12677 12678
f 12679 12680 12681
f 12682 12683 12684
f 12685 12686 12687
f 12688 12689 12690
f 12691 12692 12693
f 12694 12695 12696
f 12697 12698 12699
f 12700 12701 12702
f 12703 12704 12705
f 12706 12707 12708
f 12709 12710 12711
f 12712 12713 12714
f 12715 12716 12717
f 12718 12719 12720
f 12721 12722 12723
f 12724 12725 12726
f 12727 12728 12729
f 12730 12731 12732
f 12733 12734 12735
f 12736 12737 12738
f 12739 12740 12741
f 12742 12743 12744
f 12745 12746 12747
f 12748 12749 12750
f 12751 12752 12753
f 12754 12755 12756
f 12757 12758 12759
f 12760 12761 12762
f 12763 12764 12765
f 12766 12767 12768
f 12769 12770 12771
f 12772 12773 12774
f 12775 12776 12777
f 12778 12779 12780
f 12781 12782 12783
f 12784 12785 12786
f 12787 12788 12789
f 12790 12791 12792
f 12793 12794 12795
f 12796 12797 12798
f 12799 12800 12801
f 12802 12803 12804
f 12805 12806 12807
f 12808 12809 12810
f 12811 12812 12813
f 12814 12815 12816
f 12817 12818 12819
f 12820 12821 12822
f 12823 12824 12825
f 12826 12827 12828
f 12829 12830 12831
f 12832 12833 12834
f 12835 12836 12837
f 12838 12839 12840
f 12841 12842 12843
f 12844 12845 12846
f 12847 12848 12849
f 12850 12851 12852
f 12853 12854 12855
f 12856 12857 12858
f 12859 12860 12861
f 12862 12863 12864
f 12865 12866 12867
f 12868 12869 12870
f 12871 12872 12873
f 12874 12875 12876
f 12877 12878 12879
f 12880 12881 12882
f 12883 12884 12885
f 12886 12887 12888
f 12889 12890 12891
f 12892 12893 12894
f 12895 12896 12897
f 12898 12899 12900
f 12901 12902 12903
f 12904 12905 12906
f 12907 12908 12909
f 12910 12911 12912
f 12913 12914 12915
f 12916 12917 12918
f 12919 12920 12921
f 12922 12923 12924
f 12925 12926 12927
f 12928 12929 12930
f 12931 12932 12933
f 12934 12935 12936
f 12937 12938 12939
f 12940 12941 12942
f 12943 12944 12945
f 12946 12947 12948
f 12949 12950 12951
f 12952 12953 12954
f 12955 12956 12957
f 12958 12959 12960
f 12961 12962 12963
f 12964 12965 12966
f 12967 12968 12969
f 12970 12971 12972
f 12973 12974 12975
f 12976 12977 12978
f 12979 12980 12981
f 12982 12983 12984
f 12985 12986 12987
f 12988 12989 12990
f 12991 12992 12993
f 12994 12995 12996
f 12997 12998 12999
f 13000 13001 13002
f 13003 13004 13005
f 13006 13007 13008
f 13009 13010 13011
f 13012 13013 13014
f 13015 13016 13017
f 13018 13019 13020
f 13021 13022 13023
f 13024 13025 13026
f 13027 13028 13029
f 13030 13031 13032
f 13033 13034 13035
f 13036 13037 13038
f 13039 13040 13041
f 13042 13043 13044
f 13045 13046 13047
f 13048 13049 13050
f 13051 13052 13053
f 13054 13055 13056
f 13057 13058 13059
f 13060 13061 13062
f 13063 13064 13065
f 13066 13067 13068
f 13069 13070 13071
f 13072 13073 13074
f 13075 13076 13077
f 13078 13079 13080
f 13081 13082 13083
f 13084 13085 13086
f 13087 13088 13089
f 13090 13091 13092
f 13093 13094 13095
f 13096 13097 13098
f 13099 13100 13101
f 13102 13103 13104
f 13105 13106 13107
f 13108 13109 13110
f 13111 13112 13113
f 13114 13115 13116
f 13117 13118 13119
f 13120 13121 13122
f 13123 13124 13125
f 13126 13127 13128
f 13129 13130 13131
f 13132 13133 13134
f 13135 13136 13137
f 13138 13139 13140
f 13141 13142 13143
f 13144 13145 13146
f 13147 13148 13149
f 13150 13151 13152
f 13153 13154 13155
f 13156 13157 13158
f 13159 13160 13161
f 13162 13163 13164
f 13165 13166 13167
f 13168 13169 13170
f 13171 13172 13173
f 13174 13175 13176
f 13177 13178 13179
f 13180 13181 13182
f 13183 13184 13185
f 13186 13187 13188
f 13189 13190 13191
f 13192 13193 13194
f 13195 13196 13197
f 13198 13199 13200
f 13201 13202 13203
f 13204 13205 13206
f 13207 13208 13209
f 13210 13211 13212
f 13213 13214 13215
f 13216 13217 13218
f 13219 13220 13221
f 13222 13223 13224
f 13225 13226 13227
f 13228 13229 13230
f 13231 13232 13233
f 13234 13235 13236
f 13237 13238 13239
f 13240 13241 13242
f 13243 13244 13245
f 13246 13247 13248
f 13249 13250 13251
f 13252 13253 13254
f 13255 13256 13257
f 13258 13259 13260
f 13261 13262 13263
f 13264 13265 13266
f 13267 13268 13269
f 13270 13271 13272
f 13273 13274 13275
f 13276 13277 13278
f 13279 13280 13281
f 13282 13283 13284
f 13285 13286 13287
f 13288 13289 13290
f 13291 13292 13293
f 13294 13295 13296
f 13297 13298 13299
f 13300 13301 13302
f 13303 13304 13305
f 13306 13307 13308
f 13309 13310 13311
f 13312 13313 13314
f 13315 13316 13317
f 13318 13319 13320
f 13321 13322 13323
f 13324 13325 13326
f 13327 13328 13329
f 13330 13331 13332
f 13333 13334 13335
f 13336 13337 13338
f 13339 13340 13341
f 13342 13343 13344
f 13345 13346 13347
f 13348 13349 13350
f 13351 13352 13353
f 13354 13355 13356
f 13357 13358 13359
f 13360 13361 13362
f 13363 13364 13365
f 13366 13367 13368
f 13369 13370 13371
f 13372 13373 13374
f 13375 13376 13377
f 13378 13379 13380
f 13381 13382 13383
f 13384 13385 13386
f 13387 13388 13389
f 13390 13391 13392
f 13393 13394 13395
f 13396 13397 13398
f 13399 13400 13401
f 13402 13403 13404
f 13405 13406 13407
f 13408 13409 13410
f 13411 13412 13413
f 13414 13415 13416
f 13417 13418 13419
f 13420 13421 13422
f 13423 13424 13425
f 13426 13427 13428
f 13429 13430 13431
f 13432 13433 13434
f 13435 13436 13437
f 13438 13439 13440
f 13441 13442 13443
f 13444 13445 13446
f 13447 13448 13449
f 13450 13451 13452
f 13453 13454 13455
f 13456 13457 13458
f 13459 13460 13461
f 13462 13463 13464
f 13465 13466 13467
f 13468 13469 13470
f 13471 13472 13473
f 13474 13475 13476
f 13477 13478 13479
f 13480 13481 13482
f 13483 13484 13485
f 13486 13487 13488
f 13489 13490 13491
f 13492 13493 13494
f 13495 13496 13497
f 13498 13499 13500
f 13501 13502 13503
f 13504 13505 13506
f 13507 13508 13509
f 13510 13511 13512
f 13513 13514 13515
f 13516 13517 13518
f 13519 13520 13521
f 13522 13523 13524
f 13525 13526 13527
f 13528 13529 13530
f 13531 13532 13533
f 13534 13535 13536
f 13537 13538 13539
f 13540 13541 13542
f 13543 13544 13545
f 13546 13547 13548
f 13549 13550 13551
f 13552 13553 13554
f 13555 13556 13557
f 13558 13559 13560
f 13561 13562 13563
f 13564 13565 13566
f 13567 13568 13569
f 13570 13571 13572
f 13573 13574 13575
f 13576 13577 13578
f 13579 13580 13581
f 13582 13583 13584
f 13585 13586 13587
f 13588 13589 13590
f 13591 13592 13593
f 13594 13595 13596
f 13597 13598 13599
f 13600 13601 13602
f 13603 13604 13605
f 13606 13607 13608
f 13609 13610 13611
f 13612 13613 13614
f 13615 13616 13617
f 13618 13619 13620
f 13621 13622 13623
f 13624 13625 13626
f 13627 13628 13629
f 13630 13631 13632
f 13633 13634 13635
f 13636 13637 13638
f 13639 13640 13641
f 13642 13643 13644
f 13645 13646 13647
f 13648 13649 13650
f 13651 13652 13653
f 13654 13655 13656
f 13657 13658 13659
f 13660 13661 13662
f 13663 13664 13665
f 13666 13667 13668
f 13669 13670 13671
f 13672 13673 13674
f 13675 13676 13677
f 13678 13679 13680
f 13681 13682 13683
f 13684 13685 13686
f 13687 13688 13689
f 13690 13691 13692
f 13693 13694 13695
f 13696 13697 13698
f 13699 13700 13701
f 13702 13703 13704
f 13705 13706 13707
f 13708 13709 13710
f 13711 13712 13713
f 13714 13715 13716
f 13717 13718 13719
f 13720 13721 13722
f 13723 13724 13725
f 13726 13727 13728
f 13729 13730 13731
f 13732 13733 13734
f 13735 13736 13737
f 13738 13739 13740
f 13741 13742 13743
f 13744 13745 13746
f 13747 13748 13749
f 13750 13751 13752
f 13753 13754 13755
f 13756 13757 13758
f 13759 13760 13761
f 13762 13763 13764
f 13765 13766 13767
f 13768 13769 13770
f 13771 13772 13773
f 13774 13775 13776
f 13777 13778 13779
f 13780 13781 13782
f 13783 13784 13785
f 13786 13787 13788
f 13789 13790 13791
f 13792 13793 13794
f 13795 13796 13797
f 13798 13799 13800
f 13801 13802 13803
f 13804 13805 13806
f 13807 13808 13809
f 13810 13811 13812
f 13813 13814 13815
f 13816 13817 13818
f 13819 13820 13821
f 13822 13823 13824
f 13825 13826 13827
f 13828 13829 13830
f 13831 13832 13833
f 13834 13835 13836
f 13837 13838 13839
f 13840 13841 13842
f 13843 13844 13845
f 13846 13847 13848
f 13849 13850 13851
f 13852 13853 13854
f 13855 13856 13857
f 13858 13859 13860
f 13861 13862 13863
f 13864 13865 13866
f 13867 13868 13869
f 13870 13871 13872
f 13873 13874 13875
f 13876 13877 13878
f 13879 13880 13881
f 13882 13883 13884
f 13885 13886 13887
f 13888 13889 13890
f 13891 13892 13893
f 13894 13895 13896
f 13897 13898 13899
f 13900 13901 13902
f 13903 13904 13905
f 13906 13907 13908
f 13909 13910 13911
f 13912 13913 13914
f 13915 13916 13917
f 13918 13919 13920
f 13921 13922 13923
f 13924 13925 13926
f 13927 13928 13929
f 13930 13931 13932
f 13933 13934 13935
f 13936 13937 13938
f 13939 13940 13941
f 13942 13943 13944
f 13945 13946 13947
f 13948 13949 13950
f 13951 13952 13953
f 13954 13955 13956
f 13957 13958 13959
f 13960 13961 13962
f 13963 13964 13965
f 13966 13967 13968
f 13969 13970 13971
f 13972 13973 13974
f 13975 13976 13977
f 13978 13979 13980
f 13981 13982 13983
f 13984 13985 13986
f 13987 13988 13989
f 13990 13991 13992
f 13993 13994 13995
f 13996 13997 13998
f 13999 14000 14001
f 14002 14003 14004
f 14005 14006 14007
f 14008 14009 14010
f 14011 14012 14013
f 14014 14015 14016
f 14017 14018 14019
f 14020 14021 14022
f 14023 14024 14025
f 14026 14027 14028
f 14029 14030 14031
f 14032 14033 14034
f 14035 14036 14037
f 14038 14039 14040
f 14041 14042 14043
f 14044 14045 14046
f 14047 14048 14049
f 14050 14051 14052
f 14053 14054 14055
f 14056 14057 14058
f 14059 14060 14061
f 14062 14063 14064
f 14065 14066 14067
f 14068 14069 14070
f 14071 14072 14073
f 14074 14075 14076
f 14077 14078 14079
f 14080 14081 14082
f 14083 14084 14085
f 14086 14087 14088
f 14089 14090 14091
f 14092 14093 14094
f 14095 14096 14097
f 14098 14099 14100
f 14101 14102 14103
f 14104 14105 14106
f 14107 14108 14109
f 14110 14111 14112
f 14113 14114 14115
f 14116 14117 14118
f 14119 14120 14121
f 14122 14123 14124
f 14125 14126 14127
f 14128 14129 14130
f 14131 14132 14133
f 14134 14135 14136
f 14137 14138 14139
f 14140 14141 14142
f 14143 14144 14145
f 14146 14147 14148
f 14149 14150 14151
f 14152 14153 14154
f 14155 14156 14157
f 14158 14159 14160
f 14161 14162 14163
f 14164 14165 14166
f 14167 14168 14169
f 14170 14171 14172
f 14173 14174 14175
f 14176 14177 14178
f 14179 14180 14181
f 14182 14183 14184
f 14185 14186 14187
f 14188 14189 14190
f 14191 14192 14193
f 14194 14195 14196
f 14197 14198 14199
f 14200 14201 14202
f 14203 14204 14205
f 14206 14207 14208
f 14209 14210 14211
f 14212 14213 14214
f 14215 14216 14217
f 14218 14219 14220
f 14221 14222 14223
f 14224 14225 14226
f 14227 14228 14229
f 14230 14231 14232
f 14233 14234 14235
f 14236 14237 14238
f 14239 14240 14241
f 14242 14243 14244
f 14245 14246 14247
f 14248 14249 14250
f 14251 14252 14253
f 14254 14255 14256
f 14257 14258 14259
f 14260 14261 14262
f 14263 14264 14265
f 14266 14267 14268
f 14269 14270 14271
f 14272 14273 14274
f 14275 14276 14277
f 14278 14279 14280
f 14281 14282 14283
f 14284 14285 14286
f 14287 14288 14289
f 14290 14291 14292
f 14293 14294 14295
f 14296 14297 14298
f 14299 14300 14301
f 14302 14303 14304
f 14305 14306 14307
f 14308 14309 14310
f 14311 14312 14313
f 14314 14315 14316
f 14317 14318 14319
f 14320 14321 14322
f 14323 14324 14325
f 14326 14327 14328
f 14329 14330 14331
f 14332 14333 14334
f 14335 14336 14337
f 14338 14339 14340
f 14341 14342 14343
f 14344 14345 14346
f 14347 14348 14349
f 14350 14351 14352
f 14353 14354 14355
f 14356 14357 14358
f 14359 14360 14361
f 14362 14363 14364
f 14365 14366 14367
f 14368 14369 14370
f 14371 14372 14373
f 14374 14375 14376
f 14377 14378 14379
f 14380 14381 14382
f 14383 14384 14385
f 14386 14387 14388
f 14389 14390 14391
f 14392 14393 14394
f 14395 14396 14397
f 14398 14399 14400
f 14401 14402 14403
f 14404 14405 14406
f 14407 14408 14409
f 14410 14411 14412
f 14413 14414 14415
f 14416 14417 14418
f 14419 14420 14421
f 14422 14423 14424
f 14425 14426 14427
f 14428 14429 14430
f 14431 14432 14433
f 14434 14435 14436
f 14437 14438 14439
f 14440 14441 14442
f 14443 14444 14445
f 14446 14447 14448
f 14449 14450 14451
f 14452 14453 14454
f 14455 14456 14457
f 14458 14459 14460
f 14461 14462 14463
f 14464 14465 14466
f 14467 14468 14469
f 14470 14471 14472
f 14473 14474 14475
f 14476 14477 14478
f 14479 14480 14481
f 14482 14483 14484
f 14485 14486 14487
f 14488 14489 14490
f 14491 14492 14493
f 14494 14495 14496
f 14497 14498 14499
f 14500 14501 14502
f 14503 14504 14505
f 14506 14507 14508
f 14509 14510 14511
f 14512 14513 14514
f 14515 14516 14517
f 14518 14519 14520
f 14521 14522 14523
f 14524 14525 14526
f 14527 14528 14529
f 14530 14531 14532
f 14533 14534 14535
f 14536 14537 14538
f 14539 14540 14541
f 14542 14543 14544
f 14545 14546 14547
f 14548 14549 14550
f 14551 14552 14553
f 14554 14555 14556
f 14557 14558 14559
f 14560 14561 14562
f 14563 14564 14565
f 14566 14567 14568
f 14569 14570 14571
f 14572 14573 14574
f 14575 14576 14577
f 14578 14579 14580
f 14581 14582 14583
f 14584 14585 14586
f 14587 14588 14589
f 14590 14591 14592
f 14593 14594 14595
f 14596 14597 14598
f 14599 14600 14601
f 14602 14603 14604
f 14605 14606 14607
f 14608 14609 14610
f 14611 14612 14613
f 14614 14615 14616
f 14617 14618 14619
f 14620 14621 14622
f 14623 14624 14625
f 14626 14627 14628
f 14629 14630 14631
f 14632 14633 14634
f 14635 14636 14637
f 14638 14639 14640
f 14641 14642 14643
f 14644 14645 14646
f 14647 14648 14649
f 14650 14651 14652
f 14653 14654 14655
f 14656 14657 14658
f 14659 14660 14661
f 14662 14663 14664
f 14665 14666 14667
f 14668 14669 14670
f 14671 14672 14673
f 14674 14675 14676
f 14677 14678 14679
f 14680 14681 14682
f 14683 14684 14685
f 14686 14687 14688
f 14689 14690 14691
f 14692 14693 14694
f 14695 14696 14697
f 14698 14699 14700
f 14701 14702 14703
f 14704 14705 14706
f 14707 14708 14709
f 14710 14711 14712
f 14713 14714 14715
f 14716 14717 14718
f 14719 14720 14721
f 14722 14723 14724
f 14725 14726 14727
f 14728 14729 14730
f 14731 14732 14733
f 14734 14735 14736
f 14737 14738 14739
f 14740 14741 14742
f 14743 14744 14745
f 14746 14747 14748
f 14749 14750 14751
f 14752 14753 14754
f 14755 14756 14757
f 14758 14759 14760
f 14761 14762 14763
f 14764 14765 14766
f 14767 14768 14769
f 14770 14771 14772
f 14773 14774 14775
f 14776 14777 14778
f 14779 14780 14781
f 14782 14783 14784
f 14785 14786 14787
f 14788 14789 14790
f 14791 14792 14793
f 14794 14795 14796
f 14797 14798 14799
f 14800 14801 14802
f 14803 14804 14805
f 14806 14807 14808
f 14809 14810 14811
f 14812 14813 14814
f 14815 14816 14817
f 14818 14819 14820
f 14821 14822 14823
f 14824 14825 14826
f 14827 14828 14829
f 14830 14831 14832
f 14833 14834 14835
f 14836 14837 14838
f 14839 14840 14841
f 14842 14843 14844
f 14845 14846 14847
f 14848 14849 14850
f 14851 14852 14853
f 14854 14855 14856
f 14857 14858 14859
f 14860 14861 14862
f 14863 14864 14865
f 14866 14867 14868
f 14869 14870 14871
f 14872 14873 14874
f 14875 14876 14877
f 14878 14879 14880
f 14881 14882 14883
f 14884 14885 14886
f 14887 14888 14889
f 14890 14891 14892
f 14893 14894 14895
f 14896 14897 14898
f 14899 14900 14901
f 14902 14903 14904
f 14905 14906 14907
f 14908 14909 14910
f 14911 14912 14913
f 14914 14915 14916
f 14917 14918 14919
f 14920 14921 14922
f 14923 14924 14925
f 14926 14927 14928
f 14929 14930 14931
f 14932 14933 14934
f 14935 14936 14937
f 14938 14939 14940
f 14941 14942 14943
f 14944 14945 14946
f 14947 14948 14949
f 14950 14951 14952
f 14953 14954 14955
f 14956 14957 14958
f 14959 14960 14961
f 14962 14963 14964
f 14965 14966 14967
f 14968 14969 14970
f 14971 14972 14973
f 14974 14975 14976
f 14977 14978 14979
f 14980 14981 14982
f 14983 14984 14985
f 14986 14987 14988
f 14989 14990 14991
f 14992 14993 14994
f 14995 14996 14997
f 14998 14999 15000
f 15001 15002 15003
f 15004 15005 15006
f 15007 15008 15009
f 15010 15011 15012
f 15013 15014 15015
f 15016 15017 15018
f 15019 15020 15021
f 15022 15023 15024
f 15025 15026 15027
f 15028 15029 15030
f 15031 15032 15033
f 15034 15035 15036
f 15037 15038 15039
f 15040 15041 15042
f 15043 15044 15045
f 15046 15047 15048
f 15049 15050 15051
f 15052 15053 15054
f 15055 15056 15057
f 15058 15059 15060
f 15061 15062 15063
f 15064 15065 15066
f 15067 15068 15069
f 15070 15071 15072
f 15073 15074 15075
f 15076 15077 15078
f 15079 15080 15081
f 15082 15083 15084
f 15085 15086 15087
f 15088 15089 15090
f 15091 15092 15093
f 15094 15095 15096
f 15097 15098 15099
f 15100 15101 15102
f 15103 15104 15105
f 15106 15107 15108
f 15109 15110 15111
f 15112 15113 15114
f 15115 15116 15117
f 15118 15119 15120
f 15121 15122 15123
f 15124 15125 15126
f 15127 15128 15129
f 15130 15131 15132
f 15133 15134 15135
f 15136 15137 15138
f 15139 15140 15141
f 15142 15143 15144
f 15145 15146 15147
f 15148 15149 15150
f 15151 15152 15153
f 15154 15155 15156
f 15157 15158 15159
f 15160 15161 15162
f 15163 15164 15165
f 15166 15167 15168
f 15169 15170 15171
f 15172 15173 15174
f 15175 15176 15177
f 15178 15179 15180
f 15181 15182 15183
f 15184 15185 15186
f 15187 15188 15189
f 15190 15191 15192
f 15193 15194 15195
f 15196 15197 15198
f 15199 15200 15201
f 15202 15203 15204
f 15205 15206 15207
f 15208 15209 15210
f 15211 15212 15213
f 15214 15215 15216
f 15217 15218 15219
f 15220 15221 15222
f 15223 15224 15225
f 15226 15227 15228
f 15229 15230 15231
f 15232 15233 15234
f 15235 15236 15237
f 15238 15239 15240
f 15241 15242 15243
f 15244 15245 15246
f 15247 15248 15249
f 15250 15251 15252
f 15253 15254 15255
f 15256 15257 15258
f 15259 15260 15261
f 15262 15263 15264
f 15265 15266 15267
f 15268 15269 15270
f 15271 15272 15273
f 15274 15275 15276
f 15277 15278 15279
f 15280 15281 15282
f 15283 15284 15285
f 15286 15287 15288
f 15289 15290 15291
f 15292 15293 15294
f 15295 15296 15297
f 15298 15299 15300
f 15301 15302 15303
f 15304 15305 15306
f 15307 15308 15309
f 15310 15311 15312
f 15313 15314 15315
f 15316 15317 15318
f 15319 15320 15321
f 15322 15323 15324
f 15325 15326 15327
f 15328 15329 15330
f 15331 15332 15333
f 15334 15335 15336
f 15337 15338 15339
f 15340 15341 15342
f 15343 15344 15345
f 15346 15347 15348
f 15349 15350 15351
f 15352 15353 15354
f 15355 15356 15357
f 15358 15359 15360
f 15361 15362 15363
f 15364 15365 15366
f 15367 15368 15369
f 15370 15371 15372
f 15373 15374 15375
f 15376 15377 15378
f 15379 15380 15381
f 15382 15383 15384
f 15385 15386 15387
f 15388 15389 15390
f 15391 15392 15393
f 15394 15395 15396
f 15397 15398 15399
f 15400 15401 15402
f 15403 15404 15405
f 15406 15407 15408
f 15409 15410 15411
f 15412 15413 15414
f 15415 15416 15417
f 15418 15419 15420
f 15421 15422 15423
f 15424 15425 15426
f 15427 15428 15429
f 15430 15431 15432
f 15433 15434 15435
f 15436 15437 15438
f 15439 15440 15441
f 15442 15443 15444
f 15445 15446 15447
f 15448 15449 15450
f 15451 15452 15453
f 15454 15455 15456
f 15457 15458 15459
f 15460 15461 15462
f 15463 15464 15465
f 15466 15467 15468
f 15469 15470 15471
f 15472 15473 15474
f 15475 15476 15477
f 15478 15479 15480
f 15481 15482 15483
f 15484 15485 15486
f 15487 15488 15489
f 15490 15491 15492
f 15493 15494 15495
f 15496 15497 15498
f 15499 15500 15501
f 15502 15503 15504
f 15505 15506 15507
f 15508 15509 15510
f 15511 15512 15513
f 15514 15515 15516
f 15517 15518 15519
f 15520 15521 15522
f 15523 15524 15525
f 15526 15527 15528
f 15529 15530 15531
f 15532 15533 15534
f 15535 15536 15537
f 15538 15539 15540
f 15541 15542 15543
f 15544 15545 15546
f 15547 15548 15549
f 15550 15551 15552
f 15553 15554 15555
f 15556 15557 15558
f 15559 15560 15561
f 15562 15563 15564
f 15565 15566 15567
f 15568 15569 15570
f 15571 15572 15573
f 15574 15575 15576
f 15577 15578 15579
f 15580 15581 15582
f 15583 15584 15585
f 15586 15587 15588
f 15589 15590 15591
f 15592 15593 15594
f 15595 15596 15597
f 15598 15599 15600
f 15601 15602 15603
f 15604 15605 15606
f 15607 15608 15609
f 15610 15611 15612
f 15613 15614 15615
f 15616 15617 15618
f 15619 15620 15621
f 15622 15623 15624
f 15625 15626 15627
f 15628 15629 15630
f 15631 15632 15633
f 15634 15635 15636
f 15637 15638 15639
f 15640 15641 15642
f 15643 15644 15645
f 15646 15647 15648
f 15649 15650 15651
f 15652 15653 15654
f 15655 15656 15657
f 15658 15659 15660
f 15661 15662 15663
f 15664 15665 15666
f 15667 15668 15669
f 15670 15671 15672
f 15673 15674 15675
f 15676 15677 15678
f 15679 15680 15681
f 15682 15683 15684
f 15685 15686 15687
f 15688 15689 15690
f 15691 15692 15693
f 15694 15695 15696
f 15697 15698 15699
f 15700 15701 15702
f 15703 15704 15705
f 15706 15707 15708
f 15709 15710 15711
f 15712 15713 15714
f 15715 15716 15717
f 15718 15719 15720
f 15721 15722 15723
f 15724 15725 15726
f 15727 15728 15729
f 15730 15731 15732
f 15733 15734 15735
f 15736 15737 15738
f 15739 15740 15741
f 15742 15743 15744
f 15745 15746 15747
f 15748 15749 15750
f 15751 15752 15753
f 15754 15755 15756
f 15757 15758 15759
f 15760 15761 15762
f 15763 15764 15765
f 15766 15767 15768
f 15769 15770 15771
f 15772 15773 15774
f 15775 15776 15777
f 15778 15779 15780
f 15781 15782 15783
f 15784 15785 15786
f 15787 15788 15789
f 15790 15791 15792
f 15793 15794 15795
f 15796 15797 15798
f 15799 15800 15801
f 15802 15803 15804
f 15805 15806 15807
f 15808 15809 15810
f 15811 15812 15813
f 15814 15815 15816
f 15817 15818 15819
f 15820 15821 15822
f 15823 15824 15825
f 15826 15827 15828
f 15829 15830 15831
f 15832 15833 15834
f 15835 15836 15837
f 15838 15839 15840
f 15841 15842 15843
f 15844 15845 15846
f 15847 15848 15849
f 15850 15851 15852
f 15853 15854 15855
f 15856 15857 15858
f 15859 15860 15861
f 15862 15863 15864
f 15865 15866 15867
f 15868 15869 15870
f 15871 15872 15873
f 15874 15875 15876
f 15877 15878 15879
f 15880 15881 15882
f 15883 15884 15885
f 15886 15887 15888
f 15889 15890 15891
f 15892 15893 15894
f 15895 15896 15897
f 15898 15899 15900
f 15901 15902 15903
f 15904 15905 15906
f 15907 15908 15909
f 15910 15911 15912
f 15913 15914 15915
f 15916 15917 15918
f 15919 15920 15921
f 15922 15923 15924
f 15925 15926 15927
f 15928 15929 15930
f 15931 15932 15933
f 15934 15935 15936
f 15937 15938 15939
f 15940 15941 15942
f 15943 15944 15945
f 15946 15947 15948
f 15949 15950 15951
f 15952 15953 15954
f 15955 15956 15957
f 15958 15959 15960
f 15961 15962 15963
f 15964 15965 15966
f 15967 15968 15969
f 15970 15971 15972
f 15973 15974 15975
f 15976 15977 15978
f 15979 15980 15981
f 15982 15983 15984
f 15985 15986 15987
f 15988 15989 15990
f 15991 15992 15993
f 15994 15995 15996
f 15997 15998 15999
f 16000 16001 16002
f 16003 16004 16005
f 16006 16007 16008
f 16009 16010 16011
f 16012 16013 16014
f 16015 16016 16017
f 16018 16019 16020
f 16021 16022 16023
f 16024 16025 16026
f 16027 16028 16029
f 16030 16031 16032
f 16033 16034 16035
f 16036 16037 16038
f 16039 16040 16041
f 16042 16043 16044
f 16045 16046 16047
f 16048 16049 16050
f 16051 16052 16053
f 16054 16055 16056
f 16057 16058 16059
f 16060 16061 16062
f 16063 16064 16065
f 16066 16067 16068
f 16069 16070 16071
f 16072 16073 16074
f 16075 16076 16077
f 16078 16079 16080
f 16081 16082 16083
f 16084 16085 16086
f 16087 16088 16089
f 16090 16091 16092
f 16093 16094 16095
f 16096 16097 16098
f 16099 16100 16101
f 16102 16103 16104
f 16105 16106 16107
f 16108 16109 16110
f 16111 16112 16113
f 16114 16115 16116
f 16117 16118 16119
f 16120 16121 16122
f 16123 16124 16125
f 16126 16127 16128
f 16129 16130 16131
f 16132 16133 16134
f 16135 16136 16137
f 16138 16139 16140
f 16141 16142 16143
f 16144 16145 16146
f 16147 16148 16149
f 16150 16151 16152
f 16153 16154 16155
f 16156 16157 16158
f 16159 16160 16161
f 16162 16163 16164
f 16165 16166 16167
f 16168 16169 16170
f 16171 16172 16173
f 16174 16175 16176
f 16177 16178 16179
f 16180 16181 16182
f 16183 16184 16185
f 16186 16187 16188
f 16189 16190 16191
f 16192 16193 16194
f 16195 16196 16197
f 16198 16199 16200
f 16201 16202 16203
f 16204 16205 16206
f 16207 16208 16209
f 16210 16211 16212
f 16213 16214 16215
f 16216 16217 16218
f 16219 16220 16221
f 16222 16223 16224
f 16225 16226 16227
f 16228 16229 16230
f 16231 16232 16233
f 16234 16235 16236
f 16237 16238 16239
f 16240 16241 16242
f 16243 16244 16245
f 16246 16247 16248
f 16249 16250 16251
f 16252 16253 16254
f 16255 16256 16257
f 16258 16259 16260
f 16261 16262 16263
f 16264 16265 16266
f 16267 16268 16269
f 16270 16271 16272
f 16273 16274 16275
f 16276 16277 16278
f 16279 16280 16281
f 16282 16283 16284
f 16285 16286 16287
f 16288 16289 16290
f 16291 16292 16293
f 16294 16295 16296
f 16297 16298 16299
f 16300 16301 16302
f 16303 16304 16305
f 16306 16307 16308
f 16309 16310 16311
f 16312 16313 16314
f 16315 16316 16317
f 16318 16319 16320
f 16321 16322 16323
f 16324 16325 16326
f 16327 16328 16329
f 16330 16331 16332
f 16333 16334 16335
f 16336 16337 16338
f 16339 16340 16341
f 16342 16343 16344
f 16345 16346 16347
f 16348 16349 16350
f 16351 16352 16353
f 16354 16355 16356
f 16357 16358 16359
f 16360 16361 16362
f 16363 16364 16365
f 16366 16367 16368
f 16369 16370 16371
f 16372 16373 16374
f 16375 16376 16377
f 16378 16379 16380
f 16381 16382 16383
f 16384 16385 16386
f 16387 16388 16389
f 16390 16391 16392
f 16393 16394 16395
f 16396 16397 16398
f 16399 16400 16401
f 16402 16403 16404
f 16405 16406 16407
f 16408 16409 16410
f 16411 16412 16413
f 16414 16415 16416
f 16417 16418 16419
f 16420 16421 16422
f 16423 16424 16425
f 16426 16427 16428
f 16429 16430 16431
f 16432 16433 16434
f 16435 16436 16437
f 16438 16439 16440
f 16441 16442 16443
f 16444 16445 16446
f 16447 16448 16449
f 16450 16451 16452
f 16453 16454 16455
f 16456 16457 16458
f 16459 16460 16461
f 16462 16463 16464
f 16465 16466 16467
f 16468 16469 16470
f 16471 16472 16473
f 16474 16475 16476
f 16477 16478 16479
f 16480 16481 16482
f 16483 16484 16485
f 16486 16487 16488
f 16489 16490 16491
f 16492 16493 16494
f 16495 16496 16497
f 16498 16499 16500
f 16501 16502 16503
f 16504 16505 16506
f 16507 16508 16509
f 16510 16511 16512
f 16513 16514 16515
f 16516 16517 16518
f 16519 16520 16521
f 16522 16523 16524
f 16525 16526 16527
f 16528 16529 16530
f 16531 16532 16533
f 16534 16535 16536
f 16537 16538 16539
f 16540 16541 16542
f 16543 16544 16545
f 16546 16547 16548
f 16549 16550 16551
f 16552 16553 16554
f 16555 16556 16557
f 16558 16559 16560
f 16561 16562 16563
f 16564 16565 16566
f 16567 16568 16569
f 16570 16571 16572
f 16573 16574 16575
f 16576 16577 16578
f 16579 16580 16581
f 16582 16583 16584
f 16585 16586 16587
f 16588 16589 16590
f 16591 16592 16593
f 16594 16595 16596
f 16597 16598 16599
f 16600 16601 16602
f 16603 16604 16605
f 16606 16607 16608
f 16609 16610 16611
f 16612 16613 16614
f 16615 16616 16617
f 16618 16619 16620
f 16621 16622 16623
f 16624 16625 16626
f 16627 16628 16629
f 16630 16631 16632
f 16633 16634 16635
f 16636 16637 16638
f 16639 16640 16641
f 16642 16643 16644
f 16645 16646 16647
f 16648 16649 16650
f 16651 16652 16653
f 16654 16655 16656
f 16657 16658 16659
f 16660 16661 16662
f 16663 16664 16665
f 16666 16667 16668
f 16669 16670 16671
f 16672 16673 16674
f 16675 16676 16677
f 16678 16679 16680
f 16681 16682 16683
f 16684 16685 16686
f 16687 16688 16689
f 16690 16691 16692
f 16693 16694 16695
f 16696 16697 16698
f 16699 16700 16701
f 16702 16703 16704
f 16705 16706 16707
f 16708 16709 16710
f 16711 16712 16713
f 16714 16715 16716
f 16717 16718 16719
f 16720 16721 16722
f 16723 16724 16725
f 16726 16727 16728
f 16729 16730 16731
f 16732 16733 16734
f 16735 16736 16737
f 16738 16739 16740
f 16741 16742 16743
f 16744 16745 16746
f 16747 16748 16749
f 16750 16751 16752
f 16753 16754 16755
f 16756 16757 16758
f 16759 16760 16761
f 16762 16763 16764
f 16765 16766 16767
f 16768 16769 16770
f 16771 16772 16773
f 16774 16775 16776
f 16777 16778 16779
f 16780 16781 16782
f 16783 16784 16785
f 16786 16787 16788
f 16789 16790 16791
f 16792 16793 16794
f 16795 16796 16797
f 16798 16799 16800
f 16801 16802 16803
f 16804 16805 16806
f 16807 16808 16809
f 16810 16811 16812
f 16813 16814 16815
f 16816 16817 16818
f 16819 16820 16821
f 16822 16823 16824
f 16825 16826 16827
f 16828 16829 16830
f 16831 16832 16833
f 16834 16835 16836
f 16837 16838 16839
f 16840 16841 16842
f 16843 16844 16845
f 16846 16847 16848
f 16849 16850 16851
f 16852 16853 16854
f 16855 16856 16857
f 16858 16859 16860
f 16861 16862 16863
f 16864 16865 16866
f 16867 16868 16869
f 16870 16871 16872
f 16873 16874 16875
f 16876 16877 16878
f 16879 16880 16881
f 16882 16883 16884
f 16885 16886 16887
f 16888 16889 16890
f 16891 16892 16893
f 16894 16895 16896
f 16897 16898 16899
f 16900 16901 16902
f 16903 16904 16905
f 16906 16907 16908
f 16909 16910 16911
f 16912 16913 16914
f 16915 16916 16917
f 16918 16919 16920
f 16921 16922 16923
f 16924 16925 16926
f 16927 16928 16929
f 16930 16931 16932
f 16933 16934 16935
f 16936 16937 16938
f 16939 16940 16941
f 16942 16943 16944
f 16945 16946 16947
f 16948 16949 16950
f 16951 16952 16953
f 16954 16955 16956
f 16957 16958 16959
f 16960 16961 16962
f 16963 16964 16965
f 16966 16967 16968
f 16969 16970 16971
f 16972 16973 16974
f 16975 16976 16977
f 16978 16979 16980
f 16981 16982 16983
f 16984 16985 16986
f 16987 16988 16989
f 16990 16991 16992
f 16993 16994 16995
f 16996 16997 16998
f 16999 17000 17001
f 17002 17003 17004
f 17005 17006 17007
f 17008 17009 17010
f 17011 17012 17013
f 17014 17015 17016
f 17017 17018 17019
f 17020 17021 17022
f 17023 17024 17025
f 17026 17027 17028
f 17029 17030 17031
f 17032 17033 17034
f 17035 17036 17037
f 17038 17039 17040
f 17041 17042 17043
f 17044 17045 17046
f 17047 17048 17049
f 17050 17051 17052
f 17053 17054 17055
f 17056 17057 17058
f 17059 17060 17061
f 17062 17063 17064
f 17065 17066 17067
f 17068 17069 17070
f 17071 17072 17073
f 17074 17075 17076
f 17077 17078 17079
f 17080 17081 17082
f 17083 17084 17085
f 17086 17087 17088
f 17089 17090 17091
f 17092 17093 17094
f 17095 17096 17097
f 17098 17099 17100
f 17101 17102 17103
f 17104 17105 17106
f 17107 17108 17109
f 17110 17111 17112
f 17113 17114 17115
f 17116 17117 17118
f 17119 17120 17121
f 17122 17123 17124
f 17125 17126 17127
f 17128 17129 17130
f 17131 17132 17133
f 17134 17135 17136
f 17137 17138 17139
f 17140 17141 17142
f 17143 17144 17145
f 17146 17147 17148
f 17149 17150 17151
f 17152 17153 17154
f 17155 17156 17157
f 17158 17159 17160
f 17161 17162 17163
f 17164 17165 17166
f 17167 17168 17169
f 17170 17171 17172
f 17173 17174 17175
f 17176 17177 17178
f 17179 17180 17181
f 17182 17183 17184
f 17185 17186 17187
f 17188 17189 17190
f 17191 17192 17193
f 17194 17195 17196
f 17197 17198 17199
f 17200 17201 17202
f 17203 17204 17205
f 17206 17207 17208
f 17209 17210 17211
f 17212 17213 17214
f 17215 17216 17217
f 17218 17219 17220
f 17221 17222 17223
f 17224 17225 17226
f 17227 17228 17229
f 17230 17231 17232
f 17233 17234 17235
f 17236 17237 17238
f 17239 17240 17241
f 17242 17243 17244
f 17245 17246 17247
f 17248 17249 17250
f 17251 17252 17253
f 17254 17255 17256
f 17257 17258 17259
f 17260 17261 17262
f 17263 17264 17265
f 17266 17267 17268
f 17269 17270 17271
f 17272 17273 17274
f 17275 17276 17277
f 17278 17279 17280
f 17281 17282 17283
f 17284 17285 17286
f 17287 17288 17289
f 17290 17291 17292
f 17293 17294 17295
f 17296 17297 17298
f 17299 17300 17301
f 17302 17303 17304
f 17305 17306 17307
f 17308 17309 17310
f 17311 17312 17313
f 17314 17315 17316
f 17317 17318 17319
f 17320 17321 17322
f 17323 17324 17325
f 17326 17327 17328
f 17329 17330 17331
f 17332 17333 17334
f 17335 17336 17337
f 17338 17339 17340
f 17341 17342 17343
f 17344 17345 17346
f 17347 17348 17349
f 17350 17351 17352
f 17353 17354 17355
f 17356 17357 17358
f 17359 17360 17361
f 17362 17363 17364
f 17365 17366 17367
f 17368 17369 17370
f 17371 17372 17373
f 17374 17375 17376
f 17377 17378 17379
f 17380 17381 17382
f 17383 17384 17385
f 17386 17387 17388
f 17389 17390 17391
f 17392 17393 17394
f 17395 17396 17397
f 17398 17399 17400
f 17401 17402 17403
f 17404 17405 17406
f 17407 17408 17409
f 17410 17411 17412
f 17413 17414 17415
f 17416 17417 17418
f 17419 17420 17421
f 17422 17423 17424
f 17425 17426 17427
f 17428 17429 17430
f 17431 17432 17433
f 17434 17435 17436
f 17437 17438 17439
f 17440 17441 17442
f 17443 17444 17445
f 17446 17447 17448
f 17449 17450 17451
f 17452 17453 17454
f 17455 17456 17457
f 17458 17459 17460
f 17461 17462 17463
f 17464 17465 17466
f 17467 17468 17469
f 17470 17471 17472
f 17473 17474 17475
f 17476 17477 17478
f 17479 17480 17481
f 17482 17483 17484
f 17485 17486 17487
f 17488 17489 17490
f 17491 17492 17493
f 17494 17495 17496
f 17497 17498 17499
f 17500 17501 17502
f 17503 17504 17505
f 17506 17507 17508
f 17509 17510 17511
f 17512 17513 17514
f 17515 17516 17517
f 17518 17519 17520
f 17521 17522 17523
f 17524 17525 17526
f 17527 17528 17529
f 17530 17531 17532
f 17533 17534 17535
f 17536 17537 17538
f 17539 17540 17541
f 17542 17543 17544
f 17545 17546 17547
f 17548 17549 17550
f 17551 17552 17553
f 17554 17555 17556
f 17557 17558 17559
f 17560 17561 17562
f 17563 17564 17565
f 17566 17567 17568
f 17569 17570 17571
f 17572 17573 17574
f 17575 17576 17577
f 17578 17579 17580
f 17581 17582 17583
f 17584 17585 17586
f 17587 17588 17589
f 17590 17591 17592
f 17593 17594 17595
f 17596 17597 17598
f 17599 17600 17601
f 17602 17603 17604
f 17605 17606 17607
f 17608 17609 17610
f 17611 17612 17613
f 17614 17615 17616
f 17617 17618 17619
f 17620 17621 17622
f 17623 17624 17625
f 17626 17627 17628
f 17629 17630 17631
f 17632 17633 17634
f 17635 17636 17637
f 17638 17639 17640
f 17641 17642 17643
f 17644 17645 17646
f 17647 17648 17649
f 17650 17651 17652
f 17653 17654 17655
f 17656 17657 17658
f 17659 17660 17661
f 17662 17663 17664
f 17665 17666 17667
f 17668 17669 17670
f 17671 17672 17673
f 17674 17675 17676
f 17677 17678 17679
f 17680 17681 17682
f 17683 17684 17685
f 17686 17687 17688
f 17689 17690 17691
f 17692 17693 17694
f 17695 17696 17697
f 17698 17699 17700
f 17701 17702 17703
f 17704 17705 17706
f 17707 17708 17709
f 17710 17711 17712
f 17713 17714 17715
f 17716 17717 17718
f 17719 17720 17721
f 17722 17723 17724
f 17725 17726 17727
f 17728 17729 17730
f 17731 17732 17733
f 17734 17735 17736
f 17737 17738 17739
f 17740 17741 17742
f 17743 17744 17745
f 17746 17747 17748
f 17749 17750 17751
f 17752 17753 17754
f 17755 17756 17757
f 17758 17759 17760
f 17761 17762 17763
f 17764 17765 17766
f 17767 17768 17769
f 17770 17771 17772
f 17773 17774 17775
f 17776 17777 17778
f 17779 17780 17781
f 17782 17783 17784
f 17785 17786 17787
f 17788 17789 17790
f 17791 17792 17793
f 17794 17795 17796
f 17797 17798 17799
f 17800 17801 17802
f 17803 17804 17805
f 17806 17807 17808
f 17809 17810 17811
f 17812 17813 17814
f 17815 17816 17817
f 17818 17819 17820
f 17821 17822 17823
f 17824 17825 17826
f 17827 17828 17829
f 17830 17831 17832
f 17833 17834 17835
f 17836 17837 17838
f 17839 17840 17841
f 17842 17843 17844
f 17845 17846 17847
f 17848 17849 17850
f 17851 17852 17853
f 17854 17855 17856
f 17857 17858 17859
f 17860 17861 17862
f 17863 17864 17865
f 17866 17867 17868
f 17869 17870 17871
f 17872 17873 17874
f 17875 17876 17877
f 17878 17879 17880
f 17881 17882 17883
f 17884 17885 17886
f 17887 17888 17889
f 17890 17891 17892
f 17893 17894 17895
f 17896 17897 17898
f 17899 17900 17901
f 17902 17903 17904
f 17905 17906 17907
f 17908 17909 17910
f 17911 17912 17913
f 17914 17915 17916
f 17917 17918 17919
f 17920 17921 17922
f 17923 17924 17925
f 17926 17927 17928
f 17929 17930 17931
f 17932 17933 17934
f 17935 17936 17937
f 17938 17939 17940
f 17941 17942 17943
f 17944 17945 17946
f 17947 17948 17949
f 17950 17951 17952
f 17953 17954 17955
f 17956 17957 17958
f 17959 17960 17961
f 17962 17963 17964
f 17965 17966 17967
f 17968 17969 17970
f 17971 17972 17973
f 17974 17975 17976
f 17977 17978 17979
f 17980 17981 17982
f 17983 17984 17985
f 17986 17987 17988
f 17989 17990 17991
f 17992 17993 17994
f 17995 17996 17997
f 17998 17999 18000
f 18001 18002 18003
f 18004 18005 18006
f 18007 18008 18009
f 18010 18011 18012
f 18013 18014 18015
f 18016 18017 18018
f 18019 18020 18021
f 18022 18023 18024
f 18025 18026 18027
f 18028 18029 18030
f 18031 18032 18033
f 18034 18035 18036
f 18037 18038 18039
f 18040 18041 18042
f 18043 18044 18045
f 18046 18047 18048
f 18049 18050 18051
f 18052 18053 18054
f 18055 18056 18057
f 18058 18059 18060
f 18061 18062 18063
f 18064 18065 18066
f 18067 18068 18069
f 18070 18071 18072
f 18073 18074 18075
f 18076 18077 18078
f 18079 18080 18081
f 18082 18083 18084
f 18085 18086 18087
f 18088 18089 18090
f 18091 18092 18093
f 18094 18095 18096
f 18097 18098 18099
f 18100 18101 18102
f 18103 18104 18105
f 18106 18107 18108
f 18109 18110 18111
f 18112 18113 18114
f 18115 18116 18117
f 18118 18119 18120
f 18121 18122 18123
f 18124 18125 18126
f 18127 18128 18129
f 18130 18131 18132
f 18133 18134 18135
f 18136 18137 18138
f 18139 18140 18141
f 18142 18143 18144
f 18145 18146 18147
f 18148 18149 18150
f 18151 18152 18153
f 18154 18155 18156
f 18157 18158 18159
f 18160 18161 18162
f 18163 18164 18165
f 18166 18167 18168
f 18169 18170 18171
f 18172 18173 18174
f 18175 18176 18177
f 18178 18179 18180
