# MATERIA - Groundpiece
# Geometria originale di studio. Unita mm. Non CAD del produttore.
v 1215.0000 3.2750 436.5000
v 1215.0000 -50.0750 436.5000
v 1215.0000 3.2750 -436.5000
v 1215.0000 -50.0750 436.5000
v 1215.0000 -50.0750 -436.5000
v 1215.0000 3.2750 -436.5000
v -1215.0000 3.2750 -436.5000
v -1215.0000 -50.0750 -436.5000
v -1215.0000 3.2750 436.5000
v -1215.0000 -50.0750 -436.5000
v -1215.0000 -50.0750 436.5000
v -1215.0000 3.2750 436.5000
v -1215.0000 3.2750 -436.5000
v -1215.0000 3.2750 436.5000
v 1215.0000 3.2750 -436.5000
v -1215.0000 3.2750 436.5000
v 1215.0000 3.2750 436.5000
v 1215.0000 3.2750 -436.5000
v -1215.0000 -50.0750 436.5000
v -1215.0000 -50.0750 -436.5000
v 1215.0000 -50.0750 436.5000
v -1215.0000 -50.0750 -436.5000
v 1215.0000 -50.0750 -436.5000
v 1215.0000 -50.0750 436.5000
v -1215.0000 3.2750 436.5000
v -1215.0000 -50.0750 436.5000
v 1215.0000 3.2750 436.5000
v -1215.0000 -50.0750 436.5000
v 1215.0000 -50.0750 436.5000
v 1215.0000 3.2750 436.5000
v 1215.0000 3.2750 -436.5000
v 1215.0000 -50.0750 -436.5000
v -1215.0000 3.2750 -436.5000
v 1215.0000 -50.0750 -436.5000
v -1215.0000 -50.0750 -436.5000
v -1215.0000 3.2750 -436.5000
v -1032.7500 413.4000 -96.0300
v -1253.6062 403.9002 -96.0300
v -1224.0171 403.9002 -16.2214
v -1032.7500 413.4000 -96.0300
v -1224.0171 403.9002 -16.2214
v -1143.1781 403.9002 42.2026
v -1032.7500 413.4000 -96.0300
v -1143.1781 403.9002 42.2026
v -1032.7500 403.9002 63.5873
v -1032.7500 413.4000 -96.0300
v -1032.7500 403.9002 63.5873
v -922.3219 403.9002 42.2026
v -1032.7500 413.4000 -96.0300
v -922.3219 403.9002 42.2026
v -841.4829 403.9002 -16.2214
v -1032.7500 413.4000 -96.0300
v -841.4829 403.9002 -16.2214
v -811.8938 403.9002 -96.0300
v -1032.7500 413.4000 -96.0300
v -811.8938 403.9002 -96.0300
v -841.4829 403.9002 -175.8386
v -1032.7500 413.4000 -96.0300
v -841.4829 403.9002 -175.8386
v -922.3219 403.9002 -234.2626
v -1032.7500 413.4000 -96.0300
v -922.3219 403.9002 -234.2626
v -1032.7500 403.9002 -255.6473
v -1032.7500 413.4000 -96.0300
v -1032.7500 403.9002 -255.6473
v -1143.1781 403.9002 -234.2626
v -1032.7500 413.4000 -96.0300
v -1143.1781 403.9002 -234.2626
v -1224.0171 403.9002 -175.8386
v -1032.7500 413.4000 -96.0300
v -1224.0171 403.9002 -175.8386
v -1253.6062 403.9002 -96.0300
v -1224.0171 403.9002 -16.2214
v -1253.6062 403.9002 -96.0300
v -1386.1655 376.8469 51.4371
v -1253.6062 403.9002 -96.0300
v -1440.8390 376.8469 -96.0300
v -1386.1655 376.8469 51.4371
v -1143.1781 403.9002 42.2026
v -1224.0171 403.9002 -16.2214
v -1236.7945 376.8469 159.3906
v -1224.0171 403.9002 -16.2214
v -1386.1655 376.8469 51.4371
v -1236.7945 376.8469 159.3906
v -1032.7500 403.9002 63.5873
v -1143.1781 403.9002 42.2026
v -1032.7500 376.8469 198.9042
v -1143.1781 403.9002 42.2026
v -1236.7945 376.8469 159.3906
v -1032.7500 376.8469 198.9042
v -922.3219 403.9002 42.2026
v -1032.7500 403.9002 63.5873
v -828.7055 376.8469 159.3906
v -1032.7500 403.9002 63.5873
v -1032.7500 376.8469 198.9042
v -828.7055 376.8469 159.3906
v -841.4829 403.9002 -16.2214
v -922.3219 403.9002 42.2026
v -679.3345 376.8469 51.4371
v -922.3219 403.9002 42.2026
v -828.7055 376.8469 159.3906
v -679.3345 376.8469 51.4371
v -811.8938 403.9002 -96.0300
v -841.4829 403.9002 -16.2214
v -624.6610 376.8469 -96.0300
v -841.4829 403.9002 -16.2214
v -679.3345 376.8469 51.4371
v -624.6610 376.8469 -96.0300
v -841.4829 403.9002 -175.8386
v -811.8938 403.9002 -96.0300
v -679.3345 376.8469 -243.4971
v -811.8938 403.9002 -96.0300
v -624.6610 376.8469 -96.0300
v -679.3345 376.8469 -243.4971
v -922.3219 403.9002 -234.2626
v -841.4829 403.9002 -175.8386
v -828.7055 376.8469 -351.4506
v -841.4829 403.9002 -175.8386
v -679.3345 376.8469 -243.4971
v -828.7055 376.8469 -351.4506
v -1032.7500 403.9002 -255.6473
v -922.3219 403.9002 -234.2626
v -1032.7500 376.8469 -390.9642
v -922.3219 403.9002 -234.2626
v -828.7055 376.8469 -351.4506
v -1032.7500 376.8469 -390.9642
v -1143.1781 403.9002 -234.2626
v -1032.7500 403.9002 -255.6473
v -1236.7945 376.8469 -351.4506
v -1032.7500 403.9002 -255.6473
v -1032.7500 376.8469 -390.9642
v -1236.7945 376.8469 -351.4506
v -1224.0171 403.9002 -175.8386
v -1143.1781 403.9002 -234.2626
v -1386.1655 376.8469 -243.4971
v -1143.1781 403.9002 -234.2626
v -1236.7945 376.8469 -351.4506
v -1386.1655 376.8469 -243.4971
v -1253.6062 403.9002 -96.0300
v -1224.0171 403.9002 -175.8386
v -1440.8390 376.8469 -96.0300
v -1224.0171 403.9002 -175.8386
v -1386.1655 376.8469 -243.4971
v -1440.8390 376.8469 -96.0300
v -1386.1655 376.8469 51.4371
v -1440.8390 376.8469 -96.0300
v -1494.5095 336.3589 96.6451
v -1440.8390 376.8469 -96.0300
v -1565.9440 336.3589 -96.0300
v -1494.5095 336.3589 96.6451
v -1236.7945 376.8469 159.3906
v -1386.1655 376.8469 51.4371
v -1299.3470 336.3589 237.6930
v -1386.1655 376.8469 51.4371
v -1494.5095 336.3589 96.6451
v -1299.3470 336.3589 237.6930
v -1032.7500 376.8469 198.9042
v -1236.7945 376.8469 159.3906
v -1032.7500 336.3589 289.3201
v -1236.7945 376.8469 159.3906
v -1299.3470 336.3589 237.6930
v -1032.7500 336.3589 289.3201
v -828.7055 376.8469 159.3906
v -1032.7500 376.8469 198.9042
v -766.1530 336.3589 237.6930
v -1032.7500 376.8469 198.9042
v -1032.7500 336.3589 289.3201
v -766.1530 336.3589 237.6930
v -679.3345 376.8469 51.4371
v -828.7055 376.8469 159.3906
v -570.9905 336.3589 96.6451
v -828.7055 376.8469 159.3906
v -766.1530 336.3589 237.6930
v -570.9905 336.3589 96.6451
v -624.6610 376.8469 -96.0300
v -679.3345 376.8469 51.4371
v -499.5560 336.3589 -96.0300
v -679.3345 376.8469 51.4371
v -570.9905 336.3589 96.6451
v -499.5560 336.3589 -96.0300
v -679.3345 376.8469 -243.4971
v -624.6610 376.8469 -96.0300
v -570.9905 336.3589 -288.7051
v -624.6610 376.8469 -96.0300
v -499.5560 336.3589 -96.0300
v -570.9905 336.3589 -288.7051
v -828.7055 376.8469 -351.4506
v -679.3345 376.8469 -243.4971
v -766.1530 336.3589 -429.7530
v -679.3345 376.8469 -243.4971
v -570.9905 336.3589 -288.7051
v -766.1530 336.3589 -429.7530
v -1032.7500 376.8469 -390.9642
v -828.7055 376.8469 -351.4506
v -1032.7500 336.3589 -481.3801
v -828.7055 376.8469 -351.4506
v -766.1530 336.3589 -429.7530
v -1032.7500 336.3589 -481.3801
v -1236.7945 376.8469 -351.4506
v -1032.7500 376.8469 -390.9642
v -1299.3470 336.3589 -429.7530
v -1032.7500 376.8469 -390.9642
v -1032.7500 336.3589 -481.3801
v -1299.3470 336.3589 -429.7530
v -1386.1655 376.8469 -243.4971
v -1236.7945 376.8469 -351.4506
v -1494.5095 336.3589 -288.7051
v -1236.7945 376.8469 -351.4506
v -1299.3470 336.3589 -429.7530
v -1494.5095 336.3589 -288.7051
v -1440.8390 376.8469 -96.0300
v -1386.1655 376.8469 -243.4971
v -1565.9440 336.3589 -96.0300
v -1386.1655 376.8469 -243.4971
v -1494.5095 336.3589 -288.7051
v -1565.9440 336.3589 -96.0300
v -1494.5095 336.3589 96.6451
v -1565.9440 336.3589 -96.0300
v -1532.5549 288.6000 112.5200
v -1565.9440 336.3589 -96.0300
v -1609.8750 288.6000 -96.0300
v -1532.5549 288.6000 112.5200
v -1299.3470 336.3589 237.6930
v -1494.5095 336.3589 96.6451
v -1321.3125 288.6000 265.1892
v -1494.5095 336.3589 96.6451
v -1532.5549 288.6000 112.5200
v -1321.3125 288.6000 265.1892
v -1032.7500 336.3589 289.3201
v -1299.3470 336.3589 237.6930
v -1032.7500 288.6000 321.0700
v -1299.3470 336.3589 237.6930
v -1321.3125 288.6000 265.1892
v -1032.7500 288.6000 321.0700
v -766.1530 336.3589 237.6930
v -1032.7500 336.3589 289.3201
v -744.1875 288.6000 265.1892
v -1032.7500 336.3589 289.3201
v -1032.7500 288.6000 321.0700
v -744.1875 288.6000 265.1892
v -570.9905 336.3589 96.6451
v -766.1530 336.3589 237.6930
v -532.9451 288.6000 112.5200
v -766.1530 336.3589 237.6930
v -744.1875 288.6000 265.1892
v -532.9451 288.6000 112.5200
v -499.5560 336.3589 -96.0300
v -570.9905 336.3589 96.6451
v -455.6250 288.6000 -96.0300
v -570.9905 336.3589 96.6451
v -532.9451 288.6000 112.5200
v -455.6250 288.6000 -96.0300
v -570.9905 336.3589 -288.7051
v -499.5560 336.3589 -96.0300
v -532.9451 288.6000 -304.5800
v -499.5560 336.3589 -96.0300
v -455.6250 288.6000 -96.0300
v -532.9451 288.6000 -304.5800
v -766.1530 336.3589 -429.7530
v -570.9905 336.3589 -288.7051
v -744.1875 288.6000 -457.2492
v -570.9905 336.3589 -288.7051
v -532.9451 288.6000 -304.5800
v -744.1875 288.6000 -457.2492
v -1032.7500 336.3589 -481.3801
v -766.1530 336.3589 -429.7530
v -1032.7500 288.6000 -513.1300
v -766.1530 336.3589 -429.7530
v -744.1875 288.6000 -457.2492
v -1032.7500 288.6000 -513.1300
v -1299.3470 336.3589 -429.7530
v -1032.7500 336.3589 -481.3801
v -1321.3125 288.6000 -457.2492
v -1032.7500 336.3589 -481.3801
v -1032.7500 288.6000 -513.1300
v -1321.3125 288.6000 -457.2492
v -1494.5095 336.3589 -288.7051
v -1299.3470 336.3589 -429.7530
v -1532.5549 288.6000 -304.5800
v -1299.3470 336.3589 -429.7530
v -1321.3125 288.6000 -457.2492
v -1532.5549 288.6000 -304.5800
v -1565.9440 336.3589 -96.0300
v -1494.5095 336.3589 -288.7051
v -1609.8750 288.6000 -96.0300
v -1494.5095 336.3589 -288.7051
v -1532.5549 288.6000 -304.5800
v -1609.8750 288.6000 -96.0300
v -1532.5549 288.6000 112.5200
v -1609.8750 288.6000 -96.0300
v -1494.5095 240.8411 96.6451
v -1609.8750 288.6000 -96.0300
v -1565.9440 240.8411 -96.0300
v -1494.5095 240.8411 96.6451
v -1321.3125 288.6000 265.1892
v -1532.5549 288.6000 112.5200
v -1299.3470 240.8411 237.6930
v -1532.5549 288.6000 112.5200
v -1494.5095 240.8411 96.6451
v -1299.3470 240.8411 237.6930
v -1032.7500 288.6000 321.0700
v -1321.3125 288.6000 265.1892
v -1032.7500 240.8411 289.3201
v -1321.3125 288.6000 265.1892
v -1299.3470 240.8411 237.6930
v -1032.7500 240.8411 289.3201
v -744.1875 288.6000 265.1892
v -1032.7500 288.6000 321.0700
v -766.1530 240.8411 237.6930
v -1032.7500 288.6000 321.0700
v -1032.7500 240.8411 289.3201
v -766.1530 240.8411 237.6930
v -532.9451 288.6000 112.5200
v -744.1875 288.6000 265.1892
v -570.9905 240.8411 96.6451
v -744.1875 288.6000 265.1892
v -766.1530 240.8411 237.6930
v -570.9905 240.8411 96.6451
v -455.6250 288.6000 -96.0300
v -532.9451 288.6000 112.5200
v -499.5560 240.8411 -96.0300
v -532.9451 288.6000 112.5200
v -570.9905 240.8411 96.6451
v -499.5560 240.8411 -96.0300
v -532.9451 288.6000 -304.5800
v -455.6250 288.6000 -96.0300
v -570.9905 240.8411 -288.7051
v -455.6250 288.6000 -96.0300
v -499.5560 240.8411 -96.0300
v -570.9905 240.8411 -288.7051
v -744.1875 288.6000 -457.2492
v -532.9451 288.6000 -304.5800
v -766.1530 240.8411 -429.7530
v -532.9451 288.6000 -304.5800
v -570.9905 240.8411 -288.7051
v -766.1530 240.8411 -429.7530
v -1032.7500 288.6000 -513.1300
v -744.1875 288.6000 -457.2492
v -1032.7500 240.8411 -481.3801
v -744.1875 288.6000 -457.2492
v -766.1530 240.8411 -429.7530
v -1032.7500 240.8411 -481.3801
v -1321.3125 288.6000 -457.2492
v -1032.7500 288.6000 -513.1300
v -1299.3470 240.8411 -429.7530
v -1032.7500 288.6000 -513.1300
v -1032.7500 240.8411 -481.3801
v -1299.3470 240.8411 -429.7530
v -1532.5549 288.6000 -304.5800
v -1321.3125 288.6000 -457.2492
v -1494.5095 240.8411 -288.7051
v -1321.3125 288.6000 -457.2492
v -1299.3470 240.8411 -429.7530
v -1494.5095 240.8411 -288.7051
v -1609.8750 288.6000 -96.0300
v -1532.5549 288.6000 -304.5800
v -1565.9440 240.8411 -96.0300
v -1532.5549 288.6000 -304.5800
v -1494.5095 240.8411 -288.7051
v -1565.9440 240.8411 -96.0300
v -1494.5095 240.8411 96.6451
v -1565.9440 240.8411 -96.0300
v -1386.1655 200.3531 51.4371
v -1565.9440 240.8411 -96.0300
v -1440.8390 200.3531 -96.0300
v -1386.1655 200.3531 51.4371
v -1299.3470 240.8411 237.6930
v -1494.5095 240.8411 96.6451
v -1236.7945 200.3531 159.3906
v -1494.5095 240.8411 96.6451
v -1386.1655 200.3531 51.4371
v -1236.7945 200.3531 159.3906
v -1032.7500 240.8411 289.3201
v -1299.3470 240.8411 237.6930
v -1032.7500 200.3531 198.9042
v -1299.3470 240.8411 237.6930
v -1236.7945 200.3531 159.3906
v -1032.7500 200.3531 198.9042
v -766.1530 240.8411 237.6930
v -1032.7500 240.8411 289.3201
v -828.7055 200.3531 159.3906
v -1032.7500 240.8411 289.3201
v -1032.7500 200.3531 198.9042
v -828.7055 200.3531 159.3906
v -570.9905 240.8411 96.6451
v -766.1530 240.8411 237.6930
v -679.3345 200.3531 51.4371
v -766.1530 240.8411 237.6930
v -828.7055 200.3531 159.3906
v -679.3345 200.3531 51.4371
v -499.5560 240.8411 -96.0300
v -570.9905 240.8411 96.6451
v -624.6610 200.3531 -96.0300
v -570.9905 240.8411 96.6451
v -679.3345 200.3531 51.4371
v -624.6610 200.3531 -96.0300
v -570.9905 240.8411 -288.7051
v -499.5560 240.8411 -96.0300
v -679.3345 200.3531 -243.4971
v -499.5560 240.8411 -96.0300
v -624.6610 200.3531 -96.0300
v -679.3345 200.3531 -243.4971
v -766.1530 240.8411 -429.7530
v -570.9905 240.8411 -288.7051
v -828.7055 200.3531 -351.4506
v -570.9905 240.8411 -288.7051
v -679.3345 200.3531 -243.4971
v -828.7055 200.3531 -351.4506
v -1032.7500 240.8411 -481.3801
v -766.1530 240.8411 -429.7530
v -1032.7500 200.3531 -390.9642
v -766.1530 240.8411 -429.7530
v -828.7055 200.3531 -351.4506
v -1032.7500 200.3531 -390.9642
v -1299.3470 240.8411 -429.7530
v -1032.7500 240.8411 -481.3801
v -1236.7945 200.3531 -351.4506
v -1032.7500 240.8411 -481.3801
v -1032.7500 200.3531 -390.9642
v -1236.7945 200.3531 -351.4506
v -1494.5095 240.8411 -288.7051
v -1299.3470 240.8411 -429.7530
v -1386.1655 200.3531 -243.4971
v -1299.3470 240.8411 -429.7530
v -1236.7945 200.3531 -351.4506
v -1386.1655 200.3531 -243.4971
v -1565.9440 240.8411 -96.0300
v -1494.5095 240.8411 -288.7051
v -1440.8390 200.3531 -96.0300
v -1494.5095 240.8411 -288.7051
v -1386.1655 200.3531 -243.4971
v -1440.8390 200.3531 -96.0300
v -1386.1655 200.3531 51.4371
v -1440.8390 200.3531 -96.0300
v -1224.0171 173.2998 -16.2214
v -1440.8390 200.3531 -96.0300
v -1253.6062 173.2998 -96.0300
v -1224.0171 173.2998 -16.2214
v -1236.7945 200.3531 159.3906
v -1386.1655 200.3531 51.4371
v -1143.1781 173.2998 42.2026
v -1386.1655 200.3531 51.4371
v -1224.0171 173.2998 -16.2214
v -1143.1781 173.2998 42.2026
v -1032.7500 200.3531 198.9042
v -1236.7945 200.3531 159.3906
v -1032.7500 173.2998 63.5873
v -1236.7945 200.3531 159.3906
v -1143.1781 173.2998 42.2026
v -1032.7500 173.2998 63.5873
v -828.7055 200.3531 159.3906
v -1032.7500 200.3531 198.9042
v -922.3219 173.2998 42.2026
v -1032.7500 200.3531 198.9042
v -1032.7500 173.2998 63.5873
v -922.3219 173.2998 42.2026
v -679.3345 200.3531 51.4371
v -828.7055 200.3531 159.3906
v -841.4829 173.2998 -16.2214
v -828.7055 200.3531 159.3906
v -922.3219 173.2998 42.2026
v -841.4829 173.2998 -16.2214
v -624.6610 200.3531 -96.0300
v -679.3345 200.3531 51.4371
v -811.8938 173.2998 -96.0300
v -679.3345 200.3531 51.4371
v -841.4829 173.2998 -16.2214
v -811.8938 173.2998 -96.0300
v -679.3345 200.3531 -243.4971
v -624.6610 200.3531 -96.0300
v -841.4829 173.2998 -175.8386
v -624.6610 200.3531 -96.0300
v -811.8938 173.2998 -96.0300
v -841.4829 173.2998 -175.8386
v -828.7055 200.3531 -351.4506
v -679.3345 200.3531 -243.4971
v -922.3219 173.2998 -234.2626
v -679.3345 200.3531 -243.4971
v -841.4829 173.2998 -175.8386
v -922.3219 173.2998 -234.2626
v -1032.7500 200.3531 -390.9642
v -828.7055 200.3531 -351.4506
v -1032.7500 173.2998 -255.6473
v -828.7055 200.3531 -351.4506
v -922.3219 173.2998 -234.2626
v -1032.7500 173.2998 -255.6473
v -1236.7945 200.3531 -351.4506
v -1032.7500 200.3531 -390.9642
v -1143.1781 173.2998 -234.2626
v -1032.7500 200.3531 -390.9642
v -1032.7500 173.2998 -255.6473
v -1143.1781 173.2998 -234.2626
v -1386.1655 200.3531 -243.4971
v -1236.7945 200.3531 -351.4506
v -1224.0171 173.2998 -175.8386
v -1236.7945 200.3531 -351.4506
v -1143.1781 173.2998 -234.2626
v -1224.0171 173.2998 -175.8386
v -1440.8390 200.3531 -96.0300
v -1386.1655 200.3531 -243.4971
v -1253.6062 173.2998 -96.0300
v -1386.1655 200.3531 -243.4971
v -1224.0171 173.2998 -175.8386
v -1253.6062 173.2998 -96.0300
v -1224.0171 173.2998 -16.2214
v -1253.6062 173.2998 -96.0300
v -1032.7500 163.8000 -96.0300
v -1143.1781 173.2998 42.2026
v -1224.0171 173.2998 -16.2214
v -1032.7500 163.8000 -96.0300
v -1032.7500 173.2998 63.5873
v -1143.1781 173.2998 42.2026
v -1032.7500 163.8000 -96.0300
v -922.3219 173.2998 42.2026
v -1032.7500 173.2998 63.5873
v -1032.7500 163.8000 -96.0300
v -841.4829 173.2998 -16.2214
v -922.3219 173.2998 42.2026
v -1032.7500 163.8000 -96.0300
v -811.8938 173.2998 -96.0300
v -841.4829 173.2998 -16.2214
v -1032.7500 163.8000 -96.0300
v -841.4829 173.2998 -175.8386
v -811.8938 173.2998 -96.0300
v -1032.7500 163.8000 -96.0300
v -922.3219 173.2998 -234.2626
v -841.4829 173.2998 -175.8386
v -1032.7500 163.8000 -96.0300
v -1032.7500 173.2998 -255.6473
v -922.3219 173.2998 -234.2626
v -1032.7500 163.8000 -96.0300
v -1143.1781 173.2998 -234.2626
v -1032.7500 173.2998 -255.6473
v -1032.7500 163.8000 -96.0300
v -1224.0171 173.2998 -175.8386
v -1143.1781 173.2998 -234.2626
v -1032.7500 163.8000 -96.0300
v -1253.6062 173.2998 -96.0300
v -1224.0171 173.2998 -175.8386
v -1032.7500 163.8000 -96.0300
v -1032.7500 838.5000 544.1700
v -1253.6062 823.9534 544.1700
v -1224.0171 823.9534 570.1542
v -1032.7500 838.5000 544.1700
v -1224.0171 823.9534 570.1542
v -1143.1781 823.9534 589.1760
v -1032.7500 838.5000 544.1700
v -1143.1781 823.9534 589.1760
v -1032.7500 823.9534 596.1384
v -1032.7500 838.5000 544.1700
v -1032.7500 823.9534 596.1384
v -922.3219 823.9534 589.1760
v -1032.7500 838.5000 544.1700
v -922.3219 823.9534 589.1760
v -841.4829 823.9534 570.1542
v -1032.7500 838.5000 544.1700
v -841.4829 823.9534 570.1542
v -811.8938 823.9534 544.1700
v -1032.7500 838.5000 544.1700
v -811.8938 823.9534 544.1700
v -841.4829 823.9534 518.1858
v -1032.7500 838.5000 544.1700
v -841.4829 823.9534 518.1858
v -922.3219 823.9534 499.1640
v -1032.7500 838.5000 544.1700
v -922.3219 823.9534 499.1640
v -1032.7500 823.9534 492.2016
v -1032.7500 838.5000 544.1700
v -1032.7500 823.9534 492.2016
v -1143.1781 823.9534 499.1640
v -1032.7500 838.5000 544.1700
v -1143.1781 823.9534 499.1640
v -1224.0171 823.9534 518.1858
v -1032.7500 838.5000 544.1700
v -1224.0171 823.9534 518.1858
v -1253.6062 823.9534 544.1700
v -1224.0171 823.9534 570.1542
v -1253.6062 823.9534 544.1700
v -1386.1655 782.5281 592.1825
v -1253.6062 823.9534 544.1700
v -1440.8390 782.5281 544.1700
v -1386.1655 782.5281 592.1825
v -1143.1781 823.9534 589.1760
v -1224.0171 823.9534 570.1542
v -1236.7945 782.5281 627.3302
v -1224.0171 823.9534 570.1542
v -1386.1655 782.5281 592.1825
v -1236.7945 782.5281 627.3302
v -1032.7500 823.9534 596.1384
v -1143.1781 823.9534 589.1760
v -1032.7500 782.5281 640.1951
v -1143.1781 823.9534 589.1760
v -1236.7945 782.5281 627.3302
v -1032.7500 782.5281 640.1951
v -922.3219 823.9534 589.1760
v -1032.7500 823.9534 596.1384
v -828.7055 782.5281 627.3302
v -1032.7500 823.9534 596.1384
v -1032.7500 782.5281 640.1951
v -828.7055 782.5281 627.3302
v -841.4829 823.9534 570.1542
v -922.3219 823.9534 589.1760
v -679.3345 782.5281 592.1825
v -922.3219 823.9534 589.1760
v -828.7055 782.5281 627.3302
v -679.3345 782.5281 592.1825
v -811.8938 823.9534 544.1700
v -841.4829 823.9534 570.1542
v -624.6610 782.5281 544.1700
v -841.4829 823.9534 570.1542
v -679.3345 782.5281 592.1825
v -624.6610 782.5281 544.1700
v -841.4829 823.9534 518.1858
v -811.8938 823.9534 544.1700
v -679.3345 782.5281 496.1575
v -811.8938 823.9534 544.1700
v -624.6610 782.5281 544.1700
v -679.3345 782.5281 496.1575
v -922.3219 823.9534 499.1640
v -841.4829 823.9534 518.1858
v -828.7055 782.5281 461.0098
v -841.4829 823.9534 518.1858
v -679.3345 782.5281 496.1575
v -828.7055 782.5281 461.0098
v -1032.7500 823.9534 492.2016
v -922.3219 823.9534 499.1640
v -1032.7500 782.5281 448.1449
v -922.3219 823.9534 499.1640
v -828.7055 782.5281 461.0098
v -1032.7500 782.5281 448.1449
v -1143.1781 823.9534 499.1640
v -1032.7500 823.9534 492.2016
v -1236.7945 782.5281 461.0098
v -1032.7500 823.9534 492.2016
v -1032.7500 782.5281 448.1449
v -1236.7945 782.5281 461.0098
v -1224.0171 823.9534 518.1858
v -1143.1781 823.9534 499.1640
v -1386.1655 782.5281 496.1575
v -1143.1781 823.9534 499.1640
v -1236.7945 782.5281 461.0098
v -1386.1655 782.5281 496.1575
v -1253.6062 823.9534 544.1700
v -1224.0171 823.9534 518.1858
v -1440.8390 782.5281 544.1700
v -1224.0171 823.9534 518.1858
v -1386.1655 782.5281 496.1575
v -1440.8390 782.5281 544.1700
v -1386.1655 782.5281 592.1825
v -1440.8390 782.5281 544.1700
v -1494.5095 720.5308 606.9014
v -1440.8390 782.5281 544.1700
v -1565.9440 720.5308 544.1700
v -1494.5095 720.5308 606.9014
v -1236.7945 782.5281 627.3302
v -1386.1655 782.5281 592.1825
v -1299.3470 720.5308 652.8240
v -1386.1655 782.5281 592.1825
v -1494.5095 720.5308 606.9014
v -1299.3470 720.5308 652.8240
v -1032.7500 782.5281 640.1951
v -1236.7945 782.5281 627.3302
v -1032.7500 720.5308 669.6328
v -1236.7945 782.5281 627.3302
v -1299.3470 720.5308 652.8240
v -1032.7500 720.5308 669.6328
v -828.7055 782.5281 627.3302
v -1032.7500 782.5281 640.1951
v -766.1530 720.5308 652.8240
v -1032.7500 782.5281 640.1951
v -1032.7500 720.5308 669.6328
v -766.1530 720.5308 652.8240
v -679.3345 782.5281 592.1825
v -828.7055 782.5281 627.3302
v -570.9905 720.5308 606.9014
v -828.7055 782.5281 627.3302
v -766.1530 720.5308 652.8240
v -570.9905 720.5308 606.9014
v -624.6610 782.5281 544.1700
v -679.3345 782.5281 592.1825
v -499.5560 720.5308 544.1700
v -679.3345 782.5281 592.1825
v -570.9905 720.5308 606.9014
v -499.5560 720.5308 544.1700
v -679.3345 782.5281 496.1575
v -624.6610 782.5281 544.1700
v -570.9905 720.5308 481.4386
v -624.6610 782.5281 544.1700
v -499.5560 720.5308 544.1700
v -570.9905 720.5308 481.4386
v -828.7055 782.5281 461.0098
v -679.3345 782.5281 496.1575
v -766.1530 720.5308 435.5160
v -679.3345 782.5281 496.1575
v -570.9905 720.5308 481.4386
v -766.1530 720.5308 435.5160
v -1032.7500 782.5281 448.1449
v -828.7055 782.5281 461.0098
v -1032.7500 720.5308 418.7072
v -828.7055 782.5281 461.0098
v -766.1530 720.5308 435.5160
v -1032.7500 720.5308 418.7072
v -1236.7945 782.5281 461.0098
v -1032.7500 782.5281 448.1449
v -1299.3470 720.5308 435.5160
v -1032.7500 782.5281 448.1449
v -1032.7500 720.5308 418.7072
v -1299.3470 720.5308 435.5160
v -1386.1655 782.5281 496.1575
v -1236.7945 782.5281 461.0098
v -1494.5095 720.5308 481.4386
v -1236.7945 782.5281 461.0098
v -1299.3470 720.5308 435.5160
v -1494.5095 720.5308 481.4386
v -1440.8390 782.5281 544.1700
v -1386.1655 782.5281 496.1575
v -1565.9440 720.5308 544.1700
v -1386.1655 782.5281 496.1575
v -1494.5095 720.5308 481.4386
v -1565.9440 720.5308 544.1700
v -1494.5095 720.5308 606.9014
v -1565.9440 720.5308 544.1700
v -1532.5549 647.4000 612.0700
v -1565.9440 720.5308 544.1700
v -1609.8750 647.4000 544.1700
v -1532.5549 647.4000 612.0700
v -1299.3470 720.5308 652.8240
v -1494.5095 720.5308 606.9014
v -1321.3125 647.4000 661.7762
v -1494.5095 720.5308 606.9014
v -1532.5549 647.4000 612.0700
v -1321.3125 647.4000 661.7762
v -1032.7500 720.5308 669.6328
v -1299.3470 720.5308 652.8240
v -1032.7500 647.4000 679.9700
v -1299.3470 720.5308 652.8240
v -1321.3125 647.4000 661.7762
v -1032.7500 647.4000 679.9700
v -766.1530 720.5308 652.8240
v -1032.7500 720.5308 669.6328
v -744.1875 647.4000 661.7762
v -1032.7500 720.5308 669.6328
v -1032.7500 647.4000 679.9700
v -744.1875 647.4000 661.7762
v -570.9905 720.5308 606.9014
v -766.1530 720.5308 652.8240
v -532.9451 647.4000 612.0700
v -766.1530 720.5308 652.8240
v -744.1875 647.4000 661.7762
v -532.9451 647.4000 612.0700
v -499.5560 720.5308 544.1700
v -570.9905 720.5308 606.9014
v -455.6250 647.4000 544.1700
v -570.9905 720.5308 606.9014
v -532.9451 647.4000 612.0700
v -455.6250 647.4000 544.1700
v -570.9905 720.5308 481.4386
v -499.5560 720.5308 544.1700
v -532.9451 647.4000 476.2700
v -499.5560 720.5308 544.1700
v -455.6250 647.4000 544.1700
v -532.9451 647.4000 476.2700
v -766.1530 720.5308 435.5160
v -570.9905 720.5308 481.4386
v -744.1875 647.4000 426.5638
v -570.9905 720.5308 481.4386
v -532.9451 647.4000 476.2700
v -744.1875 647.4000 426.5638
v -1032.7500 720.5308 418.7072
v -766.1530 720.5308 435.5160
v -1032.7500 647.4000 408.3700
v -766.1530 720.5308 435.5160
v -744.1875 647.4000 426.5638
v -1032.7500 647.4000 408.3700
v -1299.3470 720.5308 435.5160
v -1032.7500 720.5308 418.7072
v -1321.3125 647.4000 426.5638
v -1032.7500 720.5308 418.7072
v -1032.7500 647.4000 408.3700
v -1321.3125 647.4000 426.5638
v -1494.5095 720.5308 481.4386
v -1299.3470 720.5308 435.5160
v -1532.5549 647.4000 476.2700
v -1299.3470 720.5308 435.5160
v -1321.3125 647.4000 426.5638
v -1532.5549 647.4000 476.2700
v -1565.9440 720.5308 544.1700
v -1494.5095 720.5308 481.4386
v -1609.8750 647.4000 544.1700
v -1494.5095 720.5308 481.4386
v -1532.5549 647.4000 476.2700
v -1609.8750 647.4000 544.1700
v -1532.5549 647.4000 612.0700
v -1609.8750 647.4000 544.1700
v -1494.5095 574.2692 606.9014
v -1609.8750 647.4000 544.1700
v -1565.9440 574.2692 544.1700
v -1494.5095 574.2692 606.9014
v -1321.3125 647.4000 661.7762
v -1532.5549 647.4000 612.0700
v -1299.3470 574.2692 652.8240
v -1532.5549 647.4000 612.0700
v -1494.5095 574.2692 606.9014
v -1299.3470 574.2692 652.8240
v -1032.7500 647.4000 679.9700
v -1321.3125 647.4000 661.7762
v -1032.7500 574.2692 669.6328
v -1321.3125 647.4000 661.7762
v -1299.3470 574.2692 652.8240
v -1032.7500 574.2692 669.6328
v -744.1875 647.4000 661.7762
v -1032.7500 647.4000 679.9700
v -766.1530 574.2692 652.8240
v -1032.7500 647.4000 679.9700
v -1032.7500 574.2692 669.6328
v -766.1530 574.2692 652.8240
v -532.9451 647.4000 612.0700
v -744.1875 647.4000 661.7762
v -570.9905 574.2692 606.9014
v -744.1875 647.4000 661.7762
v -766.1530 574.2692 652.8240
v -570.9905 574.2692 606.9014
v -455.6250 647.4000 544.1700
v -532.9451 647.4000 612.0700
v -499.5560 574.2692 544.1700
v -532.9451 647.4000 612.0700
v -570.9905 574.2692 606.9014
v -499.5560 574.2692 544.1700
v -532.9451 647.4000 476.2700
v -455.6250 647.4000 544.1700
v -570.9905 574.2692 481.4386
v -455.6250 647.4000 544.1700
v -499.5560 574.2692 544.1700
v -570.9905 574.2692 481.4386
v -744.1875 647.4000 426.5638
v -532.9451 647.4000 476.2700
v -766.1530 574.2692 435.5160
v -532.9451 647.4000 476.2700
v -570.9905 574.2692 481.4386
v -766.1530 574.2692 435.5160
v -1032.7500 647.4000 408.3700
v -744.1875 647.4000 426.5638
v -1032.7500 574.2692 418.7072
v -744.1875 647.4000 426.5638
v -766.1530 574.2692 435.5160
v -1032.7500 574.2692 418.7072
v -1321.3125 647.4000 426.5638
v -1032.7500 647.4000 408.3700
v -1299.3470 574.2692 435.5160
v -1032.7500 647.4000 408.3700
v -1032.7500 574.2692 418.7072
v -1299.3470 574.2692 435.5160
v -1532.5549 647.4000 476.2700
v -1321.3125 647.4000 426.5638
v -1494.5095 574.2692 481.4386
v -1321.3125 647.4000 426.5638
v -1299.3470 574.2692 435.5160
v -1494.5095 574.2692 481.4386
v -1609.8750 647.4000 544.1700
v -1532.5549 647.4000 476.2700
v -1565.9440 574.2692 544.1700
v -1532.5549 647.4000 476.2700
v -1494.5095 574.2692 481.4386
v -1565.9440 574.2692 544.1700
v -1494.5095 574.2692 606.9014
v -1565.9440 574.2692 544.1700
v -1386.1655 512.2719 592.1825
v -1565.9440 574.2692 544.1700
v -1440.8390 512.2719 544.1700
v -1386.1655 512.2719 592.1825
v -1299.3470 574.2692 652.8240
v -1494.5095 574.2692 606.9014
v -1236.7945 512.2719 627.3302
v -1494.5095 574.2692 606.9014
v -1386.1655 512.2719 592.1825
v -1236.7945 512.2719 627.3302
v -1032.7500 574.2692 669.6328
v -1299.3470 574.2692 652.8240
v -1032.7500 512.2719 640.1951
v -1299.3470 574.2692 652.8240
v -1236.7945 512.2719 627.3302
v -1032.7500 512.2719 640.1951
v -766.1530 574.2692 652.8240
v -1032.7500 574.2692 669.6328
v -828.7055 512.2719 627.3302
v -1032.7500 574.2692 669.6328
v -1032.7500 512.2719 640.1951
v -828.7055 512.2719 627.3302
v -570.9905 574.2692 606.9014
v -766.1530 574.2692 652.8240
v -679.3345 512.2719 592.1825
v -766.1530 574.2692 652.8240
v -828.7055 512.2719 627.3302
v -679.3345 512.2719 592.1825
v -499.5560 574.2692 544.1700
v -570.9905 574.2692 606.9014
v -624.6610 512.2719 544.1700
v -570.9905 574.2692 606.9014
v -679.3345 512.2719 592.1825
v -624.6610 512.2719 544.1700
v -570.9905 574.2692 481.4386
v -499.5560 574.2692 544.1700
v -679.3345 512.2719 496.1575
v -499.5560 574.2692 544.1700
v -624.6610 512.2719 544.1700
v -679.3345 512.2719 496.1575
v -766.1530 574.2692 435.5160
v -570.9905 574.2692 481.4386
v -828.7055 512.2719 461.0098
v -570.9905 574.2692 481.4386
v -679.3345 512.2719 496.1575
v -828.7055 512.2719 461.0098
v -1032.7500 574.2692 418.7072
v -766.1530 574.2692 435.5160
v -1032.7500 512.2719 448.1449
v -766.1530 574.2692 435.5160
v -828.7055 512.2719 461.0098
v -1032.7500 512.2719 448.1449
v -1299.3470 574.2692 435.5160
v -1032.7500 574.2692 418.7072
v -1236.7945 512.2719 461.0098
v -1032.7500 574.2692 418.7072
v -1032.7500 512.2719 448.1449
v -1236.7945 512.2719 461.0098
v -1494.5095 574.2692 481.4386
v -1299.3470 574.2692 435.5160
v -1386.1655 512.2719 496.1575
v -1299.3470 574.2692 435.5160
v -1236.7945 512.2719 461.0098
v -1386.1655 512.2719 496.1575
v -1565.9440 574.2692 544.1700
v -1494.5095 574.2692 481.4386
v -1440.8390 512.2719 544.1700
v -1494.5095 574.2692 481.4386
v -1386.1655 512.2719 496.1575
v -1440.8390 512.2719 544.1700
v -1386.1655 512.2719 592.1825
v -1440.8390 512.2719 544.1700
v -1224.0171 470.8466 570.1542
v -1440.8390 512.2719 544.1700
v -1253.6062 470.8466 544.1700
v -1224.0171 470.8466 570.1542
v -1236.7945 512.2719 627.3302
v -1386.1655 512.2719 592.1825
v -1143.1781 470.8466 589.1760
v -1386.1655 512.2719 592.1825
v -1224.0171 470.8466 570.1542
v -1143.1781 470.8466 589.1760
v -1032.7500 512.2719 640.1951
v -1236.7945 512.2719 627.3302
v -1032.7500 470.8466 596.1384
v -1236.7945 512.2719 627.3302
v -1143.1781 470.8466 589.1760
v -1032.7500 470.8466 596.1384
v -828.7055 512.2719 627.3302
v -1032.7500 512.2719 640.1951
v -922.3219 470.8466 589.1760
v -1032.7500 512.2719 640.1951
v -1032.7500 470.8466 596.1384
v -922.3219 470.8466 589.1760
v -679.3345 512.2719 592.1825
v -828.7055 512.2719 627.3302
v -841.4829 470.8466 570.1542
v -828.7055 512.2719 627.3302
v -922.3219 470.8466 589.1760
v -841.4829 470.8466 570.1542
v -624.6610 512.2719 544.1700
v -679.3345 512.2719 592.1825
v -811.8938 470.8466 544.1700
v -679.3345 512.2719 592.1825
v -841.4829 470.8466 570.1542
v -811.8938 470.8466 544.1700
v -679.3345 512.2719 496.1575
v -624.6610 512.2719 544.1700
v -841.4829 470.8466 518.1858
v -624.6610 512.2719 544.1700
v -811.8938 470.8466 544.1700
v -841.4829 470.8466 518.1858
v -828.7055 512.2719 461.0098
v -679.3345 512.2719 496.1575
v -922.3219 470.8466 499.1640
v -679.3345 512.2719 496.1575
v -841.4829 470.8466 518.1858
v -922.3219 470.8466 499.1640
v -1032.7500 512.2719 448.1449
v -828.7055 512.2719 461.0098
v -1032.7500 470.8466 492.2016
v -828.7055 512.2719 461.0098
v -922.3219 470.8466 499.1640
v -1032.7500 470.8466 492.2016
v -1236.7945 512.2719 461.0098
v -1032.7500 512.2719 448.1449
v -1143.1781 470.8466 499.1640
v -1032.7500 512.2719 448.1449
v -1032.7500 470.8466 492.2016
v -1143.1781 470.8466 499.1640
v -1386.1655 512.2719 496.1575
v -1236.7945 512.2719 461.0098
v -1224.0171 470.8466 518.1858
v -1236.7945 512.2719 461.0098
v -1143.1781 470.8466 499.1640
v -1224.0171 470.8466 518.1858
v -1440.8390 512.2719 544.1700
v -1386.1655 512.2719 496.1575
v -1253.6062 470.8466 544.1700
v -1386.1655 512.2719 496.1575
v -1224.0171 470.8466 518.1858
v -1253.6062 470.8466 544.1700
v -1224.0171 470.8466 570.1542
v -1253.6062 470.8466 544.1700
v -1032.7500 456.3000 544.1700
v -1143.1781 470.8466 589.1760
v -1224.0171 470.8466 570.1542
v -1032.7500 456.3000 544.1700
v -1032.7500 470.8466 596.1384
v -1143.1781 470.8466 589.1760
v -1032.7500 456.3000 544.1700
v -922.3219 470.8466 589.1760
v -1032.7500 470.8466 596.1384
v -1032.7500 456.3000 544.1700
v -841.4829 470.8466 570.1542
v -922.3219 470.8466 589.1760
v -1032.7500 456.3000 544.1700
v -811.8938 470.8466 544.1700
v -841.4829 470.8466 570.1542
v -1032.7500 456.3000 544.1700
v -841.4829 470.8466 518.1858
v -811.8938 470.8466 544.1700
v -1032.7500 456.3000 544.1700
v -922.3219 470.8466 499.1640
v -841.4829 470.8466 518.1858
v -1032.7500 456.3000 544.1700
v -1032.7500 470.8466 492.2016
v -922.3219 470.8466 499.1640
v -1032.7500 456.3000 544.1700
v -1143.1781 470.8466 499.1640
v -1032.7500 470.8466 492.2016
v -1032.7500 456.3000 544.1700
v -1224.0171 470.8466 518.1858
v -1143.1781 470.8466 499.1640
v -1032.7500 456.3000 544.1700
v -1253.6062 470.8466 544.1700
v -1224.0171 470.8466 518.1858
v -1032.7500 456.3000 544.1700
v 1032.7500 694.2000 -96.0300
v 811.8938 684.7002 -96.0300
v 841.4829 684.7002 -16.2214
v 1032.7500 694.2000 -96.0300
v 841.4829 684.7002 -16.2214
v 922.3219 684.7002 42.2026
v 1032.7500 694.2000 -96.0300
v 922.3219 684.7002 42.2026
v 1032.7500 684.7002 63.5873
v 1032.7500 694.2000 -96.0300
v 1032.7500 684.7002 63.5873
v 1143.1781 684.7002 42.2026
v 1032.7500 694.2000 -96.0300
v 1143.1781 684.7002 42.2026
v 1224.0171 684.7002 -16.2214
v 1032.7500 694.2000 -96.0300
v 1224.0171 684.7002 -16.2214
v 1253.6062 684.7002 -96.0300
v 1032.7500 694.2000 -96.0300
v 1253.6062 684.7002 -96.0300
v 1224.0171 684.7002 -175.8386
v 1032.7500 694.2000 -96.0300
v 1224.0171 684.7002 -175.8386
v 1143.1781 684.7002 -234.2626
v 1032.7500 694.2000 -96.0300
v 1143.1781 684.7002 -234.2626
v 1032.7500 684.7002 -255.6473
v 1032.7500 694.2000 -96.0300
v 1032.7500 684.7002 -255.6473
v 922.3219 684.7002 -234.2626
v 1032.7500 694.2000 -96.0300
v 922.3219 684.7002 -234.2626
v 841.4829 684.7002 -175.8386
v 1032.7500 694.2000 -96.0300
v 841.4829 684.7002 -175.8386
v 811.8938 684.7002 -96.0300
v 841.4829 684.7002 -16.2214
v 811.8938 684.7002 -96.0300
v 679.3345 657.6469 51.4371
v 811.8938 684.7002 -96.0300
v 624.6610 657.6469 -96.0300
v 679.3345 657.6469 51.4371
v 922.3219 684.7002 42.2026
v 841.4829 684.7002 -16.2214
v 828.7055 657.6469 159.3906
v 841.4829 684.7002 -16.2214
v 679.3345 657.6469 51.4371
v 828.7055 657.6469 159.3906
v 1032.7500 684.7002 63.5873
v 922.3219 684.7002 42.2026
v 1032.7500 657.6469 198.9042
v 922.3219 684.7002 42.2026
v 828.7055 657.6469 159.3906
v 1032.7500 657.6469 198.9042
v 1143.1781 684.7002 42.2026
v 1032.7500 684.7002 63.5873
v 1236.7945 657.6469 159.3906
v 1032.7500 684.7002 63.5873
v 1032.7500 657.6469 198.9042
v 1236.7945 657.6469 159.3906
v 1224.0171 684.7002 -16.2214
v 1143.1781 684.7002 42.2026
v 1386.1655 657.6469 51.4371
v 1143.1781 684.7002 42.2026
v 1236.7945 657.6469 159.3906
v 1386.1655 657.6469 51.4371
v 1253.6062 684.7002 -96.0300
v 1224.0171 684.7002 -16.2214
v 1440.8390 657.6469 -96.0300
v 1224.0171 684.7002 -16.2214
v 1386.1655 657.6469 51.4371
v 1440.8390 657.6469 -96.0300
v 1224.0171 684.7002 -175.8386
v 1253.6062 684.7002 -96.0300
v 1386.1655 657.6469 -243.4971
v 1253.6062 684.7002 -96.0300
v 1440.8390 657.6469 -96.0300
v 1386.1655 657.6469 -243.4971
v 1143.1781 684.7002 -234.2626
v 1224.0171 684.7002 -175.8386
v 1236.7945 657.6469 -351.4506
v 1224.0171 684.7002 -175.8386
v 1386.1655 657.6469 -243.4971
v 1236.7945 657.6469 -351.4506
v 1032.7500 684.7002 -255.6473
v 1143.1781 684.7002 -234.2626
v 1032.7500 657.6469 -390.9642
v 1143.1781 684.7002 -234.2626
v 1236.7945 657.6469 -351.4506
v 1032.7500 657.6469 -390.9642
v 922.3219 684.7002 -234.2626
v 1032.7500 684.7002 -255.6473
v 828.7055 657.6469 -351.4506
v 1032.7500 684.7002 -255.6473
v 1032.7500 657.6469 -390.9642
v 828.7055 657.6469 -351.4506
v 841.4829 684.7002 -175.8386
v 922.3219 684.7002 -234.2626
v 679.3345 657.6469 -243.4971
v 922.3219 684.7002 -234.2626
v 828.7055 657.6469 -351.4506
v 679.3345 657.6469 -243.4971
v 811.8938 684.7002 -96.0300
v 841.4829 684.7002 -175.8386
v 624.6610 657.6469 -96.0300
v 841.4829 684.7002 -175.8386
v 679.3345 657.6469 -243.4971
v 624.6610 657.6469 -96.0300
v 679.3345 657.6469 51.4371
v 624.6610 657.6469 -96.0300
v 570.9905 617.1589 96.6451
v 624.6610 657.6469 -96.0300
v 499.5560 617.1589 -96.0300
v 570.9905 617.1589 96.6451
v 828.7055 657.6469 159.3906
v 679.3345 657.6469 51.4371
v 766.1530 617.1589 237.6930
v 679.3345 657.6469 51.4371
v 570.9905 617.1589 96.6451
v 766.1530 617.1589 237.6930
v 1032.7500 657.6469 198.9042
v 828.7055 657.6469 159.3906
v 1032.7500 617.1589 289.3201
v 828.7055 657.6469 159.3906
v 766.1530 617.1589 237.6930
v 1032.7500 617.1589 289.3201
v 1236.7945 657.6469 159.3906
v 1032.7500 657.6469 198.9042
v 1299.3470 617.1589 237.6930
v 1032.7500 657.6469 198.9042
v 1032.7500 617.1589 289.3201
v 1299.3470 617.1589 237.6930
v 1386.1655 657.6469 51.4371
v 1236.7945 657.6469 159.3906
v 1494.5095 617.1589 96.6451
v 1236.7945 657.6469 159.3906
v 1299.3470 617.1589 237.6930
v 1494.5095 617.1589 96.6451
v 1440.8390 657.6469 -96.0300
v 1386.1655 657.6469 51.4371
v 1565.9440 617.1589 -96.0300
v 1386.1655 657.6469 51.4371
v 1494.5095 617.1589 96.6451
v 1565.9440 617.1589 -96.0300
v 1386.1655 657.6469 -243.4971
v 1440.8390 657.6469 -96.0300
v 1494.5095 617.1589 -288.7051
v 1440.8390 657.6469 -96.0300
v 1565.9440 617.1589 -96.0300
v 1494.5095 617.1589 -288.7051
v 1236.7945 657.6469 -351.4506
v 1386.1655 657.6469 -243.4971
v 1299.3470 617.1589 -429.7530
v 1386.1655 657.6469 -243.4971
v 1494.5095 617.1589 -288.7051
v 1299.3470 617.1589 -429.7530
v 1032.7500 657.6469 -390.9642
v 1236.7945 657.6469 -351.4506
v 1032.7500 617.1589 -481.3801
v 1236.7945 657.6469 -351.4506
v 1299.3470 617.1589 -429.7530
v 1032.7500 617.1589 -481.3801
v 828.7055 657.6469 -351.4506
v 1032.7500 657.6469 -390.9642
v 766.1530 617.1589 -429.7530
v 1032.7500 657.6469 -390.9642
v 1032.7500 617.1589 -481.3801
v 766.1530 617.1589 -429.7530
v 679.3345 657.6469 -243.4971
v 828.7055 657.6469 -351.4506
v 570.9905 617.1589 -288.7051
v 828.7055 657.6469 -351.4506
v 766.1530 617.1589 -429.7530
v 570.9905 617.1589 -288.7051
v 624.6610 657.6469 -96.0300
v 679.3345 657.6469 -243.4971
v 499.5560 617.1589 -96.0300
v 679.3345 657.6469 -243.4971
v 570.9905 617.1589 -288.7051
v 499.5560 617.1589 -96.0300
v 570.9905 617.1589 96.6451
v 499.5560 617.1589 -96.0300
v 532.9451 569.4000 112.5200
v 499.5560 617.1589 -96.0300
v 455.6250 569.4000 -96.0300
v 532.9451 569.4000 112.5200
v 766.1530 617.1589 237.6930
v 570.9905 617.1589 96.6451
v 744.1875 569.4000 265.1892
v 570.9905 617.1589 96.6451
v 532.9451 569.4000 112.5200
v 744.1875 569.4000 265.1892
v 1032.7500 617.1589 289.3201
v 766.1530 617.1589 237.6930
v 1032.7500 569.4000 321.0700
v 766.1530 617.1589 237.6930
v 744.1875 569.4000 265.1892
v 1032.7500 569.4000 321.0700
v 1299.3470 617.1589 237.6930
v 1032.7500 617.1589 289.3201
v 1321.3125 569.4000 265.1892
v 1032.7500 617.1589 289.3201
v 1032.7500 569.4000 321.0700
v 1321.3125 569.4000 265.1892
v 1494.5095 617.1589 96.6451
v 1299.3470 617.1589 237.6930
v 1532.5549 569.4000 112.5200
v 1299.3470 617.1589 237.6930
v 1321.3125 569.4000 265.1892
v 1532.5549 569.4000 112.5200
v 1565.9440 617.1589 -96.0300
v 1494.5095 617.1589 96.6451
v 1609.8750 569.4000 -96.0300
v 1494.5095 617.1589 96.6451
v 1532.5549 569.4000 112.5200
v 1609.8750 569.4000 -96.0300
v 1494.5095 617.1589 -288.7051
v 1565.9440 617.1589 -96.0300
v 1532.5549 569.4000 -304.5800
v 1565.9440 617.1589 -96.0300
v 1609.8750 569.4000 -96.0300
v 1532.5549 569.4000 -304.5800
v 1299.3470 617.1589 -429.7530
v 1494.5095 617.1589 -288.7051
v 1321.3125 569.4000 -457.2492
v 1494.5095 617.1589 -288.7051
v 1532.5549 569.4000 -304.5800
v 1321.3125 569.4000 -457.2492
v 1032.7500 617.1589 -481.3801
v 1299.3470 617.1589 -429.7530
v 1032.7500 569.4000 -513.1300
v 1299.3470 617.1589 -429.7530
v 1321.3125 569.4000 -457.2492
v 1032.7500 569.4000 -513.1300
v 766.1530 617.1589 -429.7530
v 1032.7500 617.1589 -481.3801
v 744.1875 569.4000 -457.2492
v 1032.7500 617.1589 -481.3801
v 1032.7500 569.4000 -513.1300
v 744.1875 569.4000 -457.2492
v 570.9905 617.1589 -288.7051
v 766.1530 617.1589 -429.7530
v 532.9451 569.4000 -304.5800
v 766.1530 617.1589 -429.7530
v 744.1875 569.4000 -457.2492
v 532.9451 569.4000 -304.5800
v 499.5560 617.1589 -96.0300
v 570.9905 617.1589 -288.7051
v 455.6250 569.4000 -96.0300
v 570.9905 617.1589 -288.7051
v 532.9451 569.4000 -304.5800
v 455.6250 569.4000 -96.0300
v 532.9451 569.4000 112.5200
v 455.6250 569.4000 -96.0300
v 570.9905 521.6411 96.6451
v 455.6250 569.4000 -96.0300
v 499.5560 521.6411 -96.0300
v 570.9905 521.6411 96.6451
v 744.1875 569.4000 265.1892
v 532.9451 569.4000 112.5200
v 766.1530 521.6411 237.6930
v 532.9451 569.4000 112.5200
v 570.9905 521.6411 96.6451
v 766.1530 521.6411 237.6930
v 1032.7500 569.4000 321.0700
v 744.1875 569.4000 265.1892
v 1032.7500 521.6411 289.3201
v 744.1875 569.4000 265.1892
v 766.1530 521.6411 237.6930
v 1032.7500 521.6411 289.3201
v 1321.3125 569.4000 265.1892
v 1032.7500 569.4000 321.0700
v 1299.3470 521.6411 237.6930
v 1032.7500 569.4000 321.0700
v 1032.7500 521.6411 289.3201
v 1299.3470 521.6411 237.6930
v 1532.5549 569.4000 112.5200
v 1321.3125 569.4000 265.1892
v 1494.5095 521.6411 96.6451
v 1321.3125 569.4000 265.1892
v 1299.3470 521.6411 237.6930
v 1494.5095 521.6411 96.6451
v 1609.8750 569.4000 -96.0300
v 1532.5549 569.4000 112.5200
v 1565.9440 521.6411 -96.0300
v 1532.5549 569.4000 112.5200
v 1494.5095 521.6411 96.6451
v 1565.9440 521.6411 -96.0300
v 1532.5549 569.4000 -304.5800
v 1609.8750 569.4000 -96.0300
v 1494.5095 521.6411 -288.7051
v 1609.8750 569.4000 -96.0300
v 1565.9440 521.6411 -96.0300
v 1494.5095 521.6411 -288.7051
v 1321.3125 569.4000 -457.2492
v 1532.5549 569.4000 -304.5800
v 1299.3470 521.6411 -429.7530
v 1532.5549 569.4000 -304.5800
v 1494.5095 521.6411 -288.7051
v 1299.3470 521.6411 -429.7530
v 1032.7500 569.4000 -513.1300
v 1321.3125 569.4000 -457.2492
v 1032.7500 521.6411 -481.3801
v 1321.3125 569.4000 -457.2492
v 1299.3470 521.6411 -429.7530
v 1032.7500 521.6411 -481.3801
v 744.1875 569.4000 -457.2492
v 1032.7500 569.4000 -513.1300
v 766.1530 521.6411 -429.7530
v 1032.7500 569.4000 -513.1300
v 1032.7500 521.6411 -481.3801
v 766.1530 521.6411 -429.7530
v 532.9451 569.4000 -304.5800
v 744.1875 569.4000 -457.2492
v 570.9905 521.6411 -288.7051
v 744.1875 569.4000 -457.2492
v 766.1530 521.6411 -429.7530
v 570.9905 521.6411 -288.7051
v 455.6250 569.4000 -96.0300
v 532.9451 569.4000 -304.5800
v 499.5560 521.6411 -96.0300
v 532.9451 569.4000 -304.5800
v 570.9905 521.6411 -288.7051
v 499.5560 521.6411 -96.0300
v 570.9905 521.6411 96.6451
v 499.5560 521.6411 -96.0300
v 679.3345 481.1531 51.4371
v 499.5560 521.6411 -96.0300
v 624.6610 481.1531 -96.0300
v 679.3345 481.1531 51.4371
v 766.1530 521.6411 237.6930
v 570.9905 521.6411 96.6451
v 828.7055 481.1531 159.3906
v 570.9905 521.6411 96.6451
v 679.3345 481.1531 51.4371
v 828.7055 481.1531 159.3906
v 1032.7500 521.6411 289.3201
v 766.1530 521.6411 237.6930
v 1032.7500 481.1531 198.9042
v 766.1530 521.6411 237.6930
v 828.7055 481.1531 159.3906
v 1032.7500 481.1531 198.9042
v 1299.3470 521.6411 237.6930
v 1032.7500 521.6411 289.3201
v 1236.7945 481.1531 159.3906
v 1032.7500 521.6411 289.3201
v 1032.7500 481.1531 198.9042
v 1236.7945 481.1531 159.3906
v 1494.5095 521.6411 96.6451
v 1299.3470 521.6411 237.6930
v 1386.1655 481.1531 51.4371
v 1299.3470 521.6411 237.6930
v 1236.7945 481.1531 159.3906
v 1386.1655 481.1531 51.4371
v 1565.9440 521.6411 -96.0300
v 1494.5095 521.6411 96.6451
v 1440.8390 481.1531 -96.0300
v 1494.5095 521.6411 96.6451
v 1386.1655 481.1531 51.4371
v 1440.8390 481.1531 -96.0300
v 1494.5095 521.6411 -288.7051
v 1565.9440 521.6411 -96.0300
v 1386.1655 481.1531 -243.4971
v 1565.9440 521.6411 -96.0300
v 1440.8390 481.1531 -96.0300
v 1386.1655 481.1531 -243.4971
v 1299.3470 521.6411 -429.7530
v 1494.5095 521.6411 -288.7051
v 1236.7945 481.1531 -351.4506
v 1494.5095 521.6411 -288.7051
v 1386.1655 481.1531 -243.4971
v 1236.7945 481.1531 -351.4506
v 1032.7500 521.6411 -481.3801
v 1299.3470 521.6411 -429.7530
v 1032.7500 481.1531 -390.9642
v 1299.3470 521.6411 -429.7530
v 1236.7945 481.1531 -351.4506
v 1032.7500 481.1531 -390.9642
v 766.1530 521.6411 -429.7530
v 1032.7500 521.6411 -481.3801
v 828.7055 481.1531 -351.4506
v 1032.7500 521.6411 -481.3801
v 1032.7500 481.1531 -390.9642
v 828.7055 481.1531 -351.4506
v 570.9905 521.6411 -288.7051
v 766.1530 521.6411 -429.7530
v 679.3345 481.1531 -243.4971
v 766.1530 521.6411 -429.7530
v 828.7055 481.1531 -351.4506
v 679.3345 481.1531 -243.4971
v 499.5560 521.6411 -96.0300
v 570.9905 521.6411 -288.7051
v 624.6610 481.1531 -96.0300
v 570.9905 521.6411 -288.7051
v 679.3345 481.1531 -243.4971
v 624.6610 481.1531 -96.0300
v 679.3345 481.1531 51.4371
v 624.6610 481.1531 -96.0300
v 841.4829 454.0998 -16.2214
v 624.6610 481.1531 -96.0300
v 811.8938 454.0998 -96.0300
v 841.4829 454.0998 -16.2214
v 828.7055 481.1531 159.3906
v 679.3345 481.1531 51.4371
v 922.3219 454.0998 42.2026
v 679.3345 481.1531 51.4371
v 841.4829 454.0998 -16.2214
v 922.3219 454.0998 42.2026
v 1032.7500 481.1531 198.9042
v 828.7055 481.1531 159.3906
v 1032.7500 454.0998 63.5873
v 828.7055 481.1531 159.3906
v 922.3219 454.0998 42.2026
v 1032.7500 454.0998 63.5873
v 1236.7945 481.1531 159.3906
v 1032.7500 481.1531 198.9042
v 1143.1781 454.0998 42.2026
v 1032.7500 481.1531 198.9042
v 1032.7500 454.0998 63.5873
v 1143.1781 454.0998 42.2026
v 1386.1655 481.1531 51.4371
v 1236.7945 481.1531 159.3906
v 1224.0171 454.0998 -16.2214
v 1236.7945 481.1531 159.3906
v 1143.1781 454.0998 42.2026
v 1224.0171 454.0998 -16.2214
v 1440.8390 481.1531 -96.0300
v 1386.1655 481.1531 51.4371
v 1253.6062 454.0998 -96.0300
v 1386.1655 481.1531 51.4371
v 1224.0171 454.0998 -16.2214
v 1253.6062 454.0998 -96.0300
v 1386.1655 481.1531 -243.4971
v 1440.8390 481.1531 -96.0300
v 1224.0171 454.0998 -175.8386
v 1440.8390 481.1531 -96.0300
v 1253.6062 454.0998 -96.0300
v 1224.0171 454.0998 -175.8386
v 1236.7945 481.1531 -351.4506
v 1386.1655 481.1531 -243.4971
v 1143.1781 454.0998 -234.2626
v 1386.1655 481.1531 -243.4971
v 1224.0171 454.0998 -175.8386
v 1143.1781 454.0998 -234.2626
v 1032.7500 481.1531 -390.9642
v 1236.7945 481.1531 -351.4506
v 1032.7500 454.0998 -255.6473
v 1236.7945 481.1531 -351.4506
v 1143.1781 454.0998 -234.2626
v 1032.7500 454.0998 -255.6473
v 828.7055 481.1531 -351.4506
v 1032.7500 481.1531 -390.9642
v 922.3219 454.0998 -234.2626
v 1032.7500 481.1531 -390.9642
v 1032.7500 454.0998 -255.6473
v 922.3219 454.0998 -234.2626
v 679.3345 481.1531 -243.4971
v 828.7055 481.1531 -351.4506
v 841.4829 454.0998 -175.8386
v 828.7055 481.1531 -351.4506
v 922.3219 454.0998 -234.2626
v 841.4829 454.0998 -175.8386
v 624.6610 481.1531 -96.0300
v 679.3345 481.1531 -243.4971
v 811.8938 454.0998 -96.0300
v 679.3345 481.1531 -243.4971
v 841.4829 454.0998 -175.8386
v 811.8938 454.0998 -96.0300
v 841.4829 454.0998 -16.2214
v 811.8938 454.0998 -96.0300
v 1032.7500 444.6000 -96.0300
v 922.3219 454.0998 42.2026
v 841.4829 454.0998 -16.2214
v 1032.7500 444.6000 -96.0300
v 1032.7500 454.0998 63.5873
v 922.3219 454.0998 42.2026
v 1032.7500 444.6000 -96.0300
v 1143.1781 454.0998 42.2026
v 1032.7500 454.0998 63.5873
v 1032.7500 444.6000 -96.0300
v 1224.0171 454.0998 -16.2214
v 1143.1781 454.0998 42.2026
v 1032.7500 444.6000 -96.0300
v 1253.6062 454.0998 -96.0300
v 1224.0171 454.0998 -16.2214
v 1032.7500 444.6000 -96.0300
v 1224.0171 454.0998 -175.8386
v 1253.6062 454.0998 -96.0300
v 1032.7500 444.6000 -96.0300
v 1143.1781 454.0998 -234.2626
v 1224.0171 454.0998 -175.8386
v 1032.7500 444.6000 -96.0300
v 1032.7500 454.0998 -255.6473
v 1143.1781 454.0998 -234.2626
v 1032.7500 444.6000 -96.0300
v 922.3219 454.0998 -234.2626
v 1032.7500 454.0998 -255.6473
v 1032.7500 444.6000 -96.0300
v 841.4829 454.0998 -175.8386
v 922.3219 454.0998 -234.2626
v 1032.7500 444.6000 -96.0300
v 811.8938 454.0998 -96.0300
v 841.4829 454.0998 -175.8386
v 1032.7500 444.6000 -96.0300
v 1032.7500 557.7000 544.1700
v 811.8938 543.1534 544.1700
v 841.4829 543.1534 570.1542
v 1032.7500 557.7000 544.1700
v 841.4829 543.1534 570.1542
v 922.3219 543.1534 589.1760
v 1032.7500 557.7000 544.1700
v 922.3219 543.1534 589.1760
v 1032.7500 543.1534 596.1384
v 1032.7500 557.7000 544.1700
v 1032.7500 543.1534 596.1384
v 1143.1781 543.1534 589.1760
v 1032.7500 557.7000 544.1700
v 1143.1781 543.1534 589.1760
v 1224.0171 543.1534 570.1542
v 1032.7500 557.7000 544.1700
v 1224.0171 543.1534 570.1542
v 1253.6062 543.1534 544.1700
v 1032.7500 557.7000 544.1700
v 1253.6062 543.1534 544.1700
v 1224.0171 543.1534 518.1858
v 1032.7500 557.7000 544.1700
v 1224.0171 543.1534 518.1858
v 1143.1781 543.1534 499.1640
v 1032.7500 557.7000 544.1700
v 1143.1781 543.1534 499.1640
v 1032.7500 543.1534 492.2016
v 1032.7500 557.7000 544.1700
v 1032.7500 543.1534 492.2016
v 922.3219 543.1534 499.1640
v 1032.7500 557.7000 544.1700
v 922.3219 543.1534 499.1640
v 841.4829 543.1534 518.1858
v 1032.7500 557.7000 544.1700
v 841.4829 543.1534 518.1858
v 811.8938 543.1534 544.1700
v 841.4829 543.1534 570.1542
v 811.8938 543.1534 544.1700
v 679.3345 501.7281 592.1825
v 811.8938 543.1534 544.1700
v 624.6610 501.7281 544.1700
v 679.3345 501.7281 592.1825
v 922.3219 543.1534 589.1760
v 841.4829 543.1534 570.1542
v 828.7055 501.7281 627.3302
v 841.4829 543.1534 570.1542
v 679.3345 501.7281 592.1825
v 828.7055 501.7281 627.3302
v 1032.7500 543.1534 596.1384
v 922.3219 543.1534 589.1760
v 1032.7500 501.7281 640.1951
v 922.3219 543.1534 589.1760
v 828.7055 501.7281 627.3302
v 1032.7500 501.7281 640.1951
v 1143.1781 543.1534 589.1760
v 1032.7500 543.1534 596.1384
v 1236.7945 501.7281 627.3302
v 1032.7500 543.1534 596.1384
v 1032.7500 501.7281 640.1951
v 1236.7945 501.7281 627.3302
v 1224.0171 543.1534 570.1542
v 1143.1781 543.1534 589.1760
v 1386.1655 501.7281 592.1825
v 1143.1781 543.1534 589.1760
v 1236.7945 501.7281 627.3302
v 1386.1655 501.7281 592.1825
v 1253.6062 543.1534 544.1700
v 1224.0171 543.1534 570.1542
v 1440.8390 501.7281 544.1700
v 1224.0171 543.1534 570.1542
v 1386.1655 501.7281 592.1825
v 1440.8390 501.7281 544.1700
v 1224.0171 543.1534 518.1858
v 1253.6062 543.1534 544.1700
v 1386.1655 501.7281 496.1575
v 1253.6062 543.1534 544.1700
v 1440.8390 501.7281 544.1700
v 1386.1655 501.7281 496.1575
v 1143.1781 543.1534 499.1640
v 1224.0171 543.1534 518.1858
v 1236.7945 501.7281 461.0098
v 1224.0171 543.1534 518.1858
v 1386.1655 501.7281 496.1575
v 1236.7945 501.7281 461.0098
v 1032.7500 543.1534 492.2016
v 1143.1781 543.1534 499.1640
v 1032.7500 501.7281 448.1449
v 1143.1781 543.1534 499.1640
v 1236.7945 501.7281 461.0098
v 1032.7500 501.7281 448.1449
v 922.3219 543.1534 499.1640
v 1032.7500 543.1534 492.2016
v 828.7055 501.7281 461.0098
v 1032.7500 543.1534 492.2016
v 1032.7500 501.7281 448.1449
v 828.7055 501.7281 461.0098
v 841.4829 543.1534 518.1858
v 922.3219 543.1534 499.1640
v 679.3345 501.7281 496.1575
v 922.3219 543.1534 499.1640
v 828.7055 501.7281 461.0098
v 679.3345 501.7281 496.1575
v 811.8938 543.1534 544.1700
v 841.4829 543.1534 518.1858
v 624.6610 501.7281 544.1700
v 841.4829 543.1534 518.1858
v 679.3345 501.7281 496.1575
v 624.6610 501.7281 544.1700
v 679.3345 501.7281 592.1825
v 624.6610 501.7281 544.1700
v 570.9905 439.7308 606.9014
v 624.6610 501.7281 544.1700
v 499.5560 439.7308 544.1700
v 570.9905 439.7308 606.9014
v 828.7055 501.7281 627.3302
v 679.3345 501.7281 592.1825
v 766.1530 439.7308 652.8240
v 679.3345 501.7281 592.1825
v 570.9905 439.7308 606.9014
v 766.1530 439.7308 652.8240
v 1032.7500 501.7281 640.1951
v 828.7055 501.7281 627.3302
v 1032.7500 439.7308 669.6328
v 828.7055 501.7281 627.3302
v 766.1530 439.7308 652.8240
v 1032.7500 439.7308 669.6328
v 1236.7945 501.7281 627.3302
v 1032.7500 501.7281 640.1951
v 1299.3470 439.7308 652.8240
v 1032.7500 501.7281 640.1951
v 1032.7500 439.7308 669.6328
v 1299.3470 439.7308 652.8240
v 1386.1655 501.7281 592.1825
v 1236.7945 501.7281 627.3302
v 1494.5095 439.7308 606.9014
v 1236.7945 501.7281 627.3302
v 1299.3470 439.7308 652.8240
v 1494.5095 439.7308 606.9014
v 1440.8390 501.7281 544.1700
v 1386.1655 501.7281 592.1825
v 1565.9440 439.7308 544.1700
v 1386.1655 501.7281 592.1825
v 1494.5095 439.7308 606.9014
v 1565.9440 439.7308 544.1700
v 1386.1655 501.7281 496.1575
v 1440.8390 501.7281 544.1700
v 1494.5095 439.7308 481.4386
v 1440.8390 501.7281 544.1700
v 1565.9440 439.7308 544.1700
v 1494.5095 439.7308 481.4386
v 1236.7945 501.7281 461.0098
v 1386.1655 501.7281 496.1575
v 1299.3470 439.7308 435.5160
v 1386.1655 501.7281 496.1575
v 1494.5095 439.7308 481.4386
v 1299.3470 439.7308 435.5160
v 1032.7500 501.7281 448.1449
v 1236.7945 501.7281 461.0098
v 1032.7500 439.7308 418.7072
v 1236.7945 501.7281 461.0098
v 1299.3470 439.7308 435.5160
v 1032.7500 439.7308 418.7072
v 828.7055 501.7281 461.0098
v 1032.7500 501.7281 448.1449
v 766.1530 439.7308 435.5160
v 1032.7500 501.7281 448.1449
v 1032.7500 439.7308 418.7072
v 766.1530 439.7308 435.5160
v 679.3345 501.7281 496.1575
v 828.7055 501.7281 461.0098
v 570.9905 439.7308 481.4386
v 828.7055 501.7281 461.0098
v 766.1530 439.7308 435.5160
v 570.9905 439.7308 481.4386
v 624.6610 501.7281 544.1700
v 679.3345 501.7281 496.1575
v 499.5560 439.7308 544.1700
v 679.3345 501.7281 496.1575
v 570.9905 439.7308 481.4386
v 499.5560 439.7308 544.1700
v 570.9905 439.7308 606.9014
v 499.5560 439.7308 544.1700
v 532.9451 366.6000 612.0700
v 499.5560 439.7308 544.1700
v 455.6250 366.6000 544.1700
v 532.9451 366.6000 612.0700
v 766.1530 439.7308 652.8240
v 570.9905 439.7308 606.9014
v 744.1875 366.6000 661.7762
v 570.9905 439.7308 606.9014
v 532.9451 366.6000 612.0700
v 744.1875 366.6000 661.7762
v 1032.7500 439.7308 669.6328
v 766.1530 439.7308 652.8240
v 1032.7500 366.6000 679.9700
v 766.1530 439.7308 652.8240
v 744.1875 366.6000 661.7762
v 1032.7500 366.6000 679.9700
v 1299.3470 439.7308 652.8240
v 1032.7500 439.7308 669.6328
v 1321.3125 366.6000 661.7762
v 1032.7500 439.7308 669.6328
v 1032.7500 366.6000 679.9700
v 1321.3125 366.6000 661.7762
v 1494.5095 439.7308 606.9014
v 1299.3470 439.7308 652.8240
v 1532.5549 366.6000 612.0700
v 1299.3470 439.7308 652.8240
v 1321.3125 366.6000 661.7762
v 1532.5549 366.6000 612.0700
v 1565.9440 439.7308 544.1700
v 1494.5095 439.7308 606.9014
v 1609.8750 366.6000 544.1700
v 1494.5095 439.7308 606.9014
v 1532.5549 366.6000 612.0700
v 1609.8750 366.6000 544.1700
v 1494.5095 439.7308 481.4386
v 1565.9440 439.7308 544.1700
v 1532.5549 366.6000 476.2700
v 1565.9440 439.7308 544.1700
v 1609.8750 366.6000 544.1700
v 1532.5549 366.6000 476.2700
v 1299.3470 439.7308 435.5160
v 1494.5095 439.7308 481.4386
v 1321.3125 366.6000 426.5638
v 1494.5095 439.7308 481.4386
v 1532.5549 366.6000 476.2700
v 1321.3125 366.6000 426.5638
v 1032.7500 439.7308 418.7072
v 1299.3470 439.7308 435.5160
v 1032.7500 366.6000 408.3700
v 1299.3470 439.7308 435.5160
v 1321.3125 366.6000 426.5638
v 1032.7500 366.6000 408.3700
v 766.1530 439.7308 435.5160
v 1032.7500 439.7308 418.7072
v 744.1875 366.6000 426.5638
v 1032.7500 439.7308 418.7072
v 1032.7500 366.6000 408.3700
v 744.1875 366.6000 426.5638
v 570.9905 439.7308 481.4386
v 766.1530 439.7308 435.5160
v 532.9451 366.6000 476.2700
v 766.1530 439.7308 435.5160
v 744.1875 366.6000 426.5638
v 532.9451 366.6000 476.2700
v 499.5560 439.7308 544.1700
v 570.9905 439.7308 481.4386
v 455.6250 366.6000 544.1700
v 570.9905 439.7308 481.4386
v 532.9451 366.6000 476.2700
v 455.6250 366.6000 544.1700
v 532.9451 366.6000 612.0700
v 455.6250 366.6000 544.1700
v 570.9905 293.4692 606.9014
v 455.6250 366.6000 544.1700
v 499.5560 293.4692 544.1700
v 570.9905 293.4692 606.9014
v 744.1875 366.6000 661.7762
v 532.9451 366.6000 612.0700
v 766.1530 293.4692 652.8240
v 532.9451 366.6000 612.0700
v 570.9905 293.4692 606.9014
v 766.1530 293.4692 652.8240
v 1032.7500 366.6000 679.9700
v 744.1875 366.6000 661.7762
v 1032.7500 293.4692 669.6328
v 744.1875 366.6000 661.7762
v 766.1530 293.4692 652.8240
v 1032.7500 293.4692 669.6328
v 1321.3125 366.6000 661.7762
v 1032.7500 366.6000 679.9700
v 1299.3470 293.4692 652.8240
v 1032.7500 366.6000 679.9700
v 1032.7500 293.4692 669.6328
v 1299.3470 293.4692 652.8240
v 1532.5549 366.6000 612.0700
v 1321.3125 366.6000 661.7762
v 1494.5095 293.4692 606.9014
v 1321.3125 366.6000 661.7762
v 1299.3470 293.4692 652.8240
v 1494.5095 293.4692 606.9014
v 1609.8750 366.6000 544.1700
v 1532.5549 366.6000 612.0700
v 1565.9440 293.4692 544.1700
v 1532.5549 366.6000 612.0700
v 1494.5095 293.4692 606.9014
v 1565.9440 293.4692 544.1700
v 1532.5549 366.6000 476.2700
v 1609.8750 366.6000 544.1700
v 1494.5095 293.4692 481.4386
v 1609.8750 366.6000 544.1700
v 1565.9440 293.4692 544.1700
v 1494.5095 293.4692 481.4386
v 1321.3125 366.6000 426.5638
v 1532.5549 366.6000 476.2700
v 1299.3470 293.4692 435.5160
v 1532.5549 366.6000 476.2700
v 1494.5095 293.4692 481.4386
v 1299.3470 293.4692 435.5160
v 1032.7500 366.6000 408.3700
v 1321.3125 366.6000 426.5638
v 1032.7500 293.4692 418.7072
v 1321.3125 366.6000 426.5638
v 1299.3470 293.4692 435.5160
v 1032.7500 293.4692 418.7072
v 744.1875 366.6000 426.5638
v 1032.7500 366.6000 408.3700
v 766.1530 293.4692 435.5160
v 1032.7500 366.6000 408.3700
v 1032.7500 293.4692 418.7072
v 766.1530 293.4692 435.5160
v 532.9451 366.6000 476.2700
v 744.1875 366.6000 426.5638
v 570.9905 293.4692 481.4386
v 744.1875 366.6000 426.5638
v 766.1530 293.4692 435.5160
v 570.9905 293.4692 481.4386
v 455.6250 366.6000 544.1700
v 532.9451 366.6000 476.2700
v 499.5560 293.4692 544.1700
v 532.9451 366.6000 476.2700
v 570.9905 293.4692 481.4386
v 499.5560 293.4692 544.1700
v 570.9905 293.4692 606.9014
v 499.5560 293.4692 544.1700
v 679.3345 231.4719 592.1825
v 499.5560 293.4692 544.1700
v 624.6610 231.4719 544.1700
v 679.3345 231.4719 592.1825
v 766.1530 293.4692 652.8240
v 570.9905 293.4692 606.9014
v 828.7055 231.4719 627.3302
v 570.9905 293.4692 606.9014
v 679.3345 231.4719 592.1825
v 828.7055 231.4719 627.3302
v 1032.7500 293.4692 669.6328
v 766.1530 293.4692 652.8240
v 1032.7500 231.4719 640.1951
v 766.1530 293.4692 652.8240
v 828.7055 231.4719 627.3302
v 1032.7500 231.4719 640.1951
v 1299.3470 293.4692 652.8240
v 1032.7500 293.4692 669.6328
v 1236.7945 231.4719 627.3302
v 1032.7500 293.4692 669.6328
v 1032.7500 231.4719 640.1951
v 1236.7945 231.4719 627.3302
v 1494.5095 293.4692 606.9014
v 1299.3470 293.4692 652.8240
v 1386.1655 231.4719 592.1825
v 1299.3470 293.4692 652.8240
v 1236.7945 231.4719 627.3302
v 1386.1655 231.4719 592.1825
v 1565.9440 293.4692 544.1700
v 1494.5095 293.4692 606.9014
v 1440.8390 231.4719 544.1700
v 1494.5095 293.4692 606.9014
v 1386.1655 231.4719 592.1825
v 1440.8390 231.4719 544.1700
v 1494.5095 293.4692 481.4386
v 1565.9440 293.4692 544.1700
v 1386.1655 231.4719 496.1575
v 1565.9440 293.4692 544.1700
v 1440.8390 231.4719 544.1700
v 1386.1655 231.4719 496.1575
v 1299.3470 293.4692 435.5160
v 1494.5095 293.4692 481.4386
v 1236.7945 231.4719 461.0098
v 1494.5095 293.4692 481.4386
v 1386.1655 231.4719 496.1575
v 1236.7945 231.4719 461.0098
v 1032.7500 293.4692 418.7072
v 1299.3470 293.4692 435.5160
v 1032.7500 231.4719 448.1449
v 1299.3470 293.4692 435.5160
v 1236.7945 231.4719 461.0098
v 1032.7500 231.4719 448.1449
v 766.1530 293.4692 435.5160
v 1032.7500 293.4692 418.7072
v 828.7055 231.4719 461.0098
v 1032.7500 293.4692 418.7072
v 1032.7500 231.4719 448.1449
v 828.7055 231.4719 461.0098
v 570.9905 293.4692 481.4386
v 766.1530 293.4692 435.5160
v 679.3345 231.4719 496.1575
v 766.1530 293.4692 435.5160
v 828.7055 231.4719 461.0098
v 679.3345 231.4719 496.1575
v 499.5560 293.4692 544.1700
v 570.9905 293.4692 481.4386
v 624.6610 231.4719 544.1700
v 570.9905 293.4692 481.4386
v 679.3345 231.4719 496.1575
v 624.6610 231.4719 544.1700
v 679.3345 231.4719 592.1825
v 624.6610 231.4719 544.1700
v 841.4829 190.0466 570.1542
v 624.6610 231.4719 544.1700
v 811.8938 190.0466 544.1700
v 841.4829 190.0466 570.1542
v 828.7055 231.4719 627.3302
v 679.3345 231.4719 592.1825
v 922.3219 190.0466 589.1760
v 679.3345 231.4719 592.1825
v 841.4829 190.0466 570.1542
v 922.3219 190.0466 589.1760
v 1032.7500 231.4719 640.1951
v 828.7055 231.4719 627.3302
v 1032.7500 190.0466 596.1384
v 828.7055 231.4719 627.3302
v 922.3219 190.0466 589.1760
v 1032.7500 190.0466 596.1384
v 1236.7945 231.4719 627.3302
v 1032.7500 231.4719 640.1951
v 1143.1781 190.0466 589.1760
v 1032.7500 231.4719 640.1951
v 1032.7500 190.0466 596.1384
v 1143.1781 190.0466 589.1760
v 1386.1655 231.4719 592.1825
v 1236.7945 231.4719 627.3302
v 1224.0171 190.0466 570.1542
v 1236.7945 231.4719 627.3302
v 1143.1781 190.0466 589.1760
v 1224.0171 190.0466 570.1542
v 1440.8390 231.4719 544.1700
v 1386.1655 231.4719 592.1825
v 1253.6062 190.0466 544.1700
v 1386.1655 231.4719 592.1825
v 1224.0171 190.0466 570.1542
v 1253.6062 190.0466 544.1700
v 1386.1655 231.4719 496.1575
v 1440.8390 231.4719 544.1700
v 1224.0171 190.0466 518.1858
v 1440.8390 231.4719 544.1700
v 1253.6062 190.0466 544.1700
v 1224.0171 190.0466 518.1858
v 1236.7945 231.4719 461.0098
v 1386.1655 231.4719 496.1575
v 1143.1781 190.0466 499.1640
v 1386.1655 231.4719 496.1575
v 1224.0171 190.0466 518.1858
v 1143.1781 190.0466 499.1640
v 1032.7500 231.4719 448.1449
v 1236.7945 231.4719 461.0098
v 1032.7500 190.0466 492.2016
v 1236.7945 231.4719 461.0098
v 1143.1781 190.0466 499.1640
v 1032.7500 190.0466 492.2016
v 828.7055 231.4719 461.0098
v 1032.7500 231.4719 448.1449
v 922.3219 190.0466 499.1640
v 1032.7500 231.4719 448.1449
v 1032.7500 190.0466 492.2016
v 922.3219 190.0466 499.1640
v 679.3345 231.4719 496.1575
v 828.7055 231.4719 461.0098
v 841.4829 190.0466 518.1858
v 828.7055 231.4719 461.0098
v 922.3219 190.0466 499.1640
v 841.4829 190.0466 518.1858
v 624.6610 231.4719 544.1700
v 679.3345 231.4719 496.1575
v 811.8938 190.0466 544.1700
v 679.3345 231.4719 496.1575
v 841.4829 190.0466 518.1858
v 811.8938 190.0466 544.1700
v 841.4829 190.0466 570.1542
v 811.8938 190.0466 544.1700
v 1032.7500 175.5000 544.1700
v 922.3219 190.0466 589.1760
v 841.4829 190.0466 570.1542
v 1032.7500 175.5000 544.1700
v 1032.7500 190.0466 596.1384
v 922.3219 190.0466 589.1760
v 1032.7500 175.5000 544.1700
v 1143.1781 190.0466 589.1760
v 1032.7500 190.0466 596.1384
v 1032.7500 175.5000 544.1700
v 1224.0171 190.0466 570.1542
v 1143.1781 190.0466 589.1760
v 1032.7500 175.5000 544.1700
v 1253.6062 190.0466 544.1700
v 1224.0171 190.0466 570.1542
v 1032.7500 175.5000 544.1700
v 1224.0171 190.0466 518.1858
v 1253.6062 190.0466 544.1700
v 1032.7500 175.5000 544.1700
v 1143.1781 190.0466 499.1640
v 1224.0171 190.0466 518.1858
v 1032.7500 175.5000 544.1700
v 1032.7500 190.0466 492.2016
v 1143.1781 190.0466 499.1640
v 1032.7500 175.5000 544.1700
v 922.3219 190.0466 499.1640
v 1032.7500 190.0466 492.2016
v 1032.7500 175.5000 544.1700
v 841.4829 190.0466 518.1858
v 922.3219 190.0466 499.1640
v 1032.7500 175.5000 544.1700
v 811.8938 190.0466 544.1700
v 841.4829 190.0466 518.1858
v 1032.7500 175.5000 544.1700
v -1858.9500 573.3000 0.0000
v -1905.4460 556.9722 0.0000
v -1899.2167 556.9722 87.2327
v -1858.9500 573.3000 0.0000
v -1899.2167 556.9722 87.2327
v -1882.1980 556.9722 151.0914
v -1858.9500 573.3000 0.0000
v -1882.1980 556.9722 151.0914
v -1858.9500 556.9722 174.4654
v -1858.9500 573.3000 0.0000
v -1858.9500 556.9722 174.4654
v -1835.7020 556.9722 151.0914
v -1858.9500 573.3000 0.0000
v -1835.7020 556.9722 151.0914
v -1818.6833 556.9722 87.2327
v -1858.9500 573.3000 0.0000
v -1818.6833 556.9722 87.2327
v -1812.4540 556.9722 0.0000
v -1858.9500 573.3000 0.0000
v -1812.4540 556.9722 0.0000
v -1818.6833 556.9722 -87.2327
v -1858.9500 573.3000 0.0000
v -1818.6833 556.9722 -87.2327
v -1835.7020 556.9722 -151.0914
v -1858.9500 573.3000 0.0000
v -1835.7020 556.9722 -151.0914
v -1858.9500 556.9722 -174.4654
v -1858.9500 573.3000 0.0000
v -1858.9500 556.9722 -174.4654
v -1882.1980 556.9722 -151.0914
v -1858.9500 573.3000 0.0000
v -1882.1980 556.9722 -151.0914
v -1899.2167 556.9722 -87.2327
v -1858.9500 573.3000 0.0000
v -1899.2167 556.9722 -87.2327
v -1905.4460 556.9722 -0.0000
v -1899.2167 556.9722 87.2327
v -1905.4460 556.9722 0.0000
v -1933.3533 510.4744 161.1850
v -1905.4460 556.9722 0.0000
v -1944.8635 510.4744 0.0000
v -1933.3533 510.4744 161.1850
v -1882.1980 556.9722 151.0914
v -1899.2167 556.9722 87.2327
v -1901.9067 510.4744 279.1806
v -1899.2167 556.9722 87.2327
v -1933.3533 510.4744 161.1850
v -1901.9067 510.4744 279.1806
v -1858.9500 556.9722 174.4654
v -1882.1980 556.9722 151.0914
v -1858.9500 510.4744 322.3700
v -1882.1980 556.9722 151.0914
v -1901.9067 510.4744 279.1806
v -1858.9500 510.4744 322.3700
v -1835.7020 556.9722 151.0914
v -1858.9500 556.9722 174.4654
v -1815.9933 510.4744 279.1806
v -1858.9500 556.9722 174.4654
v -1858.9500 510.4744 322.3700
v -1815.9933 510.4744 279.1806
v -1818.6833 556.9722 87.2327
v -1835.7020 556.9722 151.0914
v -1784.5467 510.4744 161.1850
v -1835.7020 556.9722 151.0914
v -1815.9933 510.4744 279.1806
v -1784.5467 510.4744 161.1850
v -1812.4540 556.9722 0.0000
v -1818.6833 556.9722 87.2327
v -1773.0365 510.4744 0.0000
v -1818.6833 556.9722 87.2327
v -1784.5467 510.4744 161.1850
v -1773.0365 510.4744 0.0000
v -1818.6833 556.9722 -87.2327
v -1812.4540 556.9722 0.0000
v -1784.5467 510.4744 -161.1850
v -1812.4540 556.9722 0.0000
v -1773.0365 510.4744 0.0000
v -1784.5467 510.4744 -161.1850
v -1835.7020 556.9722 -151.0914
v -1818.6833 556.9722 -87.2327
v -1815.9933 510.4744 -279.1806
v -1818.6833 556.9722 -87.2327
v -1784.5467 510.4744 -161.1850
v -1815.9933 510.4744 -279.1806
v -1858.9500 556.9722 -174.4654
v -1835.7020 556.9722 -151.0914
v -1858.9500 510.4744 -322.3700
v -1835.7020 556.9722 -151.0914
v -1815.9933 510.4744 -279.1806
v -1858.9500 510.4744 -322.3700
v -1882.1980 556.9722 -151.0914
v -1858.9500 556.9722 -174.4654
v -1901.9067 510.4744 -279.1806
v -1858.9500 556.9722 -174.4654
v -1858.9500 510.4744 -322.3700
v -1901.9067 510.4744 -279.1806
v -1899.2167 556.9722 -87.2327
v -1882.1980 556.9722 -151.0914
v -1933.3533 510.4744 -161.1850
v -1882.1980 556.9722 -151.0914
v -1901.9067 510.4744 -279.1806
v -1933.3533 510.4744 -161.1850
v -1905.4460 556.9722 -0.0000
v -1899.2167 556.9722 -87.2327
v -1944.8635 510.4744 -0.0000
v -1899.2167 556.9722 -87.2327
v -1933.3533 510.4744 -161.1850
v -1944.8635 510.4744 -0.0000
v -1933.3533 510.4744 161.1850
v -1944.8635 510.4744 0.0000
v -1956.1625 440.8856 210.5983
v -1944.8635 510.4744 0.0000
v -1971.2014 440.8856 0.0000
v -1956.1625 440.8856 210.5983
v -1901.9067 510.4744 279.1806
v -1933.3533 510.4744 161.1850
v -1915.0757 440.8856 364.7670
v -1933.3533 510.4744 161.1850
v -1956.1625 440.8856 210.5983
v -1915.0757 440.8856 364.7670
v -1858.9500 510.4744 322.3700
v -1901.9067 510.4744 279.1806
v -1858.9500 440.8856 421.1967
v -1901.9067 510.4744 279.1806
v -1915.0757 440.8856 364.7670
v -1858.9500 440.8856 421.1967
v -1815.9933 510.4744 279.1806
v -1858.9500 510.4744 322.3700
v -1802.8243 440.8856 364.7670
v -1858.9500 510.4744 322.3700
v -1858.9500 440.8856 421.1967
v -1802.8243 440.8856 364.7670
v -1784.5467 510.4744 161.1850
v -1815.9933 510.4744 279.1806
v -1761.7375 440.8856 210.5983
v -1815.9933 510.4744 279.1806
v -1802.8243 440.8856 364.7670
v -1761.7375 440.8856 210.5983
v -1773.0365 510.4744 0.0000
v -1784.5467 510.4744 161.1850
v -1746.6986 440.8856 0.0000
v -1784.5467 510.4744 161.1850
v -1761.7375 440.8856 210.5983
v -1746.6986 440.8856 0.0000
v -1784.5467 510.4744 -161.1850
v -1773.0365 510.4744 0.0000
v -1761.7375 440.8856 -210.5983
v -1773.0365 510.4744 0.0000
v -1746.6986 440.8856 0.0000
v -1761.7375 440.8856 -210.5983
v -1815.9933 510.4744 -279.1806
v -1784.5467 510.4744 -161.1850
v -1802.8243 440.8856 -364.7670
v -1784.5467 510.4744 -161.1850
v -1761.7375 440.8856 -210.5983
v -1802.8243 440.8856 -364.7670
v -1858.9500 510.4744 -322.3700
v -1815.9933 510.4744 -279.1806
v -1858.9500 440.8856 -421.1967
v -1815.9933 510.4744 -279.1806
v -1802.8243 440.8856 -364.7670
v -1858.9500 440.8856 -421.1967
v -1901.9067 510.4744 -279.1806
v -1858.9500 510.4744 -322.3700
v -1915.0757 440.8856 -364.7670
v -1858.9500 510.4744 -322.3700
v -1858.9500 440.8856 -421.1967
v -1915.0757 440.8856 -364.7670
v -1933.3533 510.4744 -161.1850
v -1901.9067 510.4744 -279.1806
v -1956.1625 440.8856 -210.5983
v -1901.9067 510.4744 -279.1806
v -1915.0757 440.8856 -364.7670
v -1956.1625 440.8856 -210.5983
v -1944.8635 510.4744 -0.0000
v -1933.3533 510.4744 -161.1850
v -1971.2014 440.8856 -0.0000
v -1933.3533 510.4744 -161.1850
v -1956.1625 440.8856 -210.5983
v -1971.2014 440.8856 -0.0000
v -1956.1625 440.8856 210.5983
v -1971.2014 440.8856 0.0000
v -1964.1721 358.8000 227.9500
v -1971.2014 440.8856 0.0000
v -1980.4500 358.8000 0.0000
v -1964.1721 358.8000 227.9500
v -1915.0757 440.8856 364.7670
v -1956.1625 440.8856 210.5983
v -1919.7000 358.8000 394.8210
v -1956.1625 440.8856 210.5983
v -1964.1721 358.8000 227.9500
v -1919.7000 358.8000 394.8210
v -1858.9500 440.8856 421.1967
v -1915.0757 440.8856 364.7670
v -1858.9500 358.8000 455.9000
v -1915.0757 440.8856 364.7670
v -1919.7000 358.8000 394.8210
v -1858.9500 358.8000 455.9000
v -1802.8243 440.8856 364.7670
v -1858.9500 440.8856 421.1967
v -1798.2000 358.8000 394.8210
v -1858.9500 440.8856 421.1967
v -1858.9500 358.8000 455.9000
v -1798.2000 358.8000 394.8210
v -1761.7375 440.8856 210.5983
v -1802.8243 440.8856 364.7670
v -1753.7279 358.8000 227.9500
v -1802.8243 440.8856 364.7670
v -1798.2000 358.8000 394.8210
v -1753.7279 358.8000 227.9500
v -1746.6986 440.8856 0.0000
v -1761.7375 440.8856 210.5983
v -1737.4500 358.8000 0.0000
v -1761.7375 440.8856 210.5983
v -1753.7279 358.8000 227.9500
v -1737.4500 358.8000 0.0000
v -1761.7375 440.8856 -210.5983
v -1746.6986 440.8856 0.0000
v -1753.7279 358.8000 -227.9500
v -1746.6986 440.8856 0.0000
v -1737.4500 358.8000 0.0000
v -1753.7279 358.8000 -227.9500
v -1802.8243 440.8856 -364.7670
v -1761.7375 440.8856 -210.5983
v -1798.2000 358.8000 -394.8210
v -1761.7375 440.8856 -210.5983
v -1753.7279 358.8000 -227.9500
v -1798.2000 358.8000 -394.8210
v -1858.9500 440.8856 -421.1967
v -1802.8243 440.8856 -364.7670
v -1858.9500 358.8000 -455.9000
v -1802.8243 440.8856 -364.7670
v -1798.2000 358.8000 -394.8210
v -1858.9500 358.8000 -455.9000
v -1915.0757 440.8856 -364.7670
v -1858.9500 440.8856 -421.1967
v -1919.7000 358.8000 -394.8210
v -1858.9500 440.8856 -421.1967
v -1858.9500 358.8000 -455.9000
v -1919.7000 358.8000 -394.8210
v -1956.1625 440.8856 -210.5983
v -1915.0757 440.8856 -364.7670
v -1964.1721 358.8000 -227.9500
v -1915.0757 440.8856 -364.7670
v -1919.7000 358.8000 -394.8210
v -1964.1721 358.8000 -227.9500
v -1971.2014 440.8856 -0.0000
v -1956.1625 440.8856 -210.5983
v -1980.4500 358.8000 -0.0000
v -1956.1625 440.8856 -210.5983
v -1964.1721 358.8000 -227.9500
v -1980.4500 358.8000 -0.0000
v -1964.1721 358.8000 227.9500
v -1980.4500 358.8000 0.0000
v -1956.1625 276.7144 210.5983
v -1980.4500 358.8000 0.0000
v -1971.2014 276.7144 0.0000
v -1956.1625 276.7144 210.5983
v -1919.7000 358.8000 394.8210
v -1964.1721 358.8000 227.9500
v -1915.0757 276.7144 364.7670
v -1964.1721 358.8000 227.9500
v -1956.1625 276.7144 210.5983
v -1915.0757 276.7144 364.7670
v -1858.9500 358.8000 455.9000
v -1919.7000 358.8000 394.8210
v -1858.9500 276.7144 421.1967
v -1919.7000 358.8000 394.8210
v -1915.0757 276.7144 364.7670
v -1858.9500 276.7144 421.1967
v -1798.2000 358.8000 394.8210
v -1858.9500 358.8000 455.9000
v -1802.8243 276.7144 364.7670
v -1858.9500 358.8000 455.9000
v -1858.9500 276.7144 421.1967
v -1802.8243 276.7144 364.7670
v -1753.7279 358.8000 227.9500
v -1798.2000 358.8000 394.8210
v -1761.7375 276.7144 210.5983
v -1798.2000 358.8000 394.8210
v -1802.8243 276.7144 364.7670
v -1761.7375 276.7144 210.5983
v -1737.4500 358.8000 0.0000
v -1753.7279 358.8000 227.9500
v -1746.6986 276.7144 0.0000
v -1753.7279 358.8000 227.9500
v -1761.7375 276.7144 210.5983
v -1746.6986 276.7144 0.0000
v -1753.7279 358.8000 -227.9500
v -1737.4500 358.8000 0.0000
v -1761.7375 276.7144 -210.5983
v -1737.4500 358.8000 0.0000
v -1746.6986 276.7144 0.0000
v -1761.7375 276.7144 -210.5983
v -1798.2000 358.8000 -394.8210
v -1753.7279 358.8000 -227.9500
v -1802.8243 276.7144 -364.7670
v -1753.7279 358.8000 -227.9500
v -1761.7375 276.7144 -210.5983
v -1802.8243 276.7144 -364.7670
v -1858.9500 358.8000 -455.9000
v -1798.2000 358.8000 -394.8210
v -1858.9500 276.7144 -421.1967
v -1798.2000 358.8000 -394.8210
v -1802.8243 276.7144 -364.7670
v -1858.9500 276.7144 -421.1967
v -1919.7000 358.8000 -394.8210
v -1858.9500 358.8000 -455.9000
v -1915.0757 276.7144 -364.7670
v -1858.9500 358.8000 -455.9000
v -1858.9500 276.7144 -421.1967
v -1915.0757 276.7144 -364.7670
v -1964.1721 358.8000 -227.9500
v -1919.7000 358.8000 -394.8210
v -1956.1625 276.7144 -210.5983
v -1919.7000 358.8000 -394.8210
v -1915.0757 276.7144 -364.7670
v -1956.1625 276.7144 -210.5983
v -1980.4500 358.8000 -0.0000
v -1964.1721 358.8000 -227.9500
v -1971.2014 276.7144 -0.0000
v -1964.1721 358.8000 -227.9500
v -1956.1625 276.7144 -210.5983
v -1971.2014 276.7144 -0.0000
v -1956.1625 276.7144 210.5983
v -1971.2014 276.7144 0.0000
v -1933.3533 207.1256 161.1850
v -1971.2014 276.7144 0.0000
v -1944.8635 207.1256 0.0000
v -1933.3533 207.1256 161.1850
v -1915.0757 276.7144 364.7670
v -1956.1625 276.7144 210.5983
v -1901.9067 207.1256 279.1806
v -1956.1625 276.7144 210.5983
v -1933.3533 207.1256 161.1850
v -1901.9067 207.1256 279.1806
v -1858.9500 276.7144 421.1967
v -1915.0757 276.7144 364.7670
v -1858.9500 207.1256 322.3700
v -1915.0757 276.7144 364.7670
v -1901.9067 207.1256 279.1806
v -1858.9500 207.1256 322.3700
v -1802.8243 276.7144 364.7670
v -1858.9500 276.7144 421.1967
v -1815.9933 207.1256 279.1806
v -1858.9500 276.7144 421.1967
v -1858.9500 207.1256 322.3700
v -1815.9933 207.1256 279.1806
v -1761.7375 276.7144 210.5983
v -1802.8243 276.7144 364.7670
v -1784.5467 207.1256 161.1850
v -1802.8243 276.7144 364.7670
v -1815.9933 207.1256 279.1806
v -1784.5467 207.1256 161.1850
v -1746.6986 276.7144 0.0000
v -1761.7375 276.7144 210.5983
v -1773.0365 207.1256 0.0000
v -1761.7375 276.7144 210.5983
v -1784.5467 207.1256 161.1850
v -1773.0365 207.1256 0.0000
v -1761.7375 276.7144 -210.5983
v -1746.6986 276.7144 0.0000
v -1784.5467 207.1256 -161.1850
v -1746.6986 276.7144 0.0000
v -1773.0365 207.1256 0.0000
v -1784.5467 207.1256 -161.1850
v -1802.8243 276.7144 -364.7670
v -1761.7375 276.7144 -210.5983
v -1815.9933 207.1256 -279.1806
v -1761.7375 276.7144 -210.5983
v -1784.5467 207.1256 -161.1850
v -1815.9933 207.1256 -279.1806
v -1858.9500 276.7144 -421.1967
v -1802.8243 276.7144 -364.7670
v -1858.9500 207.1256 -322.3700
v -1802.8243 276.7144 -364.7670
v -1815.9933 207.1256 -279.1806
v -1858.9500 207.1256 -322.3700
v -1915.0757 276.7144 -364.7670
v -1858.9500 276.7144 -421.1967
v -1901.9067 207.1256 -279.1806
v -1858.9500 276.7144 -421.1967
v -1858.9500 207.1256 -322.3700
v -1901.9067 207.1256 -279.1806
v -1956.1625 276.7144 -210.5983
v -1915.0757 276.7144 -364.7670
v -1933.3533 207.1256 -161.1850
v -1915.0757 276.7144 -364.7670
v -1901.9067 207.1256 -279.1806
v -1933.3533 207.1256 -161.1850
v -1971.2014 276.7144 -0.0000
v -1956.1625 276.7144 -210.5983
v -1944.8635 207.1256 -0.0000
v -1956.1625 276.7144 -210.5983
v -1933.3533 207.1256 -161.1850
v -1944.8635 207.1256 -0.0000
v -1933.3533 207.1256 161.1850
v -1944.8635 207.1256 0.0000
v -1899.2167 160.6278 87.2327
v -1944.8635 207.1256 0.0000
v -1905.4460 160.6278 0.0000
v -1899.2167 160.6278 87.2327
v -1901.9067 207.1256 279.1806
v -1933.3533 207.1256 161.1850
v -1882.1980 160.6278 151.0914
v -1933.3533 207.1256 161.1850
v -1899.2167 160.6278 87.2327
v -1882.1980 160.6278 151.0914
v -1858.9500 207.1256 322.3700
v -1901.9067 207.1256 279.1806
v -1858.9500 160.6278 174.4654
v -1901.9067 207.1256 279.1806
v -1882.1980 160.6278 151.0914
v -1858.9500 160.6278 174.4654
v -1815.9933 207.1256 279.1806
v -1858.9500 207.1256 322.3700
v -1835.7020 160.6278 151.0914
v -1858.9500 207.1256 322.3700
v -1858.9500 160.6278 174.4654
v -1835.7020 160.6278 151.0914
v -1784.5467 207.1256 161.1850
v -1815.9933 207.1256 279.1806
v -1818.6833 160.6278 87.2327
v -1815.9933 207.1256 279.1806
v -1835.7020 160.6278 151.0914
v -1818.6833 160.6278 87.2327
v -1773.0365 207.1256 0.0000
v -1784.5467 207.1256 161.1850
v -1812.4540 160.6278 0.0000
v -1784.5467 207.1256 161.1850
v -1818.6833 160.6278 87.2327
v -1812.4540 160.6278 0.0000
v -1784.5467 207.1256 -161.1850
v -1773.0365 207.1256 0.0000
v -1818.6833 160.6278 -87.2327
v -1773.0365 207.1256 0.0000
v -1812.4540 160.6278 0.0000
v -1818.6833 160.6278 -87.2327
v -1815.9933 207.1256 -279.1806
v -1784.5467 207.1256 -161.1850
v -1835.7020 160.6278 -151.0914
v -1784.5467 207.1256 -161.1850
v -1818.6833 160.6278 -87.2327
v -1835.7020 160.6278 -151.0914
v -1858.9500 207.1256 -322.3700
v -1815.9933 207.1256 -279.1806
v -1858.9500 160.6278 -174.4654
v -1815.9933 207.1256 -279.1806
v -1835.7020 160.6278 -151.0914
v -1858.9500 160.6278 -174.4654
v -1901.9067 207.1256 -279.1806
v -1858.9500 207.1256 -322.3700
v -1882.1980 160.6278 -151.0914
v -1858.9500 207.1256 -322.3700
v -1858.9500 160.6278 -174.4654
v -1882.1980 160.6278 -151.0914
v -1933.3533 207.1256 -161.1850
v -1901.9067 207.1256 -279.1806
v -1899.2167 160.6278 -87.2327
v -1901.9067 207.1256 -279.1806
v -1882.1980 160.6278 -151.0914
v -1899.2167 160.6278 -87.2327
v -1944.8635 207.1256 -0.0000
v -1933.3533 207.1256 -161.1850
v -1905.4460 160.6278 -0.0000
v -1933.3533 207.1256 -161.1850
v -1899.2167 160.6278 -87.2327
v -1905.4460 160.6278 -0.0000
v -1899.2167 160.6278 87.2327
v -1905.4460 160.6278 0.0000
v -1858.9500 144.3000 0.0000
v -1882.1980 160.6278 151.0914
v -1899.2167 160.6278 87.2327
v -1858.9500 144.3000 0.0000
v -1858.9500 160.6278 174.4654
v -1882.1980 160.6278 151.0914
v -1858.9500 144.3000 0.0000
v -1835.7020 160.6278 151.0914
v -1858.9500 160.6278 174.4654
v -1858.9500 144.3000 0.0000
v -1818.6833 160.6278 87.2327
v -1835.7020 160.6278 151.0914
v -1858.9500 144.3000 0.0000
v -1812.4540 160.6278 0.0000
v -1818.6833 160.6278 87.2327
v -1858.9500 144.3000 0.0000
v -1818.6833 160.6278 -87.2327
v -1812.4540 160.6278 0.0000
v -1858.9500 144.3000 -0.0000
v -1835.7020 160.6278 -151.0914
v -1818.6833 160.6278 -87.2327
v -1858.9500 144.3000 -0.0000
v -1858.9500 160.6278 -174.4654
v -1835.7020 160.6278 -151.0914
v -1858.9500 144.3000 -0.0000
v -1882.1980 160.6278 -151.0914
v -1858.9500 160.6278 -174.4654
v -1858.9500 144.3000 -0.0000
v -1899.2167 160.6278 -87.2327
v -1882.1980 160.6278 -151.0914
v -1858.9500 144.3000 -0.0000
v -1905.4460 160.6278 -0.0000
v -1899.2167 160.6278 -87.2327
v -1858.9500 144.3000 -0.0000
v 1858.9500 713.7000 0.0000
v 1812.4540 697.3722 0.0000
v 1818.6833 697.3722 87.2327
v 1858.9500 713.7000 0.0000
v 1818.6833 697.3722 87.2327
v 1835.7020 697.3722 151.0914
v 1858.9500 713.7000 0.0000
v 1835.7020 697.3722 151.0914
v 1858.9500 697.3722 174.4654
v 1858.9500 713.7000 0.0000
v 1858.9500 697.3722 174.4654
v 1882.1980 697.3722 151.0914
v 1858.9500 713.7000 0.0000
v 1882.1980 697.3722 151.0914
v 1899.2167 697.3722 87.2327
v 1858.9500 713.7000 0.0000
v 1899.2167 697.3722 87.2327
v 1905.4460 697.3722 0.0000
v 1858.9500 713.7000 0.0000
v 1905.4460 697.3722 0.0000
v 1899.2167 697.3722 -87.2327
v 1858.9500 713.7000 0.0000
v 1899.2167 697.3722 -87.2327
v 1882.1980 697.3722 -151.0914
v 1858.9500 713.7000 0.0000
v 1882.1980 697.3722 -151.0914
v 1858.9500 697.3722 -174.4654
v 1858.9500 713.7000 0.0000
v 1858.9500 697.3722 -174.4654
v 1835.7020 697.3722 -151.0914
v 1858.9500 713.7000 0.0000
v 1835.7020 697.3722 -151.0914
v 1818.6833 697.3722 -87.2327
v 1858.9500 713.7000 0.0000
v 1818.6833 697.3722 -87.2327
v 1812.4540 697.3722 -0.0000
v 1818.6833 697.3722 87.2327
v 1812.4540 697.3722 0.0000
v 1784.5467 650.8744 161.1850
v 1812.4540 697.3722 0.0000
v 1773.0365 650.8744 0.0000
v 1784.5467 650.8744 161.1850
v 1835.7020 697.3722 151.0914
v 1818.6833 697.3722 87.2327
v 1815.9933 650.8744 279.1806
v 1818.6833 697.3722 87.2327
v 1784.5467 650.8744 161.1850
v 1815.9933 650.8744 279.1806
v 1858.9500 697.3722 174.4654
v 1835.7020 697.3722 151.0914
v 1858.9500 650.8744 322.3700
v 1835.7020 697.3722 151.0914
v 1815.9933 650.8744 279.1806
v 1858.9500 650.8744 322.3700
v 1882.1980 697.3722 151.0914
v 1858.9500 697.3722 174.4654
v 1901.9067 650.8744 279.1806
v 1858.9500 697.3722 174.4654
v 1858.9500 650.8744 322.3700
v 1901.9067 650.8744 279.1806
v 1899.2167 697.3722 87.2327
v 1882.1980 697.3722 151.0914
v 1933.3533 650.8744 161.1850
v 1882.1980 697.3722 151.0914
v 1901.9067 650.8744 279.1806
v 1933.3533 650.8744 161.1850
v 1905.4460 697.3722 0.0000
v 1899.2167 697.3722 87.2327
v 1944.8635 650.8744 0.0000
v 1899.2167 697.3722 87.2327
v 1933.3533 650.8744 161.1850
v 1944.8635 650.8744 0.0000
v 1899.2167 697.3722 -87.2327
v 1905.4460 697.3722 0.0000
v 1933.3533 650.8744 -161.1850
v 1905.4460 697.3722 0.0000
v 1944.8635 650.8744 0.0000
v 1933.3533 650.8744 -161.1850
v 1882.1980 697.3722 -151.0914
v 1899.2167 697.3722 -87.2327
v 1901.9067 650.8744 -279.1806
v 1899.2167 697.3722 -87.2327
v 1933.3533 650.8744 -161.1850
v 1901.9067 650.8744 -279.1806
v 1858.9500 697.3722 -174.4654
v 1882.1980 697.3722 -151.0914
v 1858.9500 650.8744 -322.3700
v 1882.1980 697.3722 -151.0914
v 1901.9067 650.8744 -279.1806
v 1858.9500 650.8744 -322.3700
v 1835.7020 697.3722 -151.0914
v 1858.9500 697.3722 -174.4654
v 1815.9933 650.8744 -279.1806
v 1858.9500 697.3722 -174.4654
v 1858.9500 650.8744 -322.3700
v 1815.9933 650.8744 -279.1806
v 1818.6833 697.3722 -87.2327
v 1835.7020 697.3722 -151.0914
v 1784.5467 650.8744 -161.1850
v 1835.7020 697.3722 -151.0914
v 1815.9933 650.8744 -279.1806
v 1784.5467 650.8744 -161.1850
v 1812.4540 697.3722 -0.0000
v 1818.6833 697.3722 -87.2327
v 1773.0365 650.8744 -0.0000
v 1818.6833 697.3722 -87.2327
v 1784.5467 650.8744 -161.1850
v 1773.0365 650.8744 -0.0000
v 1784.5467 650.8744 161.1850
v 1773.0365 650.8744 0.0000
v 1761.7375 581.2856 210.5983
v 1773.0365 650.8744 0.0000
v 1746.6986 581.2856 0.0000
v 1761.7375 581.2856 210.5983
v 1815.9933 650.8744 279.1806
v 1784.5467 650.8744 161.1850
v 1802.8243 581.2856 364.7670
v 1784.5467 650.8744 161.1850
v 1761.7375 581.2856 210.5983
v 1802.8243 581.2856 364.7670
v 1858.9500 650.8744 322.3700
v 1815.9933 650.8744 279.1806
v 1858.9500 581.2856 421.1967
v 1815.9933 650.8744 279.1806
v 1802.8243 581.2856 364.7670
v 1858.9500 581.2856 421.1967
v 1901.9067 650.8744 279.1806
v 1858.9500 650.8744 322.3700
v 1915.0757 581.2856 364.7670
v 1858.9500 650.8744 322.3700
v 1858.9500 581.2856 421.1967
v 1915.0757 581.2856 364.7670
v 1933.3533 650.8744 161.1850
v 1901.9067 650.8744 279.1806
v 1956.1625 581.2856 210.5983
v 1901.9067 650.8744 279.1806
v 1915.0757 581.2856 364.7670
v 1956.1625 581.2856 210.5983
v 1944.8635 650.8744 0.0000
v 1933.3533 650.8744 161.1850
v 1971.2014 581.2856 0.0000
v 1933.3533 650.8744 161.1850
v 1956.1625 581.2856 210.5983
v 1971.2014 581.2856 0.0000
v 1933.3533 650.8744 -161.1850
v 1944.8635 650.8744 0.0000
v 1956.1625 581.2856 -210.5983
v 1944.8635 650.8744 0.0000
v 1971.2014 581.2856 0.0000
v 1956.1625 581.2856 -210.5983
v 1901.9067 650.8744 -279.1806
v 1933.3533 650.8744 -161.1850
v 1915.0757 581.2856 -364.7670
v 1933.3533 650.8744 -161.1850
v 1956.1625 581.2856 -210.5983
v 1915.0757 581.2856 -364.7670
v 1858.9500 650.8744 -322.3700
v 1901.9067 650.8744 -279.1806
v 1858.9500 581.2856 -421.1967
v 1901.9067 650.8744 -279.1806
v 1915.0757 581.2856 -364.7670
v 1858.9500 581.2856 -421.1967
v 1815.9933 650.8744 -279.1806
v 1858.9500 650.8744 -322.3700
v 1802.8243 581.2856 -364.7670
v 1858.9500 650.8744 -322.3700
v 1858.9500 581.2856 -421.1967
v 1802.8243 581.2856 -364.7670
v 1784.5467 650.8744 -161.1850
v 1815.9933 650.8744 -279.1806
v 1761.7375 581.2856 -210.5983
v 1815.9933 650.8744 -279.1806
v 1802.8243 581.2856 -364.7670
v 1761.7375 581.2856 -210.5983
v 1773.0365 650.8744 -0.0000
v 1784.5467 650.8744 -161.1850
v 1746.6986 581.2856 -0.0000
v 1784.5467 650.8744 -161.1850
v 1761.7375 581.2856 -210.5983
v 1746.6986 581.2856 -0.0000
v 1761.7375 581.2856 210.5983
v 1746.6986 581.2856 0.0000
v 1753.7279 499.2000 227.9500
v 1746.6986 581.2856 0.0000
v 1737.4500 499.2000 0.0000
v 1753.7279 499.2000 227.9500
v 1802.8243 581.2856 364.7670
v 1761.7375 581.2856 210.5983
v 1798.2000 499.2000 394.8210
v 1761.7375 581.2856 210.5983
v 1753.7279 499.2000 227.9500
v 1798.2000 499.2000 394.8210
v 1858.9500 581.2856 421.1967
v 1802.8243 581.2856 364.7670
v 1858.9500 499.2000 455.9000
v 1802.8243 581.2856 364.7670
v 1798.2000 499.2000 394.8210
v 1858.9500 499.2000 455.9000
v 1915.0757 581.2856 364.7670
v 1858.9500 581.2856 421.1967
v 1919.7000 499.2000 394.8210
v 1858.9500 581.2856 421.1967
v 1858.9500 499.2000 455.9000
v 1919.7000 499.2000 394.8210
v 1956.1625 581.2856 210.5983
v 1915.0757 581.2856 364.7670
v 1964.1721 499.2000 227.9500
v 1915.0757 581.2856 364.7670
v 1919.7000 499.2000 394.8210
v 1964.1721 499.2000 227.9500
v 1971.2014 581.2856 0.0000
v 1956.1625 581.2856 210.5983
v 1980.4500 499.2000 0.0000
v 1956.1625 581.2856 210.5983
v 1964.1721 499.2000 227.9500
v 1980.4500 499.2000 0.0000
v 1956.1625 581.2856 -210.5983
v 1971.2014 581.2856 0.0000
v 1964.1721 499.2000 -227.9500
v 1971.2014 581.2856 0.0000
v 1980.4500 499.2000 0.0000
v 1964.1721 499.2000 -227.9500
v 1915.0757 581.2856 -364.7670
v 1956.1625 581.2856 -210.5983
v 1919.7000 499.2000 -394.8210
v 1956.1625 581.2856 -210.5983
v 1964.1721 499.2000 -227.9500
v 1919.7000 499.2000 -394.8210
v 1858.9500 581.2856 -421.1967
v 1915.0757 581.2856 -364.7670
v 1858.9500 499.2000 -455.9000
v 1915.0757 581.2856 -364.7670
v 1919.7000 499.2000 -394.8210
v 1858.9500 499.2000 -455.9000
v 1802.8243 581.2856 -364.7670
v 1858.9500 581.2856 -421.1967
v 1798.2000 499.2000 -394.8210
v 1858.9500 581.2856 -421.1967
v 1858.9500 499.2000 -455.9000
v 1798.2000 499.2000 -394.8210
v 1761.7375 581.2856 -210.5983
v 1802.8243 581.2856 -364.7670
v 1753.7279 499.2000 -227.9500
v 1802.8243 581.2856 -364.7670
v 1798.2000 499.2000 -394.8210
v 1753.7279 499.2000 -227.9500
v 1746.6986 581.2856 -0.0000
v 1761.7375 581.2856 -210.5983
v 1737.4500 499.2000 -0.0000
v 1761.7375 581.2856 -210.5983
v 1753.7279 499.2000 -227.9500
v 1737.4500 499.2000 -0.0000
v 1753.7279 499.2000 227.9500
v 1737.4500 499.2000 0.0000
v 1761.7375 417.1144 210.5983
v 1737.4500 499.2000 0.0000
v 1746.6986 417.1144 0.0000
v 1761.7375 417.1144 210.5983
v 1798.2000 499.2000 394.8210
v 1753.7279 499.2000 227.9500
v 1802.8243 417.1144 364.7670
v 1753.7279 499.2000 227.9500
v 1761.7375 417.1144 210.5983
v 1802.8243 417.1144 364.7670
v 1858.9500 499.2000 455.9000
v 1798.2000 499.2000 394.8210
v 1858.9500 417.1144 421.1967
v 1798.2000 499.2000 394.8210
v 1802.8243 417.1144 364.7670
v 1858.9500 417.1144 421.1967
v 1919.7000 499.2000 394.8210
v 1858.9500 499.2000 455.9000
v 1915.0757 417.1144 364.7670
v 1858.9500 499.2000 455.9000
v 1858.9500 417.1144 421.1967
v 1915.0757 417.1144 364.7670
v 1964.1721 499.2000 227.9500
v 1919.7000 499.2000 394.8210
v 1956.1625 417.1144 210.5983
v 1919.7000 499.2000 394.8210
v 1915.0757 417.1144 364.7670
v 1956.1625 417.1144 210.5983
v 1980.4500 499.2000 0.0000
v 1964.1721 499.2000 227.9500
v 1971.2014 417.1144 0.0000
v 1964.1721 499.2000 227.9500
v 1956.1625 417.1144 210.5983
v 1971.2014 417.1144 0.0000
v 1964.1721 499.2000 -227.9500
v 1980.4500 499.2000 0.0000
v 1956.1625 417.1144 -210.5983
v 1980.4500 499.2000 0.0000
v 1971.2014 417.1144 0.0000
v 1956.1625 417.1144 -210.5983
v 1919.7000 499.2000 -394.8210
v 1964.1721 499.2000 -227.9500
v 1915.0757 417.1144 -364.7670
v 1964.1721 499.2000 -227.9500
v 1956.1625 417.1144 -210.5983
v 1915.0757 417.1144 -364.7670
v 1858.9500 499.2000 -455.9000
v 1919.7000 499.2000 -394.8210
v 1858.9500 417.1144 -421.1967
v 1919.7000 499.2000 -394.8210
v 1915.0757 417.1144 -364.7670
v 1858.9500 417.1144 -421.1967
v 1798.2000 499.2000 -394.8210
v 1858.9500 499.2000 -455.9000
v 1802.8243 417.1144 -364.7670
v 1858.9500 499.2000 -455.9000
v 1858.9500 417.1144 -421.1967
v 1802.8243 417.1144 -364.7670
v 1753.7279 499.2000 -227.9500
v 1798.2000 499.2000 -394.8210
v 1761.7375 417.1144 -210.5983
v 1798.2000 499.2000 -394.8210
v 1802.8243 417.1144 -364.7670
v 1761.7375 417.1144 -210.5983
v 1737.4500 499.2000 -0.0000
v 1753.7279 499.2000 -227.9500
v 1746.6986 417.1144 -0.0000
v 1753.7279 499.2000 -227.9500
v 1761.7375 417.1144 -210.5983
v 1746.6986 417.1144 -0.0000
v 1761.7375 417.1144 210.5983
v 1746.6986 417.1144 0.0000
v 1784.5467 347.5256 161.1850
v 1746.6986 417.1144 0.0000
v 1773.0365 347.5256 0.0000
v 1784.5467 347.5256 161.1850
v 1802.8243 417.1144 364.7670
v 1761.7375 417.1144 210.5983
v 1815.9933 347.5256 279.1806
v 1761.7375 417.1144 210.5983
v 1784.5467 347.5256 161.1850
v 1815.9933 347.5256 279.1806
v 1858.9500 417.1144 421.1967
v 1802.8243 417.1144 364.7670
v 1858.9500 347.5256 322.3700
v 1802.8243 417.1144 364.7670
v 1815.9933 347.5256 279.1806
v 1858.9500 347.5256 322.3700
v 1915.0757 417.1144 364.7670
v 1858.9500 417.1144 421.1967
v 1901.9067 347.5256 279.1806
v 1858.9500 417.1144 421.1967
v 1858.9500 347.5256 322.3700
v 1901.9067 347.5256 279.1806
v 1956.1625 417.1144 210.5983
v 1915.0757 417.1144 364.7670
v 1933.3533 347.5256 161.1850
v 1915.0757 417.1144 364.7670
v 1901.9067 347.5256 279.1806
v 1933.3533 347.5256 161.1850
v 1971.2014 417.1144 0.0000
v 1956.1625 417.1144 210.5983
v 1944.8635 347.5256 0.0000
v 1956.1625 417.1144 210.5983
v 1933.3533 347.5256 161.1850
v 1944.8635 347.5256 0.0000
v 1956.1625 417.1144 -210.5983
v 1971.2014 417.1144 0.0000
v 1933.3533 347.5256 -161.1850
v 1971.2014 417.1144 0.0000
v 1944.8635 347.5256 0.0000
v 1933.3533 347.5256 -161.1850
v 1915.0757 417.1144 -364.7670
v 1956.1625 417.1144 -210.5983
v 1901.9067 347.5256 -279.1806
v 1956.1625 417.1144 -210.5983
v 1933.3533 347.5256 -161.1850
v 1901.9067 347.5256 -279.1806
v 1858.9500 417.1144 -421.1967
v 1915.0757 417.1144 -364.7670
v 1858.9500 347.5256 -322.3700
v 1915.0757 417.1144 -364.7670
v 1901.9067 347.5256 -279.1806
v 1858.9500 347.5256 -322.3700
v 1802.8243 417.1144 -364.7670
v 1858.9500 417.1144 -421.1967
v 1815.9933 347.5256 -279.1806
v 1858.9500 417.1144 -421.1967
v 1858.9500 347.5256 -322.3700
v 1815.9933 347.5256 -279.1806
v 1761.7375 417.1144 -210.5983
v 1802.8243 417.1144 -364.7670
v 1784.5467 347.5256 -161.1850
v 1802.8243 417.1144 -364.7670
v 1815.9933 347.5256 -279.1806
v 1784.5467 347.5256 -161.1850
v 1746.6986 417.1144 -0.0000
v 1761.7375 417.1144 -210.5983
v 1773.0365 347.5256 -0.0000
v 1761.7375 417.1144 -210.5983
v 1784.5467 347.5256 -161.1850
v 1773.0365 347.5256 -0.0000
v 1784.5467 347.5256 161.1850
v 1773.0365 347.5256 0.0000
v 1818.6833 301.0278 87.2327
v 1773.0365 347.5256 0.0000
v 1812.4540 301.0278 0.0000
v 1818.6833 301.0278 87.2327
v 1815.9933 347.5256 279.1806
v 1784.5467 347.5256 161.1850
v 1835.7020 301.0278 151.0914
v 1784.5467 347.5256 161.1850
v 1818.6833 301.0278 87.2327
v 1835.7020 301.0278 151.0914
v 1858.9500 347.5256 322.3700
v 1815.9933 347.5256 279.1806
v 1858.9500 301.0278 174.4654
v 1815.9933 347.5256 279.1806
v 1835.7020 301.0278 151.0914
v 1858.9500 301.0278 174.4654
v 1901.9067 347.5256 279.1806
v 1858.9500 347.5256 322.3700
v 1882.1980 301.0278 151.0914
v 1858.9500 347.5256 322.3700
v 1858.9500 301.0278 174.4654
v 1882.1980 301.0278 151.0914
v 1933.3533 347.5256 161.1850
v 1901.9067 347.5256 279.1806
v 1899.2167 301.0278 87.2327
v 1901.9067 347.5256 279.1806
v 1882.1980 301.0278 151.0914
v 1899.2167 301.0278 87.2327
v 1944.8635 347.5256 0.0000
v 1933.3533 347.5256 161.1850
v 1905.4460 301.0278 0.0000
v 1933.3533 347.5256 161.1850
v 1899.2167 301.0278 87.2327
v 1905.4460 301.0278 0.0000
v 1933.3533 347.5256 -161.1850
v 1944.8635 347.5256 0.0000
v 1899.2167 301.0278 -87.2327
v 1944.8635 347.5256 0.0000
v 1905.4460 301.0278 0.0000
v 1899.2167 301.0278 -87.2327
v 1901.9067 347.5256 -279.1806
v 1933.3533 347.5256 -161.1850
v 1882.1980 301.0278 -151.0914
v 1933.3533 347.5256 -161.1850
v 1899.2167 301.0278 -87.2327
v 1882.1980 301.0278 -151.0914
v 1858.9500 347.5256 -322.3700
v 1901.9067 347.5256 -279.1806
v 1858.9500 301.0278 -174.4654
v 1901.9067 347.5256 -279.1806
v 1882.1980 301.0278 -151.0914
v 1858.9500 301.0278 -174.4654
v 1815.9933 347.5256 -279.1806
v 1858.9500 347.5256 -322.3700
v 1835.7020 301.0278 -151.0914
v 1858.9500 347.5256 -322.3700
v 1858.9500 301.0278 -174.4654
v 1835.7020 301.0278 -151.0914
v 1784.5467 347.5256 -161.1850
v 1815.9933 347.5256 -279.1806
v 1818.6833 301.0278 -87.2327
v 1815.9933 347.5256 -279.1806
v 1835.7020 301.0278 -151.0914
v 1818.6833 301.0278 -87.2327
v 1773.0365 347.5256 -0.0000
v 1784.5467 347.5256 -161.1850
v 1812.4540 301.0278 -0.0000
v 1784.5467 347.5256 -161.1850
v 1818.6833 301.0278 -87.2327
v 1812.4540 301.0278 -0.0000
v 1818.6833 301.0278 87.2327
v 1812.4540 301.0278 0.0000
v 1858.9500 284.7000 0.0000
v 1835.7020 301.0278 151.0914
v 1818.6833 301.0278 87.2327
v 1858.9500 284.7000 0.0000
v 1858.9500 301.0278 174.4654
v 1835.7020 301.0278 151.0914
v 1858.9500 284.7000 0.0000
v 1882.1980 301.0278 151.0914
v 1858.9500 301.0278 174.4654
v 1858.9500 284.7000 0.0000
v 1899.2167 301.0278 87.2327
v 1882.1980 301.0278 151.0914
v 1858.9500 284.7000 0.0000
v 1905.4460 301.0278 0.0000
v 1899.2167 301.0278 87.2327
v 1858.9500 284.7000 0.0000
v 1899.2167 301.0278 -87.2327
v 1905.4460 301.0278 0.0000
v 1858.9500 284.7000 -0.0000
v 1882.1980 301.0278 -151.0914
v 1899.2167 301.0278 -87.2327
v 1858.9500 284.7000 -0.0000
v 1858.9500 301.0278 -174.4654
v 1882.1980 301.0278 -151.0914
v 1858.9500 284.7000 -0.0000
v 1835.7020 301.0278 -151.0914
v 1858.9500 301.0278 -174.4654
v 1858.9500 284.7000 -0.0000
v 1818.6833 301.0278 -87.2327
v 1835.7020 301.0278 -151.0914
v 1858.9500 284.7000 -0.0000
v 1812.4540 301.0278 -0.0000
v 1818.6833 301.0278 -87.2327
v 1858.9500 284.7000 -0.0000
v -1657.2217 232.5356 -616.2548
v -1543.4977 395.9306 -570.8588
v -1662.3795 239.1695 -627.2115
v -1543.4977 395.9306 -570.8588
v -1548.6555 402.5645 -581.8155
v -1662.3795 239.1695 -627.2115
v -1662.3795 239.1695 -627.2115
v -1548.6555 402.5645 -581.8155
v -1661.7249 242.4368 -640.6114
v -1548.6555 402.5645 -581.8155
v -1548.0009 405.8318 -595.2154
v -1661.7249 242.4368 -640.6114
v -1661.7249 242.4368 -640.6114
v -1548.0009 405.8318 -595.2154
v -1655.4333 241.4620 -652.8640
v -1548.0009 405.8318 -595.2154
v -1541.7093 404.8570 -607.4680
v -1655.4333 241.4620 -652.8640
v -1655.4333 241.4620 -652.8640
v -1541.7093 404.8570 -607.4680
v -1645.1906 236.5062 -660.6863
v -1541.7093 404.8570 -607.4680
v -1531.4666 399.9012 -615.2903
v -1645.1906 236.5062 -660.6863
v -1645.1906 236.5062 -660.6863
v -1531.4666 399.9012 -615.2903
v -1633.7413 228.8975 -661.9822
v -1531.4666 399.9012 -615.2903
v -1520.0173 392.2925 -616.5862
v -1633.7413 228.8975 -661.9822
v -1633.7413 228.8975 -661.9822
v -1520.0173 392.2925 -616.5862
v -1624.1531 220.6744 -656.4046
v -1520.0173 392.2925 -616.5862
v -1510.4291 384.0694 -611.0086
v -1624.1531 220.6744 -656.4046
v -1624.1531 220.6744 -656.4046
v -1510.4291 384.0694 -611.0086
v -1618.9953 214.0405 -645.4479
v -1510.4291 384.0694 -611.0086
v -1505.2713 377.4355 -600.0519
v -1618.9953 214.0405 -645.4479
v -1618.9953 214.0405 -645.4479
v -1505.2713 377.4355 -600.0519
v -1619.6499 210.7732 -632.0480
v -1505.2713 377.4355 -600.0519
v -1505.9259 374.1682 -586.6520
v -1619.6499 210.7732 -632.0480
v -1619.6499 210.7732 -632.0480
v -1505.9259 374.1682 -586.6520
v -1625.9415 211.7480 -619.7954
v -1505.9259 374.1682 -586.6520
v -1512.2175 375.1430 -574.3994
v -1625.9415 211.7480 -619.7954
v -1625.9415 211.7480 -619.7954
v -1512.2175 375.1430 -574.3994
v -1636.1842 216.7038 -611.9731
v -1512.2175 375.1430 -574.3994
v -1522.4602 380.0988 -566.5771
v -1636.1842 216.7038 -611.9731
v -1636.1842 216.7038 -611.9731
v -1522.4602 380.0988 -566.5771
v -1647.6335 224.3125 -610.6772
v -1522.4602 380.0988 -566.5771
v -1533.9095 387.7075 -565.2812
v -1647.6335 224.3125 -610.6772
v -1647.6335 224.3125 -610.6772
v -1533.9095 387.7075 -565.2812
v -1657.2217 232.5356 -616.2548
v -1533.9095 387.7075 -565.2812
v -1543.4977 395.9306 -570.8588
v -1657.2217 232.5356 -616.2548
v -1657.2217 232.5356 -616.2548
v -1662.3795 239.1695 -627.2115
v -1640.6874 226.6050 -636.3297
v -1662.3795 239.1695 -627.2115
v -1661.7249 242.4368 -640.6114
v -1640.6874 226.6050 -636.3297
v -1661.7249 242.4368 -640.6114
v -1655.4333 241.4620 -652.8640
v -1640.6874 226.6050 -636.3297
v -1655.4333 241.4620 -652.8640
v -1645.1906 236.5062 -660.6863
v -1640.6874 226.6050 -636.3297
v -1645.1906 236.5062 -660.6863
v -1633.7413 228.8975 -661.9822
v -1640.6874 226.6050 -636.3297
v -1633.7413 228.8975 -661.9822
v -1624.1531 220.6744 -656.4046
v -1640.6874 226.6050 -636.3297
v -1624.1531 220.6744 -656.4046
v -1618.9953 214.0405 -645.4479
v -1640.6874 226.6050 -636.3297
v -1618.9953 214.0405 -645.4479
v -1619.6499 210.7732 -632.0480
v -1640.6874 226.6050 -636.3297
v -1619.6499 210.7732 -632.0480
v -1625.9415 211.7480 -619.7954
v -1640.6874 226.6050 -636.3297
v -1625.9415 211.7480 -619.7954
v -1636.1842 216.7038 -611.9731
v -1640.6874 226.6050 -636.3297
v -1636.1842 216.7038 -611.9731
v -1647.6335 224.3125 -610.6772
v -1640.6874 226.6050 -636.3297
v -1647.6335 224.3125 -610.6772
v -1657.2217 232.5356 -616.2548
v -1640.6874 226.6050 -636.3297
v -1548.6555 402.5645 -581.8155
v -1543.4977 395.9306 -570.8588
v -1526.9634 390.0000 -590.9337
v -1548.0009 405.8318 -595.2154
v -1548.6555 402.5645 -581.8155
v -1526.9634 390.0000 -590.9337
v -1541.7093 404.8570 -607.4680
v -1548.0009 405.8318 -595.2154
v -1526.9634 390.0000 -590.9337
v -1531.4666 399.9012 -615.2903
v -1541.7093 404.8570 -607.4680
v -1526.9634 390.0000 -590.9337
v -1520.0173 392.2925 -616.5862
v -1531.4666 399.9012 -615.2903
v -1526.9634 390.0000 -590.9337
v -1510.4291 384.0694 -611.0086
v -1520.0173 392.2925 -616.5862
v -1526.9634 390.0000 -590.9337
v -1505.2713 377.4355 -600.0519
v -1510.4291 384.0694 -611.0086
v -1526.9634 390.0000 -590.9337
v -1505.9259 374.1682 -586.6520
v -1505.2713 377.4355 -600.0519
v -1526.9634 390.0000 -590.9337
v -1512.2175 375.1430 -574.3994
v -1505.9259 374.1682 -586.6520
v -1526.9634 390.0000 -590.9337
v -1522.4602 380.0988 -566.5771
v -1512.2175 375.1430 -574.3994
v -1526.9634 390.0000 -590.9337
v -1533.9095 387.7075 -565.2812
v -1522.4602 380.0988 -566.5771
v -1526.9634 390.0000 -590.9337
v -1543.4977 395.9306 -570.8588
v -1533.9095 387.7075 -565.2812
v -1526.9634 390.0000 -590.9337
v 1657.2217 -188.6644 -616.2548
v 1543.4977 -25.2694 -570.8588
v 1647.6335 -196.8875 -610.6772
v 1543.4977 -25.2694 -570.8588
v 1533.9095 -33.4925 -565.2812
v 1647.6335 -196.8875 -610.6772
v 1647.6335 -196.8875 -610.6772
v 1533.9095 -33.4925 -565.2812
v 1636.1842 -204.4962 -611.9731
v 1533.9095 -33.4925 -565.2812
v 1522.4602 -41.1012 -566.5771
v 1636.1842 -204.4962 -611.9731
v 1636.1842 -204.4962 -611.9731
v 1522.4602 -41.1012 -566.5771
v 1625.9415 -209.4520 -619.7954
v 1522.4602 -41.1012 -566.5771
v 1512.2175 -46.0570 -574.3994
v 1625.9415 -209.4520 -619.7954
v 1625.9415 -209.4520 -619.7954
v 1512.2175 -46.0570 -574.3994
v 1619.6499 -210.4268 -632.0480
v 1512.2175 -46.0570 -574.3994
v 1505.9259 -47.0318 -586.6520
v 1619.6499 -210.4268 -632.0480
v 1619.6499 -210.4268 -632.0480
v 1505.9259 -47.0318 -586.6520
v 1618.9953 -207.1595 -645.4479
v 1505.9259 -47.0318 -586.6520
v 1505.2713 -43.7645 -600.0519
v 1618.9953 -207.1595 -645.4479
v 1618.9953 -207.1595 -645.4479
v 1505.2713 -43.7645 -600.0519
v 1624.1531 -200.5256 -656.4046
v 1505.2713 -43.7645 -600.0519
v 1510.4291 -37.1306 -611.0086
v 1624.1531 -200.5256 -656.4046
v 1624.1531 -200.5256 -656.4046
v 1510.4291 -37.1306 -611.0086
v 1633.7413 -192.3025 -661.9822
v 1510.4291 -37.1306 -611.0086
v 1520.0173 -28.9075 -616.5862
v 1633.7413 -192.3025 -661.9822
v 1633.7413 -192.3025 -661.9822
v 1520.0173 -28.9075 -616.5862
v 1645.1906 -184.6938 -660.6863
v 1520.0173 -28.9075 -616.5862
v 1531.4666 -21.2988 -615.2903
v 1645.1906 -184.6938 -660.6863
v 1645.1906 -184.6938 -660.6863
v 1531.4666 -21.2988 -615.2903
v 1655.4333 -179.7380 -652.8640
v 1531.4666 -21.2988 -615.2903
v 1541.7093 -16.3430 -607.4680
v 1655.4333 -179.7380 -652.8640
v 1655.4333 -179.7380 -652.8640
v 1541.7093 -16.3430 -607.4680
v 1661.7249 -178.7632 -640.6114
v 1541.7093 -16.3430 -607.4680
v 1548.0009 -15.3682 -595.2154
v 1661.7249 -178.7632 -640.6114
v 1661.7249 -178.7632 -640.6114
v 1548.0009 -15.3682 -595.2154
v 1662.3795 -182.0305 -627.2115
v 1548.0009 -15.3682 -595.2154
v 1548.6555 -18.6355 -581.8155
v 1662.3795 -182.0305 -627.2115
v 1662.3795 -182.0305 -627.2115
v 1548.6555 -18.6355 -581.8155
v 1657.2217 -188.6644 -616.2548
v 1548.6555 -18.6355 -581.8155
v 1543.4977 -25.2694 -570.8588
v 1657.2217 -188.6644 -616.2548
v 1657.2217 -188.6644 -616.2548
v 1647.6335 -196.8875 -610.6772
v 1640.6874 -194.5950 -636.3297
v 1647.6335 -196.8875 -610.6772
v 1636.1842 -204.4962 -611.9731
v 1640.6874 -194.5950 -636.3297
v 1636.1842 -204.4962 -611.9731
v 1625.9415 -209.4520 -619.7954
v 1640.6874 -194.5950 -636.3297
v 1625.9415 -209.4520 -619.7954
v 1619.6499 -210.4268 -632.0480
v 1640.6874 -194.5950 -636.3297
v 1619.6499 -210.4268 -632.0480
v 1618.9953 -207.1595 -645.4479
v 1640.6874 -194.5950 -636.3297
v 1618.9953 -207.1595 -645.4479
v 1624.1531 -200.5256 -656.4046
v 1640.6874 -194.5950 -636.3297
v 1624.1531 -200.5256 -656.4046
v 1633.7413 -192.3025 -661.9822
v 1640.6874 -194.5950 -636.3297
v 1633.7413 -192.3025 -661.9822
v 1645.1906 -184.6938 -660.6863
v 1640.6874 -194.5950 -636.3297
v 1645.1906 -184.6938 -660.6863
v 1655.4333 -179.7380 -652.8640
v 1640.6874 -194.5950 -636.3297
v 1655.4333 -179.7380 -652.8640
v 1661.7249 -178.7632 -640.6114
v 1640.6874 -194.5950 -636.3297
v 1661.7249 -178.7632 -640.6114
v 1662.3795 -182.0305 -627.2115
v 1640.6874 -194.5950 -636.3297
v 1662.3795 -182.0305 -627.2115
v 1657.2217 -188.6644 -616.2548
v 1640.6874 -194.5950 -636.3297
v 1533.9095 -33.4925 -565.2812
v 1543.4977 -25.2694 -570.8588
v 1526.9634 -31.2000 -590.9337
v 1522.4602 -41.1012 -566.5771
v 1533.9095 -33.4925 -565.2812
v 1526.9634 -31.2000 -590.9337
v 1512.2175 -46.0570 -574.3994
v 1522.4602 -41.1012 -566.5771
v 1526.9634 -31.2000 -590.9337
v 1505.9259 -47.0318 -586.6520
v 1512.2175 -46.0570 -574.3994
v 1526.9634 -31.2000 -590.9337
v 1505.2713 -43.7645 -600.0519
v 1505.9259 -47.0318 -586.6520
v 1526.9634 -31.2000 -590.9337
v 1510.4291 -37.1306 -611.0086
v 1505.2713 -43.7645 -600.0519
v 1526.9634 -31.2000 -590.9337
v 1520.0173 -28.9075 -616.5862
v 1510.4291 -37.1306 -611.0086
v 1526.9634 -31.2000 -590.9337
v 1531.4666 -21.2988 -615.2903
v 1520.0173 -28.9075 -616.5862
v 1526.9634 -31.2000 -590.9337
v 1541.7093 -16.3430 -607.4680
v 1531.4666 -21.2988 -615.2903
v 1526.9634 -31.2000 -590.9337
v 1548.0009 -15.3682 -595.2154
v 1541.7093 -16.3430 -607.4680
v 1526.9634 -31.2000 -590.9337
v 1548.6555 -18.6355 -581.8155
v 1548.0009 -15.3682 -595.2154
v 1526.9634 -31.2000 -590.9337
v 1543.4977 -25.2694 -570.8588
v 1548.6555 -18.6355 -581.8155
v 1526.9634 -31.2000 -590.9337
v -1624.1531 -60.1256 656.4046
v -1510.4291 103.2694 611.0086
v -1633.7413 -51.9025 661.9822
v -1510.4291 103.2694 611.0086
v -1520.0173 111.4925 616.5862
v -1633.7413 -51.9025 661.9822
v -1633.7413 -51.9025 661.9822
v -1520.0173 111.4925 616.5862
v -1645.1906 -44.2938 660.6863
v -1520.0173 111.4925 616.5862
v -1531.4666 119.1012 615.2903
v -1645.1906 -44.2938 660.6863
v -1645.1906 -44.2938 660.6863
v -1531.4666 119.1012 615.2903
v -1655.4333 -39.3380 652.8640
v -1531.4666 119.1012 615.2903
v -1541.7093 124.0570 607.4680
v -1655.4333 -39.3380 652.8640
v -1655.4333 -39.3380 652.8640
v -1541.7093 124.0570 607.4680
v -1661.7249 -38.3632 640.6114
v -1541.7093 124.0570 607.4680
v -1548.0009 125.0318 595.2154
v -1661.7249 -38.3632 640.6114
v -1661.7249 -38.3632 640.6114
v -1548.0009 125.0318 595.2154
v -1662.3795 -41.6305 627.2115
v -1548.0009 125.0318 595.2154
v -1548.6555 121.7645 581.8155
v -1662.3795 -41.6305 627.2115
v -1662.3795 -41.6305 627.2115
v -1548.6555 121.7645 581.8155
v -1657.2217 -48.2644 616.2548
v -1548.6555 121.7645 581.8155
v -1543.4977 115.1306 570.8588
v -1657.2217 -48.2644 616.2548
v -1657.2217 -48.2644 616.2548
v -1543.4977 115.1306 570.8588
v -1647.6335 -56.4875 610.6772
v -1543.4977 115.1306 570.8588
v -1533.9095 106.9075 565.2812
v -1647.6335 -56.4875 610.6772
v -1647.6335 -56.4875 610.6772
v -1533.9095 106.9075 565.2812
v -1636.1842 -64.0962 611.9731
v -1533.9095 106.9075 565.2812
v -1522.4602 99.2988 566.5771
v -1636.1842 -64.0962 611.9731
v -1636.1842 -64.0962 611.9731
v -1522.4602 99.2988 566.5771
v -1625.9415 -69.0520 619.7954
v -1522.4602 99.2988 566.5771
v -1512.2175 94.3430 574.3994
v -1625.9415 -69.0520 619.7954
v -1625.9415 -69.0520 619.7954
v -1512.2175 94.3430 574.3994
v -1619.6499 -70.0268 632.0480
v -1512.2175 94.3430 574.3994
v -1505.9259 93.3682 586.6520
v -1619.6499 -70.0268 632.0480
v -1619.6499 -70.0268 632.0480
v -1505.9259 93.3682 586.6520
v -1618.9953 -66.7595 645.4479
v -1505.9259 93.3682 586.6520
v -1505.2713 96.6355 600.0519
v -1618.9953 -66.7595 645.4479
v -1618.9953 -66.7595 645.4479
v -1505.2713 96.6355 600.0519
v -1624.1531 -60.1256 656.4046
v -1505.2713 96.6355 600.0519
v -1510.4291 103.2694 611.0086
v -1624.1531 -60.1256 656.4046
v -1624.1531 -60.1256 656.4046
v -1633.7413 -51.9025 661.9822
v -1640.6874 -54.1950 636.3297
v -1633.7413 -51.9025 661.9822
v -1645.1906 -44.2938 660.6863
v -1640.6874 -54.1950 636.3297
v -1645.1906 -44.2938 660.6863
v -1655.4333 -39.3380 652.8640
v -1640.6874 -54.1950 636.3297
v -1655.4333 -39.3380 652.8640
v -1661.7249 -38.3632 640.6114
v -1640.6874 -54.1950 636.3297
v -1661.7249 -38.3632 640.6114
v -1662.3795 -41.6305 627.2115
v -1640.6874 -54.1950 636.3297
v -1662.3795 -41.6305 627.2115
v -1657.2217 -48.2644 616.2548
v -1640.6874 -54.1950 636.3297
v -1657.2217 -48.2644 616.2548
v -1647.6335 -56.4875 610.6772
v -1640.6874 -54.1950 636.3297
v -1647.6335 -56.4875 610.6772
v -1636.1842 -64.0962 611.9731
v -1640.6874 -54.1950 636.3297
v -1636.1842 -64.0962 611.9731
v -1625.9415 -69.0520 619.7954
v -1640.6874 -54.1950 636.3297
v -1625.9415 -69.0520 619.7954
v -1619.6499 -70.0268 632.0480
v -1640.6874 -54.1950 636.3297
v -1619.6499 -70.0268 632.0480
v -1618.9953 -66.7595 645.4479
v -1640.6874 -54.1950 636.3297
v -1618.9953 -66.7595 645.4479
v -1624.1531 -60.1256 656.4046
v -1640.6874 -54.1950 636.3297
v -1520.0173 111.4925 616.5862
v -1510.4291 103.2694 611.0086
v -1526.9634 109.2000 590.9337
v -1531.4666 119.1012 615.2903
v -1520.0173 111.4925 616.5862
v -1526.9634 109.2000 590.9337
v -1541.7093 124.0570 607.4680
v -1531.4666 119.1012 615.2903
v -1526.9634 109.2000 590.9337
v -1548.0009 125.0318 595.2154
v -1541.7093 124.0570 607.4680
v -1526.9634 109.2000 590.9337
v -1548.6555 121.7645 581.8155
v -1548.0009 125.0318 595.2154
v -1526.9634 109.2000 590.9337
v -1543.4977 115.1306 570.8588
v -1548.6555 121.7645 581.8155
v -1526.9634 109.2000 590.9337
v -1533.9095 106.9075 565.2812
v -1543.4977 115.1306 570.8588
v -1526.9634 109.2000 590.9337
v -1522.4602 99.2988 566.5771
v -1533.9095 106.9075 565.2812
v -1526.9634 109.2000 590.9337
v -1512.2175 94.3430 574.3994
v -1522.4602 99.2988 566.5771
v -1526.9634 109.2000 590.9337
v -1505.9259 93.3682 586.6520
v -1512.2175 94.3430 574.3994
v -1526.9634 109.2000 590.9337
v -1505.2713 96.6355 600.0519
v -1505.9259 93.3682 586.6520
v -1526.9634 109.2000 590.9337
v -1510.4291 103.2694 611.0086
v -1505.2713 96.6355 600.0519
v -1526.9634 109.2000 590.9337
v 1624.1531 80.2744 656.4046
v 1510.4291 243.6694 611.0086
v 1618.9953 73.6405 645.4479
v 1510.4291 243.6694 611.0086
v 1505.2713 237.0355 600.0519
v 1618.9953 73.6405 645.4479
v 1618.9953 73.6405 645.4479
v 1505.2713 237.0355 600.0519
v 1619.6499 70.3732 632.0480
v 1505.2713 237.0355 600.0519
v 1505.9259 233.7682 586.6520
v 1619.6499 70.3732 632.0480
v 1619.6499 70.3732 632.0480
v 1505.9259 233.7682 586.6520
v 1625.9415 71.3480 619.7954
v 1505.9259 233.7682 586.6520
v 1512.2175 234.7430 574.3994
v 1625.9415 71.3480 619.7954
v 1625.9415 71.3480 619.7954
v 1512.2175 234.7430 574.3994
v 1636.1842 76.3038 611.9731
v 1512.2175 234.7430 574.3994
v 1522.4602 239.6988 566.5771
v 1636.1842 76.3038 611.9731
v 1636.1842 76.3038 611.9731
v 1522.4602 239.6988 566.5771
v 1647.6335 83.9125 610.6772
v 1522.4602 239.6988 566.5771
v 1533.9095 247.3075 565.2812
v 1647.6335 83.9125 610.6772
v 1647.6335 83.9125 610.6772
v 1533.9095 247.3075 565.2812
v 1657.2217 92.1356 616.2548
v 1533.9095 247.3075 565.2812
v 1543.4977 255.5306 570.8588
v 1657.2217 92.1356 616.2548
v 1657.2217 92.1356 616.2548
v 1543.4977 255.5306 570.8588
v 1662.3795 98.7695 627.2115
v 1543.4977 255.5306 570.8588
v 1548.6555 262.1645 581.8155
v 1662.3795 98.7695 627.2115
v 1662.3795 98.7695 627.2115
v 1548.6555 262.1645 581.8155
v 1661.7249 102.0368 640.6114
v 1548.6555 262.1645 581.8155
v 1548.0009 265.4318 595.2154
v 1661.7249 102.0368 640.6114
v 1661.7249 102.0368 640.6114
v 1548.0009 265.4318 595.2154
v 1655.4333 101.0620 652.8640
v 1548.0009 265.4318 595.2154
v 1541.7093 264.4570 607.4680
v 1655.4333 101.0620 652.8640
v 1655.4333 101.0620 652.8640
v 1541.7093 264.4570 607.4680
v 1645.1906 96.1062 660.6863
v 1541.7093 264.4570 607.4680
v 1531.4666 259.5012 615.2903
v 1645.1906 96.1062 660.6863
v 1645.1906 96.1062 660.6863
v 1531.4666 259.5012 615.2903
v 1633.7413 88.4975 661.9822
v 1531.4666 259.5012 615.2903
v 1520.0173 251.8925 616.5862
v 1633.7413 88.4975 661.9822
v 1633.7413 88.4975 661.9822
v 1520.0173 251.8925 616.5862
v 1624.1531 80.2744 656.4046
v 1520.0173 251.8925 616.5862
v 1510.4291 243.6694 611.0086
v 1624.1531 80.2744 656.4046
v 1624.1531 80.2744 656.4046
v 1618.9953 73.6405 645.4479
v 1640.6874 86.2050 636.3297
v 1618.9953 73.6405 645.4479
v 1619.6499 70.3732 632.0480
v 1640.6874 86.2050 636.3297
v 1619.6499 70.3732 632.0480
v 1625.9415 71.3480 619.7954
v 1640.6874 86.2050 636.3297
v 1625.9415 71.3480 619.7954
v 1636.1842 76.3038 611.9731
v 1640.6874 86.2050 636.3297
v 1636.1842 76.3038 611.9731
v 1647.6335 83.9125 610.6772
v 1640.6874 86.2050 636.3297
v 1647.6335 83.9125 610.6772
v 1657.2217 92.1356 616.2548
v 1640.6874 86.2050 636.3297
v 1657.2217 92.1356 616.2548
v 1662.3795 98.7695 627.2115
v 1640.6874 86.2050 636.3297
v 1662.3795 98.7695 627.2115
v 1661.7249 102.0368 640.6114
v 1640.6874 86.2050 636.3297
v 1661.7249 102.0368 640.6114
v 1655.4333 101.0620 652.8640
v 1640.6874 86.2050 636.3297
v 1655.4333 101.0620 652.8640
v 1645.1906 96.1062 660.6863
v 1640.6874 86.2050 636.3297
v 1645.1906 96.1062 660.6863
v 1633.7413 88.4975 661.9822
v 1640.6874 86.2050 636.3297
v 1633.7413 88.4975 661.9822
v 1624.1531 80.2744 656.4046
v 1640.6874 86.2050 636.3297
v 1505.2713 237.0355 600.0519
v 1510.4291 243.6694 611.0086
v 1526.9634 249.6000 590.9337
v 1505.9259 233.7682 586.6520
v 1505.2713 237.0355 600.0519
v 1526.9634 249.6000 590.9337
v 1512.2175 234.7430 574.3994
v 1505.9259 233.7682 586.6520
v 1526.9634 249.6000 590.9337
v 1522.4602 239.6988 566.5771
v 1512.2175 234.7430 574.3994
v 1526.9634 249.6000 590.9337
v 1533.9095 247.3075 565.2812
v 1522.4602 239.6988 566.5771
v 1526.9634 249.6000 590.9337
v 1543.4977 255.5306 570.8588
v 1533.9095 247.3075 565.2812
v 1526.9634 249.6000 590.9337
v 1548.6555 262.1645 581.8155
v 1543.4977 255.5306 570.8588
v 1526.9634 249.6000 590.9337
v 1548.0009 265.4318 595.2154
v 1548.6555 262.1645 581.8155
v 1526.9634 249.6000 590.9337
v 1541.7093 264.4570 607.4680
v 1548.0009 265.4318 595.2154
v 1526.9634 249.6000 590.9337
v 1531.4666 259.5012 615.2903
v 1541.7093 264.4570 607.4680
v 1526.9634 249.6000 590.9337
v 1520.0173 251.8925 616.5862
v 1531.4666 259.5012 615.2903
v 1526.9634 249.6000 590.9337
v 1510.4291 243.6694 611.0086
v 1520.0173 251.8925 616.5862
v 1526.9634 249.6000 590.9337
v 1929.4200 697.4750 291.0000
v 1929.4200 644.1250 291.0000
v 1929.4200 697.4750 -291.0000
v 1929.4200 644.1250 291.0000
v 1929.4200 644.1250 -291.0000
v 1929.4200 697.4750 -291.0000
v 1540.6200 697.4750 -291.0000
v 1540.6200 644.1250 -291.0000
v 1540.6200 697.4750 291.0000
v 1540.6200 644.1250 -291.0000
v 1540.6200 644.1250 291.0000
v 1540.6200 697.4750 291.0000
v 1540.6200 697.4750 -291.0000
v 1540.6200 697.4750 291.0000
v 1929.4200 697.4750 -291.0000
v 1540.6200 697.4750 291.0000
v 1929.4200 697.4750 291.0000
v 1929.4200 697.4750 -291.0000
v 1540.6200 644.1250 291.0000
v 1540.6200 644.1250 -291.0000
v 1929.4200 644.1250 291.0000
v 1540.6200 644.1250 -291.0000
v 1929.4200 644.1250 -291.0000
v 1929.4200 644.1250 291.0000
v 1540.6200 697.4750 291.0000
v 1540.6200 644.1250 291.0000
v 1929.4200 697.4750 291.0000
v 1540.6200 644.1250 291.0000
v 1929.4200 644.1250 291.0000
v 1929.4200 697.4750 291.0000
v 1929.4200 697.4750 -291.0000
v 1929.4200 644.1250 -291.0000
v 1540.6200 697.4750 -291.0000
v 1929.4200 644.1250 -291.0000
v 1540.6200 644.1250 -291.0000
v 1540.6200 697.4750 -291.0000
f 1 2 3
f 4 5 6
f 7 8 9
f 10 11 12
f 13 14 15
f 16 17 18
f 19 20 21
f 22 23 24
f 25 26 27
f 28 29 30
f 31 32 33
f 34 35 36
f 37 38 39
f 40 41 42
f 43 44 45
f 46 47 48
f 49 50 51
f 52 53 54
f 55 56 57
f 58 59 60
f 61 62 63
f 64 65 66
f 67 68 69
f 70 71 72
f 73 74 75
f 76 77 78
f 79 80 81
f 82 83 84
f 85 86 87
f 88 89 90
f 91 92 93
f 94 95 96
f 97 98 99
f 100 101 102
f 103 104 105
f 106 107 108
f 109 110 111
f 112 113 114
f 115 116 117
f 118 119 120
f 121 122 123
f 124 125 126
f 127 128 129
f 130 131 132
f 133 134 135
f 136 137 138
f 139 140 141
f 142 143 144
f 145 146 147
f 148 149 150
f 151 152 153
f 154 155 156
f 157 158 159
f 160 161 162
f 163 164 165
f 166 167 168
f 169 170 171
f 172 173 174
f 175 176 177
f 178 179 180
f 181 182 183
f 184 185 186
f 187 188 189
f 190 191 192
f 193 194 195
f 196 197 198
f 199 200 201
f 202 203 204
f 205 206 207
f 208 209 210
f 211 212 213
f 214 215 216
f 217 218 219
f 220 221 222
f 223 224 225
f 226 227 228
f 229 230 231
f 232 233 234
f 235 236 237
f 238 239 240
f 241 242 243
f 244 245 246
f 247 248 249
f 250 251 252
f 253 254 255
f 256 257 258
f 259 260 261
f 262 263 264
f 265 266 267
f 268 269 270
f 271 272 273
f 274 275 276
f 277 278 279
f 280 281 282
f 283 284 285
f 286 287 288
f 289 290 291
f 292 293 294
f 295 296 297
f 298 299 300
f 301 302 303
f 304 305 306
f 307 308 309
f 310 311 312
f 313 314 315
f 316 317 318
f 319 320 321
f 322 323 324
f 325 326 327
f 328 329 330
f 331 332 333
f 334 335 336
f 337 338 339
f 340 341 342
f 343 344 345
f 346 347 348
f 349 350 351
f 352 353 354
f 355 356 357
f 358 359 360
f 361 362 363
f 364 365 366
f 367 368 369
f 370 371 372
f 373 374 375
f 376 377 378
f 379 380 381
f 382 383 384
f 385 386 387
f 388 389 390
f 391 392 393
f 394 395 396
f 397 398 399
f 400 401 402
f 403 404 405
f 406 407 408
f 409 410 411
f 412 413 414
f 415 416 417
f 418 419 420
f 421 422 423
f 424 425 426
f 427 428 429
f 430 431 432
f 433 434 435
f 436 437 438
f 439 440 441
f 442 443 444
f 445 446 447
f 448 449 450
f 451 452 453
f 454 455 456
f 457 458 459
f 460 461 462
f 463 464 465
f 466 467 468
f 469 470 471
f 472 473 474
f 475 476 477
f 478 479 480
f 481 482 483
f 484 485 486
f 487 488 489
f 490 491 492
f 493 494 495
f 496 497 498
f 499 500 501
f 502 503 504
f 505 506 507
f 508 509 510
f 511 512 513
f 514 515 516
f 517 518 519
f 520 521 522
f 523 524 525
f 526 527 528
f 529 530 531
f 532 533 534
f 535 536 537
f 538 539 540
f 541 542 543
f 544 545 546
f 547 548 549
f 550 551 552
f 553 554 555
f 556 557 558
f 559 560 561
f 562 563 564
f 565 566 567
f 568 569 570
f 571 572 573
f 574 575 576
f 577 578 579
f 580 581 582
f 583 584 585
f 586 587 588
f 589 590 591
f 592 593 594
f 595 596 597
f 598 599 600
f 601 602 603
f 604 605 606
f 607 608 609
f 610 611 612
f 613 614 615
f 616 617 618
f 619 620 621
f 622 623 624
f 625 626 627
f 628 629 630
f 631 632 633
f 634 635 636
f 637 638 639
f 640 641 642
f 643 644 645
f 646 647 648
f 649 650 651
f 652 653 654
f 655 656 657
f 658 659 660
f 661 662 663
f 664 665 666
f 667 668 669
f 670 671 672
f 673 674 675
f 676 677 678
f 679 680 681
f 682 683 684
f 685 686 687
f 688 689 690
f 691 692 693
f 694 695 696
f 697 698 699
f 700 701 702
f 703 704 705
f 706 707 708
f 709 710 711
f 712 713 714
f 715 716 717
f 718 719 720
f 721 722 723
f 724 725 726
f 727 728 729
f 730 731 732
f 733 734 735
f 736 737 738
f 739 740 741
f 742 743 744
f 745 746 747
f 748 749 750
f 751 752 753
f 754 755 756
f 757 758 759
f 760 761 762
f 763 764 765
f 766 767 768
f 769 770 771
f 772 773 774
f 775 776 777
f 778 779 780
f 781 782 783
f 784 785 786
f 787 788 789
f 790 791 792
f 793 794 795
f 796 797 798
f 799 800 801
f 802 803 804
f 805 806 807
f 808 809 810
f 811 812 813
f 814 815 816
f 817 818 819
f 820 821 822
f 823 824 825
f 826 827 828
f 829 830 831
f 832 833 834
f 835 836 837
f 838 839 840
f 841 842 843
f 844 845 846
f 847 848 849
f 850 851 852
f 853 854 855
f 856 857 858
f 859 860 861
f 862 863 864
f 865 866 867
f 868 869 870
f 871 872 873
f 874 875 876
f 877 878 879
f 880 881 882
f 883 884 885
f 886 887 888
f 889 890 891
f 892 893 894
f 895 896 897
f 898 899 900
f 901 902 903
f 904 905 906
f 907 908 909
f 910 911 912
f 913 914 915
f 916 917 918
f 919 920 921
f 922 923 924
f 925 926 927
f 928 929 930
f 931 932 933
f 934 935 936
f 937 938 939
f 940 941 942
f 943 944 945
f 946 947 948
f 949 950 951
f 952 953 954
f 955 956 957
f 958 959 960
f 961 962 963
f 964 965 966
f 967 968 969
f 970 971 972
f 973 974 975
f 976 977 978
f 979 980 981
f 982 983 984
f 985 986 987
f 988 989 990
f 991 992 993
f 994 995 996
f 997 998 999
f 1000 1001 1002
f 1003 1004 1005
f 1006 1007 1008
f 1009 1010 1011
f 1012 1013 1014
f 1015 1016 1017
f 1018 1019 1020
f 1021 1022 1023
f 1024 1025 1026
f 1027 1028 1029
f 1030 1031 1032
f 1033 1034 1035
f 1036 1037 1038
f 1039 1040 1041
f 1042 1043 1044
f 1045 1046 1047
f 1048 1049 1050
f 1051 1052 1053
f 1054 1055 1056
f 1057 1058 1059
f 1060 1061 1062
f 1063 1064 1065
f 1066 1067 1068
f 1069 1070 1071
f 1072 1073 1074
f 1075 1076 1077
f 1078 1079 1080
f 1081 1082 1083
f 1084 1085 1086
f 1087 1088 1089
f 1090 1091 1092
f 1093 1094 1095
f 1096 1097 1098
f 1099 1100 1101
f 1102 1103 1104
f 1105 1106 1107
f 1108 1109 1110
f 1111 1112 1113
f 1114 1115 1116
f 1117 1118 1119
f 1120 1121 1122
f 1123 1124 1125
f 1126 1127 1128
f 1129 1130 1131
f 1132 1133 1134
f 1135 1136 1137
f 1138 1139 1140
f 1141 1142 1143
f 1144 1145 1146
f 1147 1148 1149
f 1150 1151 1152
f 1153 1154 1155
f 1156 1157 1158
f 1159 1160 1161
f 1162 1163 1164
f 1165 1166 1167
f 1168 1169 1170
f 1171 1172 1173
f 1174 1175 1176
f 1177 1178 1179
f 1180 1181 1182
f 1183 1184 1185
f 1186 1187 1188
f 1189 1190 1191
f 1192 1193 1194
f 1195 1196 1197
f 1198 1199 1200
f 1201 1202 1203
f 1204 1205 1206
f 1207 1208 1209
f 1210 1211 1212
f 1213 1214 1215
f 1216 1217 1218
f 1219 1220 1221
f 1222 1223 1224
f 1225 1226 1227
f 1228 1229 1230
f 1231 1232 1233
f 1234 1235 1236
f 1237 1238 1239
f 1240 1241 1242
f 1243 1244 1245
f 1246 1247 1248
f 1249 1250 1251
f 1252 1253 1254
f 1255 1256 1257
f 1258 1259 1260
f 1261 1262 1263
f 1264 1265 1266
f 1267 1268 1269
f 1270 1271 1272
f 1273 1274 1275
f 1276 1277 1278
f 1279 1280 1281
f 1282 1283 1284
f 1285 1286 1287
f 1288 1289 1290
f 1291 1292 1293
f 1294 1295 1296
f 1297 1298 1299
f 1300 1301 1302
f 1303 1304 1305
f 1306 1307 1308
f 1309 1310 1311
f 1312 1313 1314
f 1315 1316 1317
f 1318 1319 1320
f 1321 1322 1323
f 1324 1325 1326
f 1327 1328 1329
f 1330 1331 1332
f 1333 1334 1335
f 1336 1337 1338
f 1339 1340 1341
f 1342 1343 1344
f 1345 1346 1347
f 1348 1349 1350
f 1351 1352 1353
f 1354 1355 1356
f 1357 1358 1359
f 1360 1361 1362
f 1363 1364 1365
f 1366 1367 1368
f 1369 1370 1371
f 1372 1373 1374
f 1375 1376 1377
f 1378 1379 1380
f 1381 1382 1383
f 1384 1385 1386
f 1387 1388 1389
f 1390 1391 1392
f 1393 1394 1395
f 1396 1397 1398
f 1399 1400 1401
f 1402 1403 1404
f 1405 1406 1407
f 1408 1409 1410
f 1411 1412 1413
f 1414 1415 1416
f 1417 1418 1419
f 1420 1421 1422
f 1423 1424 1425
f 1426 1427 1428
f 1429 1430 1431
f 1432 1433 1434
f 1435 1436 1437
f 1438 1439 1440
f 1441 1442 1443
f 1444 1445 1446
f 1447 1448 1449
f 1450 1451 1452
f 1453 1454 1455
f 1456 1457 1458
f 1459 1460 1461
f 1462 1463 1464
f 1465 1466 1467
f 1468 1469 1470
f 1471 1472 1473
f 1474 1475 1476
f 1477 1478 1479
f 1480 1481 1482
f 1483 1484 1485
f 1486 1487 1488
f 1489 1490 1491
f 1492 1493 1494
f 1495 1496 1497
f 1498 1499 1500
f 1501 1502 1503
f 1504 1505 1506
f 1507 1508 1509
f 1510 1511 1512
f 1513 1514 1515
f 1516 1517 1518
f 1519 1520 1521
f 1522 1523 1524
f 1525 1526 1527
f 1528 1529 1530
f 1531 1532 1533
f 1534 1535 1536
f 1537 1538 1539
f 1540 1541 1542
f 1543 1544 1545
f 1546 1547 1548
f 1549 1550 1551
f 1552 1553 1554
f 1555 1556 1557
f 1558 1559 1560
f 1561 1562 1563
f 1564 1565 1566
f 1567 1568 1569
f 1570 1571 1572
f 1573 1574 1575
f 1576 1577 1578
f 1579 1580 1581
f 1582 1583 1584
f 1585 1586 1587
f 1588 1589 1590
f 1591 1592 1593
f 1594 1595 1596
f 1597 1598 1599
f 1600 1601 1602
f 1603 1604 1605
f 1606 1607 1608
f 1609 1610 1611
f 1612 1613 1614
f 1615 1616 1617
f 1618 1619 1620
f 1621 1622 1623
f 1624 1625 1626
f 1627 1628 1629
f 1630 1631 1632
f 1633 1634 1635
f 1636 1637 1638
f 1639 1640 1641
f 1642 1643 1644
f 1645 1646 1647
f 1648 1649 1650
f 1651 1652 1653
f 1654 1655 1656
f 1657 1658 1659
f 1660 1661 1662
f 1663 1664 1665
f 1666 1667 1668
f 1669 1670 1671
f 1672 1673 1674
f 1675 1676 1677
f 1678 1679 1680
f 1681 1682 1683
f 1684 1685 1686
f 1687 1688 1689
f 1690 1691 1692
f 1693 1694 1695
f 1696 1697 1698
f 1699 1700 1701
f 1702 1703 1704
f 1705 1706 1707
f 1708 1709 1710
f 1711 1712 1713
f 1714 1715 1716
f 1717 1718 1719
f 1720 1721 1722
f 1723 1724 1725
f 1726 1727 1728
f 1729 1730 1731
f 1732 1733 1734
f 1735 1736 1737
f 1738 1739 1740
f 1741 1742 1743
f 1744 1745 1746
f 1747 1748 1749
f 1750 1751 1752
f 1753 1754 1755
f 1756 1757 1758
f 1759 1760 1761
f 1762 1763 1764
f 1765 1766 1767
f 1768 1769 1770
f 1771 1772 1773
f 1774 1775 1776
f 1777 1778 1779
f 1780 1781 1782
f 1783 1784 1785
f 1786 1787 1788
f 1789 1790 1791
f 1792 1793 1794
f 1795 1796 1797
f 1798 1799 1800
f 1801 1802 1803
f 1804 1805 1806
f 1807 1808 1809
f 1810 1811 1812
f 1813 1814 1815
f 1816 1817 1818
f 1819 1820 1821
f 1822 1823 1824
f 1825 1826 1827
f 1828 1829 1830
f 1831 1832 1833
f 1834 1835 1836
f 1837 1838 1839
f 1840 1841 1842
f 1843 1844 1845
f 1846 1847 1848
f 1849 1850 1851
f 1852 1853 1854
f 1855 1856 1857
f 1858 1859 1860
f 1861 1862 1863
f 1864 1865 1866
f 1867 1868 1869
f 1870 1871 1872
f 1873 1874 1875
f 1876 1877 1878
f 1879 1880 1881
f 1882 1883 1884
f 1885 1886 1887
f 1888 1889 1890
f 1891 1892 1893
f 1894 1895 1896
f 1897 1898 1899
f 1900 1901 1902
f 1903 1904 1905
f 1906 1907 1908
f 1909 1910 1911
f 1912 1913 1914
f 1915 1916 1917
f 1918 1919 1920
f 1921 1922 1923
f 1924 1925 1926
f 1927 1928 1929
f 1930 1931 1932
f 1933 1934 1935
f 1936 1937 1938
f 1939 1940 1941
f 1942 1943 1944
f 1945 1946 1947
f 1948 1949 1950
f 1951 1952 1953
f 1954 1955 1956
f 1957 1958 1959
f 1960 1961 1962
f 1963 1964 1965
f 1966 1967 1968
f 1969 1970 1971
f 1972 1973 1974
f 1975 1976 1977
f 1978 1979 1980
f 1981 1982 1983
f 1984 1985 1986
f 1987 1988 1989
f 1990 1991 1992
f 1993 1994 1995
f 1996 1997 1998
f 1999 2000 2001
f 2002 2003 2004
f 2005 2006 2007
f 2008 2009 2010
f 2011 2012 2013
f 2014 2015 2016
f 2017 2018 2019
f 2020 2021 2022
f 2023 2024 2025
f 2026 2027 2028
f 2029 2030 2031
f 2032 2033 2034
f 2035 2036 2037
f 2038 2039 2040
f 2041 2042 2043
f 2044 2045 2046
f 2047 2048 2049
f 2050 2051 2052
f 2053 2054 2055
f 2056 2057 2058
f 2059 2060 2061
f 2062 2063 2064
f 2065 2066 2067
f 2068 2069 2070
f 2071 2072 2073
f 2074 2075 2076
f 2077 2078 2079
f 2080 2081 2082
f 2083 2084 2085
f 2086 2087 2088
f 2089 2090 2091
f 2092 2093 2094
f 2095 2096 2097
f 2098 2099 2100
f 2101 2102 2103
f 2104 2105 2106
f 2107 2108 2109
f 2110 2111 2112
f 2113 2114 2115
f 2116 2117 2118
f 2119 2120 2121
f 2122 2123 2124
f 2125 2126 2127
f 2128 2129 2130
f 2131 2132 2133
f 2134 2135 2136
f 2137 2138 2139
f 2140 2141 2142
f 2143 2144 2145
f 2146 2147 2148
f 2149 2150 2151
f 2152 2153 2154
f 2155 2156 2157
f 2158 2159 2160
f 2161 2162 2163
f 2164 2165 2166
f 2167 2168 2169
f 2170 2171 2172
f 2173 2174 2175
f 2176 2177 2178
f 2179 2180 2181
f 2182 2183 2184
f 2185 2186 2187
f 2188 2189 2190
f 2191 2192 2193
f 2194 2195 2196
f 2197 2198 2199
f 2200 2201 2202
f 2203 2204 2205
f 2206 2207 2208
f 2209 2210 2211
f 2212 2213 2214
f 2215 2216 2217
f 2218 2219 2220
f 2221 2222 2223
f 2224 2225 2226
f 2227 2228 2229
f 2230 2231 2232
f 2233 2234 2235
f 2236 2237 2238
f 2239 2240 2241
f 2242 2243 2244
f 2245 2246 2247
f 2248 2249 2250
f 2251 2252 2253
f 2254 2255 2256
f 2257 2258 2259
f 2260 2261 2262
f 2263 2264 2265
f 2266 2267 2268
f 2269 2270 2271
f 2272 2273 2274
f 2275 2276 2277
f 2278 2279 2280
f 2281 2282 2283
f 2284 2285 2286
f 2287 2288 2289
f 2290 2291 2292
f 2293 2294 2295
f 2296 2297 2298
f 2299 2300 2301
f 2302 2303 2304
f 2305 2306 2307
f 2308 2309 2310
f 2311 2312 2313
f 2314 2315 2316
f 2317 2318 2319
f 2320 2321 2322
f 2323 2324 2325
f 2326 2327 2328
f 2329 2330 2331
f 2332 2333 2334
f 2335 2336 2337
f 2338 2339 2340
f 2341 2342 2343
f 2344 2345 2346
f 2347 2348 2349
f 2350 2351 2352
f 2353 2354 2355
f 2356 2357 2358
f 2359 2360 2361
f 2362 2363 2364
f 2365 2366 2367
f 2368 2369 2370
f 2371 2372 2373
f 2374 2375 2376
f 2377 2378 2379
f 2380 2381 2382
f 2383 2384 2385
f 2386 2387 2388
f 2389 2390 2391
f 2392 2393 2394
f 2395 2396 2397
f 2398 2399 2400
f 2401 2402 2403
f 2404 2405 2406
f 2407 2408 2409
f 2410 2411 2412
f 2413 2414 2415
f 2416 2417 2418
f 2419 2420 2421
f 2422 2423 2424
f 2425 2426 2427
f 2428 2429 2430
f 2431 2432 2433
f 2434 2435 2436
f 2437 2438 2439
f 2440 2441 2442
f 2443 2444 2445
f 2446 2447 2448
f 2449 2450 2451
f 2452 2453 2454
f 2455 2456 2457
f 2458 2459 2460
f 2461 2462 2463
f 2464 2465 2466
f 2467 2468 2469
f 2470 2471 2472
f 2473 2474 2475
f 2476 2477 2478
f 2479 2480 2481
f 2482 2483 2484
f 2485 2486 2487
f 2488 2489 2490
f 2491 2492 2493
f 2494 2495 2496
f 2497 2498 2499
f 2500 2501 2502
f 2503 2504 2505
f 2506 2507 2508
f 2509 2510 2511
f 2512 2513 2514
f 2515 2516 2517
f 2518 2519 2520
f 2521 2522 2523
f 2524 2525 2526
f 2527 2528 2529
f 2530 2531 2532
f 2533 2534 2535
f 2536 2537 2538
f 2539 2540 2541
f 2542 2543 2544
f 2545 2546 2547
f 2548 2549 2550
f 2551 2552 2553
f 2554 2555 2556
f 2557 2558 2559
f 2560 2561 2562
f 2563 2564 2565
f 2566 2567 2568
f 2569 2570 2571
f 2572 2573 2574
f 2575 2576 2577
f 2578 2579 2580
f 2581 2582 2583
f 2584 2585 2586
f 2587 2588 2589
f 2590 2591 2592
f 2593 2594 2595
f 2596 2597 2598
f 2599 2600 2601
f 2602 2603 2604
f 2605 2606 2607
f 2608 2609 2610
f 2611 2612 2613
f 2614 2615 2616
f 2617 2618 2619
f 2620 2621 2622
f 2623 2624 2625
f 2626 2627 2628
f 2629 2630 2631
f 2632 2633 2634
f 2635 2636 2637
f 2638 2639 2640
f 2641 2642 2643
f 2644 2645 2646
f 2647 2648 2649
f 2650 2651 2652
f 2653 2654 2655
f 2656 2657 2658
f 2659 2660 2661
f 2662 2663 2664
f 2665 2666 2667
f 2668 2669 2670
f 2671 2672 2673
f 2674 2675 2676
f 2677 2678 2679
f 2680 2681 2682
f 2683 2684 2685
f 2686 2687 2688
f 2689 2690 2691
f 2692 2693 2694
f 2695 2696 2697
f 2698 2699 2700
f 2701 2702 2703
f 2704 2705 2706
f 2707 2708 2709
f 2710 2711 2712
f 2713 2714 2715
f 2716 2717 2718
f 2719 2720 2721
f 2722 2723 2724
f 2725 2726 2727
f 2728 2729 2730
f 2731 2732 2733
f 2734 2735 2736
f 2737 2738 2739
f 2740 2741 2742
f 2743 2744 2745
f 2746 2747 2748
f 2749 2750 2751
f 2752 2753 2754
f 2755 2756 2757
f 2758 2759 2760
f 2761 2762 2763
f 2764 2765 2766
f 2767 2768 2769
f 2770 2771 2772
f 2773 2774 2775
f 2776 2777 2778
f 2779 2780 2781
f 2782 2783 2784
f 2785 2786 2787
f 2788 2789 2790
f 2791 2792 2793
f 2794 2795 2796
f 2797 2798 2799
f 2800 2801 2802
f 2803 2804 2805
f 2806 2807 2808
f 2809 2810 2811
f 2812 2813 2814
f 2815 2816 2817
f 2818 2819 2820
f 2821 2822 2823
f 2824 2825 2826
f 2827 2828 2829
f 2830 2831 2832
f 2833 2834 2835
f 2836 2837 2838
f 2839 2840 2841
f 2842 2843 2844
f 2845 2846 2847
f 2848 2849 2850
f 2851 2852 2853
f 2854 2855 2856
f 2857 2858 2859
f 2860 2861 2862
f 2863 2864 2865
f 2866 2867 2868
f 2869 2870 2871
f 2872 2873 2874
f 2875 2876 2877
f 2878 2879 2880
f 2881 2882 2883
f 2884 2885 2886
f 2887 2888 2889
f 2890 2891 2892
f 2893 2894 2895
f 2896 2897 2898
f 2899 2900 2901
f 2902 2903 2904
f 2905 2906 2907
f 2908 2909 2910
f 2911 2912 2913
f 2914 2915 2916
f 2917 2918 2919
f 2920 2921 2922
f 2923 2924 2925
f 2926 2927 2928
f 2929 2930 2931
f 2932 2933 2934
f 2935 2936 2937
f 2938 2939 2940
f 2941 2942 2943
f 2944 2945 2946
f 2947 2948 2949
f 2950 2951 2952
f 2953 2954 2955
f 2956 2957 2958
f 2959 2960 2961
f 2962 2963 2964
f 2965 2966 2967
f 2968 2969 2970
f 2971 2972 2973
f 2974 2975 2976
f 2977 2978 2979
f 2980 2981 2982
f 2983 2984 2985
f 2986 2987 2988
f 2989 2990 2991
f 2992 2993 2994
f 2995 2996 2997
f 2998 2999 3000
f 3001 3002 3003
f 3004 3005 3006
f 3007 3008 3009
f 3010 3011 3012
f 3013 3014 3015
f 3016 3017 3018
f 3019 3020 3021
f 3022 3023 3024
f 3025 3026 3027
f 3028 3029 3030
f 3031 3032 3033
f 3034 3035 3036
f 3037 3038 3039
f 3040 3041 3042
f 3043 3044 3045
f 3046 3047 3048
f 3049 3050 3051
f 3052 3053 3054
f 3055 3056 3057
f 3058 3059 3060
f 3061 3062 3063
f 3064 3065 3066
f 3067 3068 3069
f 3070 3071 3072
f 3073 3074 3075
f 3076 3077 3078
f 3079 3080 3081
f 3082 3083 3084
f 3085 3086 3087
f 3088 3089 3090
f 3091 3092 3093
f 3094 3095 3096
f 3097 3098 3099
f 3100 3101 3102
f 3103 3104 3105
f 3106 3107 3108
f 3109 3110 3111
f 3112 3113 3114
f 3115 3116 3117
f 3118 3119 3120
f 3121 3122 3123
f 3124 3125 3126
f 3127 3128 3129
f 3130 3131 3132
f 3133 3134 3135
f 3136 3137 3138
f 3139 3140 3141
f 3142 3143 3144
f 3145 3146 3147
f 3148 3149 3150
f 3151 3152 3153
f 3154 3155 3156
f 3157 3158 3159
f 3160 3161 3162
f 3163 3164 3165
f 3166 3167 3168
f 3169 3170 3171
f 3172 3173 3174
f 3175 3176 3177
f 3178 3179 3180
f 3181 3182 3183
f 3184 3185 3186
f 3187 3188 3189
f 3190 3191 3192
f 3193 3194 3195
f 3196 3197 3198
f 3199 3200 3201
f 3202 3203 3204
f 3205 3206 3207
f 3208 3209 3210
f 3211 3212 3213
f 3214 3215 3216
f 3217 3218 3219
f 3220 3221 3222
f 3223 3224 3225
f 3226 3227 3228
f 3229 3230 3231
f 3232 3233 3234
f 3235 3236 3237
f 3238 3239 3240
f 3241 3242 3243
f 3244 3245 3246
f 3247 3248 3249
f 3250 3251 3252
f 3253 3254 3255
f 3256 3257 3258
f 3259 3260 3261
f 3262 3263 3264
f 3265 3266 3267
f 3268 3269 3270
f 3271 3272 3273
f 3274 3275 3276
f 3277 3278 3279
f 3280 3281 3282
f 3283 3284 3285
f 3286 3287 3288
f 3289 3290 3291
f 3292 3293 3294
f 3295 3296 3297
f 3298 3299 3300
f 3301 3302 3303
f 3304 3305 3306
f 3307 3308 3309
f 3310 3311 3312
f 3313 3314 3315
f 3316 3317 3318
f 3319 3320 3321
f 3322 3323 3324
f 3325 3326 3327
f 3328 3329 3330
f 3331 3332 3333
f 3334 3335 3336
f 3337 3338 3339
f 3340 3341 3342
f 3343 3344 3345
f 3346 3347 3348
f 3349 3350 3351
f 3352 3353 3354
f 3355 3356 3357
f 3358 3359 3360
f 3361 3362 3363
f 3364 3365 3366
f 3367 3368 3369
f 3370 3371 3372
f 3373 3374 3375
f 3376 3377 3378
f 3379 3380 3381
f 3382 3383 3384
f 3385 3386 3387
f 3388 3389 3390
f 3391 3392 3393
f 3394 3395 3396
f 3397 3398 3399
f 3400 3401 3402
f 3403 3404 3405
f 3406 3407 3408
f 3409 3410 3411
f 3412 3413 3414
f 3415 3416 3417
f 3418 3419 3420
f 3421 3422 3423
f 3424 3425 3426
f 3427 3428 3429
f 3430 3431 3432
f 3433 3434 3435
f 3436 3437 3438
f 3439 3440 3441
f 3442 3443 3444
f 3445 3446 3447
f 3448 3449 3450
f 3451 3452 3453
f 3454 3455 3456
f 3457 3458 3459
f 3460 3461 3462
f 3463 3464 3465
f 3466 3467 3468
f 3469 3470 3471
f 3472 3473 3474
f 3475 3476 3477
f 3478 3479 3480
f 3481 3482 3483
f 3484 3485 3486
f 3487 3488 3489
f 3490 3491 3492
f 3493 3494 3495
f 3496 3497 3498
f 3499 3500 3501
f 3502 3503 3504
f 3505 3506 3507
f 3508 3509 3510
f 3511 3512 3513
f 3514 3515 3516
f 3517 3518 3519
f 3520 3521 3522
f 3523 3524 3525
f 3526 3527 3528
f 3529 3530 3531
f 3532 3533 3534
f 3535 3536 3537
f 3538 3539 3540
f 3541 3542 3543
f 3544 3545 3546
f 3547 3548 3549
f 3550 3551 3552
f 3553 3554 3555
f 3556 3557 3558
f 3559 3560 3561
f 3562 3563 3564
f 3565 3566 3567
f 3568 3569 3570
f 3571 3572 3573
f 3574 3575 3576
f 3577 3578 3579
f 3580 3581 3582
f 3583 3584 3585
f 3586 3587 3588
f 3589 3590 3591
f 3592 3593 3594
f 3595 3596 3597
f 3598 3599 3600
f 3601 3602 3603
f 3604 3605 3606
f 3607 3608 3609
f 3610 3611 3612
f 3613 3614 3615
f 3616 3617 3618
f 3619 3620 3621
f 3622 3623 3624
f 3625 3626 3627
f 3628 3629 3630
f 3631 3632 3633
f 3634 3635 3636
f 3637 3638 3639
f 3640 3641 3642
f 3643 3644 3645
f 3646 3647 3648
f 3649 3650 3651
f 3652 3653 3654
f 3655 3656 3657
f 3658 3659 3660
f 3661 3662 3663
f 3664 3665 3666
f 3667 3668 3669
f 3670 3671 3672
